timestamp,camera_id,image_path,rain_flag
2026-01-05T23:19:51.933250,cam1,/content/drive/MyDrive/TrafficCameraData1/data/cam1/cam1_20260105_231951.jpg,0
2026-01-05T23:19:52.458020,cam2,/content/drive/MyDrive/TrafficCameraData1/data/cam2/cam2_20260105_231952.jpg,0
2026-01-05T23:19:52.984777,cam3,/content/drive/MyDrive/TrafficCameraData1/data/cam3/cam3_20260105_231952.jpg,0
2026-01-05T23:19:53.520083,cam4,/content/drive/MyDrive/TrafficCameraData1/data/cam4/cam4_20260105_231953.jpg,0
2026-01-05T23:19:54.215826,cam5,/content/drive/MyDrive/TrafficCameraData1/data/cam5/cam5_20260105_231954.jpg,0
2026-01-05T23:19:54.968081,cam6,/content/drive/MyDrive/TrafficCameraData1/data/cam6/cam6_20260105_231954.jpg,0
2026-01-05T23:19:55.675854,cam7,/content/drive/MyDrive/TrafficCameraData1/data/cam7/cam7_20260105_231955.jpg,0
2026-01-05T23:19:56.210700,cam8,/content/drive/MyDrive/TrafficCameraData1/data/cam8/cam8_20260105_231956.jpg,0
2026-01-05T23:24:51.932154,cam1,/content/drive/MyDrive/TrafficCameraData1/data/cam1/cam1_20260105_232451.jpg,0
2026-01-05T23:24:52.871335,cam2,/content/drive/MyDrive/TrafficCameraData1/data/cam2/cam2_20260105_232452.jpg,0
2026-01-05T23:24:53.788752,cam3,/content/drive/MyDrive/TrafficCameraData1/data/cam3/cam3_20260105_232453.jpg,0
2026-01-05T23:24:54.497784,cam4,/content/drive/MyDrive/TrafficCameraData1/data/cam4/cam4_20260105_232454.jpg,0
2026-01-05T23:24:55.198727,cam5,/content/drive/MyDrive/TrafficCameraData1/data/cam5/cam5_20260105_232455.jpg,0
2026-01-05T23:24:56.120855,cam6,/content/drive/MyDrive/TrafficCameraData1/data/cam6/cam6_20260105_232456.jpg,0
2026-01-05T23:24:56.816140,cam7,/content/drive/MyDrive/TrafficCameraData1/data/cam7/cam7_20260105_232456.jpg,0
2026-01-05T23:24:57.743813,cam8,/content/drive/MyDrive/TrafficCameraData1/data/cam8/cam8_20260105_232457.jpg,0
2026-01-05T23:29:51.932361,cam1,/content/drive/MyDrive/TrafficCameraData1/data/cam1/cam1_20260105_232951.jpg,0
2026-01-05T23:29:52.628116,cam2,/content/drive/MyDrive/TrafficCameraData1/data/cam2/cam2_20260105_232952.jpg,0
2026-01-05T23:29:53.318663,cam3,/content/drive/MyDrive/TrafficCameraData1/data/cam3/cam3_20260105_232953.jpg,0
2026-01-05T23:29:54.021199,cam4,/content/drive/MyDrive/TrafficCameraData1/data/cam4/cam4_20260105_232954.jpg,0
2026-01-05T23:29:54.725031,cam5,/content/drive/MyDrive/TrafficCameraData1/data/cam5/cam5_20260105_232954.jpg,0
2026-01-05T23:29:55.414430,cam6,/content/drive/MyDrive/TrafficCameraData1/data/cam6/cam6_20260105_232955.jpg,0
2026-01-05T23:29:56.108363,cam7,/content/drive/MyDrive/TrafficCameraData1/data/cam7/cam7_20260105_232956.jpg,0
2026-01-05T23:29:56.800227,cam8,/content/drive/MyDrive/TrafficCameraData1/data/cam8/cam8_20260105_232956.jpg,0
2026-01-05T23:34:51.932554,cam1,/content/drive/MyDrive/TrafficCameraData1/data/cam1/cam1_20260105_233451.jpg,0
2026-01-05T23:34:52.797512,cam2,/content/drive/MyDrive/TrafficCameraData1/data/cam2/cam2_20260105_233452.jpg,0
2026-01-05T23:34:53.784083,cam3,/content/drive/MyDrive/TrafficCameraData1/data/cam3/cam3_20260105_233453.jpg,0
2026-01-05T23:34:54.505750,cam4,/content/drive/MyDrive/TrafficCameraData1/data/cam4/cam4_20260105_233454.jpg,0
2026-01-05T23:34:55.197966,cam5,/content/drive/MyDrive/TrafficCameraData1/data/cam5/cam5_20260105_233455.jpg,0
2026-01-05T23:34:55.894742,cam6,/content/drive/MyDrive/TrafficCameraData1/data/cam6/cam6_20260105_233455.jpg,0
2026-01-05T23:34:56.584245,cam7,/content/drive/MyDrive/TrafficCameraData1/data/cam7/cam7_20260105_233456.jpg,0
2026-01-05T23:34:57.281321,cam8,/content/drive/MyDrive/TrafficCameraData1/data/cam8/cam8_20260105_233457.jpg,0
2026-01-05T23:39:51.932876,cam1,/content/drive/MyDrive/TrafficCameraData1/data/cam1/cam1_20260105_233951.jpg,0
2026-01-05T23:39:52.814751,cam2,/content/drive/MyDrive/TrafficCameraData1/data/cam2/cam2_20260105_233952.jpg,0
2026-01-05T23:39:53.583300,cam3,/content/drive/MyDrive/TrafficCameraData1/data/cam3/cam3_20260105_233953.jpg,0
2026-01-05T23:39:54.278895,cam4,/content/drive/MyDrive/TrafficCameraData1/data/cam4/cam4_20260105_233954.jpg,0
2026-01-05T23:39:55.388279,cam5,/content/drive/MyDrive/TrafficCameraData1/data/cam5/cam5_20260105_233955.jpg,0
2026-01-05T23:39:56.083775,cam6,/content/drive/MyDrive/TrafficCameraData1/data/cam6/cam6_20260105_233956.jpg,0
2026-01-05T23:39:56.783027,cam7,/content/drive/MyDrive/TrafficCameraData1/data/cam7/cam7_20260105_233956.jpg,0
2026-01-05T23:39:57.473289,cam8,/content/drive/MyDrive/TrafficCameraData1/data/cam8/cam8_20260105_233957.jpg,0
2026-01-05T23:44:51.933024,cam1,/content/drive/MyDrive/TrafficCameraData1/data/cam1/cam1_20260105_234451.jpg,0
2026-01-05T23:44:52.644468,cam2,/content/drive/MyDrive/TrafficCameraData1/data/cam2/cam2_20260105_234452.jpg,0
2026-01-05T23:44:53.736516,cam3,/content/drive/MyDrive/TrafficCameraData1/data/cam3/cam3_20260105_234453.jpg,0
2026-01-05T23:44:54.444987,cam4,/content/drive/MyDrive/TrafficCameraData1/data/cam4/cam4_20260105_234454.jpg,0
2026-01-05T23:44:55.546799,cam5,/content/drive/MyDrive/TrafficCameraData1/data/cam5/cam5_20260105_234455.jpg,0
2026-01-05T23:44:56.475475,cam6,/content/drive/MyDrive/TrafficCameraData1/data/cam6/cam6_20260105_234456.jpg,0
2026-01-05T23:44:57.622640,cam7,/content/drive/MyDrive/TrafficCameraData1/data/cam7/cam7_20260105_234457.jpg,0
2026-01-05T23:44:58.318206,cam8,/content/drive/MyDrive/TrafficCameraData1/data/cam8/cam8_20260105_234458.jpg,0
2026-01-05T23:49:51.933227,cam1,/content/drive/MyDrive/TrafficCameraData1/data/cam1/cam1_20260105_234951.jpg,0
2026-01-05T23:49:52.806928,cam2,/content/drive/MyDrive/TrafficCameraData1/data/cam2/cam2_20260105_234952.jpg,0
2026-01-05T23:49:53.501667,cam3,/content/drive/MyDrive/TrafficCameraData1/data/cam3/cam3_20260105_234953.jpg,0
2026-01-05T23:49:54.207932,cam4,/content/drive/MyDrive/TrafficCameraData1/data/cam4/cam4_20260105_234954.jpg,0
2026-01-05T23:49:54.943804,cam5,/content/drive/MyDrive/TrafficCameraData1/data/cam5/cam5_20260105_234954.jpg,0
2026-01-05T23:49:55.636351,cam6,/content/drive/MyDrive/TrafficCameraData1/data/cam6/cam6_20260105_234955.jpg,0
2026-01-05T23:49:56.328477,cam7,/content/drive/MyDrive/TrafficCameraData1/data/cam7/cam7_20260105_234956.jpg,0
2026-01-05T23:49:56.852769,cam8,/content/drive/MyDrive/TrafficCameraData1/data/cam8/cam8_20260105_234956.jpg,0
2026-01-05T23:54:51.933339,cam1,/content/drive/MyDrive/TrafficCameraData1/data/cam1/cam1_20260105_235451.jpg,0
2026-01-05T23:54:52.792300,cam2,/content/drive/MyDrive/TrafficCameraData1/data/cam2/cam2_20260105_235452.jpg,0
2026-01-05T23:54:53.935773,cam3,/content/drive/MyDrive/TrafficCameraData1/data/cam3/cam3_20260105_235453.jpg,0
2026-01-05T23:54:54.656487,cam4,/content/drive/MyDrive/TrafficCameraData1/data/cam4/cam4_20260105_235454.jpg,0
2026-01-05T23:54:55.757137,cam5,/content/drive/MyDrive/TrafficCameraData1/data/cam5/cam5_20260105_235455.jpg,0
2026-01-05T23:54:56.458487,cam6,/content/drive/MyDrive/TrafficCameraData1/data/cam6/cam6_20260105_235456.jpg,0
2026-01-05T23:54:57.154063,cam7,/content/drive/MyDrive/TrafficCameraData1/data/cam7/cam7_20260105_235457.jpg,0
2026-01-05T23:54:57.844434,cam8,/content/drive/MyDrive/TrafficCameraData1/data/cam8/cam8_20260105_235457.jpg,0
2026-01-05T23:59:51.933561,cam1,/content/drive/MyDrive/TrafficCameraData1/data/cam1/cam1_20260105_235951.jpg,0
2026-01-05T23:59:52.796045,cam2,/content/drive/MyDrive/TrafficCameraData1/data/cam2/cam2_20260105_235952.jpg,0
2026-01-05T23:59:53.487949,cam3,/content/drive/MyDrive/TrafficCameraData1/data/cam3/cam3_20260105_235953.jpg,0
2026-01-05T23:59:54.187319,cam4,/content/drive/MyDrive/TrafficCameraData1/data/cam4/cam4_20260105_235954.jpg,0
2026-01-05T23:59:54.882553,cam5,/content/drive/MyDrive/TrafficCameraData1/data/cam5/cam5_20260105_235954.jpg,0
2026-01-05T23:59:55.578745,cam6,/content/drive/MyDrive/TrafficCameraData1/data/cam6/cam6_20260105_235955.jpg,0
2026-01-05T23:59:56.275254,cam7,/content/drive/MyDrive/TrafficCameraData1/data/cam7/cam7_20260105_235956.jpg,0
2026-01-05T23:59:56.982333,cam8,/content/drive/MyDrive/TrafficCameraData1/data/cam8/cam8_20260105_235956.jpg,0
2026-01-06T00:04:51.933693,cam1,/content/drive/MyDrive/TrafficCameraData1/data/cam1/cam1_20260106_000451.jpg,0
2026-01-06T00:04:52.797918,cam2,/content/drive/MyDrive/TrafficCameraData1/data/cam2/cam2_20260106_000452.jpg,0
2026-01-06T00:04:53.886225,cam3,/content/drive/MyDrive/TrafficCameraData1/data/cam3/cam3_20260106_000453.jpg,0
2026-01-06T00:04:54.651946,cam4,/content/drive/MyDrive/TrafficCameraData1/data/cam4/cam4_20260106_000454.jpg,0
2026-01-06T00:04:55.346378,cam5,/content/drive/MyDrive/TrafficCameraData1/data/cam5/cam5_20260106_000455.jpg,0
2026-01-06T00:04:56.038825,cam6,/content/drive/MyDrive/TrafficCameraData1/data/cam6/cam6_20260106_000456.jpg,0
2026-01-06T00:04:56.730692,cam7,/content/drive/MyDrive/TrafficCameraData1/data/cam7/cam7_20260106_000456.jpg,0
2026-01-06T00:04:57.425420,cam8,/content/drive/MyDrive/TrafficCameraData1/data/cam8/cam8_20260106_000457.jpg,0
2026-01-06T00:09:51.933996,cam1,/content/drive/MyDrive/TrafficCameraData1/data/cam1/cam1_20260106_000951.jpg,0
2026-01-06T00:09:53.072959,cam2,/content/drive/MyDrive/TrafficCameraData1/data/cam2/cam2_20260106_000953.jpg,0
2026-01-06T00:09:53.781992,cam3,/content/drive/MyDrive/TrafficCameraData1/data/cam3/cam3_20260106_000953.jpg,0
2026-01-06T00:09:54.488390,cam4,/content/drive/MyDrive/TrafficCameraData1/data/cam4/cam4_20260106_000954.jpg,0
2026-01-06T00:09:55.583936,cam5,/content/drive/MyDrive/TrafficCameraData1/data/cam5/cam5_20260106_000955.jpg,0
2026-01-06T00:09:56.283779,cam6,/content/drive/MyDrive/TrafficCameraData1/data/cam6/cam6_20260106_000956.jpg,0
2026-01-06T00:09:56.990921,cam7,/content/drive/MyDrive/TrafficCameraData1/data/cam7/cam7_20260106_000956.jpg,0
2026-01-06T00:09:57.689526,cam8,/content/drive/MyDrive/TrafficCameraData1/data/cam8/cam8_20260106_000957.jpg,0
2026-01-06T00:14:51.934170,cam1,/content/drive/MyDrive/TrafficCameraData1/data/cam1/cam1_20260106_001451.jpg,0
2026-01-06T00:14:53.035665,cam2,/content/drive/MyDrive/TrafficCameraData1/data/cam2/cam2_20260106_001453.jpg,0
2026-01-06T00:14:54.137657,cam3,/content/drive/MyDrive/TrafficCameraData1/data/cam3/cam3_20260106_001454.jpg,0
2026-01-06T00:14:54.842297,cam4,/content/drive/MyDrive/TrafficCameraData1/data/cam4/cam4_20260106_001454.jpg,0
2026-01-06T00:14:55.937838,cam5,/content/drive/MyDrive/TrafficCameraData1/data/cam5/cam5_20260106_001455.jpg,0
2026-01-06T00:14:56.676735,cam6,/content/drive/MyDrive/TrafficCameraData1/data/cam6/cam6_20260106_001456.jpg,0
2026-01-06T00:14:57.368671,cam7,/content/drive/MyDrive/TrafficCameraData1/data/cam7/cam7_20260106_001457.jpg,0
2026-01-06T00:14:58.059410,cam8,/content/drive/MyDrive/TrafficCameraData1/data/cam8/cam8_20260106_001458.jpg,0
2026-01-06T00:19:51.934408,cam1,/content/drive/MyDrive/TrafficCameraData1/data/cam1/cam1_20260106_001951.jpg,0
2026-01-06T00:19:52.628434,cam2,/content/drive/MyDrive/TrafficCameraData1/data/cam2/cam2_20260106_001952.jpg,0
2026-01-06T00:19:53.325197,cam3,/content/drive/MyDrive/TrafficCameraData1/data/cam3/cam3_20260106_001953.jpg,0
2026-01-06T00:19:54.436260,cam4,/content/drive/MyDrive/TrafficCameraData1/data/cam4/cam4_20260106_001954.jpg,0
2026-01-06T00:19:55.162530,cam5,/content/drive/MyDrive/TrafficCameraData1/data/cam5/cam5_20260106_001955.jpg,0
2026-01-06T00:19:56.093664,cam6,/content/drive/MyDrive/TrafficCameraData1/data/cam6/cam6_20260106_001956.jpg,0
2026-01-06T00:19:56.797516,cam7,/content/drive/MyDrive/TrafficCameraData1/data/cam7/cam7_20260106_001956.jpg,0
2026-01-06T00:19:57.839592,cam8,/content/drive/MyDrive/TrafficCameraData1/data/cam8/cam8_20260106_001957.jpg,0
2026-01-06T00:24:51.934722,cam1,/content/drive/MyDrive/TrafficCameraData1/data/cam1/cam1_20260106_002451.jpg,0
2026-01-06T00:24:52.803413,cam2,/content/drive/MyDrive/TrafficCameraData1/data/cam2/cam2_20260106_002452.jpg,0
2026-01-06T00:24:53.898059,cam3,/content/drive/MyDrive/TrafficCameraData1/data/cam3/cam3_20260106_002453.jpg,0
2026-01-06T00:24:54.615425,cam4,/content/drive/MyDrive/TrafficCameraData1/data/cam4/cam4_20260106_002454.jpg,0
2026-01-06T00:24:56.349513,cam5,/content/drive/MyDrive/TrafficCameraData1/data/cam5/cam5_20260106_002456.jpg,0
2026-01-06T00:24:57.328741,cam6,/content/drive/MyDrive/TrafficCameraData1/data/cam6/cam6_20260106_002457.jpg,0
2026-01-06T00:24:58.058016,cam7,/content/drive/MyDrive/TrafficCameraData1/data/cam7/cam7_20260106_002458.jpg,0
2026-01-06T00:24:59.361435,cam8,/content/drive/MyDrive/TrafficCameraData1/data/cam8/cam8_20260106_002459.jpg,0
2026-01-06T00:29:51.934840,cam1,/content/drive/MyDrive/TrafficCameraData1/data/cam1/cam1_20260106_002951.jpg,0
2026-01-06T00:29:52.801370,cam2,/content/drive/MyDrive/TrafficCameraData1/data/cam2/cam2_20260106_002952.jpg,0
2026-01-06T00:29:53.498971,cam3,/content/drive/MyDrive/TrafficCameraData1/data/cam3/cam3_20260106_002953.jpg,0
2026-01-06T00:29:54.204374,cam4,/content/drive/MyDrive/TrafficCameraData1/data/cam4/cam4_20260106_002954.jpg,0
2026-01-06T00:29:54.898201,cam5,/content/drive/MyDrive/TrafficCameraData1/data/cam5/cam5_20260106_002954.jpg,0
2026-01-06T00:29:55.422783,cam6,/content/drive/MyDrive/TrafficCameraData1/data/cam6/cam6_20260106_002955.jpg,0
2026-01-06T00:29:56.119101,cam7,/content/drive/MyDrive/TrafficCameraData1/data/cam7/cam7_20260106_002956.jpg,0
2026-01-06T00:29:56.642756,cam8,/content/drive/MyDrive/TrafficCameraData1/data/cam8/cam8_20260106_002956.jpg,0
2026-01-06T00:34:51.935010,cam1,/content/drive/MyDrive/TrafficCameraData1/data/cam1/cam1_20260106_003451.jpg,0
2026-01-06T00:34:52.806664,cam2,/content/drive/MyDrive/TrafficCameraData1/data/cam2/cam2_20260106_003452.jpg,0
2026-01-06T00:34:54.229519,cam3,/content/drive/MyDrive/TrafficCameraData1/data/cam3/cam3_20260106_003454.jpg,0
2026-01-06T00:34:54.937088,cam4,/content/drive/MyDrive/TrafficCameraData1/data/cam4/cam4_20260106_003454.jpg,0
2026-01-06T00:34:56.036069,cam5,/content/drive/MyDrive/TrafficCameraData1/data/cam5/cam5_20260106_003456.jpg,0
2026-01-06T00:34:56.732069,cam6,/content/drive/MyDrive/TrafficCameraData1/data/cam6/cam6_20260106_003456.jpg,0
2026-01-06T00:34:57.426879,cam7,/content/drive/MyDrive/TrafficCameraData1/data/cam7/cam7_20260106_003457.jpg,0
2026-01-06T00:34:58.122827,cam8,/content/drive/MyDrive/TrafficCameraData1/data/cam8/cam8_20260106_003458.jpg,0
2026-01-06T00:39:51.935244,cam1,/content/drive/MyDrive/TrafficCameraData1/data/cam1/cam1_20260106_003951.jpg,0
2026-01-06T00:39:52.798452,cam2,/content/drive/MyDrive/TrafficCameraData1/data/cam2/cam2_20260106_003952.jpg,0
2026-01-06T00:39:53.495276,cam3,/content/drive/MyDrive/TrafficCameraData1/data/cam3/cam3_20260106_003953.jpg,0
2026-01-06T00:39:54.195996,cam4,/content/drive/MyDrive/TrafficCameraData1/data/cam4/cam4_20260106_003954.jpg,0
2026-01-06T00:39:54.897651,cam5,/content/drive/MyDrive/TrafficCameraData1/data/cam5/cam5_20260106_003954.jpg,0
2026-01-06T00:39:55.822803,cam6,/content/drive/MyDrive/TrafficCameraData1/data/cam6/cam6_20260106_003955.jpg,0
2026-01-06T00:39:56.922254,cam7,/content/drive/MyDrive/TrafficCameraData1/data/cam7/cam7_20260106_003956.jpg,0
2026-01-06T00:39:57.625706,cam8,/content/drive/MyDrive/TrafficCameraData1/data/cam8/cam8_20260106_003957.jpg,0
2026-01-06T00:44:51.935470,cam1,/content/drive/MyDrive/TrafficCameraData1/data/cam1/cam1_20260106_004451.jpg,0
2026-01-06T00:44:52.809371,cam2,/content/drive/MyDrive/TrafficCameraData1/data/cam2/cam2_20260106_004452.jpg,0
2026-01-06T00:44:53.910881,cam3,/content/drive/MyDrive/TrafficCameraData1/data/cam3/cam3_20260106_004453.jpg,0
2026-01-06T00:44:54.623204,cam4,/content/drive/MyDrive/TrafficCameraData1/data/cam4/cam4_20260106_004454.jpg,0
2026-01-06T00:44:55.323509,cam5,/content/drive/MyDrive/TrafficCameraData1/data/cam5/cam5_20260106_004455.jpg,0
2026-01-06T00:44:56.021846,cam6,/content/drive/MyDrive/TrafficCameraData1/data/cam6/cam6_20260106_004456.jpg,0
2026-01-06T00:44:56.717515,cam7,/content/drive/MyDrive/TrafficCameraData1/data/cam7/cam7_20260106_004456.jpg,0
2026-01-06T00:44:57.425529,cam8,/content/drive/MyDrive/TrafficCameraData1/data/cam8/cam8_20260106_004457.jpg,0
2026-01-06T00:49:51.935941,cam1,/content/drive/MyDrive/TrafficCameraData1/data/cam1/cam1_20260106_004951.jpg,0
2026-01-06T00:49:52.803976,cam2,/content/drive/MyDrive/TrafficCameraData1/data/cam2/cam2_20260106_004952.jpg,0
2026-01-06T00:49:53.500232,cam3,/content/drive/MyDrive/TrafficCameraData1/data/cam3/cam3_20260106_004953.jpg,0
2026-01-06T00:49:54.618230,cam4,/content/drive/MyDrive/TrafficCameraData1/data/cam4/cam4_20260106_004954.jpg,0
2026-01-06T00:49:55.742352,cam5,/content/drive/MyDrive/TrafficCameraData1/data/cam5/cam5_20260106_004955.jpg,0
2026-01-06T00:49:56.697926,cam6,/content/drive/MyDrive/TrafficCameraData1/data/cam6/cam6_20260106_004956.jpg,0
2026-01-06T00:49:57.843484,cam7,/content/drive/MyDrive/TrafficCameraData1/data/cam7/cam7_20260106_004957.jpg,0
2026-01-06T00:49:58.937943,cam8,/content/drive/MyDrive/TrafficCameraData1/data/cam8/cam8_20260106_004958.jpg,0
2026-01-06T00:54:51.937842,cam1,/content/drive/MyDrive/TrafficCameraData1/data/cam1/cam1_20260106_005451.jpg,0
2026-01-06T00:54:53.049129,cam2,/content/drive/MyDrive/TrafficCameraData1/data/cam2/cam2_20260106_005453.jpg,0
2026-01-06T00:54:53.972897,cam3,/content/drive/MyDrive/TrafficCameraData1/data/cam3/cam3_20260106_005453.jpg,0
2026-01-06T00:54:55.125283,cam4,/content/drive/MyDrive/TrafficCameraData1/data/cam4/cam4_20260106_005455.jpg,0
2026-01-06T00:54:56.233699,cam5,/content/drive/MyDrive/TrafficCameraData1/data/cam5/cam5_20260106_005456.jpg,0
2026-01-06T00:54:56.931869,cam6,/content/drive/MyDrive/TrafficCameraData1/data/cam6/cam6_20260106_005456.jpg,0
2026-01-06T00:54:57.629898,cam7,/content/drive/MyDrive/TrafficCameraData1/data/cam7/cam7_20260106_005457.jpg,0
2026-01-06T00:54:58.335865,cam8,/content/drive/MyDrive/TrafficCameraData1/data/cam8/cam8_20260106_005458.jpg,0
2026-01-06T00:59:51.936005,cam1,/content/drive/MyDrive/TrafficCameraData1/data/cam1/cam1_20260106_005951.jpg,0
2026-01-06T00:59:52.803575,cam2,/content/drive/MyDrive/TrafficCameraData1/data/cam2/cam2_20260106_005952.jpg,0
2026-01-06T00:59:53.525559,cam3,/content/drive/MyDrive/TrafficCameraData1/data/cam3/cam3_20260106_005953.jpg,0
2026-01-06T00:59:54.238601,cam4,/content/drive/MyDrive/TrafficCameraData1/data/cam4/cam4_20260106_005954.jpg,0
2026-01-06T00:59:54.965695,cam5,/content/drive/MyDrive/TrafficCameraData1/data/cam5/cam5_20260106_005954.jpg,0
2026-01-06T00:59:55.924805,cam6,/content/drive/MyDrive/TrafficCameraData1/data/cam6/cam6_20260106_005955.jpg,0
2026-01-06T00:59:56.701646,cam7,/content/drive/MyDrive/TrafficCameraData1/data/cam7/cam7_20260106_005956.jpg,0
2026-01-06T00:59:57.399059,cam8,/content/drive/MyDrive/TrafficCameraData1/data/cam8/cam8_20260106_005957.jpg,0
2026-01-06T01:04:51.936432,cam1,/content/drive/MyDrive/TrafficCameraData1/data/cam1/cam1_20260106_010451.jpg,0
2026-01-06T01:04:52.809051,cam2,/content/drive/MyDrive/TrafficCameraData1/data/cam2/cam2_20260106_010452.jpg,0
2026-01-06T01:04:53.922053,cam3,/content/drive/MyDrive/TrafficCameraData1/data/cam3/cam3_20260106_010453.jpg,0
2026-01-06T01:04:54.636934,cam4,/content/drive/MyDrive/TrafficCameraData1/data/cam4/cam4_20260106_010454.jpg,0
2026-01-06T01:04:55.338176,cam5,/content/drive/MyDrive/TrafficCameraData1/data/cam5/cam5_20260106_010455.jpg,0
2026-01-06T01:04:56.033921,cam6,/content/drive/MyDrive/TrafficCameraData1/data/cam6/cam6_20260106_010456.jpg,0
2026-01-06T01:04:56.733936,cam7,/content/drive/MyDrive/TrafficCameraData1/data/cam7/cam7_20260106_010456.jpg,0
2026-01-06T01:04:57.427727,cam8,/content/drive/MyDrive/TrafficCameraData1/data/cam8/cam8_20260106_010457.jpg,0
2026-01-06T01:09:51.936652,cam1,/content/drive/MyDrive/TrafficCameraData1/data/cam1/cam1_20260106_010951.jpg,0
2026-01-06T01:09:52.839153,cam2,/content/drive/MyDrive/TrafficCameraData1/data/cam2/cam2_20260106_010952.jpg,0
2026-01-06T01:09:53.531914,cam3,/content/drive/MyDrive/TrafficCameraData1/data/cam3/cam3_20260106_010953.jpg,0
2026-01-06T01:09:54.390848,cam4,/content/drive/MyDrive/TrafficCameraData1/data/cam4/cam4_20260106_010954.jpg,0
2026-01-06T01:09:55.338874,cam5,/content/drive/MyDrive/TrafficCameraData1/data/cam5/cam5_20260106_010955.jpg,0
2026-01-06T01:09:56.282653,cam6,/content/drive/MyDrive/TrafficCameraData1/data/cam6/cam6_20260106_010956.jpg,0
2026-01-06T01:09:57.391397,cam7,/content/drive/MyDrive/TrafficCameraData1/data/cam7/cam7_20260106_010957.jpg,0
2026-01-06T01:09:58.091771,cam8,/content/drive/MyDrive/TrafficCameraData1/data/cam8/cam8_20260106_010958.jpg,0
2026-01-06T01:14:51.936965,cam1,/content/drive/MyDrive/TrafficCameraData1/data/cam1/cam1_20260106_011451.jpg,0
2026-01-06T01:14:52.810173,cam2,/content/drive/MyDrive/TrafficCameraData1/data/cam2/cam2_20260106_011452.jpg,0
2026-01-06T01:14:53.939209,cam3,/content/drive/MyDrive/TrafficCameraData1/data/cam3/cam3_20260106_011453.jpg,0
2026-01-06T01:14:54.645128,cam4,/content/drive/MyDrive/TrafficCameraData1/data/cam4/cam4_20260106_011454.jpg,0
2026-01-06T01:14:55.339514,cam5,/content/drive/MyDrive/TrafficCameraData1/data/cam5/cam5_20260106_011455.jpg,0
2026-01-06T01:14:56.032069,cam6,/content/drive/MyDrive/TrafficCameraData1/data/cam6/cam6_20260106_011456.jpg,0
2026-01-06T01:14:56.726468,cam7,/content/drive/MyDrive/TrafficCameraData1/data/cam7/cam7_20260106_011456.jpg,0
2026-01-06T01:14:57.257344,cam8,/content/drive/MyDrive/TrafficCameraData1/data/cam8/cam8_20260106_011457.jpg,0
2026-01-06T01:19:51.937095,cam1,/content/drive/MyDrive/TrafficCameraData1/data/cam1/cam1_20260106_011951.jpg,0
2026-01-06T01:19:52.799849,cam2,/content/drive/MyDrive/TrafficCameraData1/data/cam2/cam2_20260106_011952.jpg,0
2026-01-06T01:19:53.493785,cam3,/content/drive/MyDrive/TrafficCameraData1/data/cam3/cam3_20260106_011953.jpg,0
2026-01-06T01:19:54.600454,cam4,/content/drive/MyDrive/TrafficCameraData1/data/cam4/cam4_20260106_011954.jpg,0
2026-01-06T01:19:55.705549,cam5,/content/drive/MyDrive/TrafficCameraData1/data/cam5/cam5_20260106_011955.jpg,0
2026-01-06T01:19:56.628790,cam6,/content/drive/MyDrive/TrafficCameraData1/data/cam6/cam6_20260106_011956.jpg,0
2026-01-06T01:19:57.735740,cam7,/content/drive/MyDrive/TrafficCameraData1/data/cam7/cam7_20260106_011957.jpg,0
2026-01-06T01:19:58.853144,cam8,/content/drive/MyDrive/TrafficCameraData1/data/cam8/cam8_20260106_011958.jpg,0
2026-01-06T01:24:51.937391,cam1,/content/drive/MyDrive/TrafficCameraData1/data/cam1/cam1_20260106_012451.jpg,0
2026-01-06T01:24:53.031496,cam2,/content/drive/MyDrive/TrafficCameraData1/data/cam2/cam2_20260106_012453.jpg,0
2026-01-06T01:24:54.147830,cam3,/content/drive/MyDrive/TrafficCameraData1/data/cam3/cam3_20260106_012454.jpg,0
2026-01-06T01:24:55.283753,cam4,/content/drive/MyDrive/TrafficCameraData1/data/cam4/cam4_20260106_012455.jpg,0
2026-01-06T01:24:56.440076,cam5,/content/drive/MyDrive/TrafficCameraData1/data/cam5/cam5_20260106_012456.jpg,0
2026-01-06T01:24:57.380236,cam6,/content/drive/MyDrive/TrafficCameraData1/data/cam6/cam6_20260106_012457.jpg,0
2026-01-06T01:24:58.488931,cam7,/content/drive/MyDrive/TrafficCameraData1/data/cam7/cam7_20260106_012458.jpg,0
2026-01-06T01:24:59.432749,cam8,/content/drive/MyDrive/TrafficCameraData1/data/cam8/cam8_20260106_012459.jpg,0
2026-01-06T01:29:51.937626,cam1,/content/drive/MyDrive/TrafficCameraData1/data/cam1/cam1_20260106_012951.jpg,0
2026-01-06T01:29:52.808163,cam2,/content/drive/MyDrive/TrafficCameraData1/data/cam2/cam2_20260106_012952.jpg,0
2026-01-06T01:29:53.640034,cam3,/content/drive/MyDrive/TrafficCameraData1/data/cam3/cam3_20260106_012953.jpg,0
2026-01-06T01:29:54.340256,cam4,/content/drive/MyDrive/TrafficCameraData1/data/cam4/cam4_20260106_012954.jpg,0
2026-01-06T01:29:55.041678,cam5,/content/drive/MyDrive/TrafficCameraData1/data/cam5/cam5_20260106_012955.jpg,0
2026-01-06T01:29:55.744780,cam6,/content/drive/MyDrive/TrafficCameraData1/data/cam6/cam6_20260106_012955.jpg,0
2026-01-06T01:29:56.440957,cam7,/content/drive/MyDrive/TrafficCameraData1/data/cam7/cam7_20260106_012956.jpg,0
2026-01-06T01:29:56.970637,cam8,/content/drive/MyDrive/TrafficCameraData1/data/cam8/cam8_20260106_012956.jpg,0
2026-01-06T01:34:51.937716,cam1,/content/drive/MyDrive/TrafficCameraData1/data/cam1/cam1_20260106_013451.jpg,0
2026-01-06T01:34:52.815479,cam2,/content/drive/MyDrive/TrafficCameraData1/data/cam2/cam2_20260106_013452.jpg,0
2026-01-06T01:34:53.904003,cam3,/content/drive/MyDrive/TrafficCameraData1/data/cam3/cam3_20260106_013453.jpg,0
2026-01-06T01:34:56.026888,cam4,/content/drive/MyDrive/TrafficCameraData1/data/cam4/cam4_20260106_013456.jpg,0
2026-01-06T01:34:57.616230,cam5,/content/drive/MyDrive/TrafficCameraData1/data/cam5/cam5_20260106_013457.jpg,0
2026-01-06T01:34:59.110613,cam6,/content/drive/MyDrive/TrafficCameraData1/data/cam6/cam6_20260106_013459.jpg,0
2026-01-06T01:35:00.241402,cam7,/content/drive/MyDrive/TrafficCameraData1/data/cam7/cam7_20260106_013500.jpg,0
2026-01-06T01:35:00.935379,cam8,/content/drive/MyDrive/TrafficCameraData1/data/cam8/cam8_20260106_013500.jpg,0
2026-01-06T01:39:51.937908,cam1,/content/drive/MyDrive/TrafficCameraData1/data/cam1/cam1_20260106_013951.jpg,0
2026-01-06T01:39:52.823315,cam2,/content/drive/MyDrive/TrafficCameraData1/data/cam2/cam2_20260106_013952.jpg,0
2026-01-06T01:39:53.519248,cam3,/content/drive/MyDrive/TrafficCameraData1/data/cam3/cam3_20260106_013953.jpg,0
2026-01-06T01:39:54.236751,cam4,/content/drive/MyDrive/TrafficCameraData1/data/cam4/cam4_20260106_013954.jpg,0
2026-01-06T01:39:55.171722,cam5,/content/drive/MyDrive/TrafficCameraData1/data/cam5/cam5_20260106_013955.jpg,0
2026-01-06T01:39:55.881173,cam6,/content/drive/MyDrive/TrafficCameraData1/data/cam6/cam6_20260106_013955.jpg,0
2026-01-06T01:39:56.575798,cam7,/content/drive/MyDrive/TrafficCameraData1/data/cam7/cam7_20260106_013956.jpg,0
2026-01-06T01:39:57.268804,cam8,/content/drive/MyDrive/TrafficCameraData1/data/cam8/cam8_20260106_013957.jpg,0
2026-01-06T01:44:51.938001,cam1,/content/drive/MyDrive/TrafficCameraData1/data/cam1/cam1_20260106_014451.jpg,0
2026-01-06T01:44:52.806411,cam2,/content/drive/MyDrive/TrafficCameraData1/data/cam2/cam2_20260106_014452.jpg,0
2026-01-06T01:44:53.734439,cam3,/content/drive/MyDrive/TrafficCameraData1/data/cam3/cam3_20260106_014453.jpg,0
2026-01-06T01:44:55.009765,cam4,/content/drive/MyDrive/TrafficCameraData1/data/cam4/cam4_20260106_014455.jpg,0
2026-01-06T01:44:57.200913,cam5,/content/drive/MyDrive/TrafficCameraData1/data/cam5/cam5_20260106_014457.jpg,0
2026-01-06T01:44:58.038480,cam6,/content/drive/MyDrive/TrafficCameraData1/data/cam6/cam6_20260106_014458.jpg,0
2026-01-06T01:44:58.735085,cam7,/content/drive/MyDrive/TrafficCameraData1/data/cam7/cam7_20260106_014458.jpg,0
2026-01-06T01:44:59.429664,cam8,/content/drive/MyDrive/TrafficCameraData1/data/cam8/cam8_20260106_014459.jpg,0
2026-01-06T01:49:51.938204,cam1,/content/drive/MyDrive/TrafficCameraData1/data/cam1/cam1_20260106_014951.jpg,0
2026-01-06T01:49:53.046603,cam2,/content/drive/MyDrive/TrafficCameraData1/data/cam2/cam2_20260106_014953.jpg,0
2026-01-06T01:49:53.995952,cam3,/content/drive/MyDrive/TrafficCameraData1/data/cam3/cam3_20260106_014953.jpg,0
2026-01-06T01:49:55.122984,cam4,/content/drive/MyDrive/TrafficCameraData1/data/cam4/cam4_20260106_014955.jpg,0
2026-01-06T01:49:55.816416,cam5,/content/drive/MyDrive/TrafficCameraData1/data/cam5/cam5_20260106_014955.jpg,0
2026-01-06T01:49:56.741733,cam6,/content/drive/MyDrive/TrafficCameraData1/data/cam6/cam6_20260106_014956.jpg,0
2026-01-06T01:49:57.451326,cam7,/content/drive/MyDrive/TrafficCameraData1/data/cam7/cam7_20260106_014957.jpg,0
2026-01-06T01:49:58.381318,cam8,/content/drive/MyDrive/TrafficCameraData1/data/cam8/cam8_20260106_014958.jpg,0
2026-01-06T01:54:51.939807,cam1,/content/drive/MyDrive/TrafficCameraData1/data/cam1/cam1_20260106_015451.jpg,0
2026-01-06T01:54:52.804976,cam2,/content/drive/MyDrive/TrafficCameraData1/data/cam2/cam2_20260106_015452.jpg,0
2026-01-06T01:54:53.504417,cam3,/content/drive/MyDrive/TrafficCameraData1/data/cam3/cam3_20260106_015453.jpg,0
2026-01-06T01:54:54.214347,cam4,/content/drive/MyDrive/TrafficCameraData1/data/cam4/cam4_20260106_015454.jpg,0
2026-01-06T01:54:54.912853,cam5,/content/drive/MyDrive/TrafficCameraData1/data/cam5/cam5_20260106_015454.jpg,0
2026-01-06T01:54:55.605608,cam6,/content/drive/MyDrive/TrafficCameraData1/data/cam6/cam6_20260106_015455.jpg,0
2026-01-06T01:54:56.702820,cam7,/content/drive/MyDrive/TrafficCameraData1/data/cam7/cam7_20260106_015456.jpg,0
2026-01-06T01:54:57.415431,cam8,/content/drive/MyDrive/TrafficCameraData1/data/cam8/cam8_20260106_015457.jpg,0
2026-01-06T01:59:51.939964,cam1,/content/drive/MyDrive/TrafficCameraData1/data/cam1/cam1_20260106_015951.jpg,0
2026-01-06T01:59:52.635501,cam2,/content/drive/MyDrive/TrafficCameraData1/data/cam2/cam2_20260106_015952.jpg,0
2026-01-06T01:59:53.731386,cam3,/content/drive/MyDrive/TrafficCameraData1/data/cam3/cam3_20260106_015953.jpg,0
2026-01-06T01:59:54.442255,cam4,/content/drive/MyDrive/TrafficCameraData1/data/cam4/cam4_20260106_015954.jpg,0
2026-01-06T01:59:55.542163,cam5,/content/drive/MyDrive/TrafficCameraData1/data/cam5/cam5_20260106_015955.jpg,0
2026-01-06T01:59:56.736579,cam6,/content/drive/MyDrive/TrafficCameraData1/data/cam6/cam6_20260106_015956.jpg,0
2026-01-06T01:59:57.845761,cam7,/content/drive/MyDrive/TrafficCameraData1/data/cam7/cam7_20260106_015957.jpg,0
2026-01-06T01:59:58.538122,cam8,/content/drive/MyDrive/TrafficCameraData1/data/cam8/cam8_20260106_015958.jpg,0
2026-01-06T02:04:51.940081,cam1,/content/drive/MyDrive/TrafficCameraData1/data/cam1/cam1_20260106_020451.jpg,0
2026-01-06T02:04:52.808024,cam2,/content/drive/MyDrive/TrafficCameraData1/data/cam2/cam2_20260106_020452.jpg,0
2026-01-06T02:04:53.502784,cam3,/content/drive/MyDrive/TrafficCameraData1/data/cam3/cam3_20260106_020453.jpg,0
2026-01-06T02:04:54.203142,cam4,/content/drive/MyDrive/TrafficCameraData1/data/cam4/cam4_20260106_020454.jpg,0
2026-01-06T02:04:54.898234,cam5,/content/drive/MyDrive/TrafficCameraData1/data/cam5/cam5_20260106_020454.jpg,0
2026-01-06T02:04:55.429365,cam6,/content/drive/MyDrive/TrafficCameraData1/data/cam6/cam6_20260106_020455.jpg,0
2026-01-06T02:04:56.124746,cam7,/content/drive/MyDrive/TrafficCameraData1/data/cam7/cam7_20260106_020456.jpg,0
2026-01-06T02:04:56.817319,cam8,/content/drive/MyDrive/TrafficCameraData1/data/cam8/cam8_20260106_020456.jpg,0
2026-01-06T02:09:51.940222,cam1,/content/drive/MyDrive/TrafficCameraData1/data/cam1/cam1_20260106_020951.jpg,0
2026-01-06T02:09:52.810406,cam2,/content/drive/MyDrive/TrafficCameraData1/data/cam2/cam2_20260106_020952.jpg,0
2026-01-06T02:09:53.502972,cam3,/content/drive/MyDrive/TrafficCameraData1/data/cam3/cam3_20260106_020953.jpg,0
2026-01-06T02:09:54.215010,cam4,/content/drive/MyDrive/TrafficCameraData1/data/cam4/cam4_20260106_020954.jpg,0
2026-01-06T02:09:55.148280,cam5,/content/drive/MyDrive/TrafficCameraData1/data/cam5/cam5_20260106_020955.jpg,0
2026-01-06T02:09:56.072902,cam6,/content/drive/MyDrive/TrafficCameraData1/data/cam6/cam6_20260106_020956.jpg,0
2026-01-06T02:09:57.185420,cam7,/content/drive/MyDrive/TrafficCameraData1/data/cam7/cam7_20260106_020957.jpg,0
2026-01-06T02:09:57.879243,cam8,/content/drive/MyDrive/TrafficCameraData1/data/cam8/cam8_20260106_020957.jpg,0
2026-01-06T02:14:51.940437,cam1,/content/drive/MyDrive/TrafficCameraData1/data/cam1/cam1_20260106_021451.jpg,0
2026-01-06T02:14:52.806516,cam2,/content/drive/MyDrive/TrafficCameraData1/data/cam2/cam2_20260106_021452.jpg,0
2026-01-06T02:14:54.033949,cam3,/content/drive/MyDrive/TrafficCameraData1/data/cam3/cam3_20260106_021454.jpg,0
2026-01-06T02:14:55.327971,cam4,/content/drive/MyDrive/TrafficCameraData1/data/cam4/cam4_20260106_021455.jpg,0
2026-01-06T02:14:56.023310,cam5,/content/drive/MyDrive/TrafficCameraData1/data/cam5/cam5_20260106_021456.jpg,0
2026-01-06T02:14:56.719929,cam6,/content/drive/MyDrive/TrafficCameraData1/data/cam6/cam6_20260106_021456.jpg,0
2026-01-06T02:14:57.413608,cam7,/content/drive/MyDrive/TrafficCameraData1/data/cam7/cam7_20260106_021457.jpg,0
2026-01-06T02:14:58.121086,cam8,/content/drive/MyDrive/TrafficCameraData1/data/cam8/cam8_20260106_021458.jpg,0
2026-01-06T02:18:39.936094,cam1,/content/drive/MyDrive/TrafficCameraData1/data/cam1/cam1_20260106_021839.jpg,0
2026-01-06T02:18:40.562957,cam2,/content/drive/MyDrive/TrafficCameraData1/data/cam2/cam2_20260106_021840.jpg,0
2026-01-06T02:18:41.107249,cam3,/content/drive/MyDrive/TrafficCameraData1/data/cam3/cam3_20260106_021841.jpg,0
2026-01-06T02:18:41.654694,cam4,/content/drive/MyDrive/TrafficCameraData1/data/cam4/cam4_20260106_021841.jpg,0
2026-01-06T02:18:42.284026,cam5,/content/drive/MyDrive/TrafficCameraData1/data/cam5/cam5_20260106_021842.jpg,0
2026-01-06T02:18:43.044225,cam6,/content/drive/MyDrive/TrafficCameraData1/data/cam6/cam6_20260106_021843.jpg,0
2026-01-06T02:18:43.750745,cam7,/content/drive/MyDrive/TrafficCameraData1/data/cam7/cam7_20260106_021843.jpg,0
2026-01-06T02:18:44.451234,cam8,/content/drive/MyDrive/TrafficCameraData1/data/cam8/cam8_20260106_021844.jpg,0
2026-01-06T02:23:39.936525,cam1,/content/drive/MyDrive/TrafficCameraData1/data/cam1/cam1_20260106_022339.jpg,0
2026-01-06T02:23:40.815759,cam2,/content/drive/MyDrive/TrafficCameraData1/data/cam2/cam2_20260106_022340.jpg,0
2026-01-06T02:23:41.919524,cam3,/content/drive/MyDrive/TrafficCameraData1/data/cam3/cam3_20260106_022341.jpg,0
2026-01-06T02:23:42.659142,cam4,/content/drive/MyDrive/TrafficCameraData1/data/cam4/cam4_20260106_022342.jpg,0
2026-01-06T02:23:43.819531,cam5,/content/drive/MyDrive/TrafficCameraData1/data/cam5/cam5_20260106_022343.jpg,0
2026-01-06T02:23:44.751187,cam6,/content/drive/MyDrive/TrafficCameraData1/data/cam6/cam6_20260106_022344.jpg,0
2026-01-06T02:23:45.901028,cam7,/content/drive/MyDrive/TrafficCameraData1/data/cam7/cam7_20260106_022345.jpg,0
2026-01-06T02:23:46.889037,cam8,/content/drive/MyDrive/TrafficCameraData1/data/cam8/cam8_20260106_022346.jpg,0
2026-01-06T02:28:39.936623,cam1,/content/drive/MyDrive/TrafficCameraData1/data/cam1/cam1_20260106_022839.jpg,0
2026-01-06T02:28:40.799606,cam2,/content/drive/MyDrive/TrafficCameraData1/data/cam2/cam2_20260106_022840.jpg,0
2026-01-06T02:28:41.510323,cam3,/content/drive/MyDrive/TrafficCameraData1/data/cam3/cam3_20260106_022841.jpg,0
2026-01-06T02:28:42.238271,cam4,/content/drive/MyDrive/TrafficCameraData1/data/cam4/cam4_20260106_022842.jpg,0
2026-01-06T02:28:42.927974,cam5,/content/drive/MyDrive/TrafficCameraData1/data/cam5/cam5_20260106_022842.jpg,0
2026-01-06T02:28:43.475926,cam6,/content/drive/MyDrive/TrafficCameraData1/data/cam6/cam6_20260106_022843.jpg,0
2026-01-06T02:28:44.183569,cam7,/content/drive/MyDrive/TrafficCameraData1/data/cam7/cam7_20260106_022844.jpg,0
2026-01-06T02:28:44.876842,cam8,/content/drive/MyDrive/TrafficCameraData1/data/cam8/cam8_20260106_022844.jpg,0
2026-01-06T02:33:39.936838,cam1,/content/drive/MyDrive/TrafficCameraData1/data/cam1/cam1_20260106_023339.jpg,0
2026-01-06T02:33:40.633360,cam2,/content/drive/MyDrive/TrafficCameraData1/data/cam2/cam2_20260106_023340.jpg,0
2026-01-06T02:33:41.346689,cam3,/content/drive/MyDrive/TrafficCameraData1/data/cam3/cam3_20260106_023341.jpg,0
2026-01-06T02:33:42.063110,cam4,/content/drive/MyDrive/TrafficCameraData1/data/cam4/cam4_20260106_023342.jpg,0
2026-01-06T02:33:42.790053,cam5,/content/drive/MyDrive/TrafficCameraData1/data/cam5/cam5_20260106_023342.jpg,0
2026-01-06T02:33:43.486592,cam6,/content/drive/MyDrive/TrafficCameraData1/data/cam6/cam6_20260106_023343.jpg,0
2026-01-06T02:33:44.809741,cam7,/content/drive/MyDrive/TrafficCameraData1/data/cam7/cam7_20260106_023344.jpg,0
2026-01-06T02:33:45.559249,cam8,/content/drive/MyDrive/TrafficCameraData1/data/cam8/cam8_20260106_023345.jpg,0
2026-01-06T02:38:39.937120,cam1,/content/drive/MyDrive/TrafficCameraData1/data/cam1/cam1_20260106_023839.jpg,0
2026-01-06T02:38:40.815669,cam2,/content/drive/MyDrive/TrafficCameraData1/data/cam2/cam2_20260106_023840.jpg,0
2026-01-06T02:38:41.505310,cam3,/content/drive/MyDrive/TrafficCameraData1/data/cam3/cam3_20260106_023841.jpg,0
2026-01-06T02:38:42.212236,cam4,/content/drive/MyDrive/TrafficCameraData1/data/cam4/cam4_20260106_023842.jpg,0
2026-01-06T02:38:42.951044,cam5,/content/drive/MyDrive/TrafficCameraData1/data/cam5/cam5_20260106_023842.jpg,0
2026-01-06T02:38:43.878260,cam6,/content/drive/MyDrive/TrafficCameraData1/data/cam6/cam6_20260106_023843.jpg,0
2026-01-06T02:38:44.640986,cam7,/content/drive/MyDrive/TrafficCameraData1/data/cam7/cam7_20260106_023844.jpg,0
2026-01-06T02:38:45.337135,cam8,/content/drive/MyDrive/TrafficCameraData1/data/cam8/cam8_20260106_023845.jpg,0
2026-01-06T02:43:39.937322,cam1,/content/drive/MyDrive/TrafficCameraData1/data/cam1/cam1_20260106_024339.jpg,0
2026-01-06T02:43:41.182405,cam2,/content/drive/MyDrive/TrafficCameraData1/data/cam2/cam2_20260106_024341.jpg,0
2026-01-06T02:43:41.894059,cam3,/content/drive/MyDrive/TrafficCameraData1/data/cam3/cam3_20260106_024341.jpg,0
2026-01-06T02:43:42.619680,cam4,/content/drive/MyDrive/TrafficCameraData1/data/cam4/cam4_20260106_024342.jpg,0
2026-01-06T02:43:43.323443,cam5,/content/drive/MyDrive/TrafficCameraData1/data/cam5/cam5_20260106_024343.jpg,0
2026-01-06T02:43:44.021682,cam6,/content/drive/MyDrive/TrafficCameraData1/data/cam6/cam6_20260106_024344.jpg,0
2026-01-06T02:43:44.758998,cam7,/content/drive/MyDrive/TrafficCameraData1/data/cam7/cam7_20260106_024344.jpg,0
2026-01-06T02:43:45.452149,cam8,/content/drive/MyDrive/TrafficCameraData1/data/cam8/cam8_20260106_024345.jpg,0
2026-01-06T02:48:39.937478,cam1,/content/drive/MyDrive/TrafficCameraData1/data/cam1/cam1_20260106_024839.jpg,0
2026-01-06T02:48:40.956571,cam2,/content/drive/MyDrive/TrafficCameraData1/data/cam2/cam2_20260106_024840.jpg,0
2026-01-06T02:48:42.476672,cam3,/content/drive/MyDrive/TrafficCameraData1/data/cam3/cam3_20260106_024842.jpg,0
2026-01-06T02:48:43.187525,cam4,/content/drive/MyDrive/TrafficCameraData1/data/cam4/cam4_20260106_024843.jpg,0
2026-01-06T02:48:43.889836,cam5,/content/drive/MyDrive/TrafficCameraData1/data/cam5/cam5_20260106_024843.jpg,0
2026-01-06T02:48:44.604224,cam6,/content/drive/MyDrive/TrafficCameraData1/data/cam6/cam6_20260106_024844.jpg,0
2026-01-06T02:48:45.305136,cam7,/content/drive/MyDrive/TrafficCameraData1/data/cam7/cam7_20260106_024845.jpg,0
2026-01-06T02:48:45.838853,cam8,/content/drive/MyDrive/TrafficCameraData1/data/cam8/cam8_20260106_024845.jpg,0
2026-01-06T02:53:39.937692,cam1,/content/drive/MyDrive/TrafficCameraData1/data/cam1/cam1_20260106_025339.jpg,0
2026-01-06T02:53:40.828951,cam2,/content/drive/MyDrive/TrafficCameraData1/data/cam2/cam2_20260106_025340.jpg,0
2026-01-06T02:53:41.521564,cam3,/content/drive/MyDrive/TrafficCameraData1/data/cam3/cam3_20260106_025341.jpg,0
2026-01-06T02:53:42.220405,cam4,/content/drive/MyDrive/TrafficCameraData1/data/cam4/cam4_20260106_025342.jpg,0
2026-01-06T02:53:42.944063,cam5,/content/drive/MyDrive/TrafficCameraData1/data/cam5/cam5_20260106_025342.jpg,0
2026-01-06T02:53:43.507885,cam6,/content/drive/MyDrive/TrafficCameraData1/data/cam6/cam6_20260106_025343.jpg,0
2026-01-06T02:53:44.223527,cam7,/content/drive/MyDrive/TrafficCameraData1/data/cam7/cam7_20260106_025344.jpg,0
2026-01-06T02:53:45.003509,cam8,/content/drive/MyDrive/TrafficCameraData1/data/cam8/cam8_20260106_025345.jpg,0
2026-01-06T02:58:39.937851,cam1,/content/drive/MyDrive/TrafficCameraData1/data/cam1/cam1_20260106_025839.jpg,0
2026-01-06T02:58:42.562486,cam2,/content/drive/MyDrive/TrafficCameraData1/data/cam2/cam2_20260106_025842.jpg,0
2026-01-06T02:58:43.279001,cam3,/content/drive/MyDrive/TrafficCameraData1/data/cam3/cam3_20260106_025843.jpg,0
2026-01-06T02:58:43.989698,cam4,/content/drive/MyDrive/TrafficCameraData1/data/cam4/cam4_20260106_025843.jpg,0
2026-01-06T02:58:44.696278,cam5,/content/drive/MyDrive/TrafficCameraData1/data/cam5/cam5_20260106_025844.jpg,0
2026-01-06T02:58:45.413875,cam6,/content/drive/MyDrive/TrafficCameraData1/data/cam6/cam6_20260106_025845.jpg,0
2026-01-06T02:58:46.240195,cam7,/content/drive/MyDrive/TrafficCameraData1/data/cam7/cam7_20260106_025846.jpg,0
2026-01-06T02:58:46.935560,cam8,/content/drive/MyDrive/TrafficCameraData1/data/cam8/cam8_20260106_025846.jpg,0
2026-01-06T03:03:39.938008,cam1,/content/drive/MyDrive/TrafficCameraData1/data/cam1/cam1_20260106_030339.jpg,0
2026-01-06T03:03:40.805462,cam2,/content/drive/MyDrive/TrafficCameraData1/data/cam2/cam2_20260106_030340.jpg,0
2026-01-06T03:03:41.498172,cam3,/content/drive/MyDrive/TrafficCameraData1/data/cam3/cam3_20260106_030341.jpg,0
2026-01-06T03:03:42.199994,cam4,/content/drive/MyDrive/TrafficCameraData1/data/cam4/cam4_20260106_030342.jpg,0
2026-01-06T03:03:42.916010,cam5,/content/drive/MyDrive/TrafficCameraData1/data/cam5/cam5_20260106_030342.jpg,0
2026-01-06T03:03:43.618093,cam6,/content/drive/MyDrive/TrafficCameraData1/data/cam6/cam6_20260106_030343.jpg,0
2026-01-06T03:03:44.314008,cam7,/content/drive/MyDrive/TrafficCameraData1/data/cam7/cam7_20260106_030344.jpg,0
2026-01-06T03:03:45.498512,cam8,/content/drive/MyDrive/TrafficCameraData1/data/cam8/cam8_20260106_030345.jpg,0
2026-01-06T03:08:39.938194,cam1,/content/drive/MyDrive/TrafficCameraData1/data/cam1/cam1_20260106_030839.jpg,0
2026-01-06T03:08:40.807721,cam2,/content/drive/MyDrive/TrafficCameraData1/data/cam2/cam2_20260106_030840.jpg,0
2026-01-06T03:08:42.612057,cam3,/content/drive/MyDrive/TrafficCameraData1/data/cam3/cam3_20260106_030842.jpg,0
2026-01-06T03:08:43.314497,cam4,/content/drive/MyDrive/TrafficCameraData1/data/cam4/cam4_20260106_030843.jpg,0
2026-01-06T03:08:44.010018,cam5,/content/drive/MyDrive/TrafficCameraData1/data/cam5/cam5_20260106_030844.jpg,0
2026-01-06T03:08:44.702649,cam6,/content/drive/MyDrive/TrafficCameraData1/data/cam6/cam6_20260106_030844.jpg,0
2026-01-06T03:08:45.394804,cam7,/content/drive/MyDrive/TrafficCameraData1/data/cam7/cam7_20260106_030845.jpg,0
2026-01-06T03:08:46.088816,cam8,/content/drive/MyDrive/TrafficCameraData1/data/cam8/cam8_20260106_030846.jpg,0
2026-01-06T03:13:39.938495,cam1,/content/drive/MyDrive/TrafficCameraData1/data/cam1/cam1_20260106_031339.jpg,0
2026-01-06T03:13:40.814626,cam2,/content/drive/MyDrive/TrafficCameraData1/data/cam2/cam2_20260106_031340.jpg,0
2026-01-06T03:13:41.510300,cam3,/content/drive/MyDrive/TrafficCameraData1/data/cam3/cam3_20260106_031341.jpg,0
2026-01-06T03:13:42.209621,cam4,/content/drive/MyDrive/TrafficCameraData1/data/cam4/cam4_20260106_031342.jpg,0
2026-01-06T03:13:42.903125,cam5,/content/drive/MyDrive/TrafficCameraData1/data/cam5/cam5_20260106_031342.jpg,0
2026-01-06T03:13:43.595331,cam6,/content/drive/MyDrive/TrafficCameraData1/data/cam6/cam6_20260106_031343.jpg,0
2026-01-06T03:13:44.298207,cam7,/content/drive/MyDrive/TrafficCameraData1/data/cam7/cam7_20260106_031344.jpg,0
2026-01-06T03:13:44.992863,cam8,/content/drive/MyDrive/TrafficCameraData1/data/cam8/cam8_20260106_031344.jpg,0
2026-01-06T03:18:39.938644,cam1,/content/drive/MyDrive/TrafficCameraData1/data/cam1/cam1_20260106_031839.jpg,0
2026-01-06T03:18:40.812314,cam2,/content/drive/MyDrive/TrafficCameraData1/data/cam2/cam2_20260106_031840.jpg,0
2026-01-06T03:18:41.510943,cam3,/content/drive/MyDrive/TrafficCameraData1/data/cam3/cam3_20260106_031841.jpg,0
2026-01-06T03:18:42.282276,cam4,/content/drive/MyDrive/TrafficCameraData1/data/cam4/cam4_20260106_031842.jpg,0
2026-01-06T03:18:42.979020,cam5,/content/drive/MyDrive/TrafficCameraData1/data/cam5/cam5_20260106_031842.jpg,0
2026-01-06T03:18:43.686835,cam6,/content/drive/MyDrive/TrafficCameraData1/data/cam6/cam6_20260106_031843.jpg,0
2026-01-06T03:18:44.390925,cam7,/content/drive/MyDrive/TrafficCameraData1/data/cam7/cam7_20260106_031844.jpg,0
2026-01-06T03:18:45.098393,cam8,/content/drive/MyDrive/TrafficCameraData1/data/cam8/cam8_20260106_031845.jpg,0
2026-01-06T03:23:39.939069,cam1,/content/drive/MyDrive/TrafficCameraData1/data/cam1/cam1_20260106_032339.jpg,0
2026-01-06T03:23:40.882939,cam2,/content/drive/MyDrive/TrafficCameraData1/data/cam2/cam2_20260106_032340.jpg,0
2026-01-06T03:23:41.785119,cam3,/content/drive/MyDrive/TrafficCameraData1/data/cam3/cam3_20260106_032341.jpg,0
2026-01-06T03:23:42.495711,cam4,/content/drive/MyDrive/TrafficCameraData1/data/cam4/cam4_20260106_032342.jpg,0
2026-01-06T03:23:43.198866,cam5,/content/drive/MyDrive/TrafficCameraData1/data/cam5/cam5_20260106_032343.jpg,0
2026-01-06T03:23:43.723148,cam6,/content/drive/MyDrive/TrafficCameraData1/data/cam6/cam6_20260106_032343.jpg,0
2026-01-06T03:23:44.437327,cam7,/content/drive/MyDrive/TrafficCameraData1/data/cam7/cam7_20260106_032344.jpg,0
2026-01-06T03:23:45.137894,cam8,/content/drive/MyDrive/TrafficCameraData1/data/cam8/cam8_20260106_032345.jpg,0
2026-01-06T03:28:39.938809,cam1,/content/drive/MyDrive/TrafficCameraData1/data/cam1/cam1_20260106_032839.jpg,0
2026-01-06T03:28:40.808825,cam2,/content/drive/MyDrive/TrafficCameraData1/data/cam2/cam2_20260106_032840.jpg,0
2026-01-06T03:28:41.549830,cam3,/content/drive/MyDrive/TrafficCameraData1/data/cam3/cam3_20260106_032841.jpg,0
2026-01-06T03:28:42.246777,cam4,/content/drive/MyDrive/TrafficCameraData1/data/cam4/cam4_20260106_032842.jpg,0
2026-01-06T03:28:42.951849,cam5,/content/drive/MyDrive/TrafficCameraData1/data/cam5/cam5_20260106_032842.jpg,0
2026-01-06T03:28:43.495053,cam6,/content/drive/MyDrive/TrafficCameraData1/data/cam6/cam6_20260106_032843.jpg,0
2026-01-06T03:28:44.193215,cam7,/content/drive/MyDrive/TrafficCameraData1/data/cam7/cam7_20260106_032844.jpg,0
2026-01-06T03:28:44.889880,cam8,/content/drive/MyDrive/TrafficCameraData1/data/cam8/cam8_20260106_032844.jpg,0
2026-01-06T03:33:39.939204,cam1,/content/drive/MyDrive/TrafficCameraData1/data/cam1/cam1_20260106_033339.jpg,0
2026-01-06T03:33:40.849759,cam2,/content/drive/MyDrive/TrafficCameraData1/data/cam2/cam2_20260106_033340.jpg,0
2026-01-06T03:33:41.551691,cam3,/content/drive/MyDrive/TrafficCameraData1/data/cam3/cam3_20260106_033341.jpg,0
2026-01-06T03:33:42.255821,cam4,/content/drive/MyDrive/TrafficCameraData1/data/cam4/cam4_20260106_033342.jpg,0
2026-01-06T03:33:43.138489,cam5,/content/drive/MyDrive/TrafficCameraData1/data/cam5/cam5_20260106_033343.jpg,0
2026-01-06T03:33:43.839393,cam6,/content/drive/MyDrive/TrafficCameraData1/data/cam6/cam6_20260106_033343.jpg,0
2026-01-06T03:33:44.552873,cam7,/content/drive/MyDrive/TrafficCameraData1/data/cam7/cam7_20260106_033344.jpg,0
2026-01-06T03:33:45.262263,cam8,/content/drive/MyDrive/TrafficCameraData1/data/cam8/cam8_20260106_033345.jpg,0
2026-01-06T03:38:39.939412,cam1,/content/drive/MyDrive/TrafficCameraData1/data/cam1/cam1_20260106_033839.jpg,0
2026-01-06T03:38:40.843403,cam2,/content/drive/MyDrive/TrafficCameraData1/data/cam2/cam2_20260106_033840.jpg,0
2026-01-06T03:38:41.554859,cam3,/content/drive/MyDrive/TrafficCameraData1/data/cam3/cam3_20260106_033841.jpg,0
2026-01-06T03:38:42.267654,cam4,/content/drive/MyDrive/TrafficCameraData1/data/cam4/cam4_20260106_033842.jpg,0
2026-01-06T03:38:42.979258,cam5,/content/drive/MyDrive/TrafficCameraData1/data/cam5/cam5_20260106_033842.jpg,0
2026-01-06T03:38:43.514606,cam6,/content/drive/MyDrive/TrafficCameraData1/data/cam6/cam6_20260106_033843.jpg,0
2026-01-06T03:38:44.216162,cam7,/content/drive/MyDrive/TrafficCameraData1/data/cam7/cam7_20260106_033844.jpg,0
2026-01-06T03:38:44.989492,cam8,/content/drive/MyDrive/TrafficCameraData1/data/cam8/cam8_20260106_033844.jpg,0
2026-01-06T03:43:39.939587,cam1,/content/drive/MyDrive/TrafficCameraData1/data/cam1/cam1_20260106_034339.jpg,0
2026-01-06T03:43:40.857612,cam2,/content/drive/MyDrive/TrafficCameraData1/data/cam2/cam2_20260106_034340.jpg,0
2026-01-06T03:43:41.567134,cam3,/content/drive/MyDrive/TrafficCameraData1/data/cam3/cam3_20260106_034341.jpg,0
2026-01-06T03:43:42.274301,cam4,/content/drive/MyDrive/TrafficCameraData1/data/cam4/cam4_20260106_034342.jpg,0
2026-01-06T03:43:42.976292,cam5,/content/drive/MyDrive/TrafficCameraData1/data/cam5/cam5_20260106_034342.jpg,0
2026-01-06T03:43:43.544709,cam6,/content/drive/MyDrive/TrafficCameraData1/data/cam6/cam6_20260106_034343.jpg,0
2026-01-06T03:43:44.241413,cam7,/content/drive/MyDrive/TrafficCameraData1/data/cam7/cam7_20260106_034344.jpg,0
2026-01-06T03:43:44.979368,cam8,/content/drive/MyDrive/TrafficCameraData1/data/cam8/cam8_20260106_034344.jpg,0
2026-01-06T03:48:39.939881,cam1,/content/drive/MyDrive/TrafficCameraData1/data/cam1/cam1_20260106_034839.jpg,0
2026-01-06T03:48:40.819902,cam2,/content/drive/MyDrive/TrafficCameraData1/data/cam2/cam2_20260106_034840.jpg,0
2026-01-06T03:48:41.525896,cam3,/content/drive/MyDrive/TrafficCameraData1/data/cam3/cam3_20260106_034841.jpg,0
2026-01-06T03:48:42.254445,cam4,/content/drive/MyDrive/TrafficCameraData1/data/cam4/cam4_20260106_034842.jpg,0
2026-01-06T03:48:42.970792,cam5,/content/drive/MyDrive/TrafficCameraData1/data/cam5/cam5_20260106_034842.jpg,0
2026-01-06T03:48:43.577721,cam6,/content/drive/MyDrive/TrafficCameraData1/data/cam6/cam6_20260106_034843.jpg,0
2026-01-06T03:48:44.289250,cam7,/content/drive/MyDrive/TrafficCameraData1/data/cam7/cam7_20260106_034844.jpg,0
2026-01-06T03:48:45.051987,cam8,/content/drive/MyDrive/TrafficCameraData1/data/cam8/cam8_20260106_034845.jpg,0
2026-01-06T03:53:39.940107,cam1,/content/drive/MyDrive/TrafficCameraData1/data/cam1/cam1_20260106_035339.jpg,0
2026-01-06T03:53:40.893300,cam2,/content/drive/MyDrive/TrafficCameraData1/data/cam2/cam2_20260106_035340.jpg,0
2026-01-06T03:53:41.596225,cam3,/content/drive/MyDrive/TrafficCameraData1/data/cam3/cam3_20260106_035341.jpg,0
2026-01-06T03:53:42.312278,cam4,/content/drive/MyDrive/TrafficCameraData1/data/cam4/cam4_20260106_035342.jpg,0
2026-01-06T03:53:43.013082,cam5,/content/drive/MyDrive/TrafficCameraData1/data/cam5/cam5_20260106_035343.jpg,0
2026-01-06T03:53:43.587711,cam6,/content/drive/MyDrive/TrafficCameraData1/data/cam6/cam6_20260106_035343.jpg,0
2026-01-06T03:53:44.315127,cam7,/content/drive/MyDrive/TrafficCameraData1/data/cam7/cam7_20260106_035344.jpg,0
2026-01-06T03:53:45.065401,cam8,/content/drive/MyDrive/TrafficCameraData1/data/cam8/cam8_20260106_035345.jpg,0
2026-01-06T03:58:39.940470,cam1,/content/drive/MyDrive/TrafficCameraData1/data/cam1/cam1_20260106_035839.jpg,0
2026-01-06T03:58:40.815287,cam2,/content/drive/MyDrive/TrafficCameraData1/data/cam2/cam2_20260106_035840.jpg,0
2026-01-06T03:58:41.514822,cam3,/content/drive/MyDrive/TrafficCameraData1/data/cam3/cam3_20260106_035841.jpg,0
2026-01-06T03:58:42.277631,cam4,/content/drive/MyDrive/TrafficCameraData1/data/cam4/cam4_20260106_035842.jpg,0
2026-01-06T03:58:42.995870,cam5,/content/drive/MyDrive/TrafficCameraData1/data/cam5/cam5_20260106_035842.jpg,0
2026-01-06T03:58:43.527057,cam6,/content/drive/MyDrive/TrafficCameraData1/data/cam6/cam6_20260106_035843.jpg,0
2026-01-06T03:58:44.231568,cam7,/content/drive/MyDrive/TrafficCameraData1/data/cam7/cam7_20260106_035844.jpg,0
2026-01-06T03:58:44.932877,cam8,/content/drive/MyDrive/TrafficCameraData1/data/cam8/cam8_20260106_035844.jpg,0
2026-01-06T04:03:39.940601,cam1,/content/drive/MyDrive/TrafficCameraData1/data/cam1/cam1_20260106_040339.jpg,0
2026-01-06T04:03:40.848409,cam2,/content/drive/MyDrive/TrafficCameraData1/data/cam2/cam2_20260106_040340.jpg,0
2026-01-06T04:03:41.557531,cam3,/content/drive/MyDrive/TrafficCameraData1/data/cam3/cam3_20260106_040341.jpg,0
2026-01-06T04:03:42.295006,cam4,/content/drive/MyDrive/TrafficCameraData1/data/cam4/cam4_20260106_040342.jpg,0
2026-01-06T04:03:43.002130,cam5,/content/drive/MyDrive/TrafficCameraData1/data/cam5/cam5_20260106_040343.jpg,0
2026-01-06T04:03:43.703092,cam6,/content/drive/MyDrive/TrafficCameraData1/data/cam6/cam6_20260106_040343.jpg,0
2026-01-06T04:03:44.408953,cam7,/content/drive/MyDrive/TrafficCameraData1/data/cam7/cam7_20260106_040344.jpg,0
2026-01-06T04:03:45.126065,cam8,/content/drive/MyDrive/TrafficCameraData1/data/cam8/cam8_20260106_040345.jpg,0
2026-01-06T04:08:39.940952,cam1,/content/drive/MyDrive/TrafficCameraData1/data/cam1/cam1_20260106_040839.jpg,0
2026-01-06T04:08:47.253875,cam2,/content/drive/MyDrive/TrafficCameraData1/data/cam2/cam2_20260106_040847.jpg,0
2026-01-06T04:08:47.980365,cam3,/content/drive/MyDrive/TrafficCameraData1/data/cam3/cam3_20260106_040847.jpg,0
2026-01-06T04:08:48.884436,cam4,/content/drive/MyDrive/TrafficCameraData1/data/cam4/cam4_20260106_040848.jpg,0
2026-01-06T04:08:51.164680,cam5,/content/drive/MyDrive/TrafficCameraData1/data/cam5/cam5_20260106_040851.jpg,0
2026-01-06T04:08:52.462176,cam6,/content/drive/MyDrive/TrafficCameraData1/data/cam6/cam6_20260106_040852.jpg,0
2026-01-06T04:08:53.164416,cam7,/content/drive/MyDrive/TrafficCameraData1/data/cam7/cam7_20260106_040853.jpg,0
2026-01-06T04:08:53.867095,cam8,/content/drive/MyDrive/TrafficCameraData1/data/cam8/cam8_20260106_040853.jpg,0
2026-01-06T04:13:39.941206,cam1,/content/drive/MyDrive/TrafficCameraData1/data/cam1/cam1_20260106_041339.jpg,0
2026-01-06T04:13:40.872653,cam2,/content/drive/MyDrive/TrafficCameraData1/data/cam2/cam2_20260106_041340.jpg,0
2026-01-06T04:13:41.578424,cam3,/content/drive/MyDrive/TrafficCameraData1/data/cam3/cam3_20260106_041341.jpg,0
2026-01-06T04:13:42.284915,cam4,/content/drive/MyDrive/TrafficCameraData1/data/cam4/cam4_20260106_041342.jpg,0
2026-01-06T04:13:42.985929,cam5,/content/drive/MyDrive/TrafficCameraData1/data/cam5/cam5_20260106_041342.jpg,0
2026-01-06T04:13:44.357633,cam6,/content/drive/MyDrive/TrafficCameraData1/data/cam6/cam6_20260106_041344.jpg,0
2026-01-06T04:13:45.109926,cam7,/content/drive/MyDrive/TrafficCameraData1/data/cam7/cam7_20260106_041345.jpg,0
2026-01-06T04:13:45.821122,cam8,/content/drive/MyDrive/TrafficCameraData1/data/cam8/cam8_20260106_041345.jpg,0
2026-01-06T04:18:39.941905,cam1,/content/drive/MyDrive/TrafficCameraData1/data/cam1/cam1_20260106_041839.jpg,0
2026-01-06T04:18:40.899638,cam2,/content/drive/MyDrive/TrafficCameraData1/data/cam2/cam2_20260106_041840.jpg,0
2026-01-06T04:18:42.044727,cam3,/content/drive/MyDrive/TrafficCameraData1/data/cam3/cam3_20260106_041842.jpg,0
2026-01-06T04:18:43.493120,cam4,/content/drive/MyDrive/TrafficCameraData1/data/cam4/cam4_20260106_041843.jpg,0
2026-01-06T04:18:44.201997,cam5,/content/drive/MyDrive/TrafficCameraData1/data/cam5/cam5_20260106_041844.jpg,0
2026-01-06T04:18:44.935759,cam6,/content/drive/MyDrive/TrafficCameraData1/data/cam6/cam6_20260106_041844.jpg,0
2026-01-06T04:18:45.647319,cam7,/content/drive/MyDrive/TrafficCameraData1/data/cam7/cam7_20260106_041845.jpg,0
2026-01-06T04:18:46.362834,cam8,/content/drive/MyDrive/TrafficCameraData1/data/cam8/cam8_20260106_041846.jpg,0
2026-01-06T04:23:39.941920,cam1,/content/drive/MyDrive/TrafficCameraData1/data/cam1/cam1_20260106_042339.jpg,0
2026-01-06T04:23:40.819039,cam2,/content/drive/MyDrive/TrafficCameraData1/data/cam2/cam2_20260106_042340.jpg,0
2026-01-06T04:23:41.541825,cam3,/content/drive/MyDrive/TrafficCameraData1/data/cam3/cam3_20260106_042341.jpg,0
2026-01-06T04:23:42.247210,cam4,/content/drive/MyDrive/TrafficCameraData1/data/cam4/cam4_20260106_042342.jpg,0
2026-01-06T04:23:42.991743,cam5,/content/drive/MyDrive/TrafficCameraData1/data/cam5/cam5_20260106_042342.jpg,0
2026-01-06T04:23:43.625736,cam6,/content/drive/MyDrive/TrafficCameraData1/data/cam6/cam6_20260106_042343.jpg,0
2026-01-06T04:23:44.352086,cam7,/content/drive/MyDrive/TrafficCameraData1/data/cam7/cam7_20260106_042344.jpg,0
2026-01-06T04:23:45.056982,cam8,/content/drive/MyDrive/TrafficCameraData1/data/cam8/cam8_20260106_042345.jpg,0
2026-01-06T04:26:17.408959,cam1,/content/drive/MyDrive/TrafficCameraData1/data/cam1/cam1_20260106_042617.jpg,0
2026-01-06T04:26:29.911519,cam2,/content/drive/MyDrive/TrafficCameraData1/data/cam2/cam2_20260106_042629.jpg,0
2026-01-06T04:26:31.071695,cam3,/content/drive/MyDrive/TrafficCameraData1/data/cam3/cam3_20260106_042631.jpg,0
2026-01-06T04:26:32.195424,cam4,/content/drive/MyDrive/TrafficCameraData1/data/cam4/cam4_20260106_042632.jpg,0
2026-01-06T04:26:33.456331,cam5,/content/drive/MyDrive/TrafficCameraData1/data/cam5/cam5_20260106_042633.jpg,0
2026-01-06T04:26:34.434816,cam6,/content/drive/MyDrive/TrafficCameraData1/data/cam6/cam6_20260106_042634.jpg,0
2026-01-06T04:26:35.666886,cam7,/content/drive/MyDrive/TrafficCameraData1/data/cam7/cam7_20260106_042635.jpg,0
2026-01-06T04:26:36.814345,cam8,/content/drive/MyDrive/TrafficCameraData1/data/cam8/cam8_20260106_042636.jpg,0
2026-01-06T04:31:17.409089,cam1,/content/drive/MyDrive/TrafficCameraData1/data/cam1/cam1_20260106_043117.jpg,0
2026-01-06T04:31:18.310275,cam2,/content/drive/MyDrive/TrafficCameraData1/data/cam2/cam2_20260106_043118.jpg,0
2026-01-06T04:31:19.011953,cam3,/content/drive/MyDrive/TrafficCameraData1/data/cam3/cam3_20260106_043119.jpg,0
2026-01-06T04:31:19.724824,cam4,/content/drive/MyDrive/TrafficCameraData1/data/cam4/cam4_20260106_043119.jpg,0
2026-01-06T04:31:20.435608,cam5,/content/drive/MyDrive/TrafficCameraData1/data/cam5/cam5_20260106_043120.jpg,0
2026-01-06T04:31:20.965192,cam6,/content/drive/MyDrive/TrafficCameraData1/data/cam6/cam6_20260106_043120.jpg,0
2026-01-06T04:31:21.668654,cam7,/content/drive/MyDrive/TrafficCameraData1/data/cam7/cam7_20260106_043121.jpg,0
2026-01-06T04:31:22.388828,cam8,/content/drive/MyDrive/TrafficCameraData1/data/cam8/cam8_20260106_043122.jpg,0
2026-01-06T04:36:17.409701,cam1,/content/drive/MyDrive/TrafficCameraData1/data/cam1/cam1_20260106_043617.jpg,0
2026-01-06T04:36:18.350565,cam2,/content/drive/MyDrive/TrafficCameraData1/data/cam2/cam2_20260106_043618.jpg,0
2026-01-06T04:36:19.058009,cam3,/content/drive/MyDrive/TrafficCameraData1/data/cam3/cam3_20260106_043619.jpg,0
2026-01-06T04:36:19.770020,cam4,/content/drive/MyDrive/TrafficCameraData1/data/cam4/cam4_20260106_043619.jpg,0
2026-01-06T04:36:20.482422,cam5,/content/drive/MyDrive/TrafficCameraData1/data/cam5/cam5_20260106_043620.jpg,0
2026-01-06T04:36:21.013886,cam6,/content/drive/MyDrive/TrafficCameraData1/data/cam6/cam6_20260106_043621.jpg,0
2026-01-06T04:36:21.734987,cam7,/content/drive/MyDrive/TrafficCameraData1/data/cam7/cam7_20260106_043621.jpg,0
2026-01-06T04:36:22.443128,cam8,/content/drive/MyDrive/TrafficCameraData1/data/cam8/cam8_20260106_043622.jpg,0
2026-01-06T04:41:17.410012,cam1,/content/drive/MyDrive/TrafficCameraData1/data/cam1/cam1_20260106_044117.jpg,0
2026-01-06T04:41:18.375384,cam2,/content/drive/MyDrive/TrafficCameraData1/data/cam2/cam2_20260106_044118.jpg,0
2026-01-06T04:41:19.096165,cam3,/content/drive/MyDrive/TrafficCameraData1/data/cam3/cam3_20260106_044119.jpg,0
2026-01-06T04:41:19.804249,cam4,/content/drive/MyDrive/TrafficCameraData1/data/cam4/cam4_20260106_044119.jpg,0
2026-01-06T04:41:20.514874,cam5,/content/drive/MyDrive/TrafficCameraData1/data/cam5/cam5_20260106_044120.jpg,0
2026-01-06T04:41:21.333446,cam6,/content/drive/MyDrive/TrafficCameraData1/data/cam6/cam6_20260106_044121.jpg,0
2026-01-06T04:41:22.039506,cam7,/content/drive/MyDrive/TrafficCameraData1/data/cam7/cam7_20260106_044122.jpg,0
2026-01-06T04:41:22.742989,cam8,/content/drive/MyDrive/TrafficCameraData1/data/cam8/cam8_20260106_044122.jpg,0
2026-01-06T04:46:17.410412,cam1,/content/drive/MyDrive/TrafficCameraData1/data/cam1/cam1_20260106_044617.jpg,0
2026-01-06T04:46:18.353683,cam2,/content/drive/MyDrive/TrafficCameraData1/data/cam2/cam2_20260106_044618.jpg,0
2026-01-06T04:46:19.057099,cam3,/content/drive/MyDrive/TrafficCameraData1/data/cam3/cam3_20260106_044619.jpg,0
2026-01-06T04:46:19.772794,cam4,/content/drive/MyDrive/TrafficCameraData1/data/cam4/cam4_20260106_044619.jpg,0
2026-01-06T04:46:20.484925,cam5,/content/drive/MyDrive/TrafficCameraData1/data/cam5/cam5_20260106_044620.jpg,0
2026-01-06T04:46:21.017967,cam6,/content/drive/MyDrive/TrafficCameraData1/data/cam6/cam6_20260106_044621.jpg,0
2026-01-06T04:46:21.721364,cam7,/content/drive/MyDrive/TrafficCameraData1/data/cam7/cam7_20260106_044621.jpg,0
2026-01-06T04:46:22.427209,cam8,/content/drive/MyDrive/TrafficCameraData1/data/cam8/cam8_20260106_044622.jpg,0
2026-01-06T04:51:17.410563,cam1,/content/drive/MyDrive/TrafficCameraData1/data/cam1/cam1_20260106_045117.jpg,0
2026-01-06T04:51:18.394136,cam2,/content/drive/MyDrive/TrafficCameraData1/data/cam2/cam2_20260106_045118.jpg,0
2026-01-06T04:51:19.116469,cam3,/content/drive/MyDrive/TrafficCameraData1/data/cam3/cam3_20260106_045119.jpg,0
2026-01-06T04:51:19.833787,cam4,/content/drive/MyDrive/TrafficCameraData1/data/cam4/cam4_20260106_045119.jpg,0
2026-01-06T04:51:20.542258,cam5,/content/drive/MyDrive/TrafficCameraData1/data/cam5/cam5_20260106_045120.jpg,0
2026-01-06T04:51:21.243950,cam6,/content/drive/MyDrive/TrafficCameraData1/data/cam6/cam6_20260106_045121.jpg,0
2026-01-06T04:51:21.952879,cam7,/content/drive/MyDrive/TrafficCameraData1/data/cam7/cam7_20260106_045121.jpg,0
2026-01-06T04:51:22.669127,cam8,/content/drive/MyDrive/TrafficCameraData1/data/cam8/cam8_20260106_045122.jpg,0
2026-01-06T04:56:17.410777,cam1,/content/drive/MyDrive/TrafficCameraData1/data/cam1/cam1_20260106_045617.jpg,0
2026-01-06T04:56:20.376895,cam2,/content/drive/MyDrive/TrafficCameraData1/data/cam2/cam2_20260106_045620.jpg,0
2026-01-06T04:56:22.954565,cam3,/content/drive/MyDrive/TrafficCameraData1/data/cam3/cam3_20260106_045622.jpg,0
2026-01-06T04:56:24.656699,cam4,/content/drive/MyDrive/TrafficCameraData1/data/cam4/cam4_20260106_045624.jpg,0
2026-01-06T04:56:26.275199,cam5,/content/drive/MyDrive/TrafficCameraData1/data/cam5/cam5_20260106_045626.jpg,0
2026-01-06T04:56:27.404285,cam6,/content/drive/MyDrive/TrafficCameraData1/data/cam6/cam6_20260106_045627.jpg,0
2026-01-06T04:56:28.750561,cam7,/content/drive/MyDrive/TrafficCameraData1/data/cam7/cam7_20260106_045628.jpg,0
2026-01-06T04:56:30.683019,cam8,/content/drive/MyDrive/TrafficCameraData1/data/cam8/cam8_20260106_045630.jpg,0
2026-01-06T05:01:17.411009,cam1,/content/drive/MyDrive/TrafficCameraData1/data/cam1/cam1_20260106_050117.jpg,0
2026-01-06T05:01:18.297821,cam2,/content/drive/MyDrive/TrafficCameraData1/data/cam2/cam2_20260106_050118.jpg,0
2026-01-06T05:01:19.009702,cam3,/content/drive/MyDrive/TrafficCameraData1/data/cam3/cam3_20260106_050119.jpg,0
2026-01-06T05:01:19.721354,cam4,/content/drive/MyDrive/TrafficCameraData1/data/cam4/cam4_20260106_050119.jpg,0
2026-01-06T05:01:20.431290,cam5,/content/drive/MyDrive/TrafficCameraData1/data/cam5/cam5_20260106_050120.jpg,0
2026-01-06T05:01:20.968101,cam6,/content/drive/MyDrive/TrafficCameraData1/data/cam6/cam6_20260106_050120.jpg,0
2026-01-06T05:01:21.681514,cam7,/content/drive/MyDrive/TrafficCameraData1/data/cam7/cam7_20260106_050121.jpg,0
2026-01-06T05:01:22.401331,cam8,/content/drive/MyDrive/TrafficCameraData1/data/cam8/cam8_20260106_050122.jpg,0
2026-01-06T05:06:17.411199,cam1,/content/drive/MyDrive/TrafficCameraData1/data/cam1/cam1_20260106_050617.jpg,0
2026-01-06T05:06:18.293989,cam2,/content/drive/MyDrive/TrafficCameraData1/data/cam2/cam2_20260106_050618.jpg,0
2026-01-06T05:06:19.001912,cam3,/content/drive/MyDrive/TrafficCameraData1/data/cam3/cam3_20260106_050619.jpg,0
2026-01-06T05:06:19.724884,cam4,/content/drive/MyDrive/TrafficCameraData1/data/cam4/cam4_20260106_050619.jpg,0
2026-01-06T05:06:20.436513,cam5,/content/drive/MyDrive/TrafficCameraData1/data/cam5/cam5_20260106_050620.jpg,0
2026-01-06T05:06:21.142458,cam6,/content/drive/MyDrive/TrafficCameraData1/data/cam6/cam6_20260106_050621.jpg,0
2026-01-06T05:06:21.853465,cam7,/content/drive/MyDrive/TrafficCameraData1/data/cam7/cam7_20260106_050621.jpg,0
2026-01-06T05:06:22.555458,cam8,/content/drive/MyDrive/TrafficCameraData1/data/cam8/cam8_20260106_050622.jpg,0
2026-01-06T05:11:17.411779,cam1,/content/drive/MyDrive/TrafficCameraData1/data/cam1/cam1_20260106_051117.jpg,0
2026-01-06T05:11:18.300578,cam2,/content/drive/MyDrive/TrafficCameraData1/data/cam2/cam2_20260106_051118.jpg,0
2026-01-06T05:11:19.011282,cam3,/content/drive/MyDrive/TrafficCameraData1/data/cam3/cam3_20260106_051119.jpg,0
2026-01-06T05:11:19.727590,cam4,/content/drive/MyDrive/TrafficCameraData1/data/cam4/cam4_20260106_051119.jpg,0
2026-01-06T05:11:20.523393,cam5,/content/drive/MyDrive/TrafficCameraData1/data/cam5/cam5_20260106_051120.jpg,0
2026-01-06T05:11:21.290069,cam6,/content/drive/MyDrive/TrafficCameraData1/data/cam6/cam6_20260106_051121.jpg,0
2026-01-06T05:11:21.999196,cam7,/content/drive/MyDrive/TrafficCameraData1/data/cam7/cam7_20260106_051121.jpg,0
2026-01-06T05:11:22.709132,cam8,/content/drive/MyDrive/TrafficCameraData1/data/cam8/cam8_20260106_051122.jpg,0
2026-01-06T05:16:17.412286,cam1,/content/drive/MyDrive/TrafficCameraData1/data/cam1/cam1_20260106_051617.jpg,0
2026-01-06T05:16:18.664732,cam2,/content/drive/MyDrive/TrafficCameraData1/data/cam2/cam2_20260106_051618.jpg,0
2026-01-06T05:16:19.877781,cam3,/content/drive/MyDrive/TrafficCameraData1/data/cam3/cam3_20260106_051619.jpg,0
2026-01-06T05:16:20.601995,cam4,/content/drive/MyDrive/TrafficCameraData1/data/cam4/cam4_20260106_051620.jpg,0
2026-01-06T05:16:21.459519,cam5,/content/drive/MyDrive/TrafficCameraData1/data/cam5/cam5_20260106_051621.jpg,0
2026-01-06T05:16:22.159449,cam6,/content/drive/MyDrive/TrafficCameraData1/data/cam6/cam6_20260106_051622.jpg,0
2026-01-06T05:16:22.865994,cam7,/content/drive/MyDrive/TrafficCameraData1/data/cam7/cam7_20260106_051622.jpg,0
2026-01-06T05:16:23.585673,cam8,/content/drive/MyDrive/TrafficCameraData1/data/cam8/cam8_20260106_051623.jpg,0
2026-01-06T05:21:17.412626,cam1,/content/drive/MyDrive/TrafficCameraData1/data/cam1/cam1_20260106_052117.jpg,0
2026-01-06T05:21:18.297680,cam2,/content/drive/MyDrive/TrafficCameraData1/data/cam2/cam2_20260106_052118.jpg,0
2026-01-06T05:21:19.004344,cam3,/content/drive/MyDrive/TrafficCameraData1/data/cam3/cam3_20260106_052119.jpg,0
2026-01-06T05:21:19.718236,cam4,/content/drive/MyDrive/TrafficCameraData1/data/cam4/cam4_20260106_052119.jpg,0
2026-01-06T05:21:20.445373,cam5,/content/drive/MyDrive/TrafficCameraData1/data/cam5/cam5_20260106_052120.jpg,0
2026-01-06T05:21:21.151152,cam6,/content/drive/MyDrive/TrafficCameraData1/data/cam6/cam6_20260106_052121.jpg,0
2026-01-06T05:21:21.863892,cam7,/content/drive/MyDrive/TrafficCameraData1/data/cam7/cam7_20260106_052121.jpg,0
2026-01-06T05:21:22.571868,cam8,/content/drive/MyDrive/TrafficCameraData1/data/cam8/cam8_20260106_052122.jpg,0
2026-01-06T05:26:17.412887,cam1,/content/drive/MyDrive/TrafficCameraData1/data/cam1/cam1_20260106_052617.jpg,0
2026-01-06T05:26:18.293685,cam2,/content/drive/MyDrive/TrafficCameraData1/data/cam2/cam2_20260106_052618.jpg,0
2026-01-06T05:26:19.032987,cam3,/content/drive/MyDrive/TrafficCameraData1/data/cam3/cam3_20260106_052619.jpg,0
2026-01-06T05:26:19.742252,cam4,/content/drive/MyDrive/TrafficCameraData1/data/cam4/cam4_20260106_052619.jpg,0
2026-01-06T05:26:20.533101,cam5,/content/drive/MyDrive/TrafficCameraData1/data/cam5/cam5_20260106_052620.jpg,0
2026-01-06T05:26:21.172882,cam6,/content/drive/MyDrive/TrafficCameraData1/data/cam6/cam6_20260106_052621.jpg,0
2026-01-06T05:26:21.980915,cam7,/content/drive/MyDrive/TrafficCameraData1/data/cam7/cam7_20260106_052621.jpg,0
2026-01-06T05:26:22.685248,cam8,/content/drive/MyDrive/TrafficCameraData1/data/cam8/cam8_20260106_052622.jpg,0
2026-01-06T05:31:17.413016,cam1,/content/drive/MyDrive/TrafficCameraData1/data/cam1/cam1_20260106_053117.jpg,0
2026-01-06T05:31:19.096937,cam2,/content/drive/MyDrive/TrafficCameraData1/data/cam2/cam2_20260106_053119.jpg,0
2026-01-06T05:31:19.795127,cam3,/content/drive/MyDrive/TrafficCameraData1/data/cam3/cam3_20260106_053119.jpg,0
2026-01-06T05:31:20.511985,cam4,/content/drive/MyDrive/TrafficCameraData1/data/cam4/cam4_20260106_053120.jpg,0
2026-01-06T05:31:21.226040,cam5,/content/drive/MyDrive/TrafficCameraData1/data/cam5/cam5_20260106_053121.jpg,0
2026-01-06T05:31:21.929370,cam6,/content/drive/MyDrive/TrafficCameraData1/data/cam6/cam6_20260106_053121.jpg,0
2026-01-06T05:31:22.652820,cam7,/content/drive/MyDrive/TrafficCameraData1/data/cam7/cam7_20260106_053122.jpg,0
2026-01-06T05:31:23.357321,cam8,/content/drive/MyDrive/TrafficCameraData1/data/cam8/cam8_20260106_053123.jpg,0
2026-01-06T05:36:17.415916,cam1,/content/drive/MyDrive/TrafficCameraData1/data/cam1/cam1_20260106_053617.jpg,0
2026-01-06T05:36:18.298125,cam2,/content/drive/MyDrive/TrafficCameraData1/data/cam2/cam2_20260106_053618.jpg,0
2026-01-06T05:36:18.998052,cam3,/content/drive/MyDrive/TrafficCameraData1/data/cam3/cam3_20260106_053618.jpg,0
2026-01-06T05:36:19.720669,cam4,/content/drive/MyDrive/TrafficCameraData1/data/cam4/cam4_20260106_053619.jpg,0
2026-01-06T05:36:20.442440,cam5,/content/drive/MyDrive/TrafficCameraData1/data/cam5/cam5_20260106_053620.jpg,0
2026-01-06T05:36:20.980146,cam6,/content/drive/MyDrive/TrafficCameraData1/data/cam6/cam6_20260106_053620.jpg,0
2026-01-06T05:36:21.690298,cam7,/content/drive/MyDrive/TrafficCameraData1/data/cam7/cam7_20260106_053621.jpg,0
2026-01-06T05:36:22.223714,cam8,/content/drive/MyDrive/TrafficCameraData1/data/cam8/cam8_20260106_053622.jpg,0
2026-01-06T05:41:17.414298,cam1,/content/drive/MyDrive/TrafficCameraData1/data/cam1/cam1_20260106_054117.jpg,0
2026-01-06T05:41:18.289602,cam2,/content/drive/MyDrive/TrafficCameraData1/data/cam2/cam2_20260106_054118.jpg,0
2026-01-06T05:41:19.440070,cam3,/content/drive/MyDrive/TrafficCameraData1/data/cam3/cam3_20260106_054119.jpg,0
2026-01-06T05:41:20.175016,cam4,/content/drive/MyDrive/TrafficCameraData1/data/cam4/cam4_20260106_054120.jpg,0
2026-01-06T05:41:20.902673,cam5,/content/drive/MyDrive/TrafficCameraData1/data/cam5/cam5_20260106_054120.jpg,0
2026-01-06T05:41:21.677464,cam6,/content/drive/MyDrive/TrafficCameraData1/data/cam6/cam6_20260106_054121.jpg,0
2026-01-06T05:41:22.418101,cam7,/content/drive/MyDrive/TrafficCameraData1/data/cam7/cam7_20260106_054122.jpg,0
2026-01-06T05:41:23.131146,cam8,/content/drive/MyDrive/TrafficCameraData1/data/cam8/cam8_20260106_054123.jpg,0
2026-01-06T05:46:17.413946,cam1,/content/drive/MyDrive/TrafficCameraData1/data/cam1/cam1_20260106_054617.jpg,0
2026-01-06T05:46:18.133596,cam2,/content/drive/MyDrive/TrafficCameraData1/data/cam2/cam2_20260106_054618.jpg,0
2026-01-06T05:46:18.843112,cam3,/content/drive/MyDrive/TrafficCameraData1/data/cam3/cam3_20260106_054618.jpg,0
2026-01-06T05:46:19.550178,cam4,/content/drive/MyDrive/TrafficCameraData1/data/cam4/cam4_20260106_054619.jpg,0
2026-01-06T05:46:20.334814,cam5,/content/drive/MyDrive/TrafficCameraData1/data/cam5/cam5_20260106_054620.jpg,0
2026-01-06T05:46:21.029916,cam6,/content/drive/MyDrive/TrafficCameraData1/data/cam6/cam6_20260106_054621.jpg,0
2026-01-06T05:46:21.739392,cam7,/content/drive/MyDrive/TrafficCameraData1/data/cam7/cam7_20260106_054621.jpg,0
2026-01-06T05:46:22.445993,cam8,/content/drive/MyDrive/TrafficCameraData1/data/cam8/cam8_20260106_054622.jpg,0
2026-01-06T05:51:17.414469,cam1,/content/drive/MyDrive/TrafficCameraData1/data/cam1/cam1_20260106_055117.jpg,0
2026-01-06T05:51:18.293707,cam2,/content/drive/MyDrive/TrafficCameraData1/data/cam2/cam2_20260106_055118.jpg,0
2026-01-06T05:51:18.996243,cam3,/content/drive/MyDrive/TrafficCameraData1/data/cam3/cam3_20260106_055118.jpg,0
2026-01-06T05:51:19.708099,cam4,/content/drive/MyDrive/TrafficCameraData1/data/cam4/cam4_20260106_055119.jpg,0
2026-01-06T05:51:20.412805,cam5,/content/drive/MyDrive/TrafficCameraData1/data/cam5/cam5_20260106_055120.jpg,0
2026-01-06T05:51:20.942957,cam6,/content/drive/MyDrive/TrafficCameraData1/data/cam6/cam6_20260106_055120.jpg,0
2026-01-06T05:51:21.647080,cam7,/content/drive/MyDrive/TrafficCameraData1/data/cam7/cam7_20260106_055121.jpg,0
2026-01-06T05:51:22.352866,cam8,/content/drive/MyDrive/TrafficCameraData1/data/cam8/cam8_20260106_055122.jpg,0
2026-01-06T05:56:17.414620,cam1,/content/drive/MyDrive/TrafficCameraData1/data/cam1/cam1_20260106_055617.jpg,0
2026-01-06T05:56:18.231149,cam2,/content/drive/MyDrive/TrafficCameraData1/data/cam2/cam2_20260106_055618.jpg,0
2026-01-06T05:56:18.941620,cam3,/content/drive/MyDrive/TrafficCameraData1/data/cam3/cam3_20260106_055618.jpg,0
2026-01-06T05:56:19.665064,cam4,/content/drive/MyDrive/TrafficCameraData1/data/cam4/cam4_20260106_055619.jpg,0
2026-01-06T05:56:20.372177,cam5,/content/drive/MyDrive/TrafficCameraData1/data/cam5/cam5_20260106_055620.jpg,0
2026-01-06T05:56:21.070207,cam6,/content/drive/MyDrive/TrafficCameraData1/data/cam6/cam6_20260106_055621.jpg,0
2026-01-06T05:56:21.816250,cam7,/content/drive/MyDrive/TrafficCameraData1/data/cam7/cam7_20260106_055621.jpg,0
2026-01-06T05:56:22.570002,cam8,/content/drive/MyDrive/TrafficCameraData1/data/cam8/cam8_20260106_055622.jpg,0
2026-01-06T06:01:17.415939,cam1,/content/drive/MyDrive/TrafficCameraData1/data/cam1/cam1_20260106_060117.jpg,0
2026-01-06T06:01:24.274968,cam2,/content/drive/MyDrive/TrafficCameraData1/data/cam2/cam2_20260106_060124.jpg,0
2026-01-06T06:01:25.006944,cam3,/content/drive/MyDrive/TrafficCameraData1/data/cam3/cam3_20260106_060125.jpg,0
2026-01-06T06:01:25.729660,cam4,/content/drive/MyDrive/TrafficCameraData1/data/cam4/cam4_20260106_060125.jpg,0
2026-01-06T06:01:26.459382,cam5,/content/drive/MyDrive/TrafficCameraData1/data/cam5/cam5_20260106_060126.jpg,0
2026-01-06T06:01:27.182024,cam6,/content/drive/MyDrive/TrafficCameraData1/data/cam6/cam6_20260106_060127.jpg,0
2026-01-06T06:01:27.896914,cam7,/content/drive/MyDrive/TrafficCameraData1/data/cam7/cam7_20260106_060127.jpg,0
2026-01-06T06:01:28.655926,cam8,/content/drive/MyDrive/TrafficCameraData1/data/cam8/cam8_20260106_060128.jpg,0
2026-01-06T06:06:17.415456,cam1,/content/drive/MyDrive/TrafficCameraData1/data/cam1/cam1_20260106_060617.jpg,0
2026-01-06T06:06:18.298239,cam2,/content/drive/MyDrive/TrafficCameraData1/data/cam2/cam2_20260106_060618.jpg,0
2026-01-06T06:06:19.008074,cam3,/content/drive/MyDrive/TrafficCameraData1/data/cam3/cam3_20260106_060619.jpg,0
2026-01-06T06:06:19.724139,cam4,/content/drive/MyDrive/TrafficCameraData1/data/cam4/cam4_20260106_060619.jpg,0
2026-01-06T06:06:20.450281,cam5,/content/drive/MyDrive/TrafficCameraData1/data/cam5/cam5_20260106_060620.jpg,0
2026-01-06T06:06:20.984818,cam6,/content/drive/MyDrive/TrafficCameraData1/data/cam6/cam6_20260106_060620.jpg,0
2026-01-06T06:06:21.696474,cam7,/content/drive/MyDrive/TrafficCameraData1/data/cam7/cam7_20260106_060621.jpg,0
2026-01-06T06:06:22.405955,cam8,/content/drive/MyDrive/TrafficCameraData1/data/cam8/cam8_20260106_060622.jpg,0
2026-01-06T06:11:17.415759,cam1,/content/drive/MyDrive/TrafficCameraData1/data/cam1/cam1_20260106_061117.jpg,0
2026-01-06T06:11:18.309082,cam2,/content/drive/MyDrive/TrafficCameraData1/data/cam2/cam2_20260106_061118.jpg,0
2026-01-06T06:11:19.020953,cam3,/content/drive/MyDrive/TrafficCameraData1/data/cam3/cam3_20260106_061119.jpg,0
2026-01-06T06:11:19.738702,cam4,/content/drive/MyDrive/TrafficCameraData1/data/cam4/cam4_20260106_061119.jpg,0
2026-01-06T06:11:20.482312,cam5,/content/drive/MyDrive/TrafficCameraData1/data/cam5/cam5_20260106_061120.jpg,0
2026-01-06T06:11:21.191429,cam6,/content/drive/MyDrive/TrafficCameraData1/data/cam6/cam6_20260106_061121.jpg,0
2026-01-06T06:11:21.982757,cam7,/content/drive/MyDrive/TrafficCameraData1/data/cam7/cam7_20260106_061121.jpg,0
2026-01-06T06:11:22.713260,cam8,/content/drive/MyDrive/TrafficCameraData1/data/cam8/cam8_20260106_061122.jpg,0
2026-01-06T06:16:17.416361,cam1,/content/drive/MyDrive/TrafficCameraData1/data/cam1/cam1_20260106_061617.jpg,0
2026-01-06T06:16:18.145208,cam2,/content/drive/MyDrive/TrafficCameraData1/data/cam2/cam2_20260106_061618.jpg,0
2026-01-06T06:16:18.850868,cam3,/content/drive/MyDrive/TrafficCameraData1/data/cam3/cam3_20260106_061618.jpg,0
2026-01-06T06:16:19.561319,cam4,/content/drive/MyDrive/TrafficCameraData1/data/cam4/cam4_20260106_061619.jpg,0
2026-01-06T06:16:20.265786,cam5,/content/drive/MyDrive/TrafficCameraData1/data/cam5/cam5_20260106_061620.jpg,0
2026-01-06T06:16:20.789755,cam6,/content/drive/MyDrive/TrafficCameraData1/data/cam6/cam6_20260106_061620.jpg,0
2026-01-06T06:16:21.493832,cam7,/content/drive/MyDrive/TrafficCameraData1/data/cam7/cam7_20260106_061621.jpg,0
2026-01-06T06:16:22.236548,cam8,/content/drive/MyDrive/TrafficCameraData1/data/cam8/cam8_20260106_061622.jpg,0
2026-01-06T06:21:17.416440,cam1,/content/drive/MyDrive/TrafficCameraData1/data/cam1/cam1_20260106_062117.jpg,0
2026-01-06T06:21:18.121449,cam2,/content/drive/MyDrive/TrafficCameraData1/data/cam2/cam2_20260106_062118.jpg,0
2026-01-06T06:21:18.831966,cam3,/content/drive/MyDrive/TrafficCameraData1/data/cam3/cam3_20260106_062118.jpg,0
2026-01-06T06:21:19.575565,cam4,/content/drive/MyDrive/TrafficCameraData1/data/cam4/cam4_20260106_062119.jpg,0
2026-01-06T06:21:20.281353,cam5,/content/drive/MyDrive/TrafficCameraData1/data/cam5/cam5_20260106_062120.jpg,0
2026-01-06T06:21:20.814872,cam6,/content/drive/MyDrive/TrafficCameraData1/data/cam6/cam6_20260106_062120.jpg,0
2026-01-06T06:21:21.524676,cam7,/content/drive/MyDrive/TrafficCameraData1/data/cam7/cam7_20260106_062121.jpg,0
2026-01-06T06:21:22.248127,cam8,/content/drive/MyDrive/TrafficCameraData1/data/cam8/cam8_20260106_062122.jpg,0
2026-01-06T06:26:17.416927,cam1,/content/drive/MyDrive/TrafficCameraData1/data/cam1/cam1_20260106_062617.jpg,0
2026-01-06T06:26:18.301124,cam2,/content/drive/MyDrive/TrafficCameraData1/data/cam2/cam2_20260106_062618.jpg,0
2026-01-06T06:26:19.003061,cam3,/content/drive/MyDrive/TrafficCameraData1/data/cam3/cam3_20260106_062619.jpg,0
2026-01-06T06:26:19.718331,cam4,/content/drive/MyDrive/TrafficCameraData1/data/cam4/cam4_20260106_062619.jpg,0
2026-01-06T06:26:20.423281,cam5,/content/drive/MyDrive/TrafficCameraData1/data/cam5/cam5_20260106_062620.jpg,0
2026-01-06T06:26:21.121394,cam6,/content/drive/MyDrive/TrafficCameraData1/data/cam6/cam6_20260106_062621.jpg,0
2026-01-06T06:26:21.845652,cam7,/content/drive/MyDrive/TrafficCameraData1/data/cam7/cam7_20260106_062621.jpg,0
2026-01-06T06:26:22.556637,cam8,/content/drive/MyDrive/TrafficCameraData1/data/cam8/cam8_20260106_062622.jpg,0
2026-01-06T06:31:17.416993,cam1,/content/drive/MyDrive/TrafficCameraData1/data/cam1/cam1_20260106_063117.jpg,0
2026-01-06T06:31:18.309034,cam2,/content/drive/MyDrive/TrafficCameraData1/data/cam2/cam2_20260106_063118.jpg,0
2026-01-06T06:31:19.012466,cam3,/content/drive/MyDrive/TrafficCameraData1/data/cam3/cam3_20260106_063119.jpg,0
2026-01-06T06:31:21.222612,cam4,/content/drive/MyDrive/TrafficCameraData1/data/cam4/cam4_20260106_063121.jpg,0
2026-01-06T06:31:21.972778,cam5,/content/drive/MyDrive/TrafficCameraData1/data/cam5/cam5_20260106_063121.jpg,0
2026-01-06T06:31:22.683540,cam6,/content/drive/MyDrive/TrafficCameraData1/data/cam6/cam6_20260106_063122.jpg,0
2026-01-06T06:31:23.388031,cam7,/content/drive/MyDrive/TrafficCameraData1/data/cam7/cam7_20260106_063123.jpg,0
2026-01-06T06:31:24.089203,cam8,/content/drive/MyDrive/TrafficCameraData1/data/cam8/cam8_20260106_063124.jpg,0
2026-01-06T06:36:17.418401,cam1,/content/drive/MyDrive/TrafficCameraData1/data/cam1/cam1_20260106_063617.jpg,0
2026-01-06T06:36:18.311877,cam2,/content/drive/MyDrive/TrafficCameraData1/data/cam2/cam2_20260106_063618.jpg,0
2026-01-06T06:36:19.028155,cam3,/content/drive/MyDrive/TrafficCameraData1/data/cam3/cam3_20260106_063619.jpg,0
2026-01-06T06:36:19.772458,cam4,/content/drive/MyDrive/TrafficCameraData1/data/cam4/cam4_20260106_063619.jpg,0
2026-01-06T06:36:20.493902,cam5,/content/drive/MyDrive/TrafficCameraData1/data/cam5/cam5_20260106_063620.jpg,0
2026-01-06T06:36:21.026543,cam6,/content/drive/MyDrive/TrafficCameraData1/data/cam6/cam6_20260106_063621.jpg,0
2026-01-06T06:36:21.735725,cam7,/content/drive/MyDrive/TrafficCameraData1/data/cam7/cam7_20260106_063621.jpg,0
2026-01-06T06:36:22.457070,cam8,/content/drive/MyDrive/TrafficCameraData1/data/cam8/cam8_20260106_063622.jpg,0
2026-01-06T06:41:17.417662,cam1,/content/drive/MyDrive/TrafficCameraData1/data/cam1/cam1_20260106_064117.jpg,0
2026-01-06T06:41:18.338725,cam2,/content/drive/MyDrive/TrafficCameraData1/data/cam2/cam2_20260106_064118.jpg,0
2026-01-06T06:41:19.052355,cam3,/content/drive/MyDrive/TrafficCameraData1/data/cam3/cam3_20260106_064119.jpg,0
2026-01-06T06:41:19.759409,cam4,/content/drive/MyDrive/TrafficCameraData1/data/cam4/cam4_20260106_064119.jpg,0
2026-01-06T06:41:20.676310,cam5,/content/drive/MyDrive/TrafficCameraData1/data/cam5/cam5_20260106_064120.jpg,0
2026-01-06T06:41:21.205044,cam6,/content/drive/MyDrive/TrafficCameraData1/data/cam6/cam6_20260106_064121.jpg,0
2026-01-06T06:41:21.912853,cam7,/content/drive/MyDrive/TrafficCameraData1/data/cam7/cam7_20260106_064121.jpg,0
2026-01-06T06:41:22.664959,cam8,/content/drive/MyDrive/TrafficCameraData1/data/cam8/cam8_20260106_064122.jpg,0
2026-01-06T06:46:17.418229,cam1,/content/drive/MyDrive/TrafficCameraData1/data/cam1/cam1_20260106_064617.jpg,0
2026-01-06T06:46:18.319625,cam2,/content/drive/MyDrive/TrafficCameraData1/data/cam2/cam2_20260106_064618.jpg,0
2026-01-06T06:46:19.038889,cam3,/content/drive/MyDrive/TrafficCameraData1/data/cam3/cam3_20260106_064619.jpg,0
2026-01-06T06:46:19.754329,cam4,/content/drive/MyDrive/TrafficCameraData1/data/cam4/cam4_20260106_064619.jpg,0
2026-01-06T06:46:20.467961,cam5,/content/drive/MyDrive/TrafficCameraData1/data/cam5/cam5_20260106_064620.jpg,0
2026-01-06T06:46:21.002078,cam6,/content/drive/MyDrive/TrafficCameraData1/data/cam6/cam6_20260106_064621.jpg,0
2026-01-06T06:46:21.711343,cam7,/content/drive/MyDrive/TrafficCameraData1/data/cam7/cam7_20260106_064621.jpg,0
2026-01-06T06:46:22.413448,cam8,/content/drive/MyDrive/TrafficCameraData1/data/cam8/cam8_20260106_064622.jpg,0
2026-01-06T06:51:17.418569,cam1,/content/drive/MyDrive/TrafficCameraData1/data/cam1/cam1_20260106_065117.jpg,0
2026-01-06T06:51:18.306687,cam2,/content/drive/MyDrive/TrafficCameraData1/data/cam2/cam2_20260106_065118.jpg,0
2026-01-06T06:51:19.026991,cam3,/content/drive/MyDrive/TrafficCameraData1/data/cam3/cam3_20260106_065119.jpg,0
2026-01-06T06:51:19.751723,cam4,/content/drive/MyDrive/TrafficCameraData1/data/cam4/cam4_20260106_065119.jpg,0
2026-01-06T06:51:20.463946,cam5,/content/drive/MyDrive/TrafficCameraData1/data/cam5/cam5_20260106_065120.jpg,0
2026-01-06T06:51:21.181467,cam6,/content/drive/MyDrive/TrafficCameraData1/data/cam6/cam6_20260106_065121.jpg,0
2026-01-06T06:51:22.431899,cam7,/content/drive/MyDrive/TrafficCameraData1/data/cam7/cam7_20260106_065122.jpg,0
2026-01-06T06:51:23.157447,cam8,/content/drive/MyDrive/TrafficCameraData1/data/cam8/cam8_20260106_065123.jpg,0
2026-01-06T06:56:17.418424,cam1,/content/drive/MyDrive/TrafficCameraData1/data/cam1/cam1_20260106_065617.jpg,0
2026-01-06T06:56:18.327238,cam2,/content/drive/MyDrive/TrafficCameraData1/data/cam2/cam2_20260106_065618.jpg,0
2026-01-06T06:56:19.044283,cam3,/content/drive/MyDrive/TrafficCameraData1/data/cam3/cam3_20260106_065619.jpg,0
2026-01-06T06:56:19.765670,cam4,/content/drive/MyDrive/TrafficCameraData1/data/cam4/cam4_20260106_065619.jpg,0
2026-01-06T06:56:20.475289,cam5,/content/drive/MyDrive/TrafficCameraData1/data/cam5/cam5_20260106_065620.jpg,0
2026-01-06T06:56:21.017773,cam6,/content/drive/MyDrive/TrafficCameraData1/data/cam6/cam6_20260106_065621.jpg,0
2026-01-06T06:56:21.736143,cam7,/content/drive/MyDrive/TrafficCameraData1/data/cam7/cam7_20260106_065621.jpg,0
2026-01-06T06:56:22.284343,cam8,/content/drive/MyDrive/TrafficCameraData1/data/cam8/cam8_20260106_065622.jpg,0
2026-01-06T07:01:17.418989,cam1,/content/drive/MyDrive/TrafficCameraData1/data/cam1/cam1_20260106_070117.jpg,0
2026-01-06T07:01:18.297274,cam2,/content/drive/MyDrive/TrafficCameraData1/data/cam2/cam2_20260106_070118.jpg,0
2026-01-06T07:01:19.002757,cam3,/content/drive/MyDrive/TrafficCameraData1/data/cam3/cam3_20260106_070119.jpg,0
2026-01-06T07:01:19.718929,cam4,/content/drive/MyDrive/TrafficCameraData1/data/cam4/cam4_20260106_070119.jpg,0
2026-01-06T07:01:21.503274,cam5,/content/drive/MyDrive/TrafficCameraData1/data/cam5/cam5_20260106_070121.jpg,0
2026-01-06T07:01:22.244829,cam6,/content/drive/MyDrive/TrafficCameraData1/data/cam6/cam6_20260106_070122.jpg,0
2026-01-06T07:01:23.098728,cam7,/content/drive/MyDrive/TrafficCameraData1/data/cam7/cam7_20260106_070123.jpg,0
2026-01-06T07:01:23.796585,cam8,/content/drive/MyDrive/TrafficCameraData1/data/cam8/cam8_20260106_070123.jpg,0
2026-01-06T07:06:17.419571,cam1,/content/drive/MyDrive/TrafficCameraData1/data/cam1/cam1_20260106_070617.jpg,0
2026-01-06T07:06:18.576836,cam2,/content/drive/MyDrive/TrafficCameraData1/data/cam2/cam2_20260106_070618.jpg,0
2026-01-06T07:06:19.290090,cam3,/content/drive/MyDrive/TrafficCameraData1/data/cam3/cam3_20260106_070619.jpg,0
2026-01-06T07:06:20.008295,cam4,/content/drive/MyDrive/TrafficCameraData1/data/cam4/cam4_20260106_070620.jpg,0
2026-01-06T07:06:20.737805,cam5,/content/drive/MyDrive/TrafficCameraData1/data/cam5/cam5_20260106_070620.jpg,0
2026-01-06T07:06:21.527795,cam6,/content/drive/MyDrive/TrafficCameraData1/data/cam6/cam6_20260106_070621.jpg,0
2026-01-06T07:06:22.249242,cam7,/content/drive/MyDrive/TrafficCameraData1/data/cam7/cam7_20260106_070622.jpg,0
2026-01-06T07:06:22.957371,cam8,/content/drive/MyDrive/TrafficCameraData1/data/cam8/cam8_20260106_070622.jpg,0
2026-01-06T07:11:17.419326,cam1,/content/drive/MyDrive/TrafficCameraData1/data/cam1/cam1_20260106_071117.jpg,0
2026-01-06T07:11:20.563283,cam2,/content/drive/MyDrive/TrafficCameraData1/data/cam2/cam2_20260106_071120.jpg,0
2026-01-06T07:11:22.238619,cam3,/content/drive/MyDrive/TrafficCameraData1/data/cam3/cam3_20260106_071122.jpg,0
2026-01-06T07:11:23.341561,cam4,/content/drive/MyDrive/TrafficCameraData1/data/cam4/cam4_20260106_071123.jpg,0
2026-01-06T07:11:24.053319,cam5,/content/drive/MyDrive/TrafficCameraData1/data/cam5/cam5_20260106_071124.jpg,0
2026-01-06T07:11:25.041022,cam6,/content/drive/MyDrive/TrafficCameraData1/data/cam6/cam6_20260106_071125.jpg,0
2026-01-06T07:11:25.821973,cam7,/content/drive/MyDrive/TrafficCameraData1/data/cam7/cam7_20260106_071125.jpg,0
2026-01-06T07:11:26.529838,cam8,/content/drive/MyDrive/TrafficCameraData1/data/cam8/cam8_20260106_071126.jpg,0
2026-01-06T07:16:17.419999,cam1,/content/drive/MyDrive/TrafficCameraData1/data/cam1/cam1_20260106_071617.jpg,0
2026-01-06T07:16:19.173569,cam2,/content/drive/MyDrive/TrafficCameraData1/data/cam2/cam2_20260106_071619.jpg,0
2026-01-06T07:16:19.910448,cam3,/content/drive/MyDrive/TrafficCameraData1/data/cam3/cam3_20260106_071619.jpg,0
2026-01-06T07:16:20.673709,cam4,/content/drive/MyDrive/TrafficCameraData1/data/cam4/cam4_20260106_071620.jpg,0
2026-01-06T07:16:21.463059,cam5,/content/drive/MyDrive/TrafficCameraData1/data/cam5/cam5_20260106_071621.jpg,0
2026-01-06T07:16:22.189085,cam6,/content/drive/MyDrive/TrafficCameraData1/data/cam6/cam6_20260106_071622.jpg,0
2026-01-06T07:16:22.914964,cam7,/content/drive/MyDrive/TrafficCameraData1/data/cam7/cam7_20260106_071622.jpg,0
2026-01-06T07:16:23.624724,cam8,/content/drive/MyDrive/TrafficCameraData1/data/cam8/cam8_20260106_071623.jpg,0
2026-01-06T07:21:17.420479,cam1,/content/drive/MyDrive/TrafficCameraData1/data/cam1/cam1_20260106_072117.jpg,0
2026-01-06T07:21:18.306200,cam2,/content/drive/MyDrive/TrafficCameraData1/data/cam2/cam2_20260106_072118.jpg,0
2026-01-06T07:21:19.489428,cam3,/content/drive/MyDrive/TrafficCameraData1/data/cam3/cam3_20260106_072119.jpg,0
2026-01-06T07:21:20.250234,cam4,/content/drive/MyDrive/TrafficCameraData1/data/cam4/cam4_20260106_072120.jpg,0
2026-01-06T07:21:20.964992,cam5,/content/drive/MyDrive/TrafficCameraData1/data/cam5/cam5_20260106_072120.jpg,0
2026-01-06T07:21:21.692079,cam6,/content/drive/MyDrive/TrafficCameraData1/data/cam6/cam6_20260106_072121.jpg,0
2026-01-06T07:21:22.410836,cam7,/content/drive/MyDrive/TrafficCameraData1/data/cam7/cam7_20260106_072122.jpg,0
2026-01-06T07:21:23.123976,cam8,/content/drive/MyDrive/TrafficCameraData1/data/cam8/cam8_20260106_072123.jpg,0
2026-01-06T07:48:49.458704,cam3,/content/drive/MyDrive/TrafficCameraData1/data/cam3/cam3_20260106_074849.jpg,0
2026-01-06T07:48:50.990119,cam4,/content/drive/MyDrive/TrafficCameraData1/data/cam4/cam4_20260106_074850.jpg,0
2026-01-06T07:48:51.715689,cam5,/content/drive/MyDrive/TrafficCameraData1/data/cam5/cam5_20260106_074851.jpg,0
2026-01-06T07:48:52.478514,cam6,/content/drive/MyDrive/TrafficCameraData1/data/cam6/cam6_20260106_074852.jpg,0
2026-01-06T07:48:53.202986,cam7,/content/drive/MyDrive/TrafficCameraData1/data/cam7/cam7_20260106_074853.jpg,0
2026-01-06T07:48:53.917026,cam8,/content/drive/MyDrive/TrafficCameraData1/data/cam8/cam8_20260106_074853.jpg,0
2026-01-06T07:53:21.018108,cam1,/content/drive/MyDrive/TrafficCameraData1/data/cam1/cam1_20260106_075321.jpg,0
2026-01-06T07:53:24.610253,cam2,/content/drive/MyDrive/TrafficCameraData1/data/cam2/cam2_20260106_075324.jpg,0
2026-01-06T07:53:25.361926,cam3,/content/drive/MyDrive/TrafficCameraData1/data/cam3/cam3_20260106_075325.jpg,0
2026-01-06T07:53:26.808439,cam4,/content/drive/MyDrive/TrafficCameraData1/data/cam4/cam4_20260106_075326.jpg,0
2026-01-06T07:53:27.948807,cam5,/content/drive/MyDrive/TrafficCameraData1/data/cam5/cam5_20260106_075327.jpg,0
2026-01-06T07:53:29.248792,cam6,/content/drive/MyDrive/TrafficCameraData1/data/cam6/cam6_20260106_075329.jpg,0
2026-01-06T07:53:29.966601,cam7,/content/drive/MyDrive/TrafficCameraData1/data/cam7/cam7_20260106_075329.jpg,0
2026-01-06T07:53:30.676000,cam8,/content/drive/MyDrive/TrafficCameraData1/data/cam8/cam8_20260106_075330.jpg,0
2026-01-06T07:58:21.018652,cam1,/content/drive/MyDrive/TrafficCameraData1/data/cam1/cam1_20260106_075821.jpg,0
2026-01-06T07:59:08.845946,cam2,/content/drive/MyDrive/TrafficCameraData1/data/cam2/cam2_20260106_075908.jpg,0
2026-01-06T07:59:09.832800,cam3,/content/drive/MyDrive/TrafficCameraData1/data/cam3/cam3_20260106_075909.jpg,0
2026-01-06T07:59:10.559840,cam4,/content/drive/MyDrive/TrafficCameraData1/data/cam4/cam4_20260106_075910.jpg,0
2026-01-06T07:59:11.286258,cam5,/content/drive/MyDrive/TrafficCameraData1/data/cam5/cam5_20260106_075911.jpg,0
2026-01-06T07:59:11.849833,cam6,/content/drive/MyDrive/TrafficCameraData1/data/cam6/cam6_20260106_075911.jpg,0
2026-01-06T07:59:12.561315,cam7,/content/drive/MyDrive/TrafficCameraData1/data/cam7/cam7_20260106_075912.jpg,0
2026-01-06T07:59:13.270100,cam8,/content/drive/MyDrive/TrafficCameraData1/data/cam8/cam8_20260106_075913.jpg,0
2026-01-06T08:03:21.018968,cam1,/content/drive/MyDrive/TrafficCameraData1/data/cam1/cam1_20260106_080321.jpg,0
2026-01-06T08:03:21.961963,cam2,/content/drive/MyDrive/TrafficCameraData1/data/cam2/cam2_20260106_080321.jpg,0
2026-01-06T08:03:22.690107,cam3,/content/drive/MyDrive/TrafficCameraData1/data/cam3/cam3_20260106_080322.jpg,0
2026-01-06T08:03:23.415752,cam4,/content/drive/MyDrive/TrafficCameraData1/data/cam4/cam4_20260106_080323.jpg,0
2026-01-06T08:03:24.119937,cam5,/content/drive/MyDrive/TrafficCameraData1/data/cam5/cam5_20260106_080324.jpg,0
2026-01-06T08:03:24.829759,cam6,/content/drive/MyDrive/TrafficCameraData1/data/cam6/cam6_20260106_080324.jpg,0
2026-01-06T08:03:25.542459,cam7,/content/drive/MyDrive/TrafficCameraData1/data/cam7/cam7_20260106_080325.jpg,0
2026-01-06T08:03:26.247583,cam8,/content/drive/MyDrive/TrafficCameraData1/data/cam8/cam8_20260106_080326.jpg,0
2026-01-06T08:08:54.327842,cam2,/content/drive/MyDrive/TrafficCameraData1/data/cam2/cam2_20260106_080854.jpg,0
2026-01-06T08:09:42.551121,cam3,/content/drive/MyDrive/TrafficCameraData1/data/cam3/cam3_20260106_080942.jpg,0
2026-01-06T08:09:43.277323,cam4,/content/drive/MyDrive/TrafficCameraData1/data/cam4/cam4_20260106_080943.jpg,0
2026-01-06T08:09:46.073117,cam5,/content/drive/MyDrive/TrafficCameraData1/data/cam5/cam5_20260106_080946.jpg,0
2026-01-06T08:09:46.775592,cam6,/content/drive/MyDrive/TrafficCameraData1/data/cam6/cam6_20260106_080946.jpg,0
2026-01-06T08:09:48.796470,cam7,/content/drive/MyDrive/TrafficCameraData1/data/cam7/cam7_20260106_080948.jpg,0
2026-01-06T08:09:49.506451,cam8,/content/drive/MyDrive/TrafficCameraData1/data/cam8/cam8_20260106_080949.jpg,0
2026-01-06T08:13:21.019496,cam1,/content/drive/MyDrive/TrafficCameraData1/data/cam1/cam1_20260106_081321.jpg,0
2026-01-06T08:13:56.333667,cam2,/content/drive/MyDrive/TrafficCameraData1/data/cam2/cam2_20260106_081356.jpg,0
2026-01-06T08:14:05.886029,cam3,/content/drive/MyDrive/TrafficCameraData1/data/cam3/cam3_20260106_081405.jpg,0
2026-01-06T08:14:59.032732,cam5,/content/drive/MyDrive/TrafficCameraData1/data/cam5/cam5_20260106_081459.jpg,0
2026-01-06T08:18:54.690099,cam1,/content/drive/MyDrive/TrafficCameraData1/data/cam1/cam1_20260106_081854.jpg,0
2026-01-06T08:19:18.324857,cam2,/content/drive/MyDrive/TrafficCameraData1/data/cam2/cam2_20260106_081918.jpg,0
2026-01-06T08:19:19.860421,cam3,/content/drive/MyDrive/TrafficCameraData1/data/cam3/cam3_20260106_081919.jpg,0
2026-01-06T08:21:08.645377,cam7,/content/drive/MyDrive/TrafficCameraData1/data/cam7/cam7_20260106_082108.jpg,0
2026-01-06T08:21:15.465189,cam8,/content/drive/MyDrive/TrafficCameraData1/data/cam8/cam8_20260106_082115.jpg,0
2026-01-06T08:25:07.642644,cam2,/content/drive/MyDrive/TrafficCameraData1/data/cam2/cam2_20260106_082507.jpg,0
2026-01-06T08:30:06.113102,cam7,/content/drive/MyDrive/TrafficCameraData1/data/cam7/cam7_20260106_083006.jpg,0
2026-01-06T08:30:29.847926,cam8,/content/drive/MyDrive/TrafficCameraData1/data/cam8/cam8_20260106_083029.jpg,0
2026-01-06T08:30:30.566912,cam1,/content/drive/MyDrive/TrafficCameraData1/data/cam1/cam1_20260106_083030.jpg,0
2026-01-06T08:30:31.290767,cam2,/content/drive/MyDrive/TrafficCameraData1/data/cam2/cam2_20260106_083031.jpg,0
2026-01-06T08:30:32.018099,cam3,/content/drive/MyDrive/TrafficCameraData1/data/cam3/cam3_20260106_083032.jpg,0
2026-01-06T08:30:32.945944,cam5,/content/drive/MyDrive/TrafficCameraData1/data/cam5/cam5_20260106_083032.jpg,0
2026-01-06T08:30:33.541238,cam6,/content/drive/MyDrive/TrafficCameraData1/data/cam6/cam6_20260106_083033.jpg,0
2026-01-06T08:30:34.391090,cam7,/content/drive/MyDrive/TrafficCameraData1/data/cam7/cam7_20260106_083034.jpg,0
2026-01-06T08:30:35.126044,cam8,/content/drive/MyDrive/TrafficCameraData1/data/cam8/cam8_20260106_083035.jpg,0
2026-01-06T08:35:30.567362,cam1,/content/drive/MyDrive/TrafficCameraData1/data/cam1/cam1_20260106_083530.jpg,0
2026-01-06T08:35:31.293826,cam2,/content/drive/MyDrive/TrafficCameraData1/data/cam2/cam2_20260106_083531.jpg,0
2026-01-06T08:35:32.028257,cam3,/content/drive/MyDrive/TrafficCameraData1/data/cam3/cam3_20260106_083532.jpg,0
2026-01-06T08:35:32.950410,cam5,/content/drive/MyDrive/TrafficCameraData1/data/cam5/cam5_20260106_083532.jpg,0
2026-01-06T08:35:33.502715,cam6,/content/drive/MyDrive/TrafficCameraData1/data/cam6/cam6_20260106_083533.jpg,0
2026-01-06T08:35:34.861041,cam7,/content/drive/MyDrive/TrafficCameraData1/data/cam7/cam7_20260106_083534.jpg,0
2026-01-06T08:35:35.584609,cam8,/content/drive/MyDrive/TrafficCameraData1/data/cam8/cam8_20260106_083535.jpg,0
2026-01-06T08:40:30.568061,cam1,/content/drive/MyDrive/TrafficCameraData1/data/cam1/cam1_20260106_084030.jpg,0
2026-01-06T08:40:31.477702,cam2,/content/drive/MyDrive/TrafficCameraData1/data/cam2/cam2_20260106_084031.jpg,0
2026-01-06T08:40:32.204851,cam3,/content/drive/MyDrive/TrafficCameraData1/data/cam3/cam3_20260106_084032.jpg,0
2026-01-06T08:40:55.673251,cam5,/content/drive/MyDrive/TrafficCameraData1/data/cam5/cam5_20260106_084055.jpg,0
2026-01-06T08:41:23.293569,cam6,/content/drive/MyDrive/TrafficCameraData1/data/cam6/cam6_20260106_084123.jpg,0
2026-01-06T08:41:24.010712,cam7,/content/drive/MyDrive/TrafficCameraData1/data/cam7/cam7_20260106_084124.jpg,0
2026-01-06T08:41:24.718769,cam8,/content/drive/MyDrive/TrafficCameraData1/data/cam8/cam8_20260106_084124.jpg,0
2026-01-06T08:45:30.567984,cam1,/content/drive/MyDrive/TrafficCameraData1/data/cam1/cam1_20260106_084530.jpg,0
2026-01-06T08:45:31.461876,cam2,/content/drive/MyDrive/TrafficCameraData1/data/cam2/cam2_20260106_084531.jpg,0
2026-01-06T08:45:32.215003,cam3,/content/drive/MyDrive/TrafficCameraData1/data/cam3/cam3_20260106_084532.jpg,0
2026-01-06T08:45:33.346023,cam4,/content/drive/MyDrive/TrafficCameraData1/data/cam4/cam4_20260106_084533.jpg,0
2026-01-06T08:45:34.069226,cam5,/content/drive/MyDrive/TrafficCameraData1/data/cam5/cam5_20260106_084534.jpg,0
2026-01-06T08:45:34.779517,cam6,/content/drive/MyDrive/TrafficCameraData1/data/cam6/cam6_20260106_084534.jpg,0
2026-01-06T08:45:35.495397,cam7,/content/drive/MyDrive/TrafficCameraData1/data/cam7/cam7_20260106_084535.jpg,0
2026-01-06T08:45:36.321044,cam8,/content/drive/MyDrive/TrafficCameraData1/data/cam8/cam8_20260106_084536.jpg,0
2026-01-06T08:50:30.568211,cam1,/content/drive/MyDrive/TrafficCameraData1/data/cam1/cam1_20260106_085030.jpg,0
2026-01-06T08:50:31.540304,cam2,/content/drive/MyDrive/TrafficCameraData1/data/cam2/cam2_20260106_085031.jpg,0
2026-01-06T08:50:32.266164,cam3,/content/drive/MyDrive/TrafficCameraData1/data/cam3/cam3_20260106_085032.jpg,0
2026-01-06T08:50:32.988397,cam4,/content/drive/MyDrive/TrafficCameraData1/data/cam4/cam4_20260106_085032.jpg,0
2026-01-06T08:50:33.699798,cam5,/content/drive/MyDrive/TrafficCameraData1/data/cam5/cam5_20260106_085033.jpg,0
2026-01-06T08:50:34.402057,cam6,/content/drive/MyDrive/TrafficCameraData1/data/cam6/cam6_20260106_085034.jpg,0
2026-01-06T08:50:35.122292,cam7,/content/drive/MyDrive/TrafficCameraData1/data/cam7/cam7_20260106_085035.jpg,0
2026-01-06T08:50:35.844612,cam8,/content/drive/MyDrive/TrafficCameraData1/data/cam8/cam8_20260106_085035.jpg,0
2026-01-06T08:55:30.569823,cam1,/content/drive/MyDrive/TrafficCameraData1/data/cam1/cam1_20260106_085530.jpg,0
2026-01-06T08:55:46.672082,cam2,/content/drive/MyDrive/TrafficCameraData1/data/cam2/cam2_20260106_085546.jpg,0
2026-01-06T08:55:47.424193,cam3,/content/drive/MyDrive/TrafficCameraData1/data/cam3/cam3_20260106_085547.jpg,0
2026-01-06T08:55:48.241934,cam4,/content/drive/MyDrive/TrafficCameraData1/data/cam4/cam4_20260106_085548.jpg,0
2026-01-06T08:55:49.027289,cam5,/content/drive/MyDrive/TrafficCameraData1/data/cam5/cam5_20260106_085549.jpg,0
2026-01-06T08:55:50.228569,cam6,/content/drive/MyDrive/TrafficCameraData1/data/cam6/cam6_20260106_085550.jpg,0
2026-01-06T08:55:51.101531,cam7,/content/drive/MyDrive/TrafficCameraData1/data/cam7/cam7_20260106_085551.jpg,0
2026-01-06T08:55:51.885273,cam8,/content/drive/MyDrive/TrafficCameraData1/data/cam8/cam8_20260106_085551.jpg,0
2026-01-06T09:00:30.568983,cam1,/content/drive/MyDrive/TrafficCameraData1/data/cam1/cam1_20260106_090030.jpg,0
2026-01-06T09:00:38.883192,cam2,/content/drive/MyDrive/TrafficCameraData1/data/cam2/cam2_20260106_090038.jpg,0
2026-01-06T09:00:39.993194,cam3,/content/drive/MyDrive/TrafficCameraData1/data/cam3/cam3_20260106_090039.jpg,0
2026-01-06T09:00:40.723679,cam4,/content/drive/MyDrive/TrafficCameraData1/data/cam4/cam4_20260106_090040.jpg,0
2026-01-06T09:00:41.475932,cam5,/content/drive/MyDrive/TrafficCameraData1/data/cam5/cam5_20260106_090041.jpg,0
2026-01-06T09:00:42.011784,cam6,/content/drive/MyDrive/TrafficCameraData1/data/cam6/cam6_20260106_090042.jpg,0
2026-01-06T09:00:42.750750,cam7,/content/drive/MyDrive/TrafficCameraData1/data/cam7/cam7_20260106_090042.jpg,0
2026-01-06T09:00:43.472123,cam8,/content/drive/MyDrive/TrafficCameraData1/data/cam8/cam8_20260106_090043.jpg,0
2026-01-06T09:05:30.569753,cam1,/content/drive/MyDrive/TrafficCameraData1/data/cam1/cam1_20260106_090530.jpg,0
2026-01-06T09:05:31.461412,cam2,/content/drive/MyDrive/TrafficCameraData1/data/cam2/cam2_20260106_090531.jpg,0
2026-01-06T09:05:32.188892,cam3,/content/drive/MyDrive/TrafficCameraData1/data/cam3/cam3_20260106_090532.jpg,0
2026-01-06T09:05:32.924023,cam4,/content/drive/MyDrive/TrafficCameraData1/data/cam4/cam4_20260106_090532.jpg,0
2026-01-06T09:05:33.632922,cam5,/content/drive/MyDrive/TrafficCameraData1/data/cam5/cam5_20260106_090533.jpg,0
2026-01-06T09:05:34.179186,cam6,/content/drive/MyDrive/TrafficCameraData1/data/cam6/cam6_20260106_090534.jpg,0
2026-01-06T09:05:34.939084,cam7,/content/drive/MyDrive/TrafficCameraData1/data/cam7/cam7_20260106_090534.jpg,0
2026-01-06T09:05:35.642181,cam8,/content/drive/MyDrive/TrafficCameraData1/data/cam8/cam8_20260106_090535.jpg,0
2026-01-06T09:10:30.569525,cam1,/content/drive/MyDrive/TrafficCameraData1/data/cam1/cam1_20260106_091030.jpg,0
2026-01-06T09:10:45.644646,cam2,/content/drive/MyDrive/TrafficCameraData1/data/cam2/cam2_20260106_091045.jpg,0
2026-01-06T09:11:05.038846,cam3,/content/drive/MyDrive/TrafficCameraData1/data/cam3/cam3_20260106_091105.jpg,0
2026-01-06T09:11:05.753766,cam4,/content/drive/MyDrive/TrafficCameraData1/data/cam4/cam4_20260106_091105.jpg,0
2026-01-06T09:11:06.461788,cam5,/content/drive/MyDrive/TrafficCameraData1/data/cam5/cam5_20260106_091106.jpg,0
2026-01-06T09:11:06.999456,cam6,/content/drive/MyDrive/TrafficCameraData1/data/cam6/cam6_20260106_091106.jpg,0
2026-01-06T09:11:07.721304,cam7,/content/drive/MyDrive/TrafficCameraData1/data/cam7/cam7_20260106_091107.jpg,0
2026-01-06T09:11:08.268532,cam8,/content/drive/MyDrive/TrafficCameraData1/data/cam8/cam8_20260106_091108.jpg,0
2026-01-06T09:15:30.570176,cam1,/content/drive/MyDrive/TrafficCameraData1/data/cam1/cam1_20260106_091530.jpg,0
2026-01-06T09:15:31.475774,cam2,/content/drive/MyDrive/TrafficCameraData1/data/cam2/cam2_20260106_091531.jpg,0
2026-01-06T09:15:32.220630,cam3,/content/drive/MyDrive/TrafficCameraData1/data/cam3/cam3_20260106_091532.jpg,0
2026-01-06T09:15:32.941475,cam4,/content/drive/MyDrive/TrafficCameraData1/data/cam4/cam4_20260106_091532.jpg,0
2026-01-06T09:15:33.658606,cam5,/content/drive/MyDrive/TrafficCameraData1/data/cam5/cam5_20260106_091533.jpg,0
2026-01-06T09:15:34.192783,cam6,/content/drive/MyDrive/TrafficCameraData1/data/cam6/cam6_20260106_091534.jpg,0
2026-01-06T09:15:34.901262,cam7,/content/drive/MyDrive/TrafficCameraData1/data/cam7/cam7_20260106_091534.jpg,0
2026-01-06T09:15:37.044790,cam8,/content/drive/MyDrive/TrafficCameraData1/data/cam8/cam8_20260106_091537.jpg,0
2026-01-06T09:20:30.570353,cam1,/content/drive/MyDrive/TrafficCameraData1/data/cam1/cam1_20260106_092030.jpg,0
2026-01-06T09:20:31.675669,cam2,/content/drive/MyDrive/TrafficCameraData1/data/cam2/cam2_20260106_092031.jpg,0
2026-01-06T09:20:32.397308,cam3,/content/drive/MyDrive/TrafficCameraData1/data/cam3/cam3_20260106_092032.jpg,0
2026-01-06T09:20:33.131298,cam4,/content/drive/MyDrive/TrafficCameraData1/data/cam4/cam4_20260106_092033.jpg,0
2026-01-06T09:20:33.847241,cam5,/content/drive/MyDrive/TrafficCameraData1/data/cam5/cam5_20260106_092033.jpg,0
2026-01-06T09:20:34.899714,cam6,/content/drive/MyDrive/TrafficCameraData1/data/cam6/cam6_20260106_092034.jpg,0
2026-01-06T09:20:35.797762,cam7,/content/drive/MyDrive/TrafficCameraData1/data/cam7/cam7_20260106_092035.jpg,0
2026-01-06T09:20:36.492560,cam8,/content/drive/MyDrive/TrafficCameraData1/data/cam8/cam8_20260106_092036.jpg,0
2026-01-06T09:25:30.570197,cam1,/content/drive/MyDrive/TrafficCameraData1/data/cam1/cam1_20260106_092530.jpg,0
2026-01-06T09:25:31.470583,cam2,/content/drive/MyDrive/TrafficCameraData1/data/cam2/cam2_20260106_092531.jpg,0
2026-01-06T09:25:32.179421,cam3,/content/drive/MyDrive/TrafficCameraData1/data/cam3/cam3_20260106_092532.jpg,0
2026-01-06T09:25:32.927677,cam4,/content/drive/MyDrive/TrafficCameraData1/data/cam4/cam4_20260106_092532.jpg,0
2026-01-06T09:25:33.647031,cam5,/content/drive/MyDrive/TrafficCameraData1/data/cam5/cam5_20260106_092533.jpg,0
2026-01-06T09:25:34.692971,cam6,/content/drive/MyDrive/TrafficCameraData1/data/cam6/cam6_20260106_092534.jpg,0
2026-01-06T09:25:35.398498,cam7,/content/drive/MyDrive/TrafficCameraData1/data/cam7/cam7_20260106_092535.jpg,0
2026-01-06T09:25:36.107183,cam8,/content/drive/MyDrive/TrafficCameraData1/data/cam8/cam8_20260106_092536.jpg,0
2026-01-06T09:30:30.570823,cam1,/content/drive/MyDrive/TrafficCameraData1/data/cam1/cam1_20260106_093030.jpg,0
2026-01-06T09:30:31.464712,cam2,/content/drive/MyDrive/TrafficCameraData1/data/cam2/cam2_20260106_093031.jpg,0
2026-01-06T09:30:32.258795,cam3,/content/drive/MyDrive/TrafficCameraData1/data/cam3/cam3_20260106_093032.jpg,0
2026-01-06T09:30:33.016822,cam4,/content/drive/MyDrive/TrafficCameraData1/data/cam4/cam4_20260106_093033.jpg,0
2026-01-06T09:30:34.391635,cam5,/content/drive/MyDrive/TrafficCameraData1/data/cam5/cam5_20260106_093034.jpg,0
2026-01-06T09:30:35.150955,cam6,/content/drive/MyDrive/TrafficCameraData1/data/cam6/cam6_20260106_093035.jpg,0
2026-01-06T09:30:35.863407,cam7,/content/drive/MyDrive/TrafficCameraData1/data/cam7/cam7_20260106_093035.jpg,0
2026-01-06T09:30:36.406993,cam8,/content/drive/MyDrive/TrafficCameraData1/data/cam8/cam8_20260106_093036.jpg,0
2026-01-06T09:35:30.571524,cam1,/content/drive/MyDrive/TrafficCameraData1/data/cam1/cam1_20260106_093530.jpg,0
2026-01-06T09:35:31.455469,cam2,/content/drive/MyDrive/TrafficCameraData1/data/cam2/cam2_20260106_093531.jpg,0
2026-01-06T09:35:32.165279,cam3,/content/drive/MyDrive/TrafficCameraData1/data/cam3/cam3_20260106_093532.jpg,0
2026-01-06T09:35:32.882776,cam4,/content/drive/MyDrive/TrafficCameraData1/data/cam4/cam4_20260106_093532.jpg,0
2026-01-06T09:35:33.583718,cam5,/content/drive/MyDrive/TrafficCameraData1/data/cam5/cam5_20260106_093533.jpg,0
2026-01-06T09:35:34.282256,cam6,/content/drive/MyDrive/TrafficCameraData1/data/cam6/cam6_20260106_093534.jpg,0
2026-01-06T09:35:34.987077,cam7,/content/drive/MyDrive/TrafficCameraData1/data/cam7/cam7_20260106_093534.jpg,0
2026-01-06T09:35:35.700747,cam8,/content/drive/MyDrive/TrafficCameraData1/data/cam8/cam8_20260106_093535.jpg,0
2026-01-06T09:40:30.571979,cam1,/content/drive/MyDrive/TrafficCameraData1/data/cam1/cam1_20260106_094030.jpg,0
2026-01-06T09:40:31.541796,cam2,/content/drive/MyDrive/TrafficCameraData1/data/cam2/cam2_20260106_094031.jpg,0
2026-01-06T09:40:32.261940,cam3,/content/drive/MyDrive/TrafficCameraData1/data/cam3/cam3_20260106_094032.jpg,0
2026-01-06T09:40:33.005231,cam4,/content/drive/MyDrive/TrafficCameraData1/data/cam4/cam4_20260106_094033.jpg,0
2026-01-06T09:40:33.758282,cam5,/content/drive/MyDrive/TrafficCameraData1/data/cam5/cam5_20260106_094033.jpg,0
2026-01-06T09:40:41.959857,cam6,/content/drive/MyDrive/TrafficCameraData1/data/cam6/cam6_20260106_094041.jpg,0
2026-01-06T09:40:42.676035,cam7,/content/drive/MyDrive/TrafficCameraData1/data/cam7/cam7_20260106_094042.jpg,0
2026-01-06T09:40:43.504834,cam8,/content/drive/MyDrive/TrafficCameraData1/data/cam8/cam8_20260106_094043.jpg,0
2026-01-06T09:45:30.572250,cam1,/content/drive/MyDrive/TrafficCameraData1/data/cam1/cam1_20260106_094530.jpg,0
2026-01-06T09:45:31.470241,cam2,/content/drive/MyDrive/TrafficCameraData1/data/cam2/cam2_20260106_094531.jpg,0
2026-01-06T09:45:32.189450,cam3,/content/drive/MyDrive/TrafficCameraData1/data/cam3/cam3_20260106_094532.jpg,0
2026-01-06T09:45:32.910156,cam4,/content/drive/MyDrive/TrafficCameraData1/data/cam4/cam4_20260106_094532.jpg,0
2026-01-06T09:45:33.649813,cam5,/content/drive/MyDrive/TrafficCameraData1/data/cam5/cam5_20260106_094533.jpg,0
2026-01-06T09:45:34.410657,cam6,/content/drive/MyDrive/TrafficCameraData1/data/cam6/cam6_20260106_094534.jpg,0
2026-01-06T09:45:35.171072,cam7,/content/drive/MyDrive/TrafficCameraData1/data/cam7/cam7_20260106_094535.jpg,0
2026-01-06T09:45:35.892580,cam8,/content/drive/MyDrive/TrafficCameraData1/data/cam8/cam8_20260106_094535.jpg,0
2026-01-06T09:50:30.572073,cam1,/content/drive/MyDrive/TrafficCameraData1/data/cam1/cam1_20260106_095030.jpg,0
2026-01-06T09:50:31.515224,cam2,/content/drive/MyDrive/TrafficCameraData1/data/cam2/cam2_20260106_095031.jpg,0
2026-01-06T09:50:32.294178,cam3,/content/drive/MyDrive/TrafficCameraData1/data/cam3/cam3_20260106_095032.jpg,0
2026-01-06T09:50:33.026324,cam4,/content/drive/MyDrive/TrafficCameraData1/data/cam4/cam4_20260106_095033.jpg,0
2026-01-06T09:50:33.783855,cam5,/content/drive/MyDrive/TrafficCameraData1/data/cam5/cam5_20260106_095033.jpg,0
2026-01-06T09:50:34.324300,cam6,/content/drive/MyDrive/TrafficCameraData1/data/cam6/cam6_20260106_095034.jpg,0
2026-01-06T09:50:35.054142,cam7,/content/drive/MyDrive/TrafficCameraData1/data/cam7/cam7_20260106_095035.jpg,0
2026-01-06T09:50:36.078629,cam8,/content/drive/MyDrive/TrafficCameraData1/data/cam8/cam8_20260106_095036.jpg,0
2026-01-06T09:55:30.573132,cam1,/content/drive/MyDrive/TrafficCameraData1/data/cam1/cam1_20260106_095530.jpg,0
2026-01-06T09:55:31.479137,cam2,/content/drive/MyDrive/TrafficCameraData1/data/cam2/cam2_20260106_095531.jpg,0
2026-01-06T09:55:32.186934,cam3,/content/drive/MyDrive/TrafficCameraData1/data/cam3/cam3_20260106_095532.jpg,0
2026-01-06T09:55:32.903215,cam4,/content/drive/MyDrive/TrafficCameraData1/data/cam4/cam4_20260106_095532.jpg,0
2026-01-06T09:55:33.764082,cam5,/content/drive/MyDrive/TrafficCameraData1/data/cam5/cam5_20260106_095533.jpg,0
2026-01-06T09:55:34.302057,cam6,/content/drive/MyDrive/TrafficCameraData1/data/cam6/cam6_20260106_095534.jpg,0
2026-01-06T09:55:35.024933,cam7,/content/drive/MyDrive/TrafficCameraData1/data/cam7/cam7_20260106_095535.jpg,0
2026-01-06T09:55:35.586284,cam8,/content/drive/MyDrive/TrafficCameraData1/data/cam8/cam8_20260106_095535.jpg,0
2026-01-06T10:00:30.572712,cam1,/content/drive/MyDrive/TrafficCameraData1/data/cam1/cam1_20260106_100030.jpg,0
2026-01-06T10:00:31.515741,cam2,/content/drive/MyDrive/TrafficCameraData1/data/cam2/cam2_20260106_100031.jpg,0
2026-01-06T10:00:32.240169,cam3,/content/drive/MyDrive/TrafficCameraData1/data/cam3/cam3_20260106_100032.jpg,0
2026-01-06T10:00:32.964917,cam4,/content/drive/MyDrive/TrafficCameraData1/data/cam4/cam4_20260106_100032.jpg,0
2026-01-06T10:00:33.748027,cam5,/content/drive/MyDrive/TrafficCameraData1/data/cam5/cam5_20260106_100033.jpg,0
2026-01-06T10:00:37.398215,cam6,/content/drive/MyDrive/TrafficCameraData1/data/cam6/cam6_20260106_100037.jpg,0
2026-01-06T10:00:38.158232,cam7,/content/drive/MyDrive/TrafficCameraData1/data/cam7/cam7_20260106_100038.jpg,0
2026-01-06T10:00:38.890099,cam8,/content/drive/MyDrive/TrafficCameraData1/data/cam8/cam8_20260106_100038.jpg,0
2026-01-06T10:05:30.573235,cam1,/content/drive/MyDrive/TrafficCameraData1/data/cam1/cam1_20260106_100530.jpg,0
2026-01-06T10:05:31.467404,cam2,/content/drive/MyDrive/TrafficCameraData1/data/cam2/cam2_20260106_100531.jpg,0
2026-01-06T10:05:32.176845,cam3,/content/drive/MyDrive/TrafficCameraData1/data/cam3/cam3_20260106_100532.jpg,0
2026-01-06T10:05:32.899468,cam4,/content/drive/MyDrive/TrafficCameraData1/data/cam4/cam4_20260106_100532.jpg,0
2026-01-06T10:05:33.765617,cam5,/content/drive/MyDrive/TrafficCameraData1/data/cam5/cam5_20260106_100533.jpg,0
2026-01-06T10:05:34.528413,cam6,/content/drive/MyDrive/TrafficCameraData1/data/cam6/cam6_20260106_100534.jpg,0
2026-01-06T10:05:35.234768,cam7,/content/drive/MyDrive/TrafficCameraData1/data/cam7/cam7_20260106_100535.jpg,0
2026-01-06T10:05:35.770193,cam8,/content/drive/MyDrive/TrafficCameraData1/data/cam8/cam8_20260106_100535.jpg,0
2026-01-06T10:10:30.573271,cam1,/content/drive/MyDrive/TrafficCameraData1/data/cam1/cam1_20260106_101030.jpg,0
2026-01-06T10:10:31.477116,cam2,/content/drive/MyDrive/TrafficCameraData1/data/cam2/cam2_20260106_101031.jpg,0
2026-01-06T10:10:32.228864,cam3,/content/drive/MyDrive/TrafficCameraData1/data/cam3/cam3_20260106_101032.jpg,0
2026-01-06T10:10:32.950130,cam4,/content/drive/MyDrive/TrafficCameraData1/data/cam4/cam4_20260106_101032.jpg,0
2026-01-06T10:10:33.669589,cam5,/content/drive/MyDrive/TrafficCameraData1/data/cam5/cam5_20260106_101033.jpg,0
2026-01-06T10:10:34.380969,cam6,/content/drive/MyDrive/TrafficCameraData1/data/cam6/cam6_20260106_101034.jpg,0
2026-01-06T10:10:35.091362,cam7,/content/drive/MyDrive/TrafficCameraData1/data/cam7/cam7_20260106_101035.jpg,0
2026-01-06T10:10:35.798941,cam8,/content/drive/MyDrive/TrafficCameraData1/data/cam8/cam8_20260106_101035.jpg,0
2026-01-06T10:15:30.573556,cam1,/content/drive/MyDrive/TrafficCameraData1/data/cam1/cam1_20260106_101530.jpg,0
2026-01-06T10:15:31.457794,cam2,/content/drive/MyDrive/TrafficCameraData1/data/cam2/cam2_20260106_101531.jpg,0
2026-01-06T10:15:32.181996,cam3,/content/drive/MyDrive/TrafficCameraData1/data/cam3/cam3_20260106_101532.jpg,0
2026-01-06T10:15:32.928255,cam4,/content/drive/MyDrive/TrafficCameraData1/data/cam4/cam4_20260106_101532.jpg,0
2026-01-06T10:15:33.939314,cam5,/content/drive/MyDrive/TrafficCameraData1/data/cam5/cam5_20260106_101533.jpg,0
2026-01-06T10:15:34.648990,cam6,/content/drive/MyDrive/TrafficCameraData1/data/cam6/cam6_20260106_101534.jpg,0
2026-01-06T10:15:35.364010,cam7,/content/drive/MyDrive/TrafficCameraData1/data/cam7/cam7_20260106_101535.jpg,0
2026-01-06T10:15:36.082992,cam8,/content/drive/MyDrive/TrafficCameraData1/data/cam8/cam8_20260106_101536.jpg,0
2026-01-06T10:20:30.573833,cam1,/content/drive/MyDrive/TrafficCameraData1/data/cam1/cam1_20260106_102030.jpg,0
2026-01-06T10:20:31.749616,cam2,/content/drive/MyDrive/TrafficCameraData1/data/cam2/cam2_20260106_102031.jpg,0
2026-01-06T10:20:33.365061,cam3,/content/drive/MyDrive/TrafficCameraData1/data/cam3/cam3_20260106_102033.jpg,0
2026-01-06T10:20:34.279115,cam4,/content/drive/MyDrive/TrafficCameraData1/data/cam4/cam4_20260106_102034.jpg,0
2026-01-06T10:20:35.532139,cam5,/content/drive/MyDrive/TrafficCameraData1/data/cam5/cam5_20260106_102035.jpg,0
2026-01-06T10:20:36.489978,cam6,/content/drive/MyDrive/TrafficCameraData1/data/cam6/cam6_20260106_102036.jpg,0
2026-01-06T10:20:37.394651,cam7,/content/drive/MyDrive/TrafficCameraData1/data/cam7/cam7_20260106_102037.jpg,0
2026-01-06T10:20:37.964934,cam8,/content/drive/MyDrive/TrafficCameraData1/data/cam8/cam8_20260106_102037.jpg,0
2026-01-06T10:25:30.574136,cam1,/content/drive/MyDrive/TrafficCameraData1/data/cam1/cam1_20260106_102530.jpg,0
2026-01-06T10:25:31.465115,cam2,/content/drive/MyDrive/TrafficCameraData1/data/cam2/cam2_20260106_102531.jpg,0
2026-01-06T10:25:32.177065,cam3,/content/drive/MyDrive/TrafficCameraData1/data/cam3/cam3_20260106_102532.jpg,0
2026-01-06T10:25:32.901672,cam4,/content/drive/MyDrive/TrafficCameraData1/data/cam4/cam4_20260106_102532.jpg,0
2026-01-06T10:25:33.620268,cam5,/content/drive/MyDrive/TrafficCameraData1/data/cam5/cam5_20260106_102533.jpg,0
2026-01-06T10:25:34.345050,cam6,/content/drive/MyDrive/TrafficCameraData1/data/cam6/cam6_20260106_102534.jpg,0
2026-01-06T10:25:35.166633,cam7,/content/drive/MyDrive/TrafficCameraData1/data/cam7/cam7_20260106_102535.jpg,0
2026-01-06T10:25:35.732024,cam8,/content/drive/MyDrive/TrafficCameraData1/data/cam8/cam8_20260106_102535.jpg,0
2026-01-06T10:30:30.574561,cam1,/content/drive/MyDrive/TrafficCameraData1/data/cam1/cam1_20260106_103030.jpg,0
2026-01-06T10:30:32.149622,cam2,/content/drive/MyDrive/TrafficCameraData1/data/cam2/cam2_20260106_103032.jpg,0
2026-01-06T10:30:33.281275,cam3,/content/drive/MyDrive/TrafficCameraData1/data/cam3/cam3_20260106_103033.jpg,0
2026-01-06T10:30:34.003965,cam4,/content/drive/MyDrive/TrafficCameraData1/data/cam4/cam4_20260106_103034.jpg,0
2026-01-06T10:30:34.749823,cam5,/content/drive/MyDrive/TrafficCameraData1/data/cam5/cam5_20260106_103034.jpg,0
2026-01-06T10:30:35.526572,cam6,/content/drive/MyDrive/TrafficCameraData1/data/cam6/cam6_20260106_103035.jpg,0
2026-01-06T10:30:36.242369,cam7,/content/drive/MyDrive/TrafficCameraData1/data/cam7/cam7_20260106_103036.jpg,0
2026-01-06T10:30:36.842704,cam8,/content/drive/MyDrive/TrafficCameraData1/data/cam8/cam8_20260106_103036.jpg,0
2026-01-06T10:35:30.575019,cam1,/content/drive/MyDrive/TrafficCameraData1/data/cam1/cam1_20260106_103530.jpg,0
2026-01-06T10:35:35.986195,cam2,/content/drive/MyDrive/TrafficCameraData1/data/cam2/cam2_20260106_103535.jpg,0
2026-01-06T10:35:36.706730,cam3,/content/drive/MyDrive/TrafficCameraData1/data/cam3/cam3_20260106_103536.jpg,0
2026-01-06T10:35:37.428710,cam4,/content/drive/MyDrive/TrafficCameraData1/data/cam4/cam4_20260106_103537.jpg,0
2026-01-06T10:35:38.132528,cam5,/content/drive/MyDrive/TrafficCameraData1/data/cam5/cam5_20260106_103538.jpg,0
2026-01-06T10:35:38.835741,cam6,/content/drive/MyDrive/TrafficCameraData1/data/cam6/cam6_20260106_103538.jpg,0
2026-01-06T10:35:39.542230,cam7,/content/drive/MyDrive/TrafficCameraData1/data/cam7/cam7_20260106_103539.jpg,0
2026-01-06T10:35:40.242749,cam8,/content/drive/MyDrive/TrafficCameraData1/data/cam8/cam8_20260106_103540.jpg,0
2026-01-06T10:40:30.575057,cam1,/content/drive/MyDrive/TrafficCameraData1/data/cam1/cam1_20260106_104030.jpg,0
2026-01-06T10:40:31.461826,cam2,/content/drive/MyDrive/TrafficCameraData1/data/cam2/cam2_20260106_104031.jpg,0
2026-01-06T10:40:32.163820,cam3,/content/drive/MyDrive/TrafficCameraData1/data/cam3/cam3_20260106_104032.jpg,0
2026-01-06T10:40:32.888651,cam4,/content/drive/MyDrive/TrafficCameraData1/data/cam4/cam4_20260106_104032.jpg,0
2026-01-06T10:40:41.313352,cam5,/content/drive/MyDrive/TrafficCameraData1/data/cam5/cam5_20260106_104041.jpg,0
2026-01-06T10:40:42.020646,cam6,/content/drive/MyDrive/TrafficCameraData1/data/cam6/cam6_20260106_104042.jpg,0
2026-01-06T10:40:42.736860,cam7,/content/drive/MyDrive/TrafficCameraData1/data/cam7/cam7_20260106_104042.jpg,0
2026-01-06T10:40:43.463381,cam8,/content/drive/MyDrive/TrafficCameraData1/data/cam8/cam8_20260106_104043.jpg,0
2026-01-06T10:45:30.575696,cam1,/content/drive/MyDrive/TrafficCameraData1/data/cam1/cam1_20260106_104530.jpg,0
2026-01-06T10:45:31.496920,cam2,/content/drive/MyDrive/TrafficCameraData1/data/cam2/cam2_20260106_104531.jpg,0
2026-01-06T10:45:32.293881,cam3,/content/drive/MyDrive/TrafficCameraData1/data/cam3/cam3_20260106_104532.jpg,0
2026-01-06T10:45:33.081225,cam4,/content/drive/MyDrive/TrafficCameraData1/data/cam4/cam4_20260106_104533.jpg,0
2026-01-06T10:45:33.818681,cam5,/content/drive/MyDrive/TrafficCameraData1/data/cam5/cam5_20260106_104533.jpg,0
2026-01-06T10:45:34.985294,cam6,/content/drive/MyDrive/TrafficCameraData1/data/cam6/cam6_20260106_104534.jpg,0
2026-01-06T10:45:35.920766,cam7,/content/drive/MyDrive/TrafficCameraData1/data/cam7/cam7_20260106_104535.jpg,0
2026-01-06T10:45:36.689079,cam8,/content/drive/MyDrive/TrafficCameraData1/data/cam8/cam8_20260106_104536.jpg,0
2026-01-06T10:50:49.453777,cam1,/content/drive/MyDrive/TrafficCameraData1/data/cam1/cam1_20260106_105049.jpg,0
2026-01-06T10:50:53.377018,cam2,/content/drive/MyDrive/TrafficCameraData1/data/cam2/cam2_20260106_105053.jpg,0
2026-01-06T10:50:54.078848,cam3,/content/drive/MyDrive/TrafficCameraData1/data/cam3/cam3_20260106_105054.jpg,0
2026-01-06T10:50:54.803241,cam4,/content/drive/MyDrive/TrafficCameraData1/data/cam4/cam4_20260106_105054.jpg,0
2026-01-06T10:50:55.532378,cam5,/content/drive/MyDrive/TrafficCameraData1/data/cam5/cam5_20260106_105055.jpg,0
2026-01-06T10:50:56.124289,cam6,/content/drive/MyDrive/TrafficCameraData1/data/cam6/cam6_20260106_105056.jpg,0
2026-01-06T10:50:56.832903,cam7,/content/drive/MyDrive/TrafficCameraData1/data/cam7/cam7_20260106_105056.jpg,0
2026-01-06T10:50:57.546767,cam8,/content/drive/MyDrive/TrafficCameraData1/data/cam8/cam8_20260106_105057.jpg,0
2026-01-06T10:55:49.452929,cam1,/content/drive/MyDrive/TrafficCameraData1/data/cam1/cam1_20260106_105549.jpg,0
2026-01-06T10:55:50.455328,cam2,/content/drive/MyDrive/TrafficCameraData1/data/cam2/cam2_20260106_105550.jpg,0
2026-01-06T10:55:51.164135,cam3,/content/drive/MyDrive/TrafficCameraData1/data/cam3/cam3_20260106_105551.jpg,0
2026-01-06T10:55:51.900851,cam4,/content/drive/MyDrive/TrafficCameraData1/data/cam4/cam4_20260106_105551.jpg,0
2026-01-06T10:55:52.607978,cam5,/content/drive/MyDrive/TrafficCameraData1/data/cam5/cam5_20260106_105552.jpg,0
2026-01-06T10:55:53.222111,cam6,/content/drive/MyDrive/TrafficCameraData1/data/cam6/cam6_20260106_105553.jpg,0
2026-01-06T10:55:53.931691,cam7,/content/drive/MyDrive/TrafficCameraData1/data/cam7/cam7_20260106_105553.jpg,0
2026-01-06T10:55:54.635652,cam8,/content/drive/MyDrive/TrafficCameraData1/data/cam8/cam8_20260106_105554.jpg,0
2026-01-06T11:00:49.452907,cam1,/content/drive/MyDrive/TrafficCameraData1/data/cam1/cam1_20260106_110049.jpg,0
2026-01-06T11:00:50.359806,cam2,/content/drive/MyDrive/TrafficCameraData1/data/cam2/cam2_20260106_110050.jpg,0
2026-01-06T11:00:51.086021,cam3,/content/drive/MyDrive/TrafficCameraData1/data/cam3/cam3_20260106_110051.jpg,0
2026-01-06T11:00:51.804078,cam4,/content/drive/MyDrive/TrafficCameraData1/data/cam4/cam4_20260106_110051.jpg,0
2026-01-06T11:00:52.559821,cam5,/content/drive/MyDrive/TrafficCameraData1/data/cam5/cam5_20260106_110052.jpg,0
2026-01-06T11:00:53.806553,cam6,/content/drive/MyDrive/TrafficCameraData1/data/cam6/cam6_20260106_110053.jpg,0
2026-01-06T11:00:54.515609,cam7,/content/drive/MyDrive/TrafficCameraData1/data/cam7/cam7_20260106_110054.jpg,0
2026-01-06T11:00:55.232208,cam8,/content/drive/MyDrive/TrafficCameraData1/data/cam8/cam8_20260106_110055.jpg,0
2026-01-06T11:05:49.453366,cam1,/content/drive/MyDrive/TrafficCameraData1/data/cam1/cam1_20260106_110549.jpg,0
2026-01-06T11:05:50.338435,cam2,/content/drive/MyDrive/TrafficCameraData1/data/cam2/cam2_20260106_110550.jpg,0
2026-01-06T11:05:51.047582,cam3,/content/drive/MyDrive/TrafficCameraData1/data/cam3/cam3_20260106_110551.jpg,0
2026-01-06T11:05:51.764405,cam4,/content/drive/MyDrive/TrafficCameraData1/data/cam4/cam4_20260106_110551.jpg,0
2026-01-06T11:05:52.721191,cam5,/content/drive/MyDrive/TrafficCameraData1/data/cam5/cam5_20260106_110552.jpg,0
2026-01-06T11:05:53.271446,cam6,/content/drive/MyDrive/TrafficCameraData1/data/cam6/cam6_20260106_110553.jpg,0
2026-01-06T11:05:53.986947,cam7,/content/drive/MyDrive/TrafficCameraData1/data/cam7/cam7_20260106_110553.jpg,0
2026-01-06T11:05:55.134209,cam8,/content/drive/MyDrive/TrafficCameraData1/data/cam8/cam8_20260106_110555.jpg,0
2026-01-06T11:10:49.453640,cam1,/content/drive/MyDrive/TrafficCameraData1/data/cam1/cam1_20260106_111049.jpg,0
2026-01-06T11:10:50.344760,cam2,/content/drive/MyDrive/TrafficCameraData1/data/cam2/cam2_20260106_111050.jpg,0
2026-01-06T11:10:51.057906,cam3,/content/drive/MyDrive/TrafficCameraData1/data/cam3/cam3_20260106_111051.jpg,0
2026-01-06T11:10:52.212880,cam4,/content/drive/MyDrive/TrafficCameraData1/data/cam4/cam4_20260106_111052.jpg,0
2026-01-06T11:10:53.172890,cam5,/content/drive/MyDrive/TrafficCameraData1/data/cam5/cam5_20260106_111053.jpg,0
2026-01-06T11:10:53.941727,cam6,/content/drive/MyDrive/TrafficCameraData1/data/cam6/cam6_20260106_111053.jpg,0
2026-01-06T11:10:54.665548,cam7,/content/drive/MyDrive/TrafficCameraData1/data/cam7/cam7_20260106_111054.jpg,0
2026-01-06T11:10:55.606806,cam8,/content/drive/MyDrive/TrafficCameraData1/data/cam8/cam8_20260106_111055.jpg,0
2026-01-06T11:15:49.454036,cam1,/content/drive/MyDrive/TrafficCameraData1/data/cam1/cam1_20260106_111549.jpg,0
2026-01-06T11:15:50.573212,cam2,/content/drive/MyDrive/TrafficCameraData1/data/cam2/cam2_20260106_111550.jpg,0
2026-01-06T11:15:51.310572,cam3,/content/drive/MyDrive/TrafficCameraData1/data/cam3/cam3_20260106_111551.jpg,0
2026-01-06T11:15:52.039287,cam4,/content/drive/MyDrive/TrafficCameraData1/data/cam4/cam4_20260106_111552.jpg,0
2026-01-06T11:15:52.766171,cam5,/content/drive/MyDrive/TrafficCameraData1/data/cam5/cam5_20260106_111552.jpg,0
2026-01-06T11:15:53.834779,cam6,/content/drive/MyDrive/TrafficCameraData1/data/cam6/cam6_20260106_111553.jpg,0
2026-01-06T11:15:54.939321,cam7,/content/drive/MyDrive/TrafficCameraData1/data/cam7/cam7_20260106_111554.jpg,0
2026-01-06T11:15:55.651136,cam8,/content/drive/MyDrive/TrafficCameraData1/data/cam8/cam8_20260106_111555.jpg,0
2026-01-06T11:20:49.454290,cam1,/content/drive/MyDrive/TrafficCameraData1/data/cam1/cam1_20260106_112049.jpg,0
2026-01-06T11:20:50.345068,cam2,/content/drive/MyDrive/TrafficCameraData1/data/cam2/cam2_20260106_112050.jpg,0
2026-01-06T11:20:51.063760,cam3,/content/drive/MyDrive/TrafficCameraData1/data/cam3/cam3_20260106_112051.jpg,0
2026-01-06T11:20:51.809374,cam4,/content/drive/MyDrive/TrafficCameraData1/data/cam4/cam4_20260106_112051.jpg,0
2026-01-06T11:20:52.518829,cam5,/content/drive/MyDrive/TrafficCameraData1/data/cam5/cam5_20260106_112052.jpg,0
2026-01-06T11:20:53.092993,cam6,/content/drive/MyDrive/TrafficCameraData1/data/cam6/cam6_20260106_112053.jpg,0
2026-01-06T11:20:53.800455,cam7,/content/drive/MyDrive/TrafficCameraData1/data/cam7/cam7_20260106_112053.jpg,0
2026-01-06T11:20:54.520941,cam8,/content/drive/MyDrive/TrafficCameraData1/data/cam8/cam8_20260106_112054.jpg,0
2026-01-06T11:25:49.454725,cam1,/content/drive/MyDrive/TrafficCameraData1/data/cam1/cam1_20260106_112549.jpg,0
2026-01-06T11:25:53.054298,cam2,/content/drive/MyDrive/TrafficCameraData1/data/cam2/cam2_20260106_112553.jpg,0
2026-01-06T11:25:53.749743,cam3,/content/drive/MyDrive/TrafficCameraData1/data/cam3/cam3_20260106_112553.jpg,0
2026-01-06T11:25:54.461229,cam4,/content/drive/MyDrive/TrafficCameraData1/data/cam4/cam4_20260106_112554.jpg,0
2026-01-06T11:25:55.163643,cam5,/content/drive/MyDrive/TrafficCameraData1/data/cam5/cam5_20260106_112555.jpg,0
2026-01-06T11:25:55.704938,cam6,/content/drive/MyDrive/TrafficCameraData1/data/cam6/cam6_20260106_112555.jpg,0
2026-01-06T11:25:56.410929,cam7,/content/drive/MyDrive/TrafficCameraData1/data/cam7/cam7_20260106_112556.jpg,0
2026-01-06T11:25:57.113614,cam8,/content/drive/MyDrive/TrafficCameraData1/data/cam8/cam8_20260106_112557.jpg,0
2026-01-06T11:30:49.454926,cam1,/content/drive/MyDrive/TrafficCameraData1/data/cam1/cam1_20260106_113049.jpg,0
2026-01-06T11:30:50.335021,cam2,/content/drive/MyDrive/TrafficCameraData1/data/cam2/cam2_20260106_113050.jpg,0
2026-01-06T11:30:51.047099,cam3,/content/drive/MyDrive/TrafficCameraData1/data/cam3/cam3_20260106_113051.jpg,0
2026-01-06T11:30:51.757421,cam4,/content/drive/MyDrive/TrafficCameraData1/data/cam4/cam4_20260106_113051.jpg,0
2026-01-06T11:30:52.495102,cam5,/content/drive/MyDrive/TrafficCameraData1/data/cam5/cam5_20260106_113052.jpg,0
2026-01-06T11:30:53.033364,cam6,/content/drive/MyDrive/TrafficCameraData1/data/cam6/cam6_20260106_113053.jpg,0
2026-01-06T11:30:53.801271,cam7,/content/drive/MyDrive/TrafficCameraData1/data/cam7/cam7_20260106_113053.jpg,0
2026-01-06T11:30:54.508070,cam8,/content/drive/MyDrive/TrafficCameraData1/data/cam8/cam8_20260106_113054.jpg,0
2026-01-06T11:35:49.454673,cam1,/content/drive/MyDrive/TrafficCameraData1/data/cam1/cam1_20260106_113549.jpg,0
2026-01-06T11:35:50.335330,cam2,/content/drive/MyDrive/TrafficCameraData1/data/cam2/cam2_20260106_113550.jpg,0
2026-01-06T11:35:51.036198,cam3,/content/drive/MyDrive/TrafficCameraData1/data/cam3/cam3_20260106_113551.jpg,0
2026-01-06T11:35:51.745242,cam4,/content/drive/MyDrive/TrafficCameraData1/data/cam4/cam4_20260106_113551.jpg,0
2026-01-06T11:35:52.460953,cam5,/content/drive/MyDrive/TrafficCameraData1/data/cam5/cam5_20260106_113552.jpg,0
2026-01-06T11:35:53.006114,cam6,/content/drive/MyDrive/TrafficCameraData1/data/cam6/cam6_20260106_113553.jpg,0
2026-01-06T11:35:53.715070,cam7,/content/drive/MyDrive/TrafficCameraData1/data/cam7/cam7_20260106_113553.jpg,0
2026-01-06T11:35:54.425193,cam8,/content/drive/MyDrive/TrafficCameraData1/data/cam8/cam8_20260106_113554.jpg,0
2026-01-06T11:40:49.455196,cam1,/content/drive/MyDrive/TrafficCameraData1/data/cam1/cam1_20260106_114049.jpg,0
2026-01-06T11:40:50.375739,cam2,/content/drive/MyDrive/TrafficCameraData1/data/cam2/cam2_20260106_114050.jpg,0
2026-01-06T11:40:51.108423,cam3,/content/drive/MyDrive/TrafficCameraData1/data/cam3/cam3_20260106_114051.jpg,0
2026-01-06T11:40:51.847657,cam4,/content/drive/MyDrive/TrafficCameraData1/data/cam4/cam4_20260106_114051.jpg,0
2026-01-06T11:40:52.550007,cam5,/content/drive/MyDrive/TrafficCameraData1/data/cam5/cam5_20260106_114052.jpg,0
2026-01-06T11:40:53.085108,cam6,/content/drive/MyDrive/TrafficCameraData1/data/cam6/cam6_20260106_114053.jpg,0
2026-01-06T11:40:53.793645,cam7,/content/drive/MyDrive/TrafficCameraData1/data/cam7/cam7_20260106_114053.jpg,0
2026-01-06T11:40:54.498673,cam8,/content/drive/MyDrive/TrafficCameraData1/data/cam8/cam8_20260106_114054.jpg,0
2026-01-06T11:45:49.456150,cam1,/content/drive/MyDrive/TrafficCameraData1/data/cam1/cam1_20260106_114549.jpg,0
2026-01-06T11:45:50.518556,cam2,/content/drive/MyDrive/TrafficCameraData1/data/cam2/cam2_20260106_114550.jpg,0
2026-01-06T11:45:51.222285,cam3,/content/drive/MyDrive/TrafficCameraData1/data/cam3/cam3_20260106_114551.jpg,0
2026-01-06T11:45:51.943676,cam4,/content/drive/MyDrive/TrafficCameraData1/data/cam4/cam4_20260106_114551.jpg,0
2026-01-06T11:45:52.653101,cam5,/content/drive/MyDrive/TrafficCameraData1/data/cam5/cam5_20260106_114552.jpg,0
2026-01-06T11:45:53.180124,cam6,/content/drive/MyDrive/TrafficCameraData1/data/cam6/cam6_20260106_114553.jpg,0
2026-01-06T11:45:53.882033,cam7,/content/drive/MyDrive/TrafficCameraData1/data/cam7/cam7_20260106_114553.jpg,0
2026-01-06T11:45:54.575830,cam8,/content/drive/MyDrive/TrafficCameraData1/data/cam8/cam8_20260106_114554.jpg,0
2026-01-06T11:50:49.455839,cam1,/content/drive/MyDrive/TrafficCameraData1/data/cam1/cam1_20260106_115049.jpg,0
2026-01-06T11:50:50.330328,cam2,/content/drive/MyDrive/TrafficCameraData1/data/cam2/cam2_20260106_115050.jpg,0
2026-01-06T11:50:51.042462,cam3,/content/drive/MyDrive/TrafficCameraData1/data/cam3/cam3_20260106_115051.jpg,0
2026-01-06T11:50:51.754098,cam4,/content/drive/MyDrive/TrafficCameraData1/data/cam4/cam4_20260106_115051.jpg,0
2026-01-06T11:50:52.462786,cam5,/content/drive/MyDrive/TrafficCameraData1/data/cam5/cam5_20260106_115052.jpg,0
2026-01-06T11:50:52.995047,cam6,/content/drive/MyDrive/TrafficCameraData1/data/cam6/cam6_20260106_115052.jpg,0
2026-01-06T11:50:53.701969,cam7,/content/drive/MyDrive/TrafficCameraData1/data/cam7/cam7_20260106_115053.jpg,0
2026-01-06T11:50:54.402649,cam8,/content/drive/MyDrive/TrafficCameraData1/data/cam8/cam8_20260106_115054.jpg,0
2026-01-06T11:55:49.456063,cam1,/content/drive/MyDrive/TrafficCameraData1/data/cam1/cam1_20260106_115549.jpg,0
2026-01-06T11:55:50.556037,cam2,/content/drive/MyDrive/TrafficCameraData1/data/cam2/cam2_20260106_115550.jpg,0
2026-01-06T11:55:51.258082,cam3,/content/drive/MyDrive/TrafficCameraData1/data/cam3/cam3_20260106_115551.jpg,0
2026-01-06T11:55:51.963826,cam4,/content/drive/MyDrive/TrafficCameraData1/data/cam4/cam4_20260106_115551.jpg,0
2026-01-06T11:55:52.675078,cam5,/content/drive/MyDrive/TrafficCameraData1/data/cam5/cam5_20260106_115552.jpg,0
2026-01-06T11:55:53.370914,cam6,/content/drive/MyDrive/TrafficCameraData1/data/cam6/cam6_20260106_115553.jpg,0
2026-01-06T11:55:54.089890,cam7,/content/drive/MyDrive/TrafficCameraData1/data/cam7/cam7_20260106_115554.jpg,0
2026-01-06T11:55:54.794257,cam8,/content/drive/MyDrive/TrafficCameraData1/data/cam8/cam8_20260106_115554.jpg,0
2026-01-06T12:00:49.456906,cam1,/content/drive/MyDrive/TrafficCameraData1/data/cam1/cam1_20260106_120049.jpg,0
2026-01-06T12:00:50.331997,cam2,/content/drive/MyDrive/TrafficCameraData1/data/cam2/cam2_20260106_120050.jpg,0
2026-01-06T12:00:51.052695,cam3,/content/drive/MyDrive/TrafficCameraData1/data/cam3/cam3_20260106_120051.jpg,0
2026-01-06T12:00:51.882348,cam4,/content/drive/MyDrive/TrafficCameraData1/data/cam4/cam4_20260106_120051.jpg,0
2026-01-06T12:00:52.669990,cam5,/content/drive/MyDrive/TrafficCameraData1/data/cam5/cam5_20260106_120052.jpg,0
2026-01-06T12:00:53.277887,cam6,/content/drive/MyDrive/TrafficCameraData1/data/cam6/cam6_20260106_120053.jpg,0
2026-01-06T12:00:53.976893,cam7,/content/drive/MyDrive/TrafficCameraData1/data/cam7/cam7_20260106_120053.jpg,0
2026-01-06T12:00:54.677342,cam8,/content/drive/MyDrive/TrafficCameraData1/data/cam8/cam8_20260106_120054.jpg,0
2026-01-06T12:05:49.456952,cam1,/content/drive/MyDrive/TrafficCameraData1/data/cam1/cam1_20260106_120549.jpg,0
2026-01-06T12:05:50.335846,cam2,/content/drive/MyDrive/TrafficCameraData1/data/cam2/cam2_20260106_120550.jpg,0
2026-01-06T12:05:51.039247,cam3,/content/drive/MyDrive/TrafficCameraData1/data/cam3/cam3_20260106_120551.jpg,0
2026-01-06T12:05:51.757268,cam4,/content/drive/MyDrive/TrafficCameraData1/data/cam4/cam4_20260106_120551.jpg,0
2026-01-06T12:05:52.462241,cam5,/content/drive/MyDrive/TrafficCameraData1/data/cam5/cam5_20260106_120552.jpg,0
2026-01-06T12:05:52.987883,cam6,/content/drive/MyDrive/TrafficCameraData1/data/cam6/cam6_20260106_120552.jpg,0
2026-01-06T12:05:53.691825,cam7,/content/drive/MyDrive/TrafficCameraData1/data/cam7/cam7_20260106_120553.jpg,0
2026-01-06T12:05:54.398112,cam8,/content/drive/MyDrive/TrafficCameraData1/data/cam8/cam8_20260106_120554.jpg,0
2026-01-06T12:10:49.457401,cam1,/content/drive/MyDrive/TrafficCameraData1/data/cam1/cam1_20260106_121049.jpg,0
2026-01-06T12:10:50.526280,cam2,/content/drive/MyDrive/TrafficCameraData1/data/cam2/cam2_20260106_121050.jpg,0
2026-01-06T12:10:51.224974,cam3,/content/drive/MyDrive/TrafficCameraData1/data/cam3/cam3_20260106_121051.jpg,0
2026-01-06T12:10:51.957953,cam4,/content/drive/MyDrive/TrafficCameraData1/data/cam4/cam4_20260106_121051.jpg,0
2026-01-06T12:10:52.728129,cam5,/content/drive/MyDrive/TrafficCameraData1/data/cam5/cam5_20260106_121052.jpg,0
2026-01-06T12:10:53.356252,cam6,/content/drive/MyDrive/TrafficCameraData1/data/cam6/cam6_20260106_121053.jpg,0
2026-01-06T12:10:54.076164,cam7,/content/drive/MyDrive/TrafficCameraData1/data/cam7/cam7_20260106_121054.jpg,0
2026-01-06T12:10:55.006618,cam8,/content/drive/MyDrive/TrafficCameraData1/data/cam8/cam8_20260106_121055.jpg,0
2026-01-06T12:15:49.457439,cam1,/content/drive/MyDrive/TrafficCameraData1/data/cam1/cam1_20260106_121549.jpg,0
2026-01-06T12:15:50.334812,cam2,/content/drive/MyDrive/TrafficCameraData1/data/cam2/cam2_20260106_121550.jpg,0
2026-01-06T12:15:51.061764,cam3,/content/drive/MyDrive/TrafficCameraData1/data/cam3/cam3_20260106_121551.jpg,0
2026-01-06T12:15:51.771137,cam4,/content/drive/MyDrive/TrafficCameraData1/data/cam4/cam4_20260106_121551.jpg,0
2026-01-06T12:15:52.541450,cam5,/content/drive/MyDrive/TrafficCameraData1/data/cam5/cam5_20260106_121552.jpg,0
2026-01-06T12:15:53.238264,cam6,/content/drive/MyDrive/TrafficCameraData1/data/cam6/cam6_20260106_121553.jpg,0
2026-01-06T12:15:53.993083,cam7,/content/drive/MyDrive/TrafficCameraData1/data/cam7/cam7_20260106_121553.jpg,0
2026-01-06T12:15:54.720771,cam8,/content/drive/MyDrive/TrafficCameraData1/data/cam8/cam8_20260106_121554.jpg,0
2026-01-06T12:20:49.458534,cam1,/content/drive/MyDrive/TrafficCameraData1/data/cam1/cam1_20260106_122049.jpg,0
2026-01-06T12:20:50.356610,cam2,/content/drive/MyDrive/TrafficCameraData1/data/cam2/cam2_20260106_122050.jpg,0
2026-01-06T12:20:51.074467,cam3,/content/drive/MyDrive/TrafficCameraData1/data/cam3/cam3_20260106_122051.jpg,0
2026-01-06T12:20:51.785636,cam4,/content/drive/MyDrive/TrafficCameraData1/data/cam4/cam4_20260106_122051.jpg,0
2026-01-06T12:20:52.495787,cam5,/content/drive/MyDrive/TrafficCameraData1/data/cam5/cam5_20260106_122052.jpg,0
2026-01-06T12:20:53.288414,cam6,/content/drive/MyDrive/TrafficCameraData1/data/cam6/cam6_20260106_122053.jpg,0
2026-01-06T12:20:53.993543,cam7,/content/drive/MyDrive/TrafficCameraData1/data/cam7/cam7_20260106_122053.jpg,0
2026-01-06T12:20:54.796183,cam8,/content/drive/MyDrive/TrafficCameraData1/data/cam8/cam8_20260106_122054.jpg,0
2026-01-06T12:25:49.458073,cam1,/content/drive/MyDrive/TrafficCameraData1/data/cam1/cam1_20260106_122549.jpg,0
2026-01-06T12:25:50.371973,cam2,/content/drive/MyDrive/TrafficCameraData1/data/cam2/cam2_20260106_122550.jpg,0
2026-01-06T12:25:51.078120,cam3,/content/drive/MyDrive/TrafficCameraData1/data/cam3/cam3_20260106_122551.jpg,0
2026-01-06T12:25:51.802248,cam4,/content/drive/MyDrive/TrafficCameraData1/data/cam4/cam4_20260106_122551.jpg,0
2026-01-06T12:25:52.508593,cam5,/content/drive/MyDrive/TrafficCameraData1/data/cam5/cam5_20260106_122552.jpg,0
2026-01-06T12:25:53.077260,cam6,/content/drive/MyDrive/TrafficCameraData1/data/cam6/cam6_20260106_122553.jpg,0
2026-01-06T12:25:53.790546,cam7,/content/drive/MyDrive/TrafficCameraData1/data/cam7/cam7_20260106_122553.jpg,0
2026-01-06T12:25:54.495412,cam8,/content/drive/MyDrive/TrafficCameraData1/data/cam8/cam8_20260106_122554.jpg,0
2026-01-06T12:30:49.458298,cam1,/content/drive/MyDrive/TrafficCameraData1/data/cam1/cam1_20260106_123049.jpg,0
2026-01-06T12:30:50.361231,cam2,/content/drive/MyDrive/TrafficCameraData1/data/cam2/cam2_20260106_123050.jpg,0
2026-01-06T12:30:51.079073,cam3,/content/drive/MyDrive/TrafficCameraData1/data/cam3/cam3_20260106_123051.jpg,0
2026-01-06T12:30:51.790139,cam4,/content/drive/MyDrive/TrafficCameraData1/data/cam4/cam4_20260106_123051.jpg,0
2026-01-06T12:30:52.488920,cam5,/content/drive/MyDrive/TrafficCameraData1/data/cam5/cam5_20260106_123052.jpg,0
2026-01-06T12:30:53.065876,cam6,/content/drive/MyDrive/TrafficCameraData1/data/cam6/cam6_20260106_123053.jpg,0
2026-01-06T12:30:53.822036,cam7,/content/drive/MyDrive/TrafficCameraData1/data/cam7/cam7_20260106_123053.jpg,0
2026-01-06T12:30:54.541262,cam8,/content/drive/MyDrive/TrafficCameraData1/data/cam8/cam8_20260106_123054.jpg,0
2026-01-06T12:35:49.458799,cam1,/content/drive/MyDrive/TrafficCameraData1/data/cam1/cam1_20260106_123549.jpg,0
2026-01-06T12:35:50.335253,cam2,/content/drive/MyDrive/TrafficCameraData1/data/cam2/cam2_20260106_123550.jpg,0
2026-01-06T12:35:51.036509,cam3,/content/drive/MyDrive/TrafficCameraData1/data/cam3/cam3_20260106_123551.jpg,0
2026-01-06T12:35:51.745253,cam4,/content/drive/MyDrive/TrafficCameraData1/data/cam4/cam4_20260106_123551.jpg,0
2026-01-06T12:35:52.451800,cam5,/content/drive/MyDrive/TrafficCameraData1/data/cam5/cam5_20260106_123552.jpg,0
2026-01-06T12:35:53.156127,cam6,/content/drive/MyDrive/TrafficCameraData1/data/cam6/cam6_20260106_123553.jpg,0
2026-01-06T12:35:53.865281,cam7,/content/drive/MyDrive/TrafficCameraData1/data/cam7/cam7_20260106_123553.jpg,0
2026-01-06T12:35:54.590830,cam8,/content/drive/MyDrive/TrafficCameraData1/data/cam8/cam8_20260106_123554.jpg,0
2026-01-06T12:40:49.459308,cam1,/content/drive/MyDrive/TrafficCameraData1/data/cam1/cam1_20260106_124049.jpg,0
2026-01-06T12:40:50.340806,cam2,/content/drive/MyDrive/TrafficCameraData1/data/cam2/cam2_20260106_124050.jpg,0
2026-01-06T12:40:51.045224,cam3,/content/drive/MyDrive/TrafficCameraData1/data/cam3/cam3_20260106_124051.jpg,0
2026-01-06T12:40:51.758268,cam4,/content/drive/MyDrive/TrafficCameraData1/data/cam4/cam4_20260106_124051.jpg,0
2026-01-06T12:40:52.463729,cam5,/content/drive/MyDrive/TrafficCameraData1/data/cam5/cam5_20260106_124052.jpg,0
2026-01-06T12:40:52.994474,cam6,/content/drive/MyDrive/TrafficCameraData1/data/cam6/cam6_20260106_124052.jpg,0
2026-01-06T12:40:53.724223,cam7,/content/drive/MyDrive/TrafficCameraData1/data/cam7/cam7_20260106_124053.jpg,0
2026-01-06T12:40:54.434913,cam8,/content/drive/MyDrive/TrafficCameraData1/data/cam8/cam8_20260106_124054.jpg,0
2026-01-06T12:45:49.459630,cam1,/content/drive/MyDrive/TrafficCameraData1/data/cam1/cam1_20260106_124549.jpg,0
2026-01-06T12:45:50.338654,cam2,/content/drive/MyDrive/TrafficCameraData1/data/cam2/cam2_20260106_124550.jpg,0
2026-01-06T12:45:51.041949,cam3,/content/drive/MyDrive/TrafficCameraData1/data/cam3/cam3_20260106_124551.jpg,0
2026-01-06T12:45:51.749114,cam4,/content/drive/MyDrive/TrafficCameraData1/data/cam4/cam4_20260106_124551.jpg,0
2026-01-06T12:45:52.453034,cam5,/content/drive/MyDrive/TrafficCameraData1/data/cam5/cam5_20260106_124552.jpg,0
2026-01-06T12:45:53.158515,cam6,/content/drive/MyDrive/TrafficCameraData1/data/cam6/cam6_20260106_124553.jpg,0
2026-01-06T12:45:53.883299,cam7,/content/drive/MyDrive/TrafficCameraData1/data/cam7/cam7_20260106_124553.jpg,0
2026-01-06T12:45:54.609684,cam8,/content/drive/MyDrive/TrafficCameraData1/data/cam8/cam8_20260106_124554.jpg,0
2026-01-06T12:50:49.460148,cam1,/content/drive/MyDrive/TrafficCameraData1/data/cam1/cam1_20260106_125049.jpg,0
2026-01-06T12:50:50.550883,cam2,/content/drive/MyDrive/TrafficCameraData1/data/cam2/cam2_20260106_125050.jpg,0
2026-01-06T12:50:51.268613,cam3,/content/drive/MyDrive/TrafficCameraData1/data/cam3/cam3_20260106_125051.jpg,0
2026-01-06T12:50:51.982613,cam4,/content/drive/MyDrive/TrafficCameraData1/data/cam4/cam4_20260106_125051.jpg,0
2026-01-06T12:50:52.696098,cam5,/content/drive/MyDrive/TrafficCameraData1/data/cam5/cam5_20260106_125052.jpg,0
2026-01-06T12:50:53.234131,cam6,/content/drive/MyDrive/TrafficCameraData1/data/cam6/cam6_20260106_125053.jpg,0
2026-01-06T12:50:53.940363,cam7,/content/drive/MyDrive/TrafficCameraData1/data/cam7/cam7_20260106_125053.jpg,0
2026-01-06T12:50:54.646037,cam8,/content/drive/MyDrive/TrafficCameraData1/data/cam8/cam8_20260106_125054.jpg,0
2026-01-06T12:55:49.461130,cam1,/content/drive/MyDrive/TrafficCameraData1/data/cam1/cam1_20260106_125549.jpg,0
2026-01-06T12:55:50.182759,cam2,/content/drive/MyDrive/TrafficCameraData1/data/cam2/cam2_20260106_125550.jpg,0
2026-01-06T12:55:50.891756,cam3,/content/drive/MyDrive/TrafficCameraData1/data/cam3/cam3_20260106_125550.jpg,0
2026-01-06T12:55:51.610087,cam4,/content/drive/MyDrive/TrafficCameraData1/data/cam4/cam4_20260106_125551.jpg,0
2026-01-06T12:55:52.320345,cam5,/content/drive/MyDrive/TrafficCameraData1/data/cam5/cam5_20260106_125552.jpg,0
2026-01-06T12:55:52.847321,cam6,/content/drive/MyDrive/TrafficCameraData1/data/cam6/cam6_20260106_125552.jpg,0
2026-01-06T12:55:53.553876,cam7,/content/drive/MyDrive/TrafficCameraData1/data/cam7/cam7_20260106_125553.jpg,0
2026-01-06T12:55:54.256245,cam8,/content/drive/MyDrive/TrafficCameraData1/data/cam8/cam8_20260106_125554.jpg,0
2026-01-06T13:00:49.460535,cam1,/content/drive/MyDrive/TrafficCameraData1/data/cam1/cam1_20260106_130049.jpg,0
2026-01-06T13:00:50.380066,cam2,/content/drive/MyDrive/TrafficCameraData1/data/cam2/cam2_20260106_130050.jpg,0
2026-01-06T13:00:51.091047,cam3,/content/drive/MyDrive/TrafficCameraData1/data/cam3/cam3_20260106_130051.jpg,0
2026-01-06T13:00:51.810029,cam4,/content/drive/MyDrive/TrafficCameraData1/data/cam4/cam4_20260106_130051.jpg,0
2026-01-06T13:00:52.515538,cam5,/content/drive/MyDrive/TrafficCameraData1/data/cam5/cam5_20260106_130052.jpg,0
2026-01-06T13:00:53.044514,cam6,/content/drive/MyDrive/TrafficCameraData1/data/cam6/cam6_20260106_130053.jpg,0
2026-01-06T13:00:53.770585,cam7,/content/drive/MyDrive/TrafficCameraData1/data/cam7/cam7_20260106_130053.jpg,0
2026-01-06T13:00:54.484120,cam8,/content/drive/MyDrive/TrafficCameraData1/data/cam8/cam8_20260106_130054.jpg,0
2026-01-06T13:05:49.461134,cam1,/content/drive/MyDrive/TrafficCameraData1/data/cam1/cam1_20260106_130549.jpg,0
2026-01-06T13:05:51.490470,cam2,/content/drive/MyDrive/TrafficCameraData1/data/cam2/cam2_20260106_130551.jpg,0
2026-01-06T13:05:52.629110,cam3,/content/drive/MyDrive/TrafficCameraData1/data/cam3/cam3_20260106_130552.jpg,0
2026-01-06T13:05:53.345045,cam4,/content/drive/MyDrive/TrafficCameraData1/data/cam4/cam4_20260106_130553.jpg,0
2026-01-06T13:05:54.054380,cam5,/content/drive/MyDrive/TrafficCameraData1/data/cam5/cam5_20260106_130554.jpg,0
2026-01-06T13:05:54.598330,cam6,/content/drive/MyDrive/TrafficCameraData1/data/cam6/cam6_20260106_130554.jpg,0
2026-01-06T13:05:55.305443,cam7,/content/drive/MyDrive/TrafficCameraData1/data/cam7/cam7_20260106_130555.jpg,0
2026-01-06T13:05:56.025973,cam8,/content/drive/MyDrive/TrafficCameraData1/data/cam8/cam8_20260106_130556.jpg,0
2026-01-06T13:10:49.461433,cam1,/content/drive/MyDrive/TrafficCameraData1/data/cam1/cam1_20260106_131049.jpg,0
2026-01-06T13:10:50.210215,cam2,/content/drive/MyDrive/TrafficCameraData1/data/cam2/cam2_20260106_131050.jpg,0
2026-01-06T13:10:50.915711,cam3,/content/drive/MyDrive/TrafficCameraData1/data/cam3/cam3_20260106_131050.jpg,0
2026-01-06T13:10:51.643995,cam4,/content/drive/MyDrive/TrafficCameraData1/data/cam4/cam4_20260106_131051.jpg,0
2026-01-06T13:10:52.447924,cam5,/content/drive/MyDrive/TrafficCameraData1/data/cam5/cam5_20260106_131052.jpg,0
2026-01-06T13:10:52.974827,cam6,/content/drive/MyDrive/TrafficCameraData1/data/cam6/cam6_20260106_131052.jpg,0
2026-01-06T13:10:54.283875,cam7,/content/drive/MyDrive/TrafficCameraData1/data/cam7/cam7_20260106_131054.jpg,0
2026-01-06T13:10:54.984614,cam8,/content/drive/MyDrive/TrafficCameraData1/data/cam8/cam8_20260106_131054.jpg,0
2026-01-06T13:15:49.461689,cam1,/content/drive/MyDrive/TrafficCameraData1/data/cam1/cam1_20260106_131549.jpg,0
2026-01-06T13:15:50.359555,cam2,/content/drive/MyDrive/TrafficCameraData1/data/cam2/cam2_20260106_131550.jpg,0
2026-01-06T13:15:51.064419,cam3,/content/drive/MyDrive/TrafficCameraData1/data/cam3/cam3_20260106_131551.jpg,0
2026-01-06T13:15:51.772665,cam4,/content/drive/MyDrive/TrafficCameraData1/data/cam4/cam4_20260106_131551.jpg,0
2026-01-06T13:15:52.488113,cam5,/content/drive/MyDrive/TrafficCameraData1/data/cam5/cam5_20260106_131552.jpg,0
2026-01-06T13:15:53.095699,cam6,/content/drive/MyDrive/TrafficCameraData1/data/cam6/cam6_20260106_131553.jpg,0
2026-01-06T13:15:53.820857,cam7,/content/drive/MyDrive/TrafficCameraData1/data/cam7/cam7_20260106_131553.jpg,0
2026-01-06T13:15:54.531122,cam8,/content/drive/MyDrive/TrafficCameraData1/data/cam8/cam8_20260106_131554.jpg,0
2026-01-06T13:20:49.462749,cam1,/content/drive/MyDrive/TrafficCameraData1/data/cam1/cam1_20260106_132049.jpg,0
2026-01-06T13:20:50.387895,cam2,/content/drive/MyDrive/TrafficCameraData1/data/cam2/cam2_20260106_132050.jpg,0
2026-01-06T13:20:51.095386,cam3,/content/drive/MyDrive/TrafficCameraData1/data/cam3/cam3_20260106_132051.jpg,0
2026-01-06T13:20:51.812864,cam4,/content/drive/MyDrive/TrafficCameraData1/data/cam4/cam4_20260106_132051.jpg,0
2026-01-06T13:20:52.517847,cam5,/content/drive/MyDrive/TrafficCameraData1/data/cam5/cam5_20260106_132052.jpg,0
2026-01-06T13:20:53.053005,cam6,/content/drive/MyDrive/TrafficCameraData1/data/cam6/cam6_20260106_132053.jpg,0
2026-01-06T13:20:53.754903,cam7,/content/drive/MyDrive/TrafficCameraData1/data/cam7/cam7_20260106_132053.jpg,0
2026-01-06T13:20:54.476055,cam8,/content/drive/MyDrive/TrafficCameraData1/data/cam8/cam8_20260106_132054.jpg,0
2026-01-06T13:25:49.462018,cam1,/content/drive/MyDrive/TrafficCameraData1/data/cam1/cam1_20260106_132549.jpg,0
2026-01-06T13:25:50.392135,cam2,/content/drive/MyDrive/TrafficCameraData1/data/cam2/cam2_20260106_132550.jpg,0
2026-01-06T13:25:51.095662,cam3,/content/drive/MyDrive/TrafficCameraData1/data/cam3/cam3_20260106_132551.jpg,0
2026-01-06T13:25:51.810115,cam4,/content/drive/MyDrive/TrafficCameraData1/data/cam4/cam4_20260106_132551.jpg,0
2026-01-06T13:25:52.516626,cam5,/content/drive/MyDrive/TrafficCameraData1/data/cam5/cam5_20260106_132552.jpg,0
2026-01-06T13:25:53.052339,cam6,/content/drive/MyDrive/TrafficCameraData1/data/cam6/cam6_20260106_132553.jpg,0
2026-01-06T13:25:53.753687,cam7,/content/drive/MyDrive/TrafficCameraData1/data/cam7/cam7_20260106_132553.jpg,0
2026-01-06T13:25:54.459278,cam8,/content/drive/MyDrive/TrafficCameraData1/data/cam8/cam8_20260106_132554.jpg,0
2026-01-06T13:30:49.462331,cam1,/content/drive/MyDrive/TrafficCameraData1/data/cam1/cam1_20260106_133049.jpg,0
2026-01-06T13:30:50.383832,cam2,/content/drive/MyDrive/TrafficCameraData1/data/cam2/cam2_20260106_133050.jpg,0
2026-01-06T13:30:51.094543,cam3,/content/drive/MyDrive/TrafficCameraData1/data/cam3/cam3_20260106_133051.jpg,0
2026-01-06T13:30:51.819229,cam4,/content/drive/MyDrive/TrafficCameraData1/data/cam4/cam4_20260106_133051.jpg,0
2026-01-06T13:30:52.542918,cam5,/content/drive/MyDrive/TrafficCameraData1/data/cam5/cam5_20260106_133052.jpg,0
2026-01-06T13:30:53.076833,cam6,/content/drive/MyDrive/TrafficCameraData1/data/cam6/cam6_20260106_133053.jpg,0
2026-01-06T13:30:53.783842,cam7,/content/drive/MyDrive/TrafficCameraData1/data/cam7/cam7_20260106_133053.jpg,0
2026-01-06T13:30:54.507892,cam8,/content/drive/MyDrive/TrafficCameraData1/data/cam8/cam8_20260106_133054.jpg,0
2026-01-06T13:35:49.462459,cam1,/content/drive/MyDrive/TrafficCameraData1/data/cam1/cam1_20260106_133549.jpg,0
2026-01-06T13:35:50.168244,cam2,/content/drive/MyDrive/TrafficCameraData1/data/cam2/cam2_20260106_133550.jpg,0
2026-01-06T13:35:50.891901,cam3,/content/drive/MyDrive/TrafficCameraData1/data/cam3/cam3_20260106_133550.jpg,0
2026-01-06T13:35:51.610132,cam4,/content/drive/MyDrive/TrafficCameraData1/data/cam4/cam4_20260106_133551.jpg,0
2026-01-06T13:35:52.315828,cam5,/content/drive/MyDrive/TrafficCameraData1/data/cam5/cam5_20260106_133552.jpg,0
2026-01-06T13:35:52.847269,cam6,/content/drive/MyDrive/TrafficCameraData1/data/cam6/cam6_20260106_133552.jpg,0
2026-01-06T13:35:53.552547,cam7,/content/drive/MyDrive/TrafficCameraData1/data/cam7/cam7_20260106_133553.jpg,0
2026-01-06T13:35:54.253919,cam8,/content/drive/MyDrive/TrafficCameraData1/data/cam8/cam8_20260106_133554.jpg,0
2026-01-06T13:40:49.463213,cam1,/content/drive/MyDrive/TrafficCameraData1/data/cam1/cam1_20260106_134049.jpg,0
2026-01-06T13:40:50.186282,cam2,/content/drive/MyDrive/TrafficCameraData1/data/cam2/cam2_20260106_134050.jpg,0
2026-01-06T13:40:50.891428,cam3,/content/drive/MyDrive/TrafficCameraData1/data/cam3/cam3_20260106_134050.jpg,0
2026-01-06T13:40:51.601756,cam4,/content/drive/MyDrive/TrafficCameraData1/data/cam4/cam4_20260106_134051.jpg,0
2026-01-06T13:40:52.304934,cam5,/content/drive/MyDrive/TrafficCameraData1/data/cam5/cam5_20260106_134052.jpg,0
2026-01-06T13:40:52.835898,cam6,/content/drive/MyDrive/TrafficCameraData1/data/cam6/cam6_20260106_134052.jpg,0
2026-01-06T13:40:53.540159,cam7,/content/drive/MyDrive/TrafficCameraData1/data/cam7/cam7_20260106_134053.jpg,0
2026-01-06T13:40:54.242892,cam8,/content/drive/MyDrive/TrafficCameraData1/data/cam8/cam8_20260106_134054.jpg,0
2026-01-06T13:45:49.463381,cam1,/content/drive/MyDrive/TrafficCameraData1/data/cam1/cam1_20260106_134549.jpg,0
2026-01-06T13:45:50.221265,cam2,/content/drive/MyDrive/TrafficCameraData1/data/cam2/cam2_20260106_134550.jpg,0
2026-01-06T13:45:50.936990,cam3,/content/drive/MyDrive/TrafficCameraData1/data/cam3/cam3_20260106_134550.jpg,0
2026-01-06T13:45:51.663898,cam4,/content/drive/MyDrive/TrafficCameraData1/data/cam4/cam4_20260106_134551.jpg,0
2026-01-06T13:45:52.371884,cam5,/content/drive/MyDrive/TrafficCameraData1/data/cam5/cam5_20260106_134552.jpg,0
2026-01-06T13:45:52.904078,cam6,/content/drive/MyDrive/TrafficCameraData1/data/cam6/cam6_20260106_134552.jpg,0
2026-01-06T13:45:53.610743,cam7,/content/drive/MyDrive/TrafficCameraData1/data/cam7/cam7_20260106_134553.jpg,0
2026-01-06T13:45:54.319677,cam8,/content/drive/MyDrive/TrafficCameraData1/data/cam8/cam8_20260106_134554.jpg,0
2026-01-06T13:53:47.359957,cam1,/content/drive/MyDrive/TrafficCameraData1/data/cam1/cam1_20260106_135347.jpg,0
2026-01-06T13:53:47.893857,cam2,/content/drive/MyDrive/TrafficCameraData1/data/cam2/cam2_20260106_135347.jpg,0
2026-01-06T13:53:48.431767,cam3,/content/drive/MyDrive/TrafficCameraData1/data/cam3/cam3_20260106_135348.jpg,0
2026-01-06T13:53:48.993644,cam4,/content/drive/MyDrive/TrafficCameraData1/data/cam4/cam4_20260106_135348.jpg,0
2026-01-06T13:53:49.542025,cam5,/content/drive/MyDrive/TrafficCameraData1/data/cam5/cam5_20260106_135349.jpg,0
2026-01-06T13:53:50.092027,cam6,/content/drive/MyDrive/TrafficCameraData1/data/cam6/cam6_20260106_135350.jpg,0
2026-01-06T13:53:50.800950,cam7,/content/drive/MyDrive/TrafficCameraData1/data/cam7/cam7_20260106_135350.jpg,0
2026-01-06T13:53:51.507463,cam8,/content/drive/MyDrive/TrafficCameraData1/data/cam8/cam8_20260106_135351.jpg,0
2026-01-06T13:58:47.360449,cam1,/content/drive/MyDrive/TrafficCameraData1/data/cam1/cam1_20260106_135847.jpg,0
2026-01-06T13:58:48.076690,cam2,/content/drive/MyDrive/TrafficCameraData1/data/cam2/cam2_20260106_135848.jpg,0
2026-01-06T13:58:48.778474,cam3,/content/drive/MyDrive/TrafficCameraData1/data/cam3/cam3_20260106_135848.jpg,0
2026-01-06T13:58:49.487244,cam4,/content/drive/MyDrive/TrafficCameraData1/data/cam4/cam4_20260106_135849.jpg,0
2026-01-06T13:58:50.199935,cam5,/content/drive/MyDrive/TrafficCameraData1/data/cam5/cam5_20260106_135850.jpg,0
2026-01-06T13:58:50.735142,cam6,/content/drive/MyDrive/TrafficCameraData1/data/cam6/cam6_20260106_135850.jpg,0
2026-01-06T13:58:51.440898,cam7,/content/drive/MyDrive/TrafficCameraData1/data/cam7/cam7_20260106_135851.jpg,0
2026-01-06T13:58:52.147714,cam8,/content/drive/MyDrive/TrafficCameraData1/data/cam8/cam8_20260106_135852.jpg,0
2026-01-06T14:03:47.360842,cam1,/content/drive/MyDrive/TrafficCameraData1/data/cam1/cam1_20260106_140347.jpg,0
2026-01-06T14:03:48.241046,cam2,/content/drive/MyDrive/TrafficCameraData1/data/cam2/cam2_20260106_140348.jpg,0
2026-01-06T14:03:49.195207,cam3,/content/drive/MyDrive/TrafficCameraData1/data/cam3/cam3_20260106_140349.jpg,0
2026-01-06T14:03:49.919174,cam4,/content/drive/MyDrive/TrafficCameraData1/data/cam4/cam4_20260106_140349.jpg,0
2026-01-06T14:03:50.638049,cam5,/content/drive/MyDrive/TrafficCameraData1/data/cam5/cam5_20260106_140350.jpg,0
2026-01-06T14:03:51.163789,cam6,/content/drive/MyDrive/TrafficCameraData1/data/cam6/cam6_20260106_140351.jpg,0
2026-01-06T14:03:51.867918,cam7,/content/drive/MyDrive/TrafficCameraData1/data/cam7/cam7_20260106_140351.jpg,0
2026-01-06T14:03:52.566898,cam8,/content/drive/MyDrive/TrafficCameraData1/data/cam8/cam8_20260106_140352.jpg,0
2026-01-06T14:08:47.361290,cam1,/content/drive/MyDrive/TrafficCameraData1/data/cam1/cam1_20260106_140847.jpg,0
2026-01-06T14:08:48.320503,cam2,/content/drive/MyDrive/TrafficCameraData1/data/cam2/cam2_20260106_140848.jpg,0
2026-01-06T14:08:49.041916,cam3,/content/drive/MyDrive/TrafficCameraData1/data/cam3/cam3_20260106_140849.jpg,0
2026-01-06T14:08:49.760717,cam4,/content/drive/MyDrive/TrafficCameraData1/data/cam4/cam4_20260106_140849.jpg,0
2026-01-06T14:08:50.467385,cam5,/content/drive/MyDrive/TrafficCameraData1/data/cam5/cam5_20260106_140850.jpg,0
2026-01-06T14:08:51.002905,cam6,/content/drive/MyDrive/TrafficCameraData1/data/cam6/cam6_20260106_140851.jpg,0
2026-01-06T14:08:51.712287,cam7,/content/drive/MyDrive/TrafficCameraData1/data/cam7/cam7_20260106_140851.jpg,0
2026-01-06T14:08:52.727288,cam8,/content/drive/MyDrive/TrafficCameraData1/data/cam8/cam8_20260106_140852.jpg,0
2026-01-06T14:13:47.361366,cam1,/content/drive/MyDrive/TrafficCameraData1/data/cam1/cam1_20260106_141347.jpg,0
2026-01-06T14:13:48.075564,cam2,/content/drive/MyDrive/TrafficCameraData1/data/cam2/cam2_20260106_141348.jpg,0
2026-01-06T14:13:48.798869,cam3,/content/drive/MyDrive/TrafficCameraData1/data/cam3/cam3_20260106_141348.jpg,0
2026-01-06T14:13:49.530326,cam4,/content/drive/MyDrive/TrafficCameraData1/data/cam4/cam4_20260106_141349.jpg,0
2026-01-06T14:13:50.237084,cam5,/content/drive/MyDrive/TrafficCameraData1/data/cam5/cam5_20260106_141350.jpg,0
2026-01-06T14:13:50.777190,cam6,/content/drive/MyDrive/TrafficCameraData1/data/cam6/cam6_20260106_141350.jpg,0
2026-01-06T14:13:51.502351,cam7,/content/drive/MyDrive/TrafficCameraData1/data/cam7/cam7_20260106_141351.jpg,0
2026-01-06T14:13:52.206932,cam8,/content/drive/MyDrive/TrafficCameraData1/data/cam8/cam8_20260106_141352.jpg,0
2026-01-06T14:18:47.362124,cam1,/content/drive/MyDrive/TrafficCameraData1/data/cam1/cam1_20260106_141847.jpg,0
2026-01-06T14:18:48.241968,cam2,/content/drive/MyDrive/TrafficCameraData1/data/cam2/cam2_20260106_141848.jpg,0
2026-01-06T14:18:48.947945,cam3,/content/drive/MyDrive/TrafficCameraData1/data/cam3/cam3_20260106_141848.jpg,0
2026-01-06T14:18:49.663738,cam4,/content/drive/MyDrive/TrafficCameraData1/data/cam4/cam4_20260106_141849.jpg,0
2026-01-06T14:18:50.383674,cam5,/content/drive/MyDrive/TrafficCameraData1/data/cam5/cam5_20260106_141850.jpg,0
2026-01-06T14:18:50.910743,cam6,/content/drive/MyDrive/TrafficCameraData1/data/cam6/cam6_20260106_141850.jpg,0
2026-01-06T14:18:51.617537,cam7,/content/drive/MyDrive/TrafficCameraData1/data/cam7/cam7_20260106_141851.jpg,0
2026-01-06T14:18:52.573868,cam8,/content/drive/MyDrive/TrafficCameraData1/data/cam8/cam8_20260106_141852.jpg,0
2026-01-06T14:23:47.361953,cam1,/content/drive/MyDrive/TrafficCameraData1/data/cam1/cam1_20260106_142347.jpg,0
2026-01-06T14:23:49.721530,cam2,/content/drive/MyDrive/TrafficCameraData1/data/cam2/cam2_20260106_142349.jpg,0
2026-01-06T14:23:50.693691,cam3,/content/drive/MyDrive/TrafficCameraData1/data/cam3/cam3_20260106_142350.jpg,0
2026-01-06T14:23:51.821964,cam4,/content/drive/MyDrive/TrafficCameraData1/data/cam4/cam4_20260106_142351.jpg,0
2026-01-06T14:23:52.938690,cam5,/content/drive/MyDrive/TrafficCameraData1/data/cam5/cam5_20260106_142352.jpg,0
2026-01-06T14:23:53.468162,cam6,/content/drive/MyDrive/TrafficCameraData1/data/cam6/cam6_20260106_142353.jpg,0
2026-01-06T14:23:54.169525,cam7,/content/drive/MyDrive/TrafficCameraData1/data/cam7/cam7_20260106_142354.jpg,0
2026-01-06T14:23:55.137418,cam8,/content/drive/MyDrive/TrafficCameraData1/data/cam8/cam8_20260106_142355.jpg,0
2026-01-06T14:28:47.362274,cam1,/content/drive/MyDrive/TrafficCameraData1/data/cam1/cam1_20260106_142847.jpg,0
2026-01-06T14:28:48.082044,cam2,/content/drive/MyDrive/TrafficCameraData1/data/cam2/cam2_20260106_142848.jpg,0
2026-01-06T14:28:48.787057,cam3,/content/drive/MyDrive/TrafficCameraData1/data/cam3/cam3_20260106_142848.jpg,0
2026-01-06T14:28:49.501020,cam4,/content/drive/MyDrive/TrafficCameraData1/data/cam4/cam4_20260106_142849.jpg,0
2026-01-06T14:28:50.220158,cam5,/content/drive/MyDrive/TrafficCameraData1/data/cam5/cam5_20260106_142850.jpg,0
2026-01-06T14:28:50.744519,cam6,/content/drive/MyDrive/TrafficCameraData1/data/cam6/cam6_20260106_142850.jpg,0
2026-01-06T14:28:51.851669,cam7,/content/drive/MyDrive/TrafficCameraData1/data/cam7/cam7_20260106_142851.jpg,0
2026-01-06T14:28:52.554142,cam8,/content/drive/MyDrive/TrafficCameraData1/data/cam8/cam8_20260106_142852.jpg,0
2026-01-06T14:33:47.362807,cam1,/content/drive/MyDrive/TrafficCameraData1/data/cam1/cam1_20260106_143347.jpg,0
2026-01-06T14:33:48.081641,cam2,/content/drive/MyDrive/TrafficCameraData1/data/cam2/cam2_20260106_143348.jpg,0
2026-01-06T14:33:48.782265,cam3,/content/drive/MyDrive/TrafficCameraData1/data/cam3/cam3_20260106_143348.jpg,0
2026-01-06T14:33:49.908026,cam4,/content/drive/MyDrive/TrafficCameraData1/data/cam4/cam4_20260106_143349.jpg,0
2026-01-06T14:33:50.617744,cam5,/content/drive/MyDrive/TrafficCameraData1/data/cam5/cam5_20260106_143350.jpg,0
2026-01-06T14:33:51.145012,cam6,/content/drive/MyDrive/TrafficCameraData1/data/cam6/cam6_20260106_143351.jpg,0
2026-01-06T14:33:51.868623,cam7,/content/drive/MyDrive/TrafficCameraData1/data/cam7/cam7_20260106_143351.jpg,0
2026-01-06T14:33:52.573618,cam8,/content/drive/MyDrive/TrafficCameraData1/data/cam8/cam8_20260106_143352.jpg,0
2026-01-06T14:38:47.362955,cam1,/content/drive/MyDrive/TrafficCameraData1/data/cam1/cam1_20260106_143847.jpg,0
2026-01-06T14:38:48.238042,cam2,/content/drive/MyDrive/TrafficCameraData1/data/cam2/cam2_20260106_143848.jpg,0
2026-01-06T14:38:49.180872,cam3,/content/drive/MyDrive/TrafficCameraData1/data/cam3/cam3_20260106_143849.jpg,0
2026-01-06T14:38:49.895365,cam4,/content/drive/MyDrive/TrafficCameraData1/data/cam4/cam4_20260106_143849.jpg,0
2026-01-06T14:38:50.601269,cam5,/content/drive/MyDrive/TrafficCameraData1/data/cam5/cam5_20260106_143850.jpg,0
2026-01-06T14:38:51.141945,cam6,/content/drive/MyDrive/TrafficCameraData1/data/cam6/cam6_20260106_143851.jpg,0
2026-01-06T14:38:51.850669,cam7,/content/drive/MyDrive/TrafficCameraData1/data/cam7/cam7_20260106_143851.jpg,0
2026-01-06T14:38:52.556180,cam8,/content/drive/MyDrive/TrafficCameraData1/data/cam8/cam8_20260106_143852.jpg,0
2026-01-06T14:43:47.363380,cam1,/content/drive/MyDrive/TrafficCameraData1/data/cam1/cam1_20260106_144347.jpg,0
2026-01-06T14:43:48.078273,cam2,/content/drive/MyDrive/TrafficCameraData1/data/cam2/cam2_20260106_144348.jpg,0
2026-01-06T14:43:48.789790,cam3,/content/drive/MyDrive/TrafficCameraData1/data/cam3/cam3_20260106_144348.jpg,0
2026-01-06T14:43:49.516997,cam4,/content/drive/MyDrive/TrafficCameraData1/data/cam4/cam4_20260106_144349.jpg,0
2026-01-06T14:43:50.220964,cam5,/content/drive/MyDrive/TrafficCameraData1/data/cam5/cam5_20260106_144350.jpg,0
2026-01-06T14:43:51.150853,cam6,/content/drive/MyDrive/TrafficCameraData1/data/cam6/cam6_20260106_144351.jpg,0
2026-01-06T14:43:52.261917,cam7,/content/drive/MyDrive/TrafficCameraData1/data/cam7/cam7_20260106_144352.jpg,0
2026-01-06T14:43:52.964177,cam8,/content/drive/MyDrive/TrafficCameraData1/data/cam8/cam8_20260106_144352.jpg,0
2026-01-06T14:48:47.364163,cam1,/content/drive/MyDrive/TrafficCameraData1/data/cam1/cam1_20260106_144847.jpg,0
2026-01-06T14:48:48.086351,cam2,/content/drive/MyDrive/TrafficCameraData1/data/cam2/cam2_20260106_144848.jpg,0
2026-01-06T14:48:48.795034,cam3,/content/drive/MyDrive/TrafficCameraData1/data/cam3/cam3_20260106_144848.jpg,0
2026-01-06T14:48:49.508148,cam4,/content/drive/MyDrive/TrafficCameraData1/data/cam4/cam4_20260106_144849.jpg,0
2026-01-06T14:48:50.216184,cam5,/content/drive/MyDrive/TrafficCameraData1/data/cam5/cam5_20260106_144850.jpg,0
2026-01-06T14:48:50.749616,cam6,/content/drive/MyDrive/TrafficCameraData1/data/cam6/cam6_20260106_144850.jpg,0
2026-01-06T14:48:51.458126,cam7,/content/drive/MyDrive/TrafficCameraData1/data/cam7/cam7_20260106_144851.jpg,0
2026-01-06T14:48:51.987945,cam8,/content/drive/MyDrive/TrafficCameraData1/data/cam8/cam8_20260106_144851.jpg,0
2026-01-06T14:53:47.364186,cam1,/content/drive/MyDrive/TrafficCameraData1/data/cam1/cam1_20260106_145347.jpg,0
2026-01-06T14:53:48.065255,cam2,/content/drive/MyDrive/TrafficCameraData1/data/cam2/cam2_20260106_145348.jpg,0
2026-01-06T14:53:48.767567,cam3,/content/drive/MyDrive/TrafficCameraData1/data/cam3/cam3_20260106_145348.jpg,0
2026-01-06T14:53:49.892775,cam4,/content/drive/MyDrive/TrafficCameraData1/data/cam4/cam4_20260106_145349.jpg,0
2026-01-06T14:53:51.004910,cam5,/content/drive/MyDrive/TrafficCameraData1/data/cam5/cam5_20260106_145351.jpg,0
2026-01-06T14:53:51.535526,cam6,/content/drive/MyDrive/TrafficCameraData1/data/cam6/cam6_20260106_145351.jpg,0
2026-01-06T14:53:52.237743,cam7,/content/drive/MyDrive/TrafficCameraData1/data/cam7/cam7_20260106_145352.jpg,0
2026-01-06T14:53:53.177790,cam8,/content/drive/MyDrive/TrafficCameraData1/data/cam8/cam8_20260106_145353.jpg,0
2026-01-06T14:58:47.364923,cam1,/content/drive/MyDrive/TrafficCameraData1/data/cam1/cam1_20260106_145847.jpg,0
2026-01-06T14:58:48.329804,cam2,/content/drive/MyDrive/TrafficCameraData1/data/cam2/cam2_20260106_145848.jpg,0
2026-01-06T14:58:49.034973,cam3,/content/drive/MyDrive/TrafficCameraData1/data/cam3/cam3_20260106_145849.jpg,0
2026-01-06T14:58:49.750859,cam4,/content/drive/MyDrive/TrafficCameraData1/data/cam4/cam4_20260106_145849.jpg,0
2026-01-06T14:58:50.460397,cam5,/content/drive/MyDrive/TrafficCameraData1/data/cam5/cam5_20260106_145850.jpg,0
2026-01-06T14:58:51.010834,cam6,/content/drive/MyDrive/TrafficCameraData1/data/cam6/cam6_20260106_145851.jpg,0
2026-01-06T14:58:52.120895,cam7,/content/drive/MyDrive/TrafficCameraData1/data/cam7/cam7_20260106_145852.jpg,0
2026-01-06T14:58:52.826741,cam8,/content/drive/MyDrive/TrafficCameraData1/data/cam8/cam8_20260106_145852.jpg,0
2026-01-06T15:03:47.364919,cam1,/content/drive/MyDrive/TrafficCameraData1/data/cam1/cam1_20260106_150347.jpg,0
2026-01-06T15:03:48.064871,cam2,/content/drive/MyDrive/TrafficCameraData1/data/cam2/cam2_20260106_150348.jpg,0
2026-01-06T15:03:48.762224,cam3,/content/drive/MyDrive/TrafficCameraData1/data/cam3/cam3_20260106_150348.jpg,0
2026-01-06T15:03:49.884321,cam4,/content/drive/MyDrive/TrafficCameraData1/data/cam4/cam4_20260106_150349.jpg,0
2026-01-06T15:03:51.061857,cam5,/content/drive/MyDrive/TrafficCameraData1/data/cam5/cam5_20260106_150351.jpg,0
2026-01-06T15:03:52.002863,cam6,/content/drive/MyDrive/TrafficCameraData1/data/cam6/cam6_20260106_150352.jpg,0
2026-01-06T15:03:53.137078,cam7,/content/drive/MyDrive/TrafficCameraData1/data/cam7/cam7_20260106_150353.jpg,0
2026-01-06T15:03:53.834650,cam8,/content/drive/MyDrive/TrafficCameraData1/data/cam8/cam8_20260106_150353.jpg,0
2026-01-06T15:08:47.365357,cam1,/content/drive/MyDrive/TrafficCameraData1/data/cam1/cam1_20260106_150847.jpg,0
2026-01-06T15:08:48.098710,cam2,/content/drive/MyDrive/TrafficCameraData1/data/cam2/cam2_20260106_150848.jpg,0
2026-01-06T15:08:48.809456,cam3,/content/drive/MyDrive/TrafficCameraData1/data/cam3/cam3_20260106_150848.jpg,0
2026-01-06T15:08:49.638887,cam4,/content/drive/MyDrive/TrafficCameraData1/data/cam4/cam4_20260106_150849.jpg,0
2026-01-06T15:08:50.334701,cam5,/content/drive/MyDrive/TrafficCameraData1/data/cam5/cam5_20260106_150850.jpg,0
2026-01-06T15:08:50.859508,cam6,/content/drive/MyDrive/TrafficCameraData1/data/cam6/cam6_20260106_150850.jpg,0
2026-01-06T15:08:51.567106,cam7,/content/drive/MyDrive/TrafficCameraData1/data/cam7/cam7_20260106_150851.jpg,0
2026-01-06T15:08:52.273874,cam8,/content/drive/MyDrive/TrafficCameraData1/data/cam8/cam8_20260106_150852.jpg,0
2026-01-06T15:13:47.365693,cam1,/content/drive/MyDrive/TrafficCameraData1/data/cam1/cam1_20260106_151347.jpg,0
2026-01-06T15:13:48.090766,cam2,/content/drive/MyDrive/TrafficCameraData1/data/cam2/cam2_20260106_151348.jpg,0
2026-01-06T15:13:48.786875,cam3,/content/drive/MyDrive/TrafficCameraData1/data/cam3/cam3_20260106_151348.jpg,0
2026-01-06T15:13:49.493001,cam4,/content/drive/MyDrive/TrafficCameraData1/data/cam4/cam4_20260106_151349.jpg,0
2026-01-06T15:13:50.213616,cam5,/content/drive/MyDrive/TrafficCameraData1/data/cam5/cam5_20260106_151350.jpg,0
2026-01-06T15:13:50.739170,cam6,/content/drive/MyDrive/TrafficCameraData1/data/cam6/cam6_20260106_151350.jpg,0
2026-01-06T15:13:51.452941,cam7,/content/drive/MyDrive/TrafficCameraData1/data/cam7/cam7_20260106_151351.jpg,0
2026-01-06T15:13:52.150331,cam8,/content/drive/MyDrive/TrafficCameraData1/data/cam8/cam8_20260106_151352.jpg,0
2026-01-06T15:18:47.366264,cam1,/content/drive/MyDrive/TrafficCameraData1/data/cam1/cam1_20260106_151847.jpg,0
2026-01-06T15:18:48.095557,cam2,/content/drive/MyDrive/TrafficCameraData1/data/cam2/cam2_20260106_151848.jpg,0
2026-01-06T15:18:48.827772,cam3,/content/drive/MyDrive/TrafficCameraData1/data/cam3/cam3_20260106_151848.jpg,0
2026-01-06T15:18:49.659110,cam4,/content/drive/MyDrive/TrafficCameraData1/data/cam4/cam4_20260106_151849.jpg,0
2026-01-06T15:18:50.359122,cam5,/content/drive/MyDrive/TrafficCameraData1/data/cam5/cam5_20260106_151850.jpg,0
2026-01-06T15:18:50.889627,cam6,/content/drive/MyDrive/TrafficCameraData1/data/cam6/cam6_20260106_151850.jpg,0
2026-01-06T15:18:51.610220,cam7,/content/drive/MyDrive/TrafficCameraData1/data/cam7/cam7_20260106_151851.jpg,0
2026-01-06T15:18:52.309845,cam8,/content/drive/MyDrive/TrafficCameraData1/data/cam8/cam8_20260106_151852.jpg,0
2026-01-06T15:23:47.366797,cam1,/content/drive/MyDrive/TrafficCameraData1/data/cam1/cam1_20260106_152347.jpg,0
2026-01-06T15:23:48.070982,cam2,/content/drive/MyDrive/TrafficCameraData1/data/cam2/cam2_20260106_152348.jpg,0
2026-01-06T15:23:48.776682,cam3,/content/drive/MyDrive/TrafficCameraData1/data/cam3/cam3_20260106_152348.jpg,0
2026-01-06T15:23:49.484964,cam4,/content/drive/MyDrive/TrafficCameraData1/data/cam4/cam4_20260106_152349.jpg,0
2026-01-06T15:23:50.194349,cam5,/content/drive/MyDrive/TrafficCameraData1/data/cam5/cam5_20260106_152350.jpg,0
2026-01-06T15:23:50.724980,cam6,/content/drive/MyDrive/TrafficCameraData1/data/cam6/cam6_20260106_152350.jpg,0
2026-01-06T15:23:51.426218,cam7,/content/drive/MyDrive/TrafficCameraData1/data/cam7/cam7_20260106_152351.jpg,0
2026-01-06T15:23:52.126734,cam8,/content/drive/MyDrive/TrafficCameraData1/data/cam8/cam8_20260106_152352.jpg,0
2026-01-06T15:28:47.367301,cam1,/content/drive/MyDrive/TrafficCameraData1/data/cam1/cam1_20260106_152847.jpg,0
2026-01-06T15:28:48.076422,cam2,/content/drive/MyDrive/TrafficCameraData1/data/cam2/cam2_20260106_152848.jpg,0
2026-01-06T15:28:48.780224,cam3,/content/drive/MyDrive/TrafficCameraData1/data/cam3/cam3_20260106_152848.jpg,0
2026-01-06T15:28:49.511297,cam4,/content/drive/MyDrive/TrafficCameraData1/data/cam4/cam4_20260106_152849.jpg,0
2026-01-06T15:28:50.216964,cam5,/content/drive/MyDrive/TrafficCameraData1/data/cam5/cam5_20260106_152850.jpg,0
2026-01-06T15:28:50.743586,cam6,/content/drive/MyDrive/TrafficCameraData1/data/cam6/cam6_20260106_152850.jpg,0
2026-01-06T15:28:51.450330,cam7,/content/drive/MyDrive/TrafficCameraData1/data/cam7/cam7_20260106_152851.jpg,0
2026-01-06T15:28:51.986321,cam8,/content/drive/MyDrive/TrafficCameraData1/data/cam8/cam8_20260106_152851.jpg,0
2026-01-06T15:33:47.366904,cam1,/content/drive/MyDrive/TrafficCameraData1/data/cam1/cam1_20260106_153347.jpg,0
2026-01-06T15:33:48.072309,cam2,/content/drive/MyDrive/TrafficCameraData1/data/cam2/cam2_20260106_153348.jpg,0
2026-01-06T15:33:48.774225,cam3,/content/drive/MyDrive/TrafficCameraData1/data/cam3/cam3_20260106_153348.jpg,0
2026-01-06T15:33:49.484573,cam4,/content/drive/MyDrive/TrafficCameraData1/data/cam4/cam4_20260106_153349.jpg,0
2026-01-06T15:33:50.197860,cam5,/content/drive/MyDrive/TrafficCameraData1/data/cam5/cam5_20260106_153350.jpg,0
2026-01-06T15:33:50.727367,cam6,/content/drive/MyDrive/TrafficCameraData1/data/cam6/cam6_20260106_153350.jpg,0
2026-01-06T15:33:51.430671,cam7,/content/drive/MyDrive/TrafficCameraData1/data/cam7/cam7_20260106_153351.jpg,0
2026-01-06T15:33:52.130976,cam8,/content/drive/MyDrive/TrafficCameraData1/data/cam8/cam8_20260106_153352.jpg,0
2026-01-06T15:38:47.367768,cam1,/content/drive/MyDrive/TrafficCameraData1/data/cam1/cam1_20260106_153847.jpg,0
2026-01-06T15:38:48.075973,cam2,/content/drive/MyDrive/TrafficCameraData1/data/cam2/cam2_20260106_153848.jpg,0
2026-01-06T15:38:48.776122,cam3,/content/drive/MyDrive/TrafficCameraData1/data/cam3/cam3_20260106_153848.jpg,0
2026-01-06T15:38:49.489208,cam4,/content/drive/MyDrive/TrafficCameraData1/data/cam4/cam4_20260106_153849.jpg,0
2026-01-06T15:38:50.190204,cam5,/content/drive/MyDrive/TrafficCameraData1/data/cam5/cam5_20260106_153850.jpg,0
2026-01-06T15:38:50.720060,cam6,/content/drive/MyDrive/TrafficCameraData1/data/cam6/cam6_20260106_153850.jpg,0
2026-01-06T15:38:51.424277,cam7,/content/drive/MyDrive/TrafficCameraData1/data/cam7/cam7_20260106_153851.jpg,0
2026-01-06T15:38:52.147287,cam8,/content/drive/MyDrive/TrafficCameraData1/data/cam8/cam8_20260106_153852.jpg,0
2026-01-06T15:43:47.367904,cam1,/content/drive/MyDrive/TrafficCameraData1/data/cam1/cam1_20260106_154347.jpg,0
2026-01-06T15:43:48.090889,cam2,/content/drive/MyDrive/TrafficCameraData1/data/cam2/cam2_20260106_154348.jpg,0
2026-01-06T15:43:48.793937,cam3,/content/drive/MyDrive/TrafficCameraData1/data/cam3/cam3_20260106_154348.jpg,0
2026-01-06T15:43:49.502739,cam4,/content/drive/MyDrive/TrafficCameraData1/data/cam4/cam4_20260106_154349.jpg,0
2026-01-06T15:43:50.204295,cam5,/content/drive/MyDrive/TrafficCameraData1/data/cam5/cam5_20260106_154350.jpg,0
2026-01-06T15:43:50.737819,cam6,/content/drive/MyDrive/TrafficCameraData1/data/cam6/cam6_20260106_154350.jpg,0
2026-01-06T15:43:51.440332,cam7,/content/drive/MyDrive/TrafficCameraData1/data/cam7/cam7_20260106_154351.jpg,0
2026-01-06T15:43:52.138089,cam8,/content/drive/MyDrive/TrafficCameraData1/data/cam8/cam8_20260106_154352.jpg,0
2026-01-06T15:48:47.367787,cam1,/content/drive/MyDrive/TrafficCameraData1/data/cam1/cam1_20260106_154847.jpg,0
2026-01-06T15:48:48.076004,cam2,/content/drive/MyDrive/TrafficCameraData1/data/cam2/cam2_20260106_154848.jpg,0
2026-01-06T15:48:48.790116,cam3,/content/drive/MyDrive/TrafficCameraData1/data/cam3/cam3_20260106_154848.jpg,0
2026-01-06T15:48:49.512766,cam4,/content/drive/MyDrive/TrafficCameraData1/data/cam4/cam4_20260106_154849.jpg,0
2026-01-06T15:48:50.232808,cam5,/content/drive/MyDrive/TrafficCameraData1/data/cam5/cam5_20260106_154850.jpg,0
2026-01-06T15:48:50.773230,cam6,/content/drive/MyDrive/TrafficCameraData1/data/cam6/cam6_20260106_154850.jpg,0
2026-01-06T15:48:51.485312,cam7,/content/drive/MyDrive/TrafficCameraData1/data/cam7/cam7_20260106_154851.jpg,0
2026-01-06T15:48:52.012990,cam8,/content/drive/MyDrive/TrafficCameraData1/data/cam8/cam8_20260106_154852.jpg,0
2026-01-06T15:53:47.368680,cam1,/content/drive/MyDrive/TrafficCameraData1/data/cam1/cam1_20260106_155347.jpg,0
2026-01-06T15:53:48.093331,cam2,/content/drive/MyDrive/TrafficCameraData1/data/cam2/cam2_20260106_155348.jpg,0
2026-01-06T15:53:48.810116,cam3,/content/drive/MyDrive/TrafficCameraData1/data/cam3/cam3_20260106_155348.jpg,0
2026-01-06T15:53:49.514718,cam4,/content/drive/MyDrive/TrafficCameraData1/data/cam4/cam4_20260106_155349.jpg,0
2026-01-06T15:53:50.213878,cam5,/content/drive/MyDrive/TrafficCameraData1/data/cam5/cam5_20260106_155350.jpg,0
2026-01-06T15:53:50.743213,cam6,/content/drive/MyDrive/TrafficCameraData1/data/cam6/cam6_20260106_155350.jpg,0
2026-01-06T15:53:51.448049,cam7,/content/drive/MyDrive/TrafficCameraData1/data/cam7/cam7_20260106_155351.jpg,0
2026-01-06T15:53:52.166642,cam8,/content/drive/MyDrive/TrafficCameraData1/data/cam8/cam8_20260106_155352.jpg,0
2026-01-06T15:58:47.368533,cam1,/content/drive/MyDrive/TrafficCameraData1/data/cam1/cam1_20260106_155847.jpg,0
2026-01-06T15:58:48.072588,cam2,/content/drive/MyDrive/TrafficCameraData1/data/cam2/cam2_20260106_155848.jpg,0
2026-01-06T15:58:48.773237,cam3,/content/drive/MyDrive/TrafficCameraData1/data/cam3/cam3_20260106_155848.jpg,0
2026-01-06T15:58:49.490731,cam4,/content/drive/MyDrive/TrafficCameraData1/data/cam4/cam4_20260106_155849.jpg,0
2026-01-06T15:58:50.195821,cam5,/content/drive/MyDrive/TrafficCameraData1/data/cam5/cam5_20260106_155850.jpg,0
2026-01-06T15:58:50.725837,cam6,/content/drive/MyDrive/TrafficCameraData1/data/cam6/cam6_20260106_155850.jpg,0
2026-01-06T15:58:51.431622,cam7,/content/drive/MyDrive/TrafficCameraData1/data/cam7/cam7_20260106_155851.jpg,0
2026-01-06T15:58:52.144643,cam8,/content/drive/MyDrive/TrafficCameraData1/data/cam8/cam8_20260106_155852.jpg,0
2026-01-06T16:03:47.369277,cam1,/content/drive/MyDrive/TrafficCameraData1/data/cam1/cam1_20260106_160347.jpg,0
2026-01-06T16:03:48.252886,cam2,/content/drive/MyDrive/TrafficCameraData1/data/cam2/cam2_20260106_160348.jpg,0
2026-01-06T16:03:48.965376,cam3,/content/drive/MyDrive/TrafficCameraData1/data/cam3/cam3_20260106_160348.jpg,0
2026-01-06T16:03:49.680773,cam4,/content/drive/MyDrive/TrafficCameraData1/data/cam4/cam4_20260106_160349.jpg,0
2026-01-06T16:03:50.395772,cam5,/content/drive/MyDrive/TrafficCameraData1/data/cam5/cam5_20260106_160350.jpg,0
2026-01-06T16:03:50.935957,cam6,/content/drive/MyDrive/TrafficCameraData1/data/cam6/cam6_20260106_160350.jpg,0
2026-01-06T16:03:51.666564,cam7,/content/drive/MyDrive/TrafficCameraData1/data/cam7/cam7_20260106_160351.jpg,0
2026-01-06T16:03:52.200733,cam8,/content/drive/MyDrive/TrafficCameraData1/data/cam8/cam8_20260106_160352.jpg,0
2026-01-06T16:08:47.370002,cam1,/content/drive/MyDrive/TrafficCameraData1/data/cam1/cam1_20260106_160847.jpg,0
2026-01-06T16:08:48.079060,cam2,/content/drive/MyDrive/TrafficCameraData1/data/cam2/cam2_20260106_160848.jpg,0
2026-01-06T16:08:48.788956,cam3,/content/drive/MyDrive/TrafficCameraData1/data/cam3/cam3_20260106_160848.jpg,0
2026-01-06T16:08:49.500847,cam4,/content/drive/MyDrive/TrafficCameraData1/data/cam4/cam4_20260106_160849.jpg,0
2026-01-06T16:08:50.205821,cam5,/content/drive/MyDrive/TrafficCameraData1/data/cam5/cam5_20260106_160850.jpg,0
2026-01-06T16:08:50.736561,cam6,/content/drive/MyDrive/TrafficCameraData1/data/cam6/cam6_20260106_160850.jpg,0
2026-01-06T16:08:51.440379,cam7,/content/drive/MyDrive/TrafficCameraData1/data/cam7/cam7_20260106_160851.jpg,0
2026-01-06T16:08:52.143106,cam8,/content/drive/MyDrive/TrafficCameraData1/data/cam8/cam8_20260106_160852.jpg,0
2026-01-06T16:13:47.370643,cam1,/content/drive/MyDrive/TrafficCameraData1/data/cam1/cam1_20260106_161347.jpg,0
2026-01-06T16:13:48.081318,cam2,/content/drive/MyDrive/TrafficCameraData1/data/cam2/cam2_20260106_161348.jpg,0
2026-01-06T16:13:48.788020,cam3,/content/drive/MyDrive/TrafficCameraData1/data/cam3/cam3_20260106_161348.jpg,0
2026-01-06T16:13:49.516075,cam4,/content/drive/MyDrive/TrafficCameraData1/data/cam4/cam4_20260106_161349.jpg,0
2026-01-06T16:13:50.219398,cam5,/content/drive/MyDrive/TrafficCameraData1/data/cam5/cam5_20260106_161350.jpg,0
2026-01-06T16:13:50.750697,cam6,/content/drive/MyDrive/TrafficCameraData1/data/cam6/cam6_20260106_161350.jpg,0
2026-01-06T16:13:51.466031,cam7,/content/drive/MyDrive/TrafficCameraData1/data/cam7/cam7_20260106_161351.jpg,0
2026-01-06T16:13:52.174882,cam8,/content/drive/MyDrive/TrafficCameraData1/data/cam8/cam8_20260106_161352.jpg,0
2026-01-06T16:18:47.370240,cam1,/content/drive/MyDrive/TrafficCameraData1/data/cam1/cam1_20260106_161847.jpg,0
2026-01-06T16:18:48.090640,cam2,/content/drive/MyDrive/TrafficCameraData1/data/cam2/cam2_20260106_161848.jpg,0
2026-01-06T16:18:48.795284,cam3,/content/drive/MyDrive/TrafficCameraData1/data/cam3/cam3_20260106_161848.jpg,0
2026-01-06T16:18:49.506931,cam4,/content/drive/MyDrive/TrafficCameraData1/data/cam4/cam4_20260106_161849.jpg,0
2026-01-06T16:18:50.215330,cam5,/content/drive/MyDrive/TrafficCameraData1/data/cam5/cam5_20260106_161850.jpg,0
2026-01-06T16:18:50.746017,cam6,/content/drive/MyDrive/TrafficCameraData1/data/cam6/cam6_20260106_161850.jpg,0
2026-01-06T16:18:51.469366,cam7,/content/drive/MyDrive/TrafficCameraData1/data/cam7/cam7_20260106_161851.jpg,0
2026-01-06T16:18:52.176255,cam8,/content/drive/MyDrive/TrafficCameraData1/data/cam8/cam8_20260106_161852.jpg,0
2026-01-06T16:23:47.370866,cam1,/content/drive/MyDrive/TrafficCameraData1/data/cam1/cam1_20260106_162347.jpg,0
2026-01-06T16:23:48.078896,cam2,/content/drive/MyDrive/TrafficCameraData1/data/cam2/cam2_20260106_162348.jpg,0
2026-01-06T16:23:48.784988,cam3,/content/drive/MyDrive/TrafficCameraData1/data/cam3/cam3_20260106_162348.jpg,0
2026-01-06T16:23:49.496108,cam4,/content/drive/MyDrive/TrafficCameraData1/data/cam4/cam4_20260106_162349.jpg,0
2026-01-06T16:23:50.202251,cam5,/content/drive/MyDrive/TrafficCameraData1/data/cam5/cam5_20260106_162350.jpg,0
2026-01-06T16:23:50.733555,cam6,/content/drive/MyDrive/TrafficCameraData1/data/cam6/cam6_20260106_162350.jpg,0
2026-01-06T16:23:51.442717,cam7,/content/drive/MyDrive/TrafficCameraData1/data/cam7/cam7_20260106_162351.jpg,0
2026-01-06T16:23:52.167864,cam8,/content/drive/MyDrive/TrafficCameraData1/data/cam8/cam8_20260106_162352.jpg,0
2026-01-06T23:17:31.527544,cam1,/content/drive/MyDrive/TrafficCameraData1/data/cam1/cam1_20260106_231731.jpg,0
2026-01-06T23:17:33.324330,cam2,/content/drive/MyDrive/TrafficCameraData1/data/cam2/cam2_20260106_231733.jpg,0
2026-01-06T23:17:34.580259,cam3,/content/drive/MyDrive/TrafficCameraData1/data/cam3/cam3_20260106_231734.jpg,0
2026-01-06T23:17:36.060918,cam4,/content/drive/MyDrive/TrafficCameraData1/data/cam4/cam4_20260106_231736.jpg,0
2026-01-06T23:17:37.469136,cam5,/content/drive/MyDrive/TrafficCameraData1/data/cam5/cam5_20260106_231737.jpg,0
2026-01-06T23:17:38.661614,cam6,/content/drive/MyDrive/TrafficCameraData1/data/cam6/cam6_20260106_231738.jpg,0
2026-01-06T23:17:40.077124,cam7,/content/drive/MyDrive/TrafficCameraData1/data/cam7/cam7_20260106_231740.jpg,0
2026-01-06T23:17:41.320279,cam8,/content/drive/MyDrive/TrafficCameraData1/data/cam8/cam8_20260106_231741.jpg,0
2026-01-06T23:22:31.525772,cam1,/content/drive/MyDrive/TrafficCameraData1/data/cam1/cam1_20260106_232231.jpg,0
2026-01-06T23:22:32.226727,cam2,/content/drive/MyDrive/TrafficCameraData1/data/cam2/cam2_20260106_232232.jpg,0
2026-01-06T23:22:32.929358,cam3,/content/drive/MyDrive/TrafficCameraData1/data/cam3/cam3_20260106_232232.jpg,0
2026-01-06T23:22:33.637459,cam4,/content/drive/MyDrive/TrafficCameraData1/data/cam4/cam4_20260106_232233.jpg,0
2026-01-06T23:22:34.359656,cam5,/content/drive/MyDrive/TrafficCameraData1/data/cam5/cam5_20260106_232234.jpg,0
2026-01-06T23:22:34.894976,cam6,/content/drive/MyDrive/TrafficCameraData1/data/cam6/cam6_20260106_232234.jpg,0
2026-01-06T23:22:35.598212,cam7,/content/drive/MyDrive/TrafficCameraData1/data/cam7/cam7_20260106_232235.jpg,0
2026-01-06T23:22:36.300125,cam8,/content/drive/MyDrive/TrafficCameraData1/data/cam8/cam8_20260106_232236.jpg,0
2026-01-06T23:27:31.526403,cam1,/content/drive/MyDrive/TrafficCameraData1/data/cam1/cam1_20260106_232731.jpg,0
2026-01-06T23:27:32.230943,cam2,/content/drive/MyDrive/TrafficCameraData1/data/cam2/cam2_20260106_232732.jpg,0
2026-01-06T23:27:32.951388,cam3,/content/drive/MyDrive/TrafficCameraData1/data/cam3/cam3_20260106_232732.jpg,0
2026-01-06T23:27:33.660595,cam4,/content/drive/MyDrive/TrafficCameraData1/data/cam4/cam4_20260106_232733.jpg,0
2026-01-06T23:27:34.368415,cam5,/content/drive/MyDrive/TrafficCameraData1/data/cam5/cam5_20260106_232734.jpg,0
2026-01-06T23:27:35.068401,cam6,/content/drive/MyDrive/TrafficCameraData1/data/cam6/cam6_20260106_232735.jpg,0
2026-01-06T23:27:35.778629,cam7,/content/drive/MyDrive/TrafficCameraData1/data/cam7/cam7_20260106_232735.jpg,0
2026-01-06T23:27:36.310605,cam8,/content/drive/MyDrive/TrafficCameraData1/data/cam8/cam8_20260106_232736.jpg,0
2026-01-06T23:32:31.527470,cam1,/content/drive/MyDrive/TrafficCameraData1/data/cam1/cam1_20260106_233231.jpg,0
2026-01-06T23:32:32.422262,cam2,/content/drive/MyDrive/TrafficCameraData1/data/cam2/cam2_20260106_233232.jpg,0
2026-01-06T23:32:33.121672,cam3,/content/drive/MyDrive/TrafficCameraData1/data/cam3/cam3_20260106_233233.jpg,0
2026-01-06T23:32:33.830936,cam4,/content/drive/MyDrive/TrafficCameraData1/data/cam4/cam4_20260106_233233.jpg,0
2026-01-06T23:32:34.538038,cam5,/content/drive/MyDrive/TrafficCameraData1/data/cam5/cam5_20260106_233234.jpg,0
2026-01-06T23:32:35.064203,cam6,/content/drive/MyDrive/TrafficCameraData1/data/cam6/cam6_20260106_233235.jpg,0
2026-01-06T23:32:35.772589,cam7,/content/drive/MyDrive/TrafficCameraData1/data/cam7/cam7_20260106_233235.jpg,0
2026-01-06T23:32:36.313748,cam8,/content/drive/MyDrive/TrafficCameraData1/data/cam8/cam8_20260106_233236.jpg,0
2026-01-06T23:37:31.527096,cam1,/content/drive/MyDrive/TrafficCameraData1/data/cam1/cam1_20260106_233731.jpg,0
2026-01-06T23:37:32.425206,cam2,/content/drive/MyDrive/TrafficCameraData1/data/cam2/cam2_20260106_233732.jpg,0
2026-01-06T23:37:33.125576,cam3,/content/drive/MyDrive/TrafficCameraData1/data/cam3/cam3_20260106_233733.jpg,0
2026-01-06T23:37:33.832497,cam4,/content/drive/MyDrive/TrafficCameraData1/data/cam4/cam4_20260106_233733.jpg,0
2026-01-06T23:37:34.542484,cam5,/content/drive/MyDrive/TrafficCameraData1/data/cam5/cam5_20260106_233734.jpg,0
2026-01-06T23:37:35.251405,cam6,/content/drive/MyDrive/TrafficCameraData1/data/cam6/cam6_20260106_233735.jpg,0
2026-01-06T23:37:35.959888,cam7,/content/drive/MyDrive/TrafficCameraData1/data/cam7/cam7_20260106_233735.jpg,0
2026-01-06T23:37:36.509202,cam8,/content/drive/MyDrive/TrafficCameraData1/data/cam8/cam8_20260106_233736.jpg,0
2026-01-06T23:42:31.527373,cam1,/content/drive/MyDrive/TrafficCameraData1/data/cam1/cam1_20260106_234231.jpg,0
2026-01-06T23:42:32.231434,cam2,/content/drive/MyDrive/TrafficCameraData1/data/cam2/cam2_20260106_234232.jpg,0
2026-01-06T23:42:32.932459,cam3,/content/drive/MyDrive/TrafficCameraData1/data/cam3/cam3_20260106_234232.jpg,0
2026-01-06T23:42:33.645461,cam4,/content/drive/MyDrive/TrafficCameraData1/data/cam4/cam4_20260106_234233.jpg,0
2026-01-06T23:42:34.353096,cam5,/content/drive/MyDrive/TrafficCameraData1/data/cam5/cam5_20260106_234234.jpg,0
2026-01-06T23:42:35.072558,cam6,/content/drive/MyDrive/TrafficCameraData1/data/cam6/cam6_20260106_234235.jpg,0
2026-01-06T23:42:35.785351,cam7,/content/drive/MyDrive/TrafficCameraData1/data/cam7/cam7_20260106_234235.jpg,0
2026-01-06T23:42:36.312957,cam8,/content/drive/MyDrive/TrafficCameraData1/data/cam8/cam8_20260106_234236.jpg,0
2026-01-06T23:47:31.527871,cam1,/content/drive/MyDrive/TrafficCameraData1/data/cam1/cam1_20260106_234731.jpg,0
2026-01-06T23:47:32.401612,cam2,/content/drive/MyDrive/TrafficCameraData1/data/cam2/cam2_20260106_234732.jpg,0
2026-01-06T23:47:33.107134,cam3,/content/drive/MyDrive/TrafficCameraData1/data/cam3/cam3_20260106_234733.jpg,0
2026-01-06T23:47:33.817236,cam4,/content/drive/MyDrive/TrafficCameraData1/data/cam4/cam4_20260106_234733.jpg,0
2026-01-06T23:47:34.543753,cam5,/content/drive/MyDrive/TrafficCameraData1/data/cam5/cam5_20260106_234734.jpg,0
2026-01-06T23:47:35.246938,cam6,/content/drive/MyDrive/TrafficCameraData1/data/cam6/cam6_20260106_234735.jpg,0
2026-01-06T23:47:35.956456,cam7,/content/drive/MyDrive/TrafficCameraData1/data/cam7/cam7_20260106_234735.jpg,0
2026-01-06T23:47:36.489840,cam8,/content/drive/MyDrive/TrafficCameraData1/data/cam8/cam8_20260106_234736.jpg,0
2026-01-06T23:52:31.528193,cam1,/content/drive/MyDrive/TrafficCameraData1/data/cam1/cam1_20260106_235231.jpg,0
2026-01-06T23:52:32.409872,cam2,/content/drive/MyDrive/TrafficCameraData1/data/cam2/cam2_20260106_235232.jpg,0
2026-01-06T23:52:33.129084,cam3,/content/drive/MyDrive/TrafficCameraData1/data/cam3/cam3_20260106_235233.jpg,0
2026-01-06T23:52:33.842045,cam4,/content/drive/MyDrive/TrafficCameraData1/data/cam4/cam4_20260106_235233.jpg,0
2026-01-06T23:52:34.555082,cam5,/content/drive/MyDrive/TrafficCameraData1/data/cam5/cam5_20260106_235234.jpg,0
2026-01-06T23:52:35.085758,cam6,/content/drive/MyDrive/TrafficCameraData1/data/cam6/cam6_20260106_235235.jpg,0
2026-01-06T23:52:35.796698,cam7,/content/drive/MyDrive/TrafficCameraData1/data/cam7/cam7_20260106_235235.jpg,0
2026-01-06T23:52:36.506940,cam8,/content/drive/MyDrive/TrafficCameraData1/data/cam8/cam8_20260106_235236.jpg,0
2026-01-06T23:57:31.528675,cam1,/content/drive/MyDrive/TrafficCameraData1/data/cam1/cam1_20260106_235731.jpg,0
2026-01-06T23:57:32.406655,cam2,/content/drive/MyDrive/TrafficCameraData1/data/cam2/cam2_20260106_235732.jpg,0
2026-01-06T23:57:33.110667,cam3,/content/drive/MyDrive/TrafficCameraData1/data/cam3/cam3_20260106_235733.jpg,0
2026-01-06T23:57:33.822239,cam4,/content/drive/MyDrive/TrafficCameraData1/data/cam4/cam4_20260106_235733.jpg,0
2026-01-06T23:57:34.532268,cam5,/content/drive/MyDrive/TrafficCameraData1/data/cam5/cam5_20260106_235734.jpg,0
2026-01-06T23:57:35.062256,cam6,/content/drive/MyDrive/TrafficCameraData1/data/cam6/cam6_20260106_235735.jpg,0
2026-01-06T23:57:35.772180,cam7,/content/drive/MyDrive/TrafficCameraData1/data/cam7/cam7_20260106_235735.jpg,0
2026-01-06T23:57:36.478744,cam8,/content/drive/MyDrive/TrafficCameraData1/data/cam8/cam8_20260106_235736.jpg,0
2026-01-07T00:02:31.528990,cam1,/content/drive/MyDrive/TrafficCameraData1/data/cam1/cam1_20260107_000231.jpg,0
2026-01-07T00:02:32.406333,cam2,/content/drive/MyDrive/TrafficCameraData1/data/cam2/cam2_20260107_000232.jpg,0
2026-01-07T00:02:33.145619,cam3,/content/drive/MyDrive/TrafficCameraData1/data/cam3/cam3_20260107_000233.jpg,0
2026-01-07T00:02:33.854386,cam4,/content/drive/MyDrive/TrafficCameraData1/data/cam4/cam4_20260107_000233.jpg,0
2026-01-07T00:02:34.579592,cam5,/content/drive/MyDrive/TrafficCameraData1/data/cam5/cam5_20260107_000234.jpg,0
2026-01-07T00:02:35.137073,cam6,/content/drive/MyDrive/TrafficCameraData1/data/cam6/cam6_20260107_000235.jpg,0
2026-01-07T00:02:35.844869,cam7,/content/drive/MyDrive/TrafficCameraData1/data/cam7/cam7_20260107_000235.jpg,0
2026-01-07T00:02:36.396754,cam8,/content/drive/MyDrive/TrafficCameraData1/data/cam8/cam8_20260107_000236.jpg,0
2026-01-07T00:07:31.529222,cam1,/content/drive/MyDrive/TrafficCameraData1/data/cam1/cam1_20260107_000731.jpg,0
2026-01-07T00:07:32.405370,cam2,/content/drive/MyDrive/TrafficCameraData1/data/cam2/cam2_20260107_000732.jpg,0
2026-01-07T00:07:33.106286,cam3,/content/drive/MyDrive/TrafficCameraData1/data/cam3/cam3_20260107_000733.jpg,0
2026-01-07T00:07:33.870163,cam4,/content/drive/MyDrive/TrafficCameraData1/data/cam4/cam4_20260107_000733.jpg,0
2026-01-07T00:07:34.622956,cam5,/content/drive/MyDrive/TrafficCameraData1/data/cam5/cam5_20260107_000734.jpg,0
2026-01-07T00:07:35.368698,cam6,/content/drive/MyDrive/TrafficCameraData1/data/cam6/cam6_20260107_000735.jpg,0
2026-01-07T00:07:36.074641,cam7,/content/drive/MyDrive/TrafficCameraData1/data/cam7/cam7_20260107_000736.jpg,0
2026-01-07T00:07:36.776136,cam8,/content/drive/MyDrive/TrafficCameraData1/data/cam8/cam8_20260107_000736.jpg,0
2026-01-07T00:12:31.530050,cam1,/content/drive/MyDrive/TrafficCameraData1/data/cam1/cam1_20260107_001231.jpg,0
2026-01-07T00:12:32.410269,cam2,/content/drive/MyDrive/TrafficCameraData1/data/cam2/cam2_20260107_001232.jpg,0
2026-01-07T00:12:33.220929,cam3,/content/drive/MyDrive/TrafficCameraData1/data/cam3/cam3_20260107_001233.jpg,0
2026-01-07T00:12:33.930788,cam4,/content/drive/MyDrive/TrafficCameraData1/data/cam4/cam4_20260107_001233.jpg,0
2026-01-07T00:12:34.634575,cam5,/content/drive/MyDrive/TrafficCameraData1/data/cam5/cam5_20260107_001234.jpg,0
2026-01-07T00:12:35.172991,cam6,/content/drive/MyDrive/TrafficCameraData1/data/cam6/cam6_20260107_001235.jpg,0
2026-01-07T00:12:35.879637,cam7,/content/drive/MyDrive/TrafficCameraData1/data/cam7/cam7_20260107_001235.jpg,0
2026-01-07T00:12:36.407292,cam8,/content/drive/MyDrive/TrafficCameraData1/data/cam8/cam8_20260107_001236.jpg,0
2026-01-07T00:17:31.529828,cam1,/content/drive/MyDrive/TrafficCameraData1/data/cam1/cam1_20260107_001731.jpg,0
2026-01-07T00:17:32.407085,cam2,/content/drive/MyDrive/TrafficCameraData1/data/cam2/cam2_20260107_001732.jpg,0
2026-01-07T00:17:33.126854,cam3,/content/drive/MyDrive/TrafficCameraData1/data/cam3/cam3_20260107_001733.jpg,0
2026-01-07T00:17:34.397109,cam4,/content/drive/MyDrive/TrafficCameraData1/data/cam4/cam4_20260107_001734.jpg,0
2026-01-07T00:17:36.799649,cam5,/content/drive/MyDrive/TrafficCameraData1/data/cam5/cam5_20260107_001736.jpg,0
2026-01-07T00:17:38.031968,cam6,/content/drive/MyDrive/TrafficCameraData1/data/cam6/cam6_20260107_001738.jpg,0
2026-01-07T00:17:40.107134,cam7,/content/drive/MyDrive/TrafficCameraData1/data/cam7/cam7_20260107_001740.jpg,0
2026-01-07T00:17:40.816111,cam8,/content/drive/MyDrive/TrafficCameraData1/data/cam8/cam8_20260107_001740.jpg,0
2026-01-07T00:22:31.529917,cam1,/content/drive/MyDrive/TrafficCameraData1/data/cam1/cam1_20260107_002231.jpg,0
2026-01-07T00:22:32.231846,cam2,/content/drive/MyDrive/TrafficCameraData1/data/cam2/cam2_20260107_002232.jpg,0
2026-01-07T00:22:32.935925,cam3,/content/drive/MyDrive/TrafficCameraData1/data/cam3/cam3_20260107_002232.jpg,0
2026-01-07T00:22:33.643487,cam4,/content/drive/MyDrive/TrafficCameraData1/data/cam4/cam4_20260107_002233.jpg,0
2026-01-07T00:22:34.350646,cam5,/content/drive/MyDrive/TrafficCameraData1/data/cam5/cam5_20260107_002234.jpg,0
2026-01-07T00:22:35.050334,cam6,/content/drive/MyDrive/TrafficCameraData1/data/cam6/cam6_20260107_002235.jpg,0
2026-01-07T00:22:35.777015,cam7,/content/drive/MyDrive/TrafficCameraData1/data/cam7/cam7_20260107_002235.jpg,0
2026-01-07T00:22:36.311814,cam8,/content/drive/MyDrive/TrafficCameraData1/data/cam8/cam8_20260107_002236.jpg,0
2026-01-07T00:27:31.530075,cam1,/content/drive/MyDrive/TrafficCameraData1/data/cam1/cam1_20260107_002731.jpg,0
2026-01-07T00:27:32.420822,cam2,/content/drive/MyDrive/TrafficCameraData1/data/cam2/cam2_20260107_002732.jpg,0
2026-01-07T00:27:33.128272,cam3,/content/drive/MyDrive/TrafficCameraData1/data/cam3/cam3_20260107_002733.jpg,0
2026-01-07T00:27:33.867573,cam4,/content/drive/MyDrive/TrafficCameraData1/data/cam4/cam4_20260107_002733.jpg,0
2026-01-07T00:27:34.629878,cam5,/content/drive/MyDrive/TrafficCameraData1/data/cam5/cam5_20260107_002734.jpg,0
2026-01-07T00:27:35.163208,cam6,/content/drive/MyDrive/TrafficCameraData1/data/cam6/cam6_20260107_002735.jpg,0
2026-01-07T00:27:35.881959,cam7,/content/drive/MyDrive/TrafficCameraData1/data/cam7/cam7_20260107_002735.jpg,0
2026-01-07T00:27:36.612338,cam8,/content/drive/MyDrive/TrafficCameraData1/data/cam8/cam8_20260107_002736.jpg,0
2026-01-07T00:32:31.530112,cam1,/content/drive/MyDrive/TrafficCameraData1/data/cam1/cam1_20260107_003231.jpg,0
2026-01-07T00:32:32.407753,cam2,/content/drive/MyDrive/TrafficCameraData1/data/cam2/cam2_20260107_003232.jpg,0
2026-01-07T00:32:33.112185,cam3,/content/drive/MyDrive/TrafficCameraData1/data/cam3/cam3_20260107_003233.jpg,0
2026-01-07T00:32:33.856061,cam4,/content/drive/MyDrive/TrafficCameraData1/data/cam4/cam4_20260107_003233.jpg,0
2026-01-07T00:32:34.636198,cam5,/content/drive/MyDrive/TrafficCameraData1/data/cam5/cam5_20260107_003234.jpg,0
2026-01-07T00:32:35.365165,cam6,/content/drive/MyDrive/TrafficCameraData1/data/cam6/cam6_20260107_003235.jpg,0
2026-01-07T00:32:36.070566,cam7,/content/drive/MyDrive/TrafficCameraData1/data/cam7/cam7_20260107_003236.jpg,0
2026-01-07T00:32:36.597917,cam8,/content/drive/MyDrive/TrafficCameraData1/data/cam8/cam8_20260107_003236.jpg,0
2026-01-07T00:37:31.530943,cam1,/content/drive/MyDrive/TrafficCameraData1/data/cam1/cam1_20260107_003731.jpg,0
2026-01-07T00:37:32.407922,cam2,/content/drive/MyDrive/TrafficCameraData1/data/cam2/cam2_20260107_003732.jpg,0
2026-01-07T00:37:33.177386,cam3,/content/drive/MyDrive/TrafficCameraData1/data/cam3/cam3_20260107_003733.jpg,0
2026-01-07T00:37:33.885745,cam4,/content/drive/MyDrive/TrafficCameraData1/data/cam4/cam4_20260107_003733.jpg,0
2026-01-07T00:37:34.644072,cam5,/content/drive/MyDrive/TrafficCameraData1/data/cam5/cam5_20260107_003734.jpg,0
2026-01-07T00:37:35.344883,cam6,/content/drive/MyDrive/TrafficCameraData1/data/cam6/cam6_20260107_003735.jpg,0
2026-01-07T00:37:36.052206,cam7,/content/drive/MyDrive/TrafficCameraData1/data/cam7/cam7_20260107_003736.jpg,0
2026-01-07T00:37:36.754256,cam8,/content/drive/MyDrive/TrafficCameraData1/data/cam8/cam8_20260107_003736.jpg,0
2026-01-07T00:42:31.530983,cam1,/content/drive/MyDrive/TrafficCameraData1/data/cam1/cam1_20260107_004231.jpg,0
2026-01-07T00:42:32.410082,cam2,/content/drive/MyDrive/TrafficCameraData1/data/cam2/cam2_20260107_004232.jpg,0
2026-01-07T00:42:33.247060,cam3,/content/drive/MyDrive/TrafficCameraData1/data/cam3/cam3_20260107_004233.jpg,0
2026-01-07T00:42:33.986856,cam4,/content/drive/MyDrive/TrafficCameraData1/data/cam4/cam4_20260107_004233.jpg,0
2026-01-07T00:42:34.687290,cam5,/content/drive/MyDrive/TrafficCameraData1/data/cam5/cam5_20260107_004234.jpg,0
2026-01-07T00:42:35.216080,cam6,/content/drive/MyDrive/TrafficCameraData1/data/cam6/cam6_20260107_004235.jpg,0
2026-01-07T00:42:35.922048,cam7,/content/drive/MyDrive/TrafficCameraData1/data/cam7/cam7_20260107_004235.jpg,0
2026-01-07T00:42:36.456496,cam8,/content/drive/MyDrive/TrafficCameraData1/data/cam8/cam8_20260107_004236.jpg,0
2026-01-07T00:47:31.531608,cam1,/content/drive/MyDrive/TrafficCameraData1/data/cam1/cam1_20260107_004731.jpg,0
2026-01-07T00:47:32.420032,cam2,/content/drive/MyDrive/TrafficCameraData1/data/cam2/cam2_20260107_004732.jpg,0
2026-01-07T00:47:33.124286,cam3,/content/drive/MyDrive/TrafficCameraData1/data/cam3/cam3_20260107_004733.jpg,0
2026-01-07T00:47:33.828548,cam4,/content/drive/MyDrive/TrafficCameraData1/data/cam4/cam4_20260107_004733.jpg,0
2026-01-07T00:47:34.590577,cam5,/content/drive/MyDrive/TrafficCameraData1/data/cam5/cam5_20260107_004734.jpg,0
2026-01-07T00:47:35.129843,cam6,/content/drive/MyDrive/TrafficCameraData1/data/cam6/cam6_20260107_004735.jpg,0
2026-01-07T00:47:35.838512,cam7,/content/drive/MyDrive/TrafficCameraData1/data/cam7/cam7_20260107_004735.jpg,0
2026-01-07T00:47:36.368663,cam8,/content/drive/MyDrive/TrafficCameraData1/data/cam8/cam8_20260107_004736.jpg,0
2026-01-07T00:52:31.531927,cam1,/content/drive/MyDrive/TrafficCameraData1/data/cam1/cam1_20260107_005231.jpg,0
2026-01-07T00:52:32.408573,cam2,/content/drive/MyDrive/TrafficCameraData1/data/cam2/cam2_20260107_005232.jpg,0
2026-01-07T00:52:33.184740,cam3,/content/drive/MyDrive/TrafficCameraData1/data/cam3/cam3_20260107_005233.jpg,0
2026-01-07T00:52:33.891522,cam4,/content/drive/MyDrive/TrafficCameraData1/data/cam4/cam4_20260107_005233.jpg,0
2026-01-07T00:52:34.628709,cam5,/content/drive/MyDrive/TrafficCameraData1/data/cam5/cam5_20260107_005234.jpg,0
2026-01-07T00:52:35.352312,cam6,/content/drive/MyDrive/TrafficCameraData1/data/cam6/cam6_20260107_005235.jpg,0
2026-01-07T00:52:36.055175,cam7,/content/drive/MyDrive/TrafficCameraData1/data/cam7/cam7_20260107_005236.jpg,0
2026-01-07T00:52:38.369200,cam8,/content/drive/MyDrive/TrafficCameraData1/data/cam8/cam8_20260107_005238.jpg,0
2026-01-07T00:57:31.532171,cam1,/content/drive/MyDrive/TrafficCameraData1/data/cam1/cam1_20260107_005731.jpg,0
2026-01-07T00:57:32.413304,cam2,/content/drive/MyDrive/TrafficCameraData1/data/cam2/cam2_20260107_005732.jpg,0
2026-01-07T00:57:33.219847,cam3,/content/drive/MyDrive/TrafficCameraData1/data/cam3/cam3_20260107_005733.jpg,0
2026-01-07T00:57:33.931371,cam4,/content/drive/MyDrive/TrafficCameraData1/data/cam4/cam4_20260107_005733.jpg,0
2026-01-07T00:57:34.716328,cam5,/content/drive/MyDrive/TrafficCameraData1/data/cam5/cam5_20260107_005734.jpg,0
2026-01-07T00:57:35.445058,cam6,/content/drive/MyDrive/TrafficCameraData1/data/cam6/cam6_20260107_005735.jpg,0
2026-01-07T00:57:36.187067,cam7,/content/drive/MyDrive/TrafficCameraData1/data/cam7/cam7_20260107_005736.jpg,0
2026-01-07T00:57:36.714541,cam8,/content/drive/MyDrive/TrafficCameraData1/data/cam8/cam8_20260107_005736.jpg,0
2026-01-07T01:02:31.532336,cam1,/content/drive/MyDrive/TrafficCameraData1/data/cam1/cam1_20260107_010231.jpg,0
2026-01-07T01:02:32.406179,cam2,/content/drive/MyDrive/TrafficCameraData1/data/cam2/cam2_20260107_010232.jpg,0
2026-01-07T01:02:33.113776,cam3,/content/drive/MyDrive/TrafficCameraData1/data/cam3/cam3_20260107_010233.jpg,0
2026-01-07T01:02:33.861761,cam4,/content/drive/MyDrive/TrafficCameraData1/data/cam4/cam4_20260107_010233.jpg,0
2026-01-07T01:02:34.619484,cam5,/content/drive/MyDrive/TrafficCameraData1/data/cam5/cam5_20260107_010234.jpg,0
2026-01-07T01:02:35.179588,cam6,/content/drive/MyDrive/TrafficCameraData1/data/cam6/cam6_20260107_010235.jpg,0
2026-01-07T01:02:35.905277,cam7,/content/drive/MyDrive/TrafficCameraData1/data/cam7/cam7_20260107_010235.jpg,0
2026-01-07T01:02:36.441504,cam8,/content/drive/MyDrive/TrafficCameraData1/data/cam8/cam8_20260107_010236.jpg,0
2026-01-07T01:07:31.533179,cam1,/content/drive/MyDrive/TrafficCameraData1/data/cam1/cam1_20260107_010731.jpg,0
2026-01-07T01:07:32.238365,cam2,/content/drive/MyDrive/TrafficCameraData1/data/cam2/cam2_20260107_010732.jpg,0
2026-01-07T01:07:33.004334,cam3,/content/drive/MyDrive/TrafficCameraData1/data/cam3/cam3_20260107_010733.jpg,0
2026-01-07T01:07:33.721712,cam4,/content/drive/MyDrive/TrafficCameraData1/data/cam4/cam4_20260107_010733.jpg,0
2026-01-07T01:07:34.635124,cam5,/content/drive/MyDrive/TrafficCameraData1/data/cam5/cam5_20260107_010734.jpg,0
2026-01-07T01:07:35.165653,cam6,/content/drive/MyDrive/TrafficCameraData1/data/cam6/cam6_20260107_010735.jpg,0
2026-01-07T01:07:35.870473,cam7,/content/drive/MyDrive/TrafficCameraData1/data/cam7/cam7_20260107_010735.jpg,0
2026-01-07T01:07:36.567946,cam8,/content/drive/MyDrive/TrafficCameraData1/data/cam8/cam8_20260107_010736.jpg,0
2026-01-07T01:12:31.533111,cam1,/content/drive/MyDrive/TrafficCameraData1/data/cam1/cam1_20260107_011231.jpg,0
2026-01-07T01:12:32.412235,cam2,/content/drive/MyDrive/TrafficCameraData1/data/cam2/cam2_20260107_011232.jpg,0
2026-01-07T01:12:33.108760,cam3,/content/drive/MyDrive/TrafficCameraData1/data/cam3/cam3_20260107_011233.jpg,0
2026-01-07T01:12:33.900559,cam4,/content/drive/MyDrive/TrafficCameraData1/data/cam4/cam4_20260107_011233.jpg,0
2026-01-07T01:12:34.641635,cam5,/content/drive/MyDrive/TrafficCameraData1/data/cam5/cam5_20260107_011234.jpg,0
2026-01-07T01:12:35.189280,cam6,/content/drive/MyDrive/TrafficCameraData1/data/cam6/cam6_20260107_011235.jpg,0
2026-01-07T01:12:35.900043,cam7,/content/drive/MyDrive/TrafficCameraData1/data/cam7/cam7_20260107_011235.jpg,0
2026-01-07T01:12:36.459401,cam8,/content/drive/MyDrive/TrafficCameraData1/data/cam8/cam8_20260107_011236.jpg,0
2026-01-07T01:17:31.533697,cam1,/content/drive/MyDrive/TrafficCameraData1/data/cam1/cam1_20260107_011731.jpg,0
2026-01-07T01:17:32.430957,cam2,/content/drive/MyDrive/TrafficCameraData1/data/cam2/cam2_20260107_011732.jpg,0
2026-01-07T01:17:33.564739,cam3,/content/drive/MyDrive/TrafficCameraData1/data/cam3/cam3_20260107_011733.jpg,0
2026-01-07T01:17:34.269449,cam4,/content/drive/MyDrive/TrafficCameraData1/data/cam4/cam4_20260107_011734.jpg,0
2026-01-07T01:17:34.970348,cam5,/content/drive/MyDrive/TrafficCameraData1/data/cam5/cam5_20260107_011734.jpg,0
2026-01-07T01:17:35.667561,cam6,/content/drive/MyDrive/TrafficCameraData1/data/cam6/cam6_20260107_011735.jpg,0
2026-01-07T01:17:36.372008,cam7,/content/drive/MyDrive/TrafficCameraData1/data/cam7/cam7_20260107_011736.jpg,0
2026-01-07T01:17:37.077380,cam8,/content/drive/MyDrive/TrafficCameraData1/data/cam8/cam8_20260107_011737.jpg,0
2026-01-07T01:22:31.534331,cam1,/content/drive/MyDrive/TrafficCameraData1/data/cam1/cam1_20260107_012231.jpg,0
2026-01-07T01:22:32.423383,cam2,/content/drive/MyDrive/TrafficCameraData1/data/cam2/cam2_20260107_012232.jpg,0
2026-01-07T01:22:33.232337,cam3,/content/drive/MyDrive/TrafficCameraData1/data/cam3/cam3_20260107_012233.jpg,0
2026-01-07T01:22:33.945241,cam4,/content/drive/MyDrive/TrafficCameraData1/data/cam4/cam4_20260107_012233.jpg,0
2026-01-07T01:22:34.706540,cam5,/content/drive/MyDrive/TrafficCameraData1/data/cam5/cam5_20260107_012234.jpg,0
2026-01-07T01:22:35.235832,cam6,/content/drive/MyDrive/TrafficCameraData1/data/cam6/cam6_20260107_012235.jpg,0
2026-01-07T01:22:36.250046,cam7,/content/drive/MyDrive/TrafficCameraData1/data/cam7/cam7_20260107_012236.jpg,0
2026-01-07T01:22:36.964221,cam8,/content/drive/MyDrive/TrafficCameraData1/data/cam8/cam8_20260107_012236.jpg,0
2026-01-07T01:27:31.533950,cam1,/content/drive/MyDrive/TrafficCameraData1/data/cam1/cam1_20260107_012731.jpg,0
2026-01-07T01:27:32.424432,cam2,/content/drive/MyDrive/TrafficCameraData1/data/cam2/cam2_20260107_012732.jpg,0
2026-01-07T01:27:33.218900,cam3,/content/drive/MyDrive/TrafficCameraData1/data/cam3/cam3_20260107_012733.jpg,0
2026-01-07T01:27:33.933992,cam4,/content/drive/MyDrive/TrafficCameraData1/data/cam4/cam4_20260107_012733.jpg,0
2026-01-07T01:27:34.689733,cam5,/content/drive/MyDrive/TrafficCameraData1/data/cam5/cam5_20260107_012734.jpg,0
2026-01-07T01:27:35.227740,cam6,/content/drive/MyDrive/TrafficCameraData1/data/cam6/cam6_20260107_012735.jpg,0
2026-01-07T01:27:35.948290,cam7,/content/drive/MyDrive/TrafficCameraData1/data/cam7/cam7_20260107_012735.jpg,0
2026-01-07T01:27:36.496789,cam8,/content/drive/MyDrive/TrafficCameraData1/data/cam8/cam8_20260107_012736.jpg,0
2026-01-07T01:32:31.534179,cam1,/content/drive/MyDrive/TrafficCameraData1/data/cam1/cam1_20260107_013231.jpg,0
2026-01-07T01:32:32.665110,cam2,/content/drive/MyDrive/TrafficCameraData1/data/cam2/cam2_20260107_013232.jpg,0
2026-01-07T01:32:33.380365,cam3,/content/drive/MyDrive/TrafficCameraData1/data/cam3/cam3_20260107_013233.jpg,0
2026-01-07T01:32:34.084870,cam4,/content/drive/MyDrive/TrafficCameraData1/data/cam4/cam4_20260107_013234.jpg,0
2026-01-07T01:32:34.904125,cam5,/content/drive/MyDrive/TrafficCameraData1/data/cam5/cam5_20260107_013234.jpg,0
2026-01-07T01:32:36.128545,cam6,/content/drive/MyDrive/TrafficCameraData1/data/cam6/cam6_20260107_013236.jpg,0
2026-01-07T01:32:37.869714,cam7,/content/drive/MyDrive/TrafficCameraData1/data/cam7/cam7_20260107_013237.jpg,0
2026-01-07T01:32:38.975879,cam8,/content/drive/MyDrive/TrafficCameraData1/data/cam8/cam8_20260107_013238.jpg,0
2026-01-07T01:37:31.534508,cam1,/content/drive/MyDrive/TrafficCameraData1/data/cam1/cam1_20260107_013731.jpg,0
2026-01-07T01:37:32.239857,cam2,/content/drive/MyDrive/TrafficCameraData1/data/cam2/cam2_20260107_013732.jpg,0
2026-01-07T01:37:32.942457,cam3,/content/drive/MyDrive/TrafficCameraData1/data/cam3/cam3_20260107_013732.jpg,0
2026-01-07T01:37:33.651109,cam4,/content/drive/MyDrive/TrafficCameraData1/data/cam4/cam4_20260107_013733.jpg,0
2026-01-07T01:37:34.363061,cam5,/content/drive/MyDrive/TrafficCameraData1/data/cam5/cam5_20260107_013734.jpg,0
2026-01-07T01:37:35.086379,cam6,/content/drive/MyDrive/TrafficCameraData1/data/cam6/cam6_20260107_013735.jpg,0
2026-01-07T01:37:35.800136,cam7,/content/drive/MyDrive/TrafficCameraData1/data/cam7/cam7_20260107_013735.jpg,0
2026-01-07T01:37:36.345547,cam8,/content/drive/MyDrive/TrafficCameraData1/data/cam8/cam8_20260107_013736.jpg,0
2026-01-07T01:42:31.534736,cam1,/content/drive/MyDrive/TrafficCameraData1/data/cam1/cam1_20260107_014231.jpg,0
2026-01-07T01:42:32.461877,cam2,/content/drive/MyDrive/TrafficCameraData1/data/cam2/cam2_20260107_014232.jpg,0
2026-01-07T01:42:33.208455,cam3,/content/drive/MyDrive/TrafficCameraData1/data/cam3/cam3_20260107_014233.jpg,0
2026-01-07T01:42:33.941079,cam4,/content/drive/MyDrive/TrafficCameraData1/data/cam4/cam4_20260107_014233.jpg,0
2026-01-07T01:42:34.687903,cam5,/content/drive/MyDrive/TrafficCameraData1/data/cam5/cam5_20260107_014234.jpg,0
2026-01-07T01:42:35.256955,cam6,/content/drive/MyDrive/TrafficCameraData1/data/cam6/cam6_20260107_014235.jpg,0
2026-01-07T01:42:35.964636,cam7,/content/drive/MyDrive/TrafficCameraData1/data/cam7/cam7_20260107_014235.jpg,0
2026-01-07T01:42:36.984558,cam8,/content/drive/MyDrive/TrafficCameraData1/data/cam8/cam8_20260107_014236.jpg,0
2026-01-07T01:47:31.535042,cam1,/content/drive/MyDrive/TrafficCameraData1/data/cam1/cam1_20260107_014731.jpg,0
2026-01-07T01:47:32.417958,cam2,/content/drive/MyDrive/TrafficCameraData1/data/cam2/cam2_20260107_014732.jpg,0
2026-01-07T01:47:33.131318,cam3,/content/drive/MyDrive/TrafficCameraData1/data/cam3/cam3_20260107_014733.jpg,0
2026-01-07T01:47:33.840871,cam4,/content/drive/MyDrive/TrafficCameraData1/data/cam4/cam4_20260107_014733.jpg,0
2026-01-07T01:47:34.666698,cam5,/content/drive/MyDrive/TrafficCameraData1/data/cam5/cam5_20260107_014734.jpg,0
2026-01-07T01:47:35.197000,cam6,/content/drive/MyDrive/TrafficCameraData1/data/cam6/cam6_20260107_014735.jpg,0
2026-01-07T01:47:35.899035,cam7,/content/drive/MyDrive/TrafficCameraData1/data/cam7/cam7_20260107_014735.jpg,0
2026-01-07T01:47:36.599177,cam8,/content/drive/MyDrive/TrafficCameraData1/data/cam8/cam8_20260107_014736.jpg,0
2026-01-07T01:52:31.535579,cam1,/content/drive/MyDrive/TrafficCameraData1/data/cam1/cam1_20260107_015231.jpg,0
2026-01-07T01:52:32.434545,cam2,/content/drive/MyDrive/TrafficCameraData1/data/cam2/cam2_20260107_015232.jpg,0
2026-01-07T01:52:33.183978,cam3,/content/drive/MyDrive/TrafficCameraData1/data/cam3/cam3_20260107_015233.jpg,0
2026-01-07T01:52:33.898292,cam4,/content/drive/MyDrive/TrafficCameraData1/data/cam4/cam4_20260107_015233.jpg,0
2026-01-07T01:52:35.025850,cam5,/content/drive/MyDrive/TrafficCameraData1/data/cam5/cam5_20260107_015235.jpg,0
2026-01-07T01:52:35.559270,cam6,/content/drive/MyDrive/TrafficCameraData1/data/cam6/cam6_20260107_015235.jpg,0
2026-01-07T01:52:36.301274,cam7,/content/drive/MyDrive/TrafficCameraData1/data/cam7/cam7_20260107_015236.jpg,0
2026-01-07T01:52:37.000039,cam8,/content/drive/MyDrive/TrafficCameraData1/data/cam8/cam8_20260107_015237.jpg,0
2026-01-07T01:57:31.536121,cam1,/content/drive/MyDrive/TrafficCameraData1/data/cam1/cam1_20260107_015731.jpg,0
2026-01-07T01:57:32.267240,cam2,/content/drive/MyDrive/TrafficCameraData1/data/cam2/cam2_20260107_015732.jpg,0
2026-01-07T01:57:33.585888,cam3,/content/drive/MyDrive/TrafficCameraData1/data/cam3/cam3_20260107_015733.jpg,0
2026-01-07T01:57:34.300362,cam4,/content/drive/MyDrive/TrafficCameraData1/data/cam4/cam4_20260107_015734.jpg,0
2026-01-07T01:57:35.015883,cam5,/content/drive/MyDrive/TrafficCameraData1/data/cam5/cam5_20260107_015735.jpg,0
2026-01-07T01:57:35.719397,cam6,/content/drive/MyDrive/TrafficCameraData1/data/cam6/cam6_20260107_015735.jpg,0
2026-01-07T01:57:38.299298,cam7,/content/drive/MyDrive/TrafficCameraData1/data/cam7/cam7_20260107_015738.jpg,0
2026-01-07T01:57:39.006250,cam8,/content/drive/MyDrive/TrafficCameraData1/data/cam8/cam8_20260107_015739.jpg,0
2026-01-07T02:02:31.535977,cam1,/content/drive/MyDrive/TrafficCameraData1/data/cam1/cam1_20260107_020231.jpg,0
2026-01-07T02:02:32.414687,cam2,/content/drive/MyDrive/TrafficCameraData1/data/cam2/cam2_20260107_020232.jpg,0
2026-01-07T02:02:33.125242,cam3,/content/drive/MyDrive/TrafficCameraData1/data/cam3/cam3_20260107_020233.jpg,0
2026-01-07T02:02:33.855853,cam4,/content/drive/MyDrive/TrafficCameraData1/data/cam4/cam4_20260107_020233.jpg,0
2026-01-07T02:02:34.559522,cam5,/content/drive/MyDrive/TrafficCameraData1/data/cam5/cam5_20260107_020234.jpg,0
2026-01-07T02:02:35.277815,cam6,/content/drive/MyDrive/TrafficCameraData1/data/cam6/cam6_20260107_020235.jpg,0
2026-01-07T02:02:36.459321,cam7,/content/drive/MyDrive/TrafficCameraData1/data/cam7/cam7_20260107_020236.jpg,0
2026-01-07T02:02:37.161796,cam8,/content/drive/MyDrive/TrafficCameraData1/data/cam8/cam8_20260107_020237.jpg,0
2026-01-07T02:07:31.536477,cam1,/content/drive/MyDrive/TrafficCameraData1/data/cam1/cam1_20260107_020731.jpg,0
2026-01-07T02:07:32.414303,cam2,/content/drive/MyDrive/TrafficCameraData1/data/cam2/cam2_20260107_020732.jpg,0
2026-01-07T02:07:33.126412,cam3,/content/drive/MyDrive/TrafficCameraData1/data/cam3/cam3_20260107_020733.jpg,0
2026-01-07T02:07:34.504194,cam4,/content/drive/MyDrive/TrafficCameraData1/data/cam4/cam4_20260107_020734.jpg,0
2026-01-07T02:07:35.391610,cam5,/content/drive/MyDrive/TrafficCameraData1/data/cam5/cam5_20260107_020735.jpg,0
2026-01-07T02:07:36.118837,cam6,/content/drive/MyDrive/TrafficCameraData1/data/cam6/cam6_20260107_020736.jpg,0
2026-01-07T02:07:36.814929,cam7,/content/drive/MyDrive/TrafficCameraData1/data/cam7/cam7_20260107_020736.jpg,0
2026-01-07T02:07:37.521389,cam8,/content/drive/MyDrive/TrafficCameraData1/data/cam8/cam8_20260107_020737.jpg,0
2026-01-07T02:12:31.537063,cam1,/content/drive/MyDrive/TrafficCameraData1/data/cam1/cam1_20260107_021231.jpg,0
2026-01-07T02:12:32.455737,cam2,/content/drive/MyDrive/TrafficCameraData1/data/cam2/cam2_20260107_021232.jpg,0
2026-01-07T02:12:33.158087,cam3,/content/drive/MyDrive/TrafficCameraData1/data/cam3/cam3_20260107_021233.jpg,0
2026-01-07T02:12:33.887592,cam4,/content/drive/MyDrive/TrafficCameraData1/data/cam4/cam4_20260107_021233.jpg,0
2026-01-07T02:12:34.588782,cam5,/content/drive/MyDrive/TrafficCameraData1/data/cam5/cam5_20260107_021234.jpg,0
2026-01-07T02:12:35.115041,cam6,/content/drive/MyDrive/TrafficCameraData1/data/cam6/cam6_20260107_021235.jpg,0
2026-01-07T02:12:35.831078,cam7,/content/drive/MyDrive/TrafficCameraData1/data/cam7/cam7_20260107_021235.jpg,0
2026-01-07T02:12:36.538596,cam8,/content/drive/MyDrive/TrafficCameraData1/data/cam8/cam8_20260107_021236.jpg,0
2026-01-07T02:19:50.389412,cam1,/content/drive/MyDrive/TrafficCameraData1/data/cam1/cam1_20260107_021950.jpg,0
2026-01-07T02:19:50.933666,cam2,/content/drive/MyDrive/TrafficCameraData1/data/cam2/cam2_20260107_021950.jpg,0
2026-01-07T02:19:51.487968,cam3,/content/drive/MyDrive/TrafficCameraData1/data/cam3/cam3_20260107_021951.jpg,0
2026-01-07T02:19:52.206506,cam4,/content/drive/MyDrive/TrafficCameraData1/data/cam4/cam4_20260107_021952.jpg,0
2026-01-07T02:19:52.742660,cam5,/content/drive/MyDrive/TrafficCameraData1/data/cam5/cam5_20260107_021952.jpg,0
2026-01-07T02:19:53.280978,cam6,/content/drive/MyDrive/TrafficCameraData1/data/cam6/cam6_20260107_021953.jpg,0
2026-01-07T02:19:53.997081,cam7,/content/drive/MyDrive/TrafficCameraData1/data/cam7/cam7_20260107_021953.jpg,0
2026-01-07T02:19:54.715179,cam8,/content/drive/MyDrive/TrafficCameraData1/data/cam8/cam8_20260107_021954.jpg,0
2026-01-07T02:24:50.390749,cam1,/content/drive/MyDrive/TrafficCameraData1/data/cam1/cam1_20260107_022450.jpg,0
2026-01-07T02:24:51.315467,cam2,/content/drive/MyDrive/TrafficCameraData1/data/cam2/cam2_20260107_022451.jpg,0
2026-01-07T02:24:52.050026,cam3,/content/drive/MyDrive/TrafficCameraData1/data/cam3/cam3_20260107_022452.jpg,0
2026-01-07T02:24:52.837600,cam4,/content/drive/MyDrive/TrafficCameraData1/data/cam4/cam4_20260107_022452.jpg,0
2026-01-07T02:24:53.553880,cam5,/content/drive/MyDrive/TrafficCameraData1/data/cam5/cam5_20260107_022453.jpg,0
2026-01-07T02:24:54.279927,cam6,/content/drive/MyDrive/TrafficCameraData1/data/cam6/cam6_20260107_022454.jpg,0
2026-01-07T02:24:55.015585,cam7,/content/drive/MyDrive/TrafficCameraData1/data/cam7/cam7_20260107_022455.jpg,0
2026-01-07T02:24:55.558340,cam8,/content/drive/MyDrive/TrafficCameraData1/data/cam8/cam8_20260107_022455.jpg,0
2026-01-07T02:29:50.390597,cam1,/content/drive/MyDrive/TrafficCameraData1/data/cam1/cam1_20260107_022950.jpg,0
2026-01-07T02:29:51.277084,cam2,/content/drive/MyDrive/TrafficCameraData1/data/cam2/cam2_20260107_022951.jpg,0
2026-01-07T02:29:51.992309,cam3,/content/drive/MyDrive/TrafficCameraData1/data/cam3/cam3_20260107_022951.jpg,0
2026-01-07T02:29:52.712349,cam4,/content/drive/MyDrive/TrafficCameraData1/data/cam4/cam4_20260107_022952.jpg,0
2026-01-07T02:29:53.433396,cam5,/content/drive/MyDrive/TrafficCameraData1/data/cam5/cam5_20260107_022953.jpg,0
2026-01-07T02:29:54.170251,cam6,/content/drive/MyDrive/TrafficCameraData1/data/cam6/cam6_20260107_022954.jpg,0
2026-01-07T02:29:54.907988,cam7,/content/drive/MyDrive/TrafficCameraData1/data/cam7/cam7_20260107_022954.jpg,0
2026-01-07T02:29:55.619333,cam8,/content/drive/MyDrive/TrafficCameraData1/data/cam8/cam8_20260107_022955.jpg,0
2026-01-07T02:34:50.391502,cam1,/content/drive/MyDrive/TrafficCameraData1/data/cam1/cam1_20260107_023450.jpg,0
2026-01-07T02:34:51.276478,cam2,/content/drive/MyDrive/TrafficCameraData1/data/cam2/cam2_20260107_023451.jpg,0
2026-01-07T02:34:52.959636,cam3,/content/drive/MyDrive/TrafficCameraData1/data/cam3/cam3_20260107_023452.jpg,0
2026-01-07T02:34:53.682680,cam4,/content/drive/MyDrive/TrafficCameraData1/data/cam4/cam4_20260107_023453.jpg,0
2026-01-07T02:34:54.414180,cam5,/content/drive/MyDrive/TrafficCameraData1/data/cam5/cam5_20260107_023454.jpg,0
2026-01-07T02:34:54.979667,cam6,/content/drive/MyDrive/TrafficCameraData1/data/cam6/cam6_20260107_023454.jpg,0
2026-01-07T02:34:55.699298,cam7,/content/drive/MyDrive/TrafficCameraData1/data/cam7/cam7_20260107_023455.jpg,0
2026-01-07T02:34:56.546876,cam8,/content/drive/MyDrive/TrafficCameraData1/data/cam8/cam8_20260107_023456.jpg,0
2026-01-07T02:39:50.391440,cam1,/content/drive/MyDrive/TrafficCameraData1/data/cam1/cam1_20260107_023950.jpg,0
2026-01-07T02:39:51.295584,cam2,/content/drive/MyDrive/TrafficCameraData1/data/cam2/cam2_20260107_023951.jpg,0
2026-01-07T02:39:52.029355,cam3,/content/drive/MyDrive/TrafficCameraData1/data/cam3/cam3_20260107_023952.jpg,0
2026-01-07T02:39:52.836391,cam4,/content/drive/MyDrive/TrafficCameraData1/data/cam4/cam4_20260107_023952.jpg,0
2026-01-07T02:39:53.576385,cam5,/content/drive/MyDrive/TrafficCameraData1/data/cam5/cam5_20260107_023953.jpg,0
2026-01-07T02:39:54.600488,cam6,/content/drive/MyDrive/TrafficCameraData1/data/cam6/cam6_20260107_023954.jpg,0
2026-01-07T02:39:55.350860,cam7,/content/drive/MyDrive/TrafficCameraData1/data/cam7/cam7_20260107_023955.jpg,0
2026-01-07T02:39:56.379198,cam8,/content/drive/MyDrive/TrafficCameraData1/data/cam8/cam8_20260107_023956.jpg,0
2026-01-07T02:44:50.391919,cam1,/content/drive/MyDrive/TrafficCameraData1/data/cam1/cam1_20260107_024450.jpg,0
2026-01-07T02:44:51.298836,cam2,/content/drive/MyDrive/TrafficCameraData1/data/cam2/cam2_20260107_024451.jpg,0
2026-01-07T02:44:52.023055,cam3,/content/drive/MyDrive/TrafficCameraData1/data/cam3/cam3_20260107_024452.jpg,0
2026-01-07T02:44:52.743676,cam4,/content/drive/MyDrive/TrafficCameraData1/data/cam4/cam4_20260107_024452.jpg,0
2026-01-07T02:44:53.464620,cam5,/content/drive/MyDrive/TrafficCameraData1/data/cam5/cam5_20260107_024453.jpg,0
2026-01-07T02:44:54.029215,cam6,/content/drive/MyDrive/TrafficCameraData1/data/cam6/cam6_20260107_024454.jpg,0
2026-01-07T02:44:54.747543,cam7,/content/drive/MyDrive/TrafficCameraData1/data/cam7/cam7_20260107_024454.jpg,0
2026-01-07T02:44:55.541751,cam8,/content/drive/MyDrive/TrafficCameraData1/data/cam8/cam8_20260107_024455.jpg,0
2026-01-07T02:49:50.391977,cam1,/content/drive/MyDrive/TrafficCameraData1/data/cam1/cam1_20260107_024950.jpg,0
2026-01-07T02:49:51.287194,cam2,/content/drive/MyDrive/TrafficCameraData1/data/cam2/cam2_20260107_024951.jpg,0
2026-01-07T02:49:52.003862,cam3,/content/drive/MyDrive/TrafficCameraData1/data/cam3/cam3_20260107_024952.jpg,0
2026-01-07T02:49:52.737775,cam4,/content/drive/MyDrive/TrafficCameraData1/data/cam4/cam4_20260107_024952.jpg,0
2026-01-07T02:49:53.461822,cam5,/content/drive/MyDrive/TrafficCameraData1/data/cam5/cam5_20260107_024953.jpg,0
2026-01-07T02:49:54.007851,cam6,/content/drive/MyDrive/TrafficCameraData1/data/cam6/cam6_20260107_024954.jpg,0
2026-01-07T02:49:54.750230,cam7,/content/drive/MyDrive/TrafficCameraData1/data/cam7/cam7_20260107_024954.jpg,0
2026-01-07T02:49:55.469967,cam8,/content/drive/MyDrive/TrafficCameraData1/data/cam8/cam8_20260107_024955.jpg,0
2026-01-07T02:54:50.392211,cam1,/content/drive/MyDrive/TrafficCameraData1/data/cam1/cam1_20260107_025450.jpg,0
2026-01-07T02:54:51.105096,cam2,/content/drive/MyDrive/TrafficCameraData1/data/cam2/cam2_20260107_025451.jpg,0
2026-01-07T02:54:51.827605,cam3,/content/drive/MyDrive/TrafficCameraData1/data/cam3/cam3_20260107_025451.jpg,0
2026-01-07T02:54:52.549427,cam4,/content/drive/MyDrive/TrafficCameraData1/data/cam4/cam4_20260107_025452.jpg,0
2026-01-07T02:54:53.267387,cam5,/content/drive/MyDrive/TrafficCameraData1/data/cam5/cam5_20260107_025453.jpg,0
2026-01-07T02:54:53.821238,cam6,/content/drive/MyDrive/TrafficCameraData1/data/cam6/cam6_20260107_025453.jpg,0
2026-01-07T02:54:54.546888,cam7,/content/drive/MyDrive/TrafficCameraData1/data/cam7/cam7_20260107_025454.jpg,0
2026-01-07T02:54:55.264105,cam8,/content/drive/MyDrive/TrafficCameraData1/data/cam8/cam8_20260107_025455.jpg,0
2026-01-07T02:59:50.392653,cam1,/content/drive/MyDrive/TrafficCameraData1/data/cam1/cam1_20260107_025950.jpg,0
2026-01-07T02:59:51.300620,cam2,/content/drive/MyDrive/TrafficCameraData1/data/cam2/cam2_20260107_025951.jpg,0
2026-01-07T02:59:52.014884,cam3,/content/drive/MyDrive/TrafficCameraData1/data/cam3/cam3_20260107_025952.jpg,0
2026-01-07T02:59:52.762916,cam4,/content/drive/MyDrive/TrafficCameraData1/data/cam4/cam4_20260107_025952.jpg,0
2026-01-07T02:59:53.517230,cam5,/content/drive/MyDrive/TrafficCameraData1/data/cam5/cam5_20260107_025953.jpg,0
2026-01-07T02:59:54.225123,cam6,/content/drive/MyDrive/TrafficCameraData1/data/cam6/cam6_20260107_025954.jpg,0
2026-01-07T02:59:54.986013,cam7,/content/drive/MyDrive/TrafficCameraData1/data/cam7/cam7_20260107_025954.jpg,0
2026-01-07T02:59:55.698999,cam8,/content/drive/MyDrive/TrafficCameraData1/data/cam8/cam8_20260107_025955.jpg,0
2026-01-07T03:04:50.393180,cam1,/content/drive/MyDrive/TrafficCameraData1/data/cam1/cam1_20260107_030450.jpg,0
2026-01-07T03:04:51.559561,cam2,/content/drive/MyDrive/TrafficCameraData1/data/cam2/cam2_20260107_030451.jpg,0
2026-01-07T03:04:52.275918,cam3,/content/drive/MyDrive/TrafficCameraData1/data/cam3/cam3_20260107_030452.jpg,0
2026-01-07T03:04:53.486837,cam4,/content/drive/MyDrive/TrafficCameraData1/data/cam4/cam4_20260107_030453.jpg,0
2026-01-07T03:04:54.628257,cam5,/content/drive/MyDrive/TrafficCameraData1/data/cam5/cam5_20260107_030454.jpg,0
2026-01-07T03:04:55.354396,cam6,/content/drive/MyDrive/TrafficCameraData1/data/cam6/cam6_20260107_030455.jpg,0
2026-01-07T03:04:56.318038,cam7,/content/drive/MyDrive/TrafficCameraData1/data/cam7/cam7_20260107_030456.jpg,0
2026-01-07T03:04:57.059330,cam8,/content/drive/MyDrive/TrafficCameraData1/data/cam8/cam8_20260107_030457.jpg,0
2026-01-07T03:09:50.393338,cam1,/content/drive/MyDrive/TrafficCameraData1/data/cam1/cam1_20260107_030950.jpg,0
2026-01-07T03:09:51.280920,cam2,/content/drive/MyDrive/TrafficCameraData1/data/cam2/cam2_20260107_030951.jpg,0
2026-01-07T03:09:52.411068,cam3,/content/drive/MyDrive/TrafficCameraData1/data/cam3/cam3_20260107_030952.jpg,0
2026-01-07T03:09:53.156497,cam4,/content/drive/MyDrive/TrafficCameraData1/data/cam4/cam4_20260107_030953.jpg,0
2026-01-07T03:09:53.873130,cam5,/content/drive/MyDrive/TrafficCameraData1/data/cam5/cam5_20260107_030953.jpg,0
2026-01-07T03:09:54.592191,cam6,/content/drive/MyDrive/TrafficCameraData1/data/cam6/cam6_20260107_030954.jpg,0
2026-01-07T03:09:55.307250,cam7,/content/drive/MyDrive/TrafficCameraData1/data/cam7/cam7_20260107_030955.jpg,0
2026-01-07T03:09:56.034651,cam8,/content/drive/MyDrive/TrafficCameraData1/data/cam8/cam8_20260107_030956.jpg,0
2026-01-07T03:14:50.393531,cam1,/content/drive/MyDrive/TrafficCameraData1/data/cam1/cam1_20260107_031450.jpg,0
2026-01-07T03:14:51.286505,cam2,/content/drive/MyDrive/TrafficCameraData1/data/cam2/cam2_20260107_031451.jpg,0
2026-01-07T03:14:52.004535,cam3,/content/drive/MyDrive/TrafficCameraData1/data/cam3/cam3_20260107_031452.jpg,0
2026-01-07T03:14:52.730602,cam4,/content/drive/MyDrive/TrafficCameraData1/data/cam4/cam4_20260107_031452.jpg,0
2026-01-07T03:14:53.443816,cam5,/content/drive/MyDrive/TrafficCameraData1/data/cam5/cam5_20260107_031453.jpg,0
2026-01-07T03:14:54.031856,cam6,/content/drive/MyDrive/TrafficCameraData1/data/cam6/cam6_20260107_031454.jpg,0
2026-01-07T03:14:54.771089,cam7,/content/drive/MyDrive/TrafficCameraData1/data/cam7/cam7_20260107_031454.jpg,0
2026-01-07T03:14:55.309048,cam8,/content/drive/MyDrive/TrafficCameraData1/data/cam8/cam8_20260107_031455.jpg,0
2026-01-07T03:19:50.393784,cam1,/content/drive/MyDrive/TrafficCameraData1/data/cam1/cam1_20260107_031950.jpg,0
2026-01-07T03:19:51.106446,cam2,/content/drive/MyDrive/TrafficCameraData1/data/cam2/cam2_20260107_031951.jpg,0
2026-01-07T03:19:51.831219,cam3,/content/drive/MyDrive/TrafficCameraData1/data/cam3/cam3_20260107_031951.jpg,0
2026-01-07T03:19:52.571340,cam4,/content/drive/MyDrive/TrafficCameraData1/data/cam4/cam4_20260107_031952.jpg,0
2026-01-07T03:19:53.375456,cam5,/content/drive/MyDrive/TrafficCameraData1/data/cam5/cam5_20260107_031953.jpg,0
2026-01-07T03:19:54.309033,cam6,/content/drive/MyDrive/TrafficCameraData1/data/cam6/cam6_20260107_031954.jpg,0
2026-01-07T03:19:55.051124,cam7,/content/drive/MyDrive/TrafficCameraData1/data/cam7/cam7_20260107_031955.jpg,0
2026-01-07T03:19:55.830189,cam8,/content/drive/MyDrive/TrafficCameraData1/data/cam8/cam8_20260107_031955.jpg,0
2026-01-07T03:24:50.395403,cam1,/content/drive/MyDrive/TrafficCameraData1/data/cam1/cam1_20260107_032450.jpg,0
2026-01-07T03:24:51.285328,cam2,/content/drive/MyDrive/TrafficCameraData1/data/cam2/cam2_20260107_032451.jpg,0
2026-01-07T03:24:52.018966,cam3,/content/drive/MyDrive/TrafficCameraData1/data/cam3/cam3_20260107_032452.jpg,0
2026-01-07T03:24:52.735175,cam4,/content/drive/MyDrive/TrafficCameraData1/data/cam4/cam4_20260107_032452.jpg,0
2026-01-07T03:24:53.448260,cam5,/content/drive/MyDrive/TrafficCameraData1/data/cam5/cam5_20260107_032453.jpg,0
2026-01-07T03:24:53.990257,cam6,/content/drive/MyDrive/TrafficCameraData1/data/cam6/cam6_20260107_032453.jpg,0
2026-01-07T03:24:54.701235,cam7,/content/drive/MyDrive/TrafficCameraData1/data/cam7/cam7_20260107_032454.jpg,0
2026-01-07T03:24:55.231760,cam8,/content/drive/MyDrive/TrafficCameraData1/data/cam8/cam8_20260107_032455.jpg,0
2026-01-07T03:29:50.395655,cam1,/content/drive/MyDrive/TrafficCameraData1/data/cam1/cam1_20260107_032950.jpg,0
2026-01-07T03:29:51.289757,cam2,/content/drive/MyDrive/TrafficCameraData1/data/cam2/cam2_20260107_032951.jpg,0
2026-01-07T03:29:52.007508,cam3,/content/drive/MyDrive/TrafficCameraData1/data/cam3/cam3_20260107_032952.jpg,0
2026-01-07T03:29:52.722454,cam4,/content/drive/MyDrive/TrafficCameraData1/data/cam4/cam4_20260107_032952.jpg,0
2026-01-07T03:29:53.429235,cam5,/content/drive/MyDrive/TrafficCameraData1/data/cam5/cam5_20260107_032953.jpg,0
2026-01-07T03:29:53.959960,cam6,/content/drive/MyDrive/TrafficCameraData1/data/cam6/cam6_20260107_032953.jpg,0
2026-01-07T03:29:54.672345,cam7,/content/drive/MyDrive/TrafficCameraData1/data/cam7/cam7_20260107_032954.jpg,0
2026-01-07T03:29:55.237199,cam8,/content/drive/MyDrive/TrafficCameraData1/data/cam8/cam8_20260107_032955.jpg,0
2026-01-07T03:34:50.396133,cam1,/content/drive/MyDrive/TrafficCameraData1/data/cam1/cam1_20260107_033450.jpg,0
2026-01-07T03:34:51.286512,cam2,/content/drive/MyDrive/TrafficCameraData1/data/cam2/cam2_20260107_033451.jpg,0
2026-01-07T03:34:52.001371,cam3,/content/drive/MyDrive/TrafficCameraData1/data/cam3/cam3_20260107_033452.jpg,0
2026-01-07T03:34:52.731890,cam4,/content/drive/MyDrive/TrafficCameraData1/data/cam4/cam4_20260107_033452.jpg,0
2026-01-07T03:34:53.446455,cam5,/content/drive/MyDrive/TrafficCameraData1/data/cam5/cam5_20260107_033453.jpg,0
2026-01-07T03:34:53.983298,cam6,/content/drive/MyDrive/TrafficCameraData1/data/cam6/cam6_20260107_033453.jpg,0
2026-01-07T03:34:54.717281,cam7,/content/drive/MyDrive/TrafficCameraData1/data/cam7/cam7_20260107_033454.jpg,0
2026-01-07T03:34:55.434191,cam8,/content/drive/MyDrive/TrafficCameraData1/data/cam8/cam8_20260107_033455.jpg,0
2026-01-07T03:39:50.396771,cam1,/content/drive/MyDrive/TrafficCameraData1/data/cam1/cam1_20260107_033950.jpg,0
2026-01-07T03:39:51.318475,cam2,/content/drive/MyDrive/TrafficCameraData1/data/cam2/cam2_20260107_033951.jpg,0
2026-01-07T03:39:52.031197,cam3,/content/drive/MyDrive/TrafficCameraData1/data/cam3/cam3_20260107_033952.jpg,0
2026-01-07T03:39:52.760406,cam4,/content/drive/MyDrive/TrafficCameraData1/data/cam4/cam4_20260107_033952.jpg,0
2026-01-07T03:39:53.490980,cam5,/content/drive/MyDrive/TrafficCameraData1/data/cam5/cam5_20260107_033953.jpg,0
2026-01-07T03:39:54.025422,cam6,/content/drive/MyDrive/TrafficCameraData1/data/cam6/cam6_20260107_033954.jpg,0
2026-01-07T03:39:54.787232,cam7,/content/drive/MyDrive/TrafficCameraData1/data/cam7/cam7_20260107_033954.jpg,0
2026-01-07T03:39:55.498058,cam8,/content/drive/MyDrive/TrafficCameraData1/data/cam8/cam8_20260107_033955.jpg,0
2026-01-07T03:44:50.396804,cam1,/content/drive/MyDrive/TrafficCameraData1/data/cam1/cam1_20260107_034450.jpg,0
2026-01-07T03:44:52.111277,cam2,/content/drive/MyDrive/TrafficCameraData1/data/cam2/cam2_20260107_034452.jpg,0
2026-01-07T03:44:52.833228,cam3,/content/drive/MyDrive/TrafficCameraData1/data/cam3/cam3_20260107_034452.jpg,0
2026-01-07T03:44:53.625298,cam4,/content/drive/MyDrive/TrafficCameraData1/data/cam4/cam4_20260107_034453.jpg,0
2026-01-07T03:44:54.342552,cam5,/content/drive/MyDrive/TrafficCameraData1/data/cam5/cam5_20260107_034454.jpg,0
2026-01-07T03:44:54.894826,cam6,/content/drive/MyDrive/TrafficCameraData1/data/cam6/cam6_20260107_034454.jpg,0
2026-01-07T03:44:56.078636,cam7,/content/drive/MyDrive/TrafficCameraData1/data/cam7/cam7_20260107_034456.jpg,0
2026-01-07T03:44:56.805289,cam8,/content/drive/MyDrive/TrafficCameraData1/data/cam8/cam8_20260107_034456.jpg,0
2026-01-07T03:49:50.397406,cam1,/content/drive/MyDrive/TrafficCameraData1/data/cam1/cam1_20260107_034950.jpg,0
2026-01-07T03:49:55.332594,cam2,/content/drive/MyDrive/TrafficCameraData1/data/cam2/cam2_20260107_034955.jpg,0
2026-01-07T03:49:56.100880,cam3,/content/drive/MyDrive/TrafficCameraData1/data/cam3/cam3_20260107_034956.jpg,0
2026-01-07T03:49:57.040772,cam4,/content/drive/MyDrive/TrafficCameraData1/data/cam4/cam4_20260107_034957.jpg,0
2026-01-07T03:49:58.659683,cam5,/content/drive/MyDrive/TrafficCameraData1/data/cam5/cam5_20260107_034958.jpg,0
2026-01-07T03:49:59.972026,cam6,/content/drive/MyDrive/TrafficCameraData1/data/cam6/cam6_20260107_034959.jpg,0
2026-01-07T03:50:01.724456,cam7,/content/drive/MyDrive/TrafficCameraData1/data/cam7/cam7_20260107_035001.jpg,0
2026-01-07T03:50:02.457611,cam8,/content/drive/MyDrive/TrafficCameraData1/data/cam8/cam8_20260107_035002.jpg,0
2026-01-07T03:54:50.397979,cam1,/content/drive/MyDrive/TrafficCameraData1/data/cam1/cam1_20260107_035450.jpg,0
2026-01-07T03:54:51.302656,cam2,/content/drive/MyDrive/TrafficCameraData1/data/cam2/cam2_20260107_035451.jpg,0
2026-01-07T03:54:52.036610,cam3,/content/drive/MyDrive/TrafficCameraData1/data/cam3/cam3_20260107_035452.jpg,0
2026-01-07T03:54:52.771674,cam4,/content/drive/MyDrive/TrafficCameraData1/data/cam4/cam4_20260107_035452.jpg,0
2026-01-07T03:54:53.491656,cam5,/content/drive/MyDrive/TrafficCameraData1/data/cam5/cam5_20260107_035453.jpg,0
2026-01-07T03:54:54.209570,cam6,/content/drive/MyDrive/TrafficCameraData1/data/cam6/cam6_20260107_035454.jpg,0
2026-01-07T03:54:54.936974,cam7,/content/drive/MyDrive/TrafficCameraData1/data/cam7/cam7_20260107_035454.jpg,0
2026-01-07T03:54:55.678364,cam8,/content/drive/MyDrive/TrafficCameraData1/data/cam8/cam8_20260107_035455.jpg,0
2026-01-07T03:59:50.397970,cam1,/content/drive/MyDrive/TrafficCameraData1/data/cam1/cam1_20260107_035950.jpg,0
2026-01-07T03:59:51.512077,cam2,/content/drive/MyDrive/TrafficCameraData1/data/cam2/cam2_20260107_035951.jpg,0
2026-01-07T03:59:52.228340,cam3,/content/drive/MyDrive/TrafficCameraData1/data/cam3/cam3_20260107_035952.jpg,0
2026-01-07T03:59:52.948464,cam4,/content/drive/MyDrive/TrafficCameraData1/data/cam4/cam4_20260107_035952.jpg,0
2026-01-07T03:59:53.674365,cam5,/content/drive/MyDrive/TrafficCameraData1/data/cam5/cam5_20260107_035953.jpg,0
2026-01-07T03:59:54.805913,cam6,/content/drive/MyDrive/TrafficCameraData1/data/cam6/cam6_20260107_035954.jpg,0
2026-01-07T03:59:55.532041,cam7,/content/drive/MyDrive/TrafficCameraData1/data/cam7/cam7_20260107_035955.jpg,0
2026-01-07T03:59:56.289503,cam8,/content/drive/MyDrive/TrafficCameraData1/data/cam8/cam8_20260107_035956.jpg,0
2026-01-07T04:04:50.398004,cam1,/content/drive/MyDrive/TrafficCameraData1/data/cam1/cam1_20260107_040450.jpg,0
2026-01-07T04:04:51.106577,cam2,/content/drive/MyDrive/TrafficCameraData1/data/cam2/cam2_20260107_040451.jpg,0
2026-01-07T04:04:51.849473,cam3,/content/drive/MyDrive/TrafficCameraData1/data/cam3/cam3_20260107_040451.jpg,0
2026-01-07T04:04:52.565607,cam4,/content/drive/MyDrive/TrafficCameraData1/data/cam4/cam4_20260107_040452.jpg,0
2026-01-07T04:04:53.306402,cam5,/content/drive/MyDrive/TrafficCameraData1/data/cam5/cam5_20260107_040453.jpg,0
2026-01-07T04:04:53.836805,cam6,/content/drive/MyDrive/TrafficCameraData1/data/cam6/cam6_20260107_040453.jpg,0
2026-01-07T04:04:54.546940,cam7,/content/drive/MyDrive/TrafficCameraData1/data/cam7/cam7_20260107_040454.jpg,0
2026-01-07T04:04:55.257113,cam8,/content/drive/MyDrive/TrafficCameraData1/data/cam8/cam8_20260107_040455.jpg,0
2026-01-07T04:09:50.398671,cam1,/content/drive/MyDrive/TrafficCameraData1/data/cam1/cam1_20260107_040950.jpg,0
2026-01-07T04:09:51.302444,cam2,/content/drive/MyDrive/TrafficCameraData1/data/cam2/cam2_20260107_040951.jpg,0
2026-01-07T04:09:52.037465,cam3,/content/drive/MyDrive/TrafficCameraData1/data/cam3/cam3_20260107_040952.jpg,0
2026-01-07T04:09:52.758657,cam4,/content/drive/MyDrive/TrafficCameraData1/data/cam4/cam4_20260107_040952.jpg,0
2026-01-07T04:09:53.478376,cam5,/content/drive/MyDrive/TrafficCameraData1/data/cam5/cam5_20260107_040953.jpg,0
2026-01-07T04:09:54.017106,cam6,/content/drive/MyDrive/TrafficCameraData1/data/cam6/cam6_20260107_040954.jpg,0
2026-01-07T04:09:54.738750,cam7,/content/drive/MyDrive/TrafficCameraData1/data/cam7/cam7_20260107_040954.jpg,0
2026-01-07T04:09:56.193236,cam8,/content/drive/MyDrive/TrafficCameraData1/data/cam8/cam8_20260107_040956.jpg,0
2026-01-07T04:14:50.398450,cam1,/content/drive/MyDrive/TrafficCameraData1/data/cam1/cam1_20260107_041450.jpg,0
2026-01-07T04:14:58.659641,cam2,/content/drive/MyDrive/TrafficCameraData1/data/cam2/cam2_20260107_041458.jpg,0
2026-01-07T04:14:59.371706,cam3,/content/drive/MyDrive/TrafficCameraData1/data/cam3/cam3_20260107_041459.jpg,0
2026-01-07T04:15:00.081947,cam4,/content/drive/MyDrive/TrafficCameraData1/data/cam4/cam4_20260107_041500.jpg,0
2026-01-07T04:15:00.922014,cam5,/content/drive/MyDrive/TrafficCameraData1/data/cam5/cam5_20260107_041500.jpg,0
2026-01-07T04:15:01.636274,cam6,/content/drive/MyDrive/TrafficCameraData1/data/cam6/cam6_20260107_041501.jpg,0
2026-01-07T04:15:02.347026,cam7,/content/drive/MyDrive/TrafficCameraData1/data/cam7/cam7_20260107_041502.jpg,0
2026-01-07T04:15:03.047915,cam8,/content/drive/MyDrive/TrafficCameraData1/data/cam8/cam8_20260107_041503.jpg,0
2026-01-07T04:19:50.398704,cam1,/content/drive/MyDrive/TrafficCameraData1/data/cam1/cam1_20260107_041950.jpg,0
2026-01-07T04:19:51.271900,cam2,/content/drive/MyDrive/TrafficCameraData1/data/cam2/cam2_20260107_041951.jpg,0
2026-01-07T04:19:52.086070,cam3,/content/drive/MyDrive/TrafficCameraData1/data/cam3/cam3_20260107_041952.jpg,0
2026-01-07T04:19:52.796219,cam4,/content/drive/MyDrive/TrafficCameraData1/data/cam4/cam4_20260107_041952.jpg,0
2026-01-07T04:19:53.505164,cam5,/content/drive/MyDrive/TrafficCameraData1/data/cam5/cam5_20260107_041953.jpg,0
2026-01-07T04:19:54.218494,cam6,/content/drive/MyDrive/TrafficCameraData1/data/cam6/cam6_20260107_041954.jpg,0
2026-01-07T04:19:54.918805,cam7,/content/drive/MyDrive/TrafficCameraData1/data/cam7/cam7_20260107_041954.jpg,0
2026-01-07T04:19:55.629053,cam8,/content/drive/MyDrive/TrafficCameraData1/data/cam8/cam8_20260107_041955.jpg,0
2026-01-07T04:24:50.398766,cam1,/content/drive/MyDrive/TrafficCameraData1/data/cam1/cam1_20260107_042450.jpg,0
2026-01-07T04:24:51.121771,cam2,/content/drive/MyDrive/TrafficCameraData1/data/cam2/cam2_20260107_042451.jpg,0
2026-01-07T04:24:51.841472,cam3,/content/drive/MyDrive/TrafficCameraData1/data/cam3/cam3_20260107_042451.jpg,0
2026-01-07T04:24:52.557484,cam4,/content/drive/MyDrive/TrafficCameraData1/data/cam4/cam4_20260107_042452.jpg,0
2026-01-07T04:24:53.278843,cam5,/content/drive/MyDrive/TrafficCameraData1/data/cam5/cam5_20260107_042453.jpg,0
2026-01-07T04:24:53.804260,cam6,/content/drive/MyDrive/TrafficCameraData1/data/cam6/cam6_20260107_042453.jpg,0
2026-01-07T04:24:54.514686,cam7,/content/drive/MyDrive/TrafficCameraData1/data/cam7/cam7_20260107_042454.jpg,0
2026-01-07T04:24:55.220013,cam8,/content/drive/MyDrive/TrafficCameraData1/data/cam8/cam8_20260107_042455.jpg,0
2026-01-07T04:29:50.399953,cam1,/content/drive/MyDrive/TrafficCameraData1/data/cam1/cam1_20260107_042950.jpg,0
2026-01-07T04:29:51.280763,cam2,/content/drive/MyDrive/TrafficCameraData1/data/cam2/cam2_20260107_042951.jpg,0
2026-01-07T04:29:52.000934,cam3,/content/drive/MyDrive/TrafficCameraData1/data/cam3/cam3_20260107_042952.jpg,0
2026-01-07T04:29:52.710939,cam4,/content/drive/MyDrive/TrafficCameraData1/data/cam4/cam4_20260107_042952.jpg,0
2026-01-07T04:29:53.419901,cam5,/content/drive/MyDrive/TrafficCameraData1/data/cam5/cam5_20260107_042953.jpg,0
2026-01-07T04:29:54.683010,cam6,/content/drive/MyDrive/TrafficCameraData1/data/cam6/cam6_20260107_042954.jpg,0
2026-01-07T04:29:55.392226,cam7,/content/drive/MyDrive/TrafficCameraData1/data/cam7/cam7_20260107_042955.jpg,0
2026-01-07T04:29:56.108505,cam8,/content/drive/MyDrive/TrafficCameraData1/data/cam8/cam8_20260107_042956.jpg,0
2026-01-07T04:34:50.399685,cam1,/content/drive/MyDrive/TrafficCameraData1/data/cam1/cam1_20260107_043450.jpg,0
2026-01-07T04:34:51.271895,cam2,/content/drive/MyDrive/TrafficCameraData1/data/cam2/cam2_20260107_043451.jpg,0
2026-01-07T04:34:51.975922,cam3,/content/drive/MyDrive/TrafficCameraData1/data/cam3/cam3_20260107_043451.jpg,0
2026-01-07T04:34:53.231006,cam4,/content/drive/MyDrive/TrafficCameraData1/data/cam4/cam4_20260107_043453.jpg,0
2026-01-07T04:34:53.947241,cam5,/content/drive/MyDrive/TrafficCameraData1/data/cam5/cam5_20260107_043453.jpg,0
2026-01-07T04:34:54.647319,cam6,/content/drive/MyDrive/TrafficCameraData1/data/cam6/cam6_20260107_043454.jpg,0
2026-01-07T04:34:55.349790,cam7,/content/drive/MyDrive/TrafficCameraData1/data/cam7/cam7_20260107_043455.jpg,0
2026-01-07T04:34:56.053450,cam8,/content/drive/MyDrive/TrafficCameraData1/data/cam8/cam8_20260107_043456.jpg,0
2026-01-07T04:39:50.400344,cam1,/content/drive/MyDrive/TrafficCameraData1/data/cam1/cam1_20260107_043950.jpg,0
2026-01-07T04:39:51.279906,cam2,/content/drive/MyDrive/TrafficCameraData1/data/cam2/cam2_20260107_043951.jpg,0
2026-01-07T04:39:51.989006,cam3,/content/drive/MyDrive/TrafficCameraData1/data/cam3/cam3_20260107_043951.jpg,0
2026-01-07T04:39:52.716100,cam4,/content/drive/MyDrive/TrafficCameraData1/data/cam4/cam4_20260107_043952.jpg,0
2026-01-07T04:39:53.416924,cam5,/content/drive/MyDrive/TrafficCameraData1/data/cam5/cam5_20260107_043953.jpg,0
2026-01-07T04:39:54.128744,cam6,/content/drive/MyDrive/TrafficCameraData1/data/cam6/cam6_20260107_043954.jpg,0
2026-01-07T04:39:54.846077,cam7,/content/drive/MyDrive/TrafficCameraData1/data/cam7/cam7_20260107_043954.jpg,0
2026-01-07T04:39:55.548235,cam8,/content/drive/MyDrive/TrafficCameraData1/data/cam8/cam8_20260107_043955.jpg,0
2026-01-07T04:44:50.400539,cam1,/content/drive/MyDrive/TrafficCameraData1/data/cam1/cam1_20260107_044450.jpg,0
2026-01-07T04:44:59.338961,cam2,/content/drive/MyDrive/TrafficCameraData1/data/cam2/cam2_20260107_044459.jpg,0
2026-01-07T04:45:00.937969,cam3,/content/drive/MyDrive/TrafficCameraData1/data/cam3/cam3_20260107_044500.jpg,0
2026-01-07T04:45:01.701275,cam4,/content/drive/MyDrive/TrafficCameraData1/data/cam4/cam4_20260107_044501.jpg,0
2026-01-07T04:45:02.430641,cam5,/content/drive/MyDrive/TrafficCameraData1/data/cam5/cam5_20260107_044502.jpg,0
2026-01-07T04:45:03.047127,cam6,/content/drive/MyDrive/TrafficCameraData1/data/cam6/cam6_20260107_044503.jpg,0
2026-01-07T04:45:03.813427,cam7,/content/drive/MyDrive/TrafficCameraData1/data/cam7/cam7_20260107_044503.jpg,0
2026-01-07T04:45:04.593622,cam8,/content/drive/MyDrive/TrafficCameraData1/data/cam8/cam8_20260107_044504.jpg,0
2026-01-07T04:49:50.400783,cam1,/content/drive/MyDrive/TrafficCameraData1/data/cam1/cam1_20260107_044950.jpg,0
2026-01-07T04:49:51.340524,cam2,/content/drive/MyDrive/TrafficCameraData1/data/cam2/cam2_20260107_044951.jpg,0
2026-01-07T04:49:52.051224,cam3,/content/drive/MyDrive/TrafficCameraData1/data/cam3/cam3_20260107_044952.jpg,0
2026-01-07T04:49:52.781048,cam4,/content/drive/MyDrive/TrafficCameraData1/data/cam4/cam4_20260107_044952.jpg,0
2026-01-07T04:49:53.487213,cam5,/content/drive/MyDrive/TrafficCameraData1/data/cam5/cam5_20260107_044953.jpg,0
2026-01-07T04:49:54.015745,cam6,/content/drive/MyDrive/TrafficCameraData1/data/cam6/cam6_20260107_044954.jpg,0
2026-01-07T04:49:54.726328,cam7,/content/drive/MyDrive/TrafficCameraData1/data/cam7/cam7_20260107_044954.jpg,0
2026-01-07T04:49:55.432740,cam8,/content/drive/MyDrive/TrafficCameraData1/data/cam8/cam8_20260107_044955.jpg,0
2026-01-07T04:54:50.401254,cam1,/content/drive/MyDrive/TrafficCameraData1/data/cam1/cam1_20260107_045450.jpg,0
2026-01-07T04:54:51.292220,cam2,/content/drive/MyDrive/TrafficCameraData1/data/cam2/cam2_20260107_045451.jpg,0
2026-01-07T04:54:52.008848,cam3,/content/drive/MyDrive/TrafficCameraData1/data/cam3/cam3_20260107_045452.jpg,0
2026-01-07T04:54:52.734375,cam4,/content/drive/MyDrive/TrafficCameraData1/data/cam4/cam4_20260107_045452.jpg,0
2026-01-07T04:54:53.523582,cam5,/content/drive/MyDrive/TrafficCameraData1/data/cam5/cam5_20260107_045453.jpg,0
2026-01-07T04:54:54.066264,cam6,/content/drive/MyDrive/TrafficCameraData1/data/cam6/cam6_20260107_045454.jpg,0
2026-01-07T04:54:54.775965,cam7,/content/drive/MyDrive/TrafficCameraData1/data/cam7/cam7_20260107_045454.jpg,0
2026-01-07T04:54:55.484834,cam8,/content/drive/MyDrive/TrafficCameraData1/data/cam8/cam8_20260107_045455.jpg,0
2026-01-07T04:59:50.401379,cam1,/content/drive/MyDrive/TrafficCameraData1/data/cam1/cam1_20260107_045950.jpg,0
2026-01-07T04:59:51.135093,cam2,/content/drive/MyDrive/TrafficCameraData1/data/cam2/cam2_20260107_045951.jpg,0
2026-01-07T04:59:51.847889,cam3,/content/drive/MyDrive/TrafficCameraData1/data/cam3/cam3_20260107_045951.jpg,0
2026-01-07T04:59:52.554055,cam4,/content/drive/MyDrive/TrafficCameraData1/data/cam4/cam4_20260107_045952.jpg,0
2026-01-07T04:59:53.262253,cam5,/content/drive/MyDrive/TrafficCameraData1/data/cam5/cam5_20260107_045953.jpg,0
2026-01-07T04:59:53.793832,cam6,/content/drive/MyDrive/TrafficCameraData1/data/cam6/cam6_20260107_045953.jpg,0
2026-01-07T04:59:54.517437,cam7,/content/drive/MyDrive/TrafficCameraData1/data/cam7/cam7_20260107_045954.jpg,0
2026-01-07T04:59:55.272581,cam8,/content/drive/MyDrive/TrafficCameraData1/data/cam8/cam8_20260107_045955.jpg,0
2026-01-07T05:04:50.401998,cam1,/content/drive/MyDrive/TrafficCameraData1/data/cam1/cam1_20260107_050450.jpg,0
2026-01-07T05:04:51.285191,cam2,/content/drive/MyDrive/TrafficCameraData1/data/cam2/cam2_20260107_050451.jpg,0
2026-01-07T05:04:51.995496,cam3,/content/drive/MyDrive/TrafficCameraData1/data/cam3/cam3_20260107_050451.jpg,0
2026-01-07T05:04:54.860732,cam4,/content/drive/MyDrive/TrafficCameraData1/data/cam4/cam4_20260107_050454.jpg,0
2026-01-07T05:04:55.614285,cam5,/content/drive/MyDrive/TrafficCameraData1/data/cam5/cam5_20260107_050455.jpg,0
2026-01-07T05:04:56.432254,cam6,/content/drive/MyDrive/TrafficCameraData1/data/cam6/cam6_20260107_050456.jpg,0
2026-01-07T05:04:57.134904,cam7,/content/drive/MyDrive/TrafficCameraData1/data/cam7/cam7_20260107_050457.jpg,0
2026-01-07T05:04:57.838846,cam8,/content/drive/MyDrive/TrafficCameraData1/data/cam8/cam8_20260107_050457.jpg,0
2026-01-07T05:09:50.402401,cam1,/content/drive/MyDrive/TrafficCameraData1/data/cam1/cam1_20260107_050950.jpg,0
2026-01-07T05:09:51.293582,cam2,/content/drive/MyDrive/TrafficCameraData1/data/cam2/cam2_20260107_050951.jpg,0
2026-01-07T05:09:52.001194,cam3,/content/drive/MyDrive/TrafficCameraData1/data/cam3/cam3_20260107_050952.jpg,0
2026-01-07T05:09:52.727633,cam4,/content/drive/MyDrive/TrafficCameraData1/data/cam4/cam4_20260107_050952.jpg,0
2026-01-07T05:09:54.225750,cam5,/content/drive/MyDrive/TrafficCameraData1/data/cam5/cam5_20260107_050954.jpg,0
2026-01-07T05:09:54.923437,cam6,/content/drive/MyDrive/TrafficCameraData1/data/cam6/cam6_20260107_050954.jpg,0
2026-01-07T05:09:55.629896,cam7,/content/drive/MyDrive/TrafficCameraData1/data/cam7/cam7_20260107_050955.jpg,0
2026-01-07T05:09:56.338293,cam8,/content/drive/MyDrive/TrafficCameraData1/data/cam8/cam8_20260107_050956.jpg,0
2026-01-07T05:14:50.402499,cam1,/content/drive/MyDrive/TrafficCameraData1/data/cam1/cam1_20260107_051450.jpg,0
2026-01-07T05:14:51.295294,cam2,/content/drive/MyDrive/TrafficCameraData1/data/cam2/cam2_20260107_051451.jpg,0
2026-01-07T05:14:52.003945,cam3,/content/drive/MyDrive/TrafficCameraData1/data/cam3/cam3_20260107_051452.jpg,0
2026-01-07T05:14:52.710297,cam4,/content/drive/MyDrive/TrafficCameraData1/data/cam4/cam4_20260107_051452.jpg,0
2026-01-07T05:14:53.416487,cam5,/content/drive/MyDrive/TrafficCameraData1/data/cam5/cam5_20260107_051453.jpg,0
2026-01-07T05:14:53.937998,cam6,/content/drive/MyDrive/TrafficCameraData1/data/cam6/cam6_20260107_051453.jpg,0
2026-01-07T05:14:54.648863,cam7,/content/drive/MyDrive/TrafficCameraData1/data/cam7/cam7_20260107_051454.jpg,0
2026-01-07T05:14:55.353222,cam8,/content/drive/MyDrive/TrafficCameraData1/data/cam8/cam8_20260107_051455.jpg,0
2026-01-07T05:22:24.671418,cam1,/content/drive/MyDrive/TrafficCameraData1/data/cam1/cam1_20260107_052224.jpg,0
2026-01-07T05:22:25.212738,cam2,/content/drive/MyDrive/TrafficCameraData1/data/cam2/cam2_20260107_052225.jpg,0
2026-01-07T05:22:25.759387,cam3,/content/drive/MyDrive/TrafficCameraData1/data/cam3/cam3_20260107_052225.jpg,0
2026-01-07T05:22:26.303314,cam4,/content/drive/MyDrive/TrafficCameraData1/data/cam4/cam4_20260107_052226.jpg,0
2026-01-07T05:22:26.838579,cam5,/content/drive/MyDrive/TrafficCameraData1/data/cam5/cam5_20260107_052226.jpg,0
2026-01-07T05:22:27.597821,cam6,/content/drive/MyDrive/TrafficCameraData1/data/cam6/cam6_20260107_052227.jpg,0
2026-01-07T05:22:28.301076,cam7,/content/drive/MyDrive/TrafficCameraData1/data/cam7/cam7_20260107_052228.jpg,0
2026-01-07T05:22:29.262187,cam8,/content/drive/MyDrive/TrafficCameraData1/data/cam8/cam8_20260107_052229.jpg,0
2026-01-07T05:27:24.672249,cam1,/content/drive/MyDrive/TrafficCameraData1/data/cam1/cam1_20260107_052724.jpg,0
2026-01-07T05:27:25.805781,cam2,/content/drive/MyDrive/TrafficCameraData1/data/cam2/cam2_20260107_052725.jpg,0
2026-01-07T05:27:26.513878,cam3,/content/drive/MyDrive/TrafficCameraData1/data/cam3/cam3_20260107_052726.jpg,0
2026-01-07T05:27:27.234186,cam4,/content/drive/MyDrive/TrafficCameraData1/data/cam4/cam4_20260107_052727.jpg,0
2026-01-07T05:27:27.944312,cam5,/content/drive/MyDrive/TrafficCameraData1/data/cam5/cam5_20260107_052727.jpg,0
2026-01-07T05:27:28.903346,cam6,/content/drive/MyDrive/TrafficCameraData1/data/cam6/cam6_20260107_052728.jpg,0
2026-01-07T05:27:29.629129,cam7,/content/drive/MyDrive/TrafficCameraData1/data/cam7/cam7_20260107_052729.jpg,0
2026-01-07T05:27:30.764765,cam8,/content/drive/MyDrive/TrafficCameraData1/data/cam8/cam8_20260107_052730.jpg,0
2026-01-07T05:32:24.672409,cam1,/content/drive/MyDrive/TrafficCameraData1/data/cam1/cam1_20260107_053224.jpg,0
2026-01-07T05:32:25.682180,cam2,/content/drive/MyDrive/TrafficCameraData1/data/cam2/cam2_20260107_053225.jpg,0
2026-01-07T05:32:26.388979,cam3,/content/drive/MyDrive/TrafficCameraData1/data/cam3/cam3_20260107_053226.jpg,0
2026-01-07T05:32:27.110578,cam4,/content/drive/MyDrive/TrafficCameraData1/data/cam4/cam4_20260107_053227.jpg,0
2026-01-07T05:32:27.824127,cam5,/content/drive/MyDrive/TrafficCameraData1/data/cam5/cam5_20260107_053227.jpg,0
2026-01-07T05:32:28.360088,cam6,/content/drive/MyDrive/TrafficCameraData1/data/cam6/cam6_20260107_053228.jpg,0
2026-01-07T05:32:29.068006,cam7,/content/drive/MyDrive/TrafficCameraData1/data/cam7/cam7_20260107_053229.jpg,0
2026-01-07T05:32:29.781468,cam8,/content/drive/MyDrive/TrafficCameraData1/data/cam8/cam8_20260107_053229.jpg,0
2026-01-07T05:37:24.673578,cam1,/content/drive/MyDrive/TrafficCameraData1/data/cam1/cam1_20260107_053724.jpg,0
2026-01-07T05:37:25.806504,cam2,/content/drive/MyDrive/TrafficCameraData1/data/cam2/cam2_20260107_053725.jpg,0
2026-01-07T05:37:26.954869,cam3,/content/drive/MyDrive/TrafficCameraData1/data/cam3/cam3_20260107_053726.jpg,0
2026-01-07T05:37:27.709456,cam4,/content/drive/MyDrive/TrafficCameraData1/data/cam4/cam4_20260107_053727.jpg,0
2026-01-07T05:37:28.422240,cam5,/content/drive/MyDrive/TrafficCameraData1/data/cam5/cam5_20260107_053728.jpg,0
2026-01-07T05:37:28.956054,cam6,/content/drive/MyDrive/TrafficCameraData1/data/cam6/cam6_20260107_053728.jpg,0
2026-01-07T05:37:30.074442,cam7,/content/drive/MyDrive/TrafficCameraData1/data/cam7/cam7_20260107_053730.jpg,0
2026-01-07T05:37:30.799457,cam8,/content/drive/MyDrive/TrafficCameraData1/data/cam8/cam8_20260107_053730.jpg,0
2026-01-07T05:42:24.672847,cam1,/content/drive/MyDrive/TrafficCameraData1/data/cam1/cam1_20260107_054224.jpg,0
2026-01-07T05:42:25.557852,cam2,/content/drive/MyDrive/TrafficCameraData1/data/cam2/cam2_20260107_054225.jpg,0
2026-01-07T05:42:26.268922,cam3,/content/drive/MyDrive/TrafficCameraData1/data/cam3/cam3_20260107_054226.jpg,0
2026-01-07T05:42:27.006527,cam4,/content/drive/MyDrive/TrafficCameraData1/data/cam4/cam4_20260107_054227.jpg,0
2026-01-07T05:42:28.005676,cam5,/content/drive/MyDrive/TrafficCameraData1/data/cam5/cam5_20260107_054228.jpg,0
2026-01-07T05:42:28.783202,cam6,/content/drive/MyDrive/TrafficCameraData1/data/cam6/cam6_20260107_054228.jpg,0
2026-01-07T05:42:29.494339,cam7,/content/drive/MyDrive/TrafficCameraData1/data/cam7/cam7_20260107_054229.jpg,0
2026-01-07T05:42:30.442852,cam8,/content/drive/MyDrive/TrafficCameraData1/data/cam8/cam8_20260107_054230.jpg,0
2026-01-07T05:47:24.673124,cam1,/content/drive/MyDrive/TrafficCameraData1/data/cam1/cam1_20260107_054724.jpg,0
2026-01-07T05:47:25.614812,cam2,/content/drive/MyDrive/TrafficCameraData1/data/cam2/cam2_20260107_054725.jpg,0
2026-01-07T05:47:26.421313,cam3,/content/drive/MyDrive/TrafficCameraData1/data/cam3/cam3_20260107_054726.jpg,0
2026-01-07T05:47:27.135821,cam4,/content/drive/MyDrive/TrafficCameraData1/data/cam4/cam4_20260107_054727.jpg,0
2026-01-07T05:47:27.844503,cam5,/content/drive/MyDrive/TrafficCameraData1/data/cam5/cam5_20260107_054727.jpg,0
2026-01-07T05:47:28.377090,cam6,/content/drive/MyDrive/TrafficCameraData1/data/cam6/cam6_20260107_054728.jpg,0
2026-01-07T05:47:29.103229,cam7,/content/drive/MyDrive/TrafficCameraData1/data/cam7/cam7_20260107_054729.jpg,0
2026-01-07T05:47:29.641498,cam8,/content/drive/MyDrive/TrafficCameraData1/data/cam8/cam8_20260107_054729.jpg,0
2026-01-07T05:52:24.673541,cam1,/content/drive/MyDrive/TrafficCameraData1/data/cam1/cam1_20260107_055224.jpg,0
2026-01-07T05:52:25.563180,cam2,/content/drive/MyDrive/TrafficCameraData1/data/cam2/cam2_20260107_055225.jpg,0
2026-01-07T05:52:26.270244,cam3,/content/drive/MyDrive/TrafficCameraData1/data/cam3/cam3_20260107_055226.jpg,0
2026-01-07T05:52:27.400447,cam4,/content/drive/MyDrive/TrafficCameraData1/data/cam4/cam4_20260107_055227.jpg,0
2026-01-07T05:52:28.124997,cam5,/content/drive/MyDrive/TrafficCameraData1/data/cam5/cam5_20260107_055228.jpg,0
2026-01-07T05:52:29.069967,cam6,/content/drive/MyDrive/TrafficCameraData1/data/cam6/cam6_20260107_055229.jpg,0
2026-01-07T05:52:29.774329,cam7,/content/drive/MyDrive/TrafficCameraData1/data/cam7/cam7_20260107_055229.jpg,0
2026-01-07T05:52:30.724360,cam8,/content/drive/MyDrive/TrafficCameraData1/data/cam8/cam8_20260107_055230.jpg,0
2026-01-07T05:57:24.673769,cam1,/content/drive/MyDrive/TrafficCameraData1/data/cam1/cam1_20260107_055724.jpg,0
2026-01-07T05:57:25.812024,cam2,/content/drive/MyDrive/TrafficCameraData1/data/cam2/cam2_20260107_055725.jpg,0
2026-01-07T05:57:26.541337,cam3,/content/drive/MyDrive/TrafficCameraData1/data/cam3/cam3_20260107_055726.jpg,0
2026-01-07T05:57:27.262235,cam4,/content/drive/MyDrive/TrafficCameraData1/data/cam4/cam4_20260107_055727.jpg,0
2026-01-07T05:57:27.970820,cam5,/content/drive/MyDrive/TrafficCameraData1/data/cam5/cam5_20260107_055727.jpg,0
2026-01-07T05:57:28.524994,cam6,/content/drive/MyDrive/TrafficCameraData1/data/cam6/cam6_20260107_055728.jpg,0
2026-01-07T05:57:29.230938,cam7,/content/drive/MyDrive/TrafficCameraData1/data/cam7/cam7_20260107_055729.jpg,0
2026-01-07T05:57:29.948792,cam8,/content/drive/MyDrive/TrafficCameraData1/data/cam8/cam8_20260107_055729.jpg,0
2026-01-07T06:02:24.674440,cam1,/content/drive/MyDrive/TrafficCameraData1/data/cam1/cam1_20260107_060224.jpg,0
2026-01-07T06:02:25.561860,cam2,/content/drive/MyDrive/TrafficCameraData1/data/cam2/cam2_20260107_060225.jpg,0
2026-01-07T06:02:26.269264,cam3,/content/drive/MyDrive/TrafficCameraData1/data/cam3/cam3_20260107_060226.jpg,0
2026-01-07T06:02:26.978243,cam4,/content/drive/MyDrive/TrafficCameraData1/data/cam4/cam4_20260107_060226.jpg,0
2026-01-07T06:02:27.688522,cam5,/content/drive/MyDrive/TrafficCameraData1/data/cam5/cam5_20260107_060227.jpg,0
2026-01-07T06:02:28.218035,cam6,/content/drive/MyDrive/TrafficCameraData1/data/cam6/cam6_20260107_060228.jpg,0
2026-01-07T06:02:28.925401,cam7,/content/drive/MyDrive/TrafficCameraData1/data/cam7/cam7_20260107_060228.jpg,0
2026-01-07T06:02:29.871312,cam8,/content/drive/MyDrive/TrafficCameraData1/data/cam8/cam8_20260107_060229.jpg,0
2026-01-07T06:07:24.674997,cam1,/content/drive/MyDrive/TrafficCameraData1/data/cam1/cam1_20260107_060724.jpg,0
2026-01-07T06:07:25.560987,cam2,/content/drive/MyDrive/TrafficCameraData1/data/cam2/cam2_20260107_060725.jpg,0
2026-01-07T06:07:26.670544,cam3,/content/drive/MyDrive/TrafficCameraData1/data/cam3/cam3_20260107_060726.jpg,0
2026-01-07T06:07:27.389413,cam4,/content/drive/MyDrive/TrafficCameraData1/data/cam4/cam4_20260107_060727.jpg,0
2026-01-07T06:07:28.100948,cam5,/content/drive/MyDrive/TrafficCameraData1/data/cam5/cam5_20260107_060728.jpg,0
2026-01-07T06:07:28.638316,cam6,/content/drive/MyDrive/TrafficCameraData1/data/cam6/cam6_20260107_060728.jpg,0
2026-01-07T06:07:29.349417,cam7,/content/drive/MyDrive/TrafficCameraData1/data/cam7/cam7_20260107_060729.jpg,0
2026-01-07T06:07:30.089914,cam8,/content/drive/MyDrive/TrafficCameraData1/data/cam8/cam8_20260107_060730.jpg,0
2026-01-07T06:12:24.675449,cam1,/content/drive/MyDrive/TrafficCameraData1/data/cam1/cam1_20260107_061224.jpg,0
2026-01-07T06:12:25.574873,cam2,/content/drive/MyDrive/TrafficCameraData1/data/cam2/cam2_20260107_061225.jpg,0
2026-01-07T06:12:26.284585,cam3,/content/drive/MyDrive/TrafficCameraData1/data/cam3/cam3_20260107_061226.jpg,0
2026-01-07T06:12:27.001105,cam4,/content/drive/MyDrive/TrafficCameraData1/data/cam4/cam4_20260107_061227.jpg,0
2026-01-07T06:12:27.703758,cam5,/content/drive/MyDrive/TrafficCameraData1/data/cam5/cam5_20260107_061227.jpg,0
2026-01-07T06:12:28.232597,cam6,/content/drive/MyDrive/TrafficCameraData1/data/cam6/cam6_20260107_061228.jpg,0
2026-01-07T06:12:28.972603,cam7,/content/drive/MyDrive/TrafficCameraData1/data/cam7/cam7_20260107_061228.jpg,0
2026-01-07T06:12:29.932740,cam8,/content/drive/MyDrive/TrafficCameraData1/data/cam8/cam8_20260107_061229.jpg,0
2026-01-07T06:17:24.675208,cam1,/content/drive/MyDrive/TrafficCameraData1/data/cam1/cam1_20260107_061724.jpg,0
2026-01-07T06:17:25.784362,cam2,/content/drive/MyDrive/TrafficCameraData1/data/cam2/cam2_20260107_061725.jpg,0
2026-01-07T06:17:27.375124,cam3,/content/drive/MyDrive/TrafficCameraData1/data/cam3/cam3_20260107_061727.jpg,0
2026-01-07T06:17:28.100624,cam4,/content/drive/MyDrive/TrafficCameraData1/data/cam4/cam4_20260107_061728.jpg,0
2026-01-07T06:17:28.825371,cam5,/content/drive/MyDrive/TrafficCameraData1/data/cam5/cam5_20260107_061728.jpg,0
2026-01-07T06:17:29.361262,cam6,/content/drive/MyDrive/TrafficCameraData1/data/cam6/cam6_20260107_061729.jpg,0
2026-01-07T06:17:30.063126,cam7,/content/drive/MyDrive/TrafficCameraData1/data/cam7/cam7_20260107_061730.jpg,0
2026-01-07T06:17:30.994954,cam8,/content/drive/MyDrive/TrafficCameraData1/data/cam8/cam8_20260107_061730.jpg,0
2026-01-07T06:22:24.676100,cam1,/content/drive/MyDrive/TrafficCameraData1/data/cam1/cam1_20260107_062224.jpg,0
2026-01-07T06:22:25.554895,cam2,/content/drive/MyDrive/TrafficCameraData1/data/cam2/cam2_20260107_062225.jpg,0
2026-01-07T06:22:26.269014,cam3,/content/drive/MyDrive/TrafficCameraData1/data/cam3/cam3_20260107_062226.jpg,0
2026-01-07T06:22:27.402314,cam4,/content/drive/MyDrive/TrafficCameraData1/data/cam4/cam4_20260107_062227.jpg,0
2026-01-07T06:22:28.115087,cam5,/content/drive/MyDrive/TrafficCameraData1/data/cam5/cam5_20260107_062228.jpg,0
2026-01-07T06:22:29.047988,cam6,/content/drive/MyDrive/TrafficCameraData1/data/cam6/cam6_20260107_062229.jpg,0
2026-01-07T06:22:29.770828,cam7,/content/drive/MyDrive/TrafficCameraData1/data/cam7/cam7_20260107_062229.jpg,0
2026-01-07T06:22:30.479301,cam8,/content/drive/MyDrive/TrafficCameraData1/data/cam8/cam8_20260107_062230.jpg,0
2026-01-07T06:27:24.675952,cam1,/content/drive/MyDrive/TrafficCameraData1/data/cam1/cam1_20260107_062724.jpg,0
2026-01-07T06:27:25.621414,cam2,/content/drive/MyDrive/TrafficCameraData1/data/cam2/cam2_20260107_062725.jpg,0
2026-01-07T06:27:26.336825,cam3,/content/drive/MyDrive/TrafficCameraData1/data/cam3/cam3_20260107_062726.jpg,0
2026-01-07T06:27:27.233227,cam4,/content/drive/MyDrive/TrafficCameraData1/data/cam4/cam4_20260107_062727.jpg,0
2026-01-07T06:27:28.174230,cam5,/content/drive/MyDrive/TrafficCameraData1/data/cam5/cam5_20260107_062728.jpg,0
2026-01-07T06:27:28.882004,cam6,/content/drive/MyDrive/TrafficCameraData1/data/cam6/cam6_20260107_062728.jpg,0
2026-01-07T06:27:29.591838,cam7,/content/drive/MyDrive/TrafficCameraData1/data/cam7/cam7_20260107_062729.jpg,0
2026-01-07T06:27:30.128519,cam8,/content/drive/MyDrive/TrafficCameraData1/data/cam8/cam8_20260107_062730.jpg,0
2026-01-07T06:32:24.675910,cam1,/content/drive/MyDrive/TrafficCameraData1/data/cam1/cam1_20260107_063224.jpg,0
2026-01-07T06:32:26.665310,cam2,/content/drive/MyDrive/TrafficCameraData1/data/cam2/cam2_20260107_063226.jpg,0
2026-01-07T06:32:27.380960,cam3,/content/drive/MyDrive/TrafficCameraData1/data/cam3/cam3_20260107_063227.jpg,0
2026-01-07T06:32:28.098552,cam4,/content/drive/MyDrive/TrafficCameraData1/data/cam4/cam4_20260107_063228.jpg,0
2026-01-07T06:32:29.217506,cam5,/content/drive/MyDrive/TrafficCameraData1/data/cam5/cam5_20260107_063229.jpg,0
2026-01-07T06:32:29.760075,cam6,/content/drive/MyDrive/TrafficCameraData1/data/cam6/cam6_20260107_063229.jpg,0
2026-01-07T06:32:30.472841,cam7,/content/drive/MyDrive/TrafficCameraData1/data/cam7/cam7_20260107_063230.jpg,0
2026-01-07T06:32:31.450330,cam8,/content/drive/MyDrive/TrafficCameraData1/data/cam8/cam8_20260107_063231.jpg,0
2026-01-07T06:37:24.676596,cam1,/content/drive/MyDrive/TrafficCameraData1/data/cam1/cam1_20260107_063724.jpg,0
2026-01-07T06:37:25.587193,cam2,/content/drive/MyDrive/TrafficCameraData1/data/cam2/cam2_20260107_063725.jpg,0
2026-01-07T06:37:26.723709,cam3,/content/drive/MyDrive/TrafficCameraData1/data/cam3/cam3_20260107_063726.jpg,0
2026-01-07T06:37:27.457880,cam4,/content/drive/MyDrive/TrafficCameraData1/data/cam4/cam4_20260107_063727.jpg,0
2026-01-07T06:37:28.191733,cam5,/content/drive/MyDrive/TrafficCameraData1/data/cam5/cam5_20260107_063728.jpg,0
2026-01-07T06:37:28.915783,cam6,/content/drive/MyDrive/TrafficCameraData1/data/cam6/cam6_20260107_063728.jpg,0
2026-01-07T06:37:30.032122,cam7,/content/drive/MyDrive/TrafficCameraData1/data/cam7/cam7_20260107_063730.jpg,0
2026-01-07T06:37:30.751730,cam8,/content/drive/MyDrive/TrafficCameraData1/data/cam8/cam8_20260107_063730.jpg,0
2026-01-07T06:42:24.676936,cam1,/content/drive/MyDrive/TrafficCameraData1/data/cam1/cam1_20260107_064224.jpg,0
2026-01-07T06:42:25.639892,cam2,/content/drive/MyDrive/TrafficCameraData1/data/cam2/cam2_20260107_064225.jpg,0
2026-01-07T06:42:26.354024,cam3,/content/drive/MyDrive/TrafficCameraData1/data/cam3/cam3_20260107_064226.jpg,0
2026-01-07T06:42:27.066911,cam4,/content/drive/MyDrive/TrafficCameraData1/data/cam4/cam4_20260107_064227.jpg,0
2026-01-07T06:42:27.793606,cam5,/content/drive/MyDrive/TrafficCameraData1/data/cam5/cam5_20260107_064227.jpg,0
2026-01-07T06:42:28.333642,cam6,/content/drive/MyDrive/TrafficCameraData1/data/cam6/cam6_20260107_064228.jpg,0
2026-01-07T06:42:29.043425,cam7,/content/drive/MyDrive/TrafficCameraData1/data/cam7/cam7_20260107_064229.jpg,0
2026-01-07T06:42:30.013467,cam8,/content/drive/MyDrive/TrafficCameraData1/data/cam8/cam8_20260107_064230.jpg,0
2026-01-07T06:47:24.677691,cam1,/content/drive/MyDrive/TrafficCameraData1/data/cam1/cam1_20260107_064724.jpg,0
2026-01-07T06:47:25.597934,cam2,/content/drive/MyDrive/TrafficCameraData1/data/cam2/cam2_20260107_064725.jpg,0
2026-01-07T06:47:26.322547,cam3,/content/drive/MyDrive/TrafficCameraData1/data/cam3/cam3_20260107_064726.jpg,0
2026-01-07T06:47:27.038133,cam4,/content/drive/MyDrive/TrafficCameraData1/data/cam4/cam4_20260107_064727.jpg,0
2026-01-07T06:47:27.778855,cam5,/content/drive/MyDrive/TrafficCameraData1/data/cam5/cam5_20260107_064727.jpg,0
2026-01-07T06:47:28.736034,cam6,/content/drive/MyDrive/TrafficCameraData1/data/cam6/cam6_20260107_064728.jpg,0
2026-01-07T06:47:29.459906,cam7,/content/drive/MyDrive/TrafficCameraData1/data/cam7/cam7_20260107_064729.jpg,0
2026-01-07T06:47:30.164941,cam8,/content/drive/MyDrive/TrafficCameraData1/data/cam8/cam8_20260107_064730.jpg,0
2026-01-07T06:51:17.409304,cam1,/content/drive/MyDrive/TrafficCameraData1/data/cam1/cam1_20260107_065117.jpg,0
2026-01-07T06:51:19.524834,cam2,/content/drive/MyDrive/TrafficCameraData1/data/cam2/cam2_20260107_065119.jpg,0
2026-01-07T06:51:20.992572,cam3,/content/drive/MyDrive/TrafficCameraData1/data/cam3/cam3_20260107_065120.jpg,0
2026-01-07T06:51:22.790703,cam4,/content/drive/MyDrive/TrafficCameraData1/data/cam4/cam4_20260107_065122.jpg,0
2026-01-07T06:51:24.588006,cam5,/content/drive/MyDrive/TrafficCameraData1/data/cam5/cam5_20260107_065124.jpg,0
2026-01-07T06:51:26.061453,cam6,/content/drive/MyDrive/TrafficCameraData1/data/cam6/cam6_20260107_065126.jpg,0
2026-01-07T06:51:28.062462,cam7,/content/drive/MyDrive/TrafficCameraData1/data/cam7/cam7_20260107_065128.jpg,0
2026-01-07T06:51:30.141039,cam8,/content/drive/MyDrive/TrafficCameraData1/data/cam8/cam8_20260107_065130.jpg,0
2026-01-07T06:52:24.677832,cam1,/content/drive/MyDrive/TrafficCameraData1/data/cam1/cam1_20260107_065224.jpg,0
2026-01-07T06:52:26.178324,cam2,/content/drive/MyDrive/TrafficCameraData1/data/cam2/cam2_20260107_065226.jpg,0
2026-01-07T06:52:27.073958,cam3,/content/drive/MyDrive/TrafficCameraData1/data/cam3/cam3_20260107_065227.jpg,0
2026-01-07T06:52:28.196392,cam4,/content/drive/MyDrive/TrafficCameraData1/data/cam4/cam4_20260107_065228.jpg,0
2026-01-07T06:52:28.958703,cam5,/content/drive/MyDrive/TrafficCameraData1/data/cam5/cam5_20260107_065228.jpg,0
2026-01-07T06:52:29.933825,cam6,/content/drive/MyDrive/TrafficCameraData1/data/cam6/cam6_20260107_065229.jpg,0
2026-01-07T06:52:30.662321,cam7,/content/drive/MyDrive/TrafficCameraData1/data/cam7/cam7_20260107_065230.jpg,0
2026-01-07T06:52:31.803314,cam8,/content/drive/MyDrive/TrafficCameraData1/data/cam8/cam8_20260107_065231.jpg,0
2026-01-07T06:56:17.409487,cam1,/content/drive/MyDrive/TrafficCameraData1/data/cam1/cam1_20260107_065617.jpg,0
2026-01-07T06:56:18.951351,cam2,/content/drive/MyDrive/TrafficCameraData1/data/cam2/cam2_20260107_065618.jpg,0
2026-01-07T06:56:20.017375,cam3,/content/drive/MyDrive/TrafficCameraData1/data/cam3/cam3_20260107_065620.jpg,0
2026-01-07T06:56:20.878095,cam4,/content/drive/MyDrive/TrafficCameraData1/data/cam4/cam4_20260107_065620.jpg,0
2026-01-07T06:56:21.688211,cam5,/content/drive/MyDrive/TrafficCameraData1/data/cam5/cam5_20260107_065621.jpg,0
2026-01-07T06:56:22.259476,cam6,/content/drive/MyDrive/TrafficCameraData1/data/cam6/cam6_20260107_065622.jpg,0
2026-01-07T06:56:23.064272,cam7,/content/drive/MyDrive/TrafficCameraData1/data/cam7/cam7_20260107_065623.jpg,0
2026-01-07T06:56:23.875896,cam8,/content/drive/MyDrive/TrafficCameraData1/data/cam8/cam8_20260107_065623.jpg,0
2026-01-07T06:57:24.678206,cam1,/content/drive/MyDrive/TrafficCameraData1/data/cam1/cam1_20260107_065724.jpg,0
2026-01-07T06:57:26.241399,cam2,/content/drive/MyDrive/TrafficCameraData1/data/cam2/cam2_20260107_065726.jpg,0
2026-01-07T06:57:27.123475,cam3,/content/drive/MyDrive/TrafficCameraData1/data/cam3/cam3_20260107_065727.jpg,0
2026-01-07T06:57:27.875928,cam4,/content/drive/MyDrive/TrafficCameraData1/data/cam4/cam4_20260107_065727.jpg,0
2026-01-07T06:57:28.620213,cam5,/content/drive/MyDrive/TrafficCameraData1/data/cam5/cam5_20260107_065728.jpg,0
2026-01-07T06:57:29.167347,cam6,/content/drive/MyDrive/TrafficCameraData1/data/cam6/cam6_20260107_065729.jpg,0
2026-01-07T06:57:29.875493,cam7,/content/drive/MyDrive/TrafficCameraData1/data/cam7/cam7_20260107_065729.jpg,0
2026-01-07T06:57:30.579416,cam8,/content/drive/MyDrive/TrafficCameraData1/data/cam8/cam8_20260107_065730.jpg,0
2026-01-07T07:01:17.409478,cam1,/content/drive/MyDrive/TrafficCameraData1/data/cam1/cam1_20260107_070117.jpg,0
2026-01-07T07:01:18.703495,cam2,/content/drive/MyDrive/TrafficCameraData1/data/cam2/cam2_20260107_070118.jpg,0
2026-01-07T07:01:19.733232,cam3,/content/drive/MyDrive/TrafficCameraData1/data/cam3/cam3_20260107_070119.jpg,0
2026-01-07T07:01:20.536894,cam4,/content/drive/MyDrive/TrafficCameraData1/data/cam4/cam4_20260107_070120.jpg,0
2026-01-07T07:01:21.363645,cam5,/content/drive/MyDrive/TrafficCameraData1/data/cam5/cam5_20260107_070121.jpg,0
2026-01-07T07:01:21.936334,cam6,/content/drive/MyDrive/TrafficCameraData1/data/cam6/cam6_20260107_070121.jpg,0
2026-01-07T07:01:22.736353,cam7,/content/drive/MyDrive/TrafficCameraData1/data/cam7/cam7_20260107_070122.jpg,0
2026-01-07T07:01:23.531231,cam8,/content/drive/MyDrive/TrafficCameraData1/data/cam8/cam8_20260107_070123.jpg,0
2026-01-07T07:02:24.678408,cam1,/content/drive/MyDrive/TrafficCameraData1/data/cam1/cam1_20260107_070224.jpg,0
2026-01-07T07:02:26.679308,cam2,/content/drive/MyDrive/TrafficCameraData1/data/cam2/cam2_20260107_070226.jpg,0
2026-01-07T07:02:27.557350,cam3,/content/drive/MyDrive/TrafficCameraData1/data/cam3/cam3_20260107_070227.jpg,0
2026-01-07T07:02:28.271347,cam4,/content/drive/MyDrive/TrafficCameraData1/data/cam4/cam4_20260107_070228.jpg,0
2026-01-07T07:02:28.985303,cam5,/content/drive/MyDrive/TrafficCameraData1/data/cam5/cam5_20260107_070228.jpg,0
2026-01-07T07:02:29.515556,cam6,/content/drive/MyDrive/TrafficCameraData1/data/cam6/cam6_20260107_070229.jpg,0
2026-01-07T07:02:30.219362,cam7,/content/drive/MyDrive/TrafficCameraData1/data/cam7/cam7_20260107_070230.jpg,0
2026-01-07T07:02:31.220926,cam8,/content/drive/MyDrive/TrafficCameraData1/data/cam8/cam8_20260107_070231.jpg,0
2026-01-07T07:06:17.409663,cam1,/content/drive/MyDrive/TrafficCameraData1/data/cam1/cam1_20260107_070617.jpg,0
2026-01-07T07:06:18.994909,cam2,/content/drive/MyDrive/TrafficCameraData1/data/cam2/cam2_20260107_070618.jpg,0
2026-01-07T07:06:20.016906,cam3,/content/drive/MyDrive/TrafficCameraData1/data/cam3/cam3_20260107_070620.jpg,0
2026-01-07T07:06:20.820332,cam4,/content/drive/MyDrive/TrafficCameraData1/data/cam4/cam4_20260107_070620.jpg,0
2026-01-07T07:06:21.620658,cam5,/content/drive/MyDrive/TrafficCameraData1/data/cam5/cam5_20260107_070621.jpg,0
2026-01-07T07:06:22.223843,cam6,/content/drive/MyDrive/TrafficCameraData1/data/cam6/cam6_20260107_070622.jpg,0
2026-01-07T07:06:23.041127,cam7,/content/drive/MyDrive/TrafficCameraData1/data/cam7/cam7_20260107_070623.jpg,0
2026-01-07T07:06:23.935862,cam8,/content/drive/MyDrive/TrafficCameraData1/data/cam8/cam8_20260107_070623.jpg,0
2026-01-07T07:07:24.678391,cam1,/content/drive/MyDrive/TrafficCameraData1/data/cam1/cam1_20260107_070724.jpg,0
2026-01-07T07:07:26.775192,cam2,/content/drive/MyDrive/TrafficCameraData1/data/cam2/cam2_20260107_070726.jpg,0
2026-01-07T07:07:27.912815,cam3,/content/drive/MyDrive/TrafficCameraData1/data/cam3/cam3_20260107_070727.jpg,0
2026-01-07T07:07:28.648406,cam4,/content/drive/MyDrive/TrafficCameraData1/data/cam4/cam4_20260107_070728.jpg,0
2026-01-07T07:07:29.357894,cam5,/content/drive/MyDrive/TrafficCameraData1/data/cam5/cam5_20260107_070729.jpg,0
2026-01-07T07:07:29.890618,cam6,/content/drive/MyDrive/TrafficCameraData1/data/cam6/cam6_20260107_070729.jpg,0
2026-01-07T07:07:30.601965,cam7,/content/drive/MyDrive/TrafficCameraData1/data/cam7/cam7_20260107_070730.jpg,0
2026-01-07T07:07:31.310489,cam8,/content/drive/MyDrive/TrafficCameraData1/data/cam8/cam8_20260107_070731.jpg,0
2026-01-07T07:11:17.409703,cam1,/content/drive/MyDrive/TrafficCameraData1/data/cam1/cam1_20260107_071117.jpg,0
2026-01-07T07:11:18.830656,cam2,/content/drive/MyDrive/TrafficCameraData1/data/cam2/cam2_20260107_071118.jpg,0
2026-01-07T07:11:19.875205,cam3,/content/drive/MyDrive/TrafficCameraData1/data/cam3/cam3_20260107_071119.jpg,0
2026-01-07T07:11:20.843010,cam4,/content/drive/MyDrive/TrafficCameraData1/data/cam4/cam4_20260107_071120.jpg,0
2026-01-07T07:11:21.660400,cam5,/content/drive/MyDrive/TrafficCameraData1/data/cam5/cam5_20260107_071121.jpg,0
2026-01-07T07:11:22.243724,cam6,/content/drive/MyDrive/TrafficCameraData1/data/cam6/cam6_20260107_071122.jpg,0
2026-01-07T07:11:23.069252,cam7,/content/drive/MyDrive/TrafficCameraData1/data/cam7/cam7_20260107_071123.jpg,0
2026-01-07T07:11:25.015280,cam8,/content/drive/MyDrive/TrafficCameraData1/data/cam8/cam8_20260107_071125.jpg,0
2026-01-07T07:12:24.679318,cam1,/content/drive/MyDrive/TrafficCameraData1/data/cam1/cam1_20260107_071224.jpg,0
2026-01-07T07:12:26.534083,cam2,/content/drive/MyDrive/TrafficCameraData1/data/cam2/cam2_20260107_071226.jpg,0
2026-01-07T07:12:27.422675,cam3,/content/drive/MyDrive/TrafficCameraData1/data/cam3/cam3_20260107_071227.jpg,0
2026-01-07T07:12:28.223451,cam4,/content/drive/MyDrive/TrafficCameraData1/data/cam4/cam4_20260107_071228.jpg,0
2026-01-07T07:12:29.164395,cam5,/content/drive/MyDrive/TrafficCameraData1/data/cam5/cam5_20260107_071229.jpg,0
2026-01-07T07:12:29.887584,cam6,/content/drive/MyDrive/TrafficCameraData1/data/cam6/cam6_20260107_071229.jpg,0
2026-01-07T07:12:31.035431,cam7,/content/drive/MyDrive/TrafficCameraData1/data/cam7/cam7_20260107_071231.jpg,0
2026-01-07T07:12:31.776932,cam8,/content/drive/MyDrive/TrafficCameraData1/data/cam8/cam8_20260107_071231.jpg,0
2026-01-07T07:16:17.409994,cam1,/content/drive/MyDrive/TrafficCameraData1/data/cam1/cam1_20260107_071617.jpg,0
2026-01-07T07:16:18.855605,cam2,/content/drive/MyDrive/TrafficCameraData1/data/cam2/cam2_20260107_071618.jpg,0
2026-01-07T07:16:19.955353,cam3,/content/drive/MyDrive/TrafficCameraData1/data/cam3/cam3_20260107_071619.jpg,0
2026-01-07T07:16:20.810709,cam4,/content/drive/MyDrive/TrafficCameraData1/data/cam4/cam4_20260107_071620.jpg,0
2026-01-07T07:16:21.755588,cam5,/content/drive/MyDrive/TrafficCameraData1/data/cam5/cam5_20260107_071621.jpg,0
2026-01-07T07:16:22.643709,cam6,/content/drive/MyDrive/TrafficCameraData1/data/cam6/cam6_20260107_071622.jpg,0
2026-01-07T07:16:23.497665,cam7,/content/drive/MyDrive/TrafficCameraData1/data/cam7/cam7_20260107_071623.jpg,0
2026-01-07T07:16:24.338546,cam8,/content/drive/MyDrive/TrafficCameraData1/data/cam8/cam8_20260107_071624.jpg,0
2026-01-07T07:17:24.679371,cam1,/content/drive/MyDrive/TrafficCameraData1/data/cam1/cam1_20260107_071724.jpg,0
2026-01-07T07:17:26.432357,cam2,/content/drive/MyDrive/TrafficCameraData1/data/cam2/cam2_20260107_071726.jpg,0
2026-01-07T07:17:27.308809,cam3,/content/drive/MyDrive/TrafficCameraData1/data/cam3/cam3_20260107_071727.jpg,0
2026-01-07T07:17:28.034097,cam4,/content/drive/MyDrive/TrafficCameraData1/data/cam4/cam4_20260107_071728.jpg,0
2026-01-07T07:17:28.761140,cam5,/content/drive/MyDrive/TrafficCameraData1/data/cam5/cam5_20260107_071728.jpg,0
2026-01-07T07:17:29.465857,cam6,/content/drive/MyDrive/TrafficCameraData1/data/cam6/cam6_20260107_071729.jpg,0
2026-01-07T07:17:30.188976,cam7,/content/drive/MyDrive/TrafficCameraData1/data/cam7/cam7_20260107_071730.jpg,0
2026-01-07T07:17:30.977930,cam8,/content/drive/MyDrive/TrafficCameraData1/data/cam8/cam8_20260107_071730.jpg,0
2026-01-07T07:21:17.410216,cam1,/content/drive/MyDrive/TrafficCameraData1/data/cam1/cam1_20260107_072117.jpg,0
2026-01-07T07:21:19.121022,cam2,/content/drive/MyDrive/TrafficCameraData1/data/cam2/cam2_20260107_072119.jpg,0
2026-01-07T07:21:20.175774,cam3,/content/drive/MyDrive/TrafficCameraData1/data/cam3/cam3_20260107_072120.jpg,0
2026-01-07T07:21:20.975649,cam4,/content/drive/MyDrive/TrafficCameraData1/data/cam4/cam4_20260107_072120.jpg,0
2026-01-07T07:21:21.862914,cam5,/content/drive/MyDrive/TrafficCameraData1/data/cam5/cam5_20260107_072121.jpg,0
2026-01-07T07:21:23.040220,cam6,/content/drive/MyDrive/TrafficCameraData1/data/cam6/cam6_20260107_072123.jpg,0
2026-01-07T07:21:23.853506,cam7,/content/drive/MyDrive/TrafficCameraData1/data/cam7/cam7_20260107_072123.jpg,0
2026-01-07T07:21:24.706850,cam8,/content/drive/MyDrive/TrafficCameraData1/data/cam8/cam8_20260107_072124.jpg,0
2026-01-07T07:22:24.679682,cam1,/content/drive/MyDrive/TrafficCameraData1/data/cam1/cam1_20260107_072224.jpg,0
2026-01-07T07:22:26.339257,cam2,/content/drive/MyDrive/TrafficCameraData1/data/cam2/cam2_20260107_072226.jpg,0
2026-01-07T07:22:27.220878,cam3,/content/drive/MyDrive/TrafficCameraData1/data/cam3/cam3_20260107_072227.jpg,0
2026-01-07T07:22:27.959077,cam4,/content/drive/MyDrive/TrafficCameraData1/data/cam4/cam4_20260107_072227.jpg,0
2026-01-07T07:22:28.672785,cam5,/content/drive/MyDrive/TrafficCameraData1/data/cam5/cam5_20260107_072228.jpg,0
2026-01-07T07:22:29.429063,cam6,/content/drive/MyDrive/TrafficCameraData1/data/cam6/cam6_20260107_072229.jpg,0
2026-01-07T07:22:30.595055,cam7,/content/drive/MyDrive/TrafficCameraData1/data/cam7/cam7_20260107_072230.jpg,0
2026-01-07T07:22:31.305133,cam8,/content/drive/MyDrive/TrafficCameraData1/data/cam8/cam8_20260107_072231.jpg,0
2026-01-07T07:26:17.410382,cam1,/content/drive/MyDrive/TrafficCameraData1/data/cam1/cam1_20260107_072617.jpg,0
2026-01-07T07:26:18.934933,cam2,/content/drive/MyDrive/TrafficCameraData1/data/cam2/cam2_20260107_072618.jpg,0
2026-01-07T07:26:19.967498,cam3,/content/drive/MyDrive/TrafficCameraData1/data/cam3/cam3_20260107_072619.jpg,0
2026-01-07T07:26:20.816783,cam4,/content/drive/MyDrive/TrafficCameraData1/data/cam4/cam4_20260107_072620.jpg,0
2026-01-07T07:26:21.627815,cam5,/content/drive/MyDrive/TrafficCameraData1/data/cam5/cam5_20260107_072621.jpg,0
2026-01-07T07:26:22.422981,cam6,/content/drive/MyDrive/TrafficCameraData1/data/cam6/cam6_20260107_072622.jpg,0
2026-01-07T07:26:23.334628,cam7,/content/drive/MyDrive/TrafficCameraData1/data/cam7/cam7_20260107_072623.jpg,0
2026-01-07T07:26:24.137775,cam8,/content/drive/MyDrive/TrafficCameraData1/data/cam8/cam8_20260107_072624.jpg,0
2026-01-07T07:27:24.679983,cam1,/content/drive/MyDrive/TrafficCameraData1/data/cam1/cam1_20260107_072724.jpg,0
2026-01-07T07:27:26.681268,cam2,/content/drive/MyDrive/TrafficCameraData1/data/cam2/cam2_20260107_072726.jpg,0
2026-01-07T07:27:27.596673,cam3,/content/drive/MyDrive/TrafficCameraData1/data/cam3/cam3_20260107_072727.jpg,0
2026-01-07T07:27:28.309429,cam4,/content/drive/MyDrive/TrafficCameraData1/data/cam4/cam4_20260107_072728.jpg,0
2026-01-07T07:27:29.024108,cam5,/content/drive/MyDrive/TrafficCameraData1/data/cam5/cam5_20260107_072729.jpg,0
2026-01-07T07:27:29.741912,cam6,/content/drive/MyDrive/TrafficCameraData1/data/cam6/cam6_20260107_072729.jpg,0
2026-01-07T07:27:30.469537,cam7,/content/drive/MyDrive/TrafficCameraData1/data/cam7/cam7_20260107_072730.jpg,0
2026-01-07T07:27:31.306552,cam8,/content/drive/MyDrive/TrafficCameraData1/data/cam8/cam8_20260107_072731.jpg,0
2026-01-07T07:31:17.410564,cam1,/content/drive/MyDrive/TrafficCameraData1/data/cam1/cam1_20260107_073117.jpg,0
2026-01-07T07:31:19.241075,cam2,/content/drive/MyDrive/TrafficCameraData1/data/cam2/cam2_20260107_073119.jpg,0
2026-01-07T07:31:20.258550,cam3,/content/drive/MyDrive/TrafficCameraData1/data/cam3/cam3_20260107_073120.jpg,0
2026-01-07T07:31:21.066493,cam4,/content/drive/MyDrive/TrafficCameraData1/data/cam4/cam4_20260107_073121.jpg,0
2026-01-07T07:31:21.861538,cam5,/content/drive/MyDrive/TrafficCameraData1/data/cam5/cam5_20260107_073121.jpg,0
2026-01-07T07:31:22.653481,cam6,/content/drive/MyDrive/TrafficCameraData1/data/cam6/cam6_20260107_073122.jpg,0
2026-01-07T07:31:23.468488,cam7,/content/drive/MyDrive/TrafficCameraData1/data/cam7/cam7_20260107_073123.jpg,0
2026-01-07T07:31:24.275668,cam8,/content/drive/MyDrive/TrafficCameraData1/data/cam8/cam8_20260107_073124.jpg,0
2026-01-07T07:32:24.680339,cam1,/content/drive/MyDrive/TrafficCameraData1/data/cam1/cam1_20260107_073224.jpg,0
2026-01-07T07:32:26.373945,cam2,/content/drive/MyDrive/TrafficCameraData1/data/cam2/cam2_20260107_073226.jpg,0
2026-01-07T07:32:27.525346,cam3,/content/drive/MyDrive/TrafficCameraData1/data/cam3/cam3_20260107_073227.jpg,0
2026-01-07T07:32:28.235512,cam4,/content/drive/MyDrive/TrafficCameraData1/data/cam4/cam4_20260107_073228.jpg,0
2026-01-07T07:32:28.965279,cam5,/content/drive/MyDrive/TrafficCameraData1/data/cam5/cam5_20260107_073228.jpg,0
2026-01-07T07:32:29.502959,cam6,/content/drive/MyDrive/TrafficCameraData1/data/cam6/cam6_20260107_073229.jpg,0
2026-01-07T07:32:30.219209,cam7,/content/drive/MyDrive/TrafficCameraData1/data/cam7/cam7_20260107_073230.jpg,0
2026-01-07T07:32:30.934988,cam8,/content/drive/MyDrive/TrafficCameraData1/data/cam8/cam8_20260107_073230.jpg,0
2026-01-07T07:36:17.410774,cam1,/content/drive/MyDrive/TrafficCameraData1/data/cam1/cam1_20260107_073617.jpg,0
2026-01-07T07:36:18.887890,cam2,/content/drive/MyDrive/TrafficCameraData1/data/cam2/cam2_20260107_073618.jpg,0
2026-01-07T07:36:19.909657,cam3,/content/drive/MyDrive/TrafficCameraData1/data/cam3/cam3_20260107_073619.jpg,0
2026-01-07T07:36:20.714464,cam4,/content/drive/MyDrive/TrafficCameraData1/data/cam4/cam4_20260107_073620.jpg,0
2026-01-07T07:36:21.528401,cam5,/content/drive/MyDrive/TrafficCameraData1/data/cam5/cam5_20260107_073621.jpg,0
2026-01-07T07:36:22.324942,cam6,/content/drive/MyDrive/TrafficCameraData1/data/cam6/cam6_20260107_073622.jpg,0
2026-01-07T07:36:23.123001,cam7,/content/drive/MyDrive/TrafficCameraData1/data/cam7/cam7_20260107_073623.jpg,0
2026-01-07T07:36:24.082950,cam8,/content/drive/MyDrive/TrafficCameraData1/data/cam8/cam8_20260107_073624.jpg,0
2026-01-07T07:41:17.411015,cam1,/content/drive/MyDrive/TrafficCameraData1/data/cam1/cam1_20260107_074117.jpg,0
2026-01-07T07:41:18.545637,cam2,/content/drive/MyDrive/TrafficCameraData1/data/cam2/cam2_20260107_074118.jpg,0
2026-01-07T07:41:19.358085,cam3,/content/drive/MyDrive/TrafficCameraData1/data/cam3/cam3_20260107_074119.jpg,0
2026-01-07T07:41:20.162362,cam4,/content/drive/MyDrive/TrafficCameraData1/data/cam4/cam4_20260107_074120.jpg,0
2026-01-07T07:41:20.961731,cam5,/content/drive/MyDrive/TrafficCameraData1/data/cam5/cam5_20260107_074120.jpg,0
2026-01-07T07:41:21.773634,cam6,/content/drive/MyDrive/TrafficCameraData1/data/cam6/cam6_20260107_074121.jpg,0
2026-01-07T07:41:22.648157,cam7,/content/drive/MyDrive/TrafficCameraData1/data/cam7/cam7_20260107_074122.jpg,0
2026-01-07T07:41:23.450989,cam8,/content/drive/MyDrive/TrafficCameraData1/data/cam8/cam8_20260107_074123.jpg,0
2026-01-07T07:46:17.411089,cam1,/content/drive/MyDrive/TrafficCameraData1/data/cam1/cam1_20260107_074617.jpg,0
2026-01-07T07:46:18.586538,cam2,/content/drive/MyDrive/TrafficCameraData1/data/cam2/cam2_20260107_074618.jpg,0
2026-01-07T07:46:19.959062,cam3,/content/drive/MyDrive/TrafficCameraData1/data/cam3/cam3_20260107_074619.jpg,0
2026-01-07T07:46:20.761011,cam4,/content/drive/MyDrive/TrafficCameraData1/data/cam4/cam4_20260107_074620.jpg,0
2026-01-07T07:46:21.565572,cam5,/content/drive/MyDrive/TrafficCameraData1/data/cam5/cam5_20260107_074621.jpg,0
2026-01-07T07:46:22.354670,cam6,/content/drive/MyDrive/TrafficCameraData1/data/cam6/cam6_20260107_074622.jpg,0
2026-01-07T07:46:24.673900,cam7,/content/drive/MyDrive/TrafficCameraData1/data/cam7/cam7_20260107_074624.jpg,0
2026-01-07T07:46:25.472395,cam8,/content/drive/MyDrive/TrafficCameraData1/data/cam8/cam8_20260107_074625.jpg,0
2026-01-07T07:51:17.411343,cam1,/content/drive/MyDrive/TrafficCameraData1/data/cam1/cam1_20260107_075117.jpg,0
2026-01-07T07:51:18.482244,cam2,/content/drive/MyDrive/TrafficCameraData1/data/cam2/cam2_20260107_075118.jpg,0
2026-01-07T07:51:19.300388,cam3,/content/drive/MyDrive/TrafficCameraData1/data/cam3/cam3_20260107_075119.jpg,0
2026-01-07T07:51:20.112445,cam4,/content/drive/MyDrive/TrafficCameraData1/data/cam4/cam4_20260107_075120.jpg,0
2026-01-07T07:51:20.904357,cam5,/content/drive/MyDrive/TrafficCameraData1/data/cam5/cam5_20260107_075120.jpg,0
2026-01-07T07:51:21.709266,cam6,/content/drive/MyDrive/TrafficCameraData1/data/cam6/cam6_20260107_075121.jpg,0
2026-01-07T07:51:22.509781,cam7,/content/drive/MyDrive/TrafficCameraData1/data/cam7/cam7_20260107_075122.jpg,0
2026-01-07T07:51:24.201420,cam8,/content/drive/MyDrive/TrafficCameraData1/data/cam8/cam8_20260107_075124.jpg,0
2026-01-07T07:56:17.411607,cam1,/content/drive/MyDrive/TrafficCameraData1/data/cam1/cam1_20260107_075617.jpg,0
2026-01-07T07:56:18.476486,cam2,/content/drive/MyDrive/TrafficCameraData1/data/cam2/cam2_20260107_075618.jpg,0
2026-01-07T07:56:19.274049,cam3,/content/drive/MyDrive/TrafficCameraData1/data/cam3/cam3_20260107_075619.jpg,0
2026-01-07T07:56:20.088448,cam4,/content/drive/MyDrive/TrafficCameraData1/data/cam4/cam4_20260107_075620.jpg,0
2026-01-07T07:56:20.897677,cam5,/content/drive/MyDrive/TrafficCameraData1/data/cam5/cam5_20260107_075620.jpg,0
2026-01-07T07:56:22.084457,cam6,/content/drive/MyDrive/TrafficCameraData1/data/cam6/cam6_20260107_075622.jpg,0
2026-01-07T07:56:22.885759,cam7,/content/drive/MyDrive/TrafficCameraData1/data/cam7/cam7_20260107_075622.jpg,0
2026-01-07T07:56:23.702419,cam8,/content/drive/MyDrive/TrafficCameraData1/data/cam8/cam8_20260107_075623.jpg,0
2026-01-07T08:01:17.411815,cam1,/content/drive/MyDrive/TrafficCameraData1/data/cam1/cam1_20260107_080117.jpg,0
2026-01-07T08:01:18.282578,cam2,/content/drive/MyDrive/TrafficCameraData1/data/cam2/cam2_20260107_080118.jpg,0
2026-01-07T08:01:19.087517,cam3,/content/drive/MyDrive/TrafficCameraData1/data/cam3/cam3_20260107_080119.jpg,0
2026-01-07T08:01:19.965877,cam4,/content/drive/MyDrive/TrafficCameraData1/data/cam4/cam4_20260107_080119.jpg,0
2026-01-07T08:01:20.772001,cam5,/content/drive/MyDrive/TrafficCameraData1/data/cam5/cam5_20260107_080120.jpg,0
2026-01-07T08:01:21.574073,cam6,/content/drive/MyDrive/TrafficCameraData1/data/cam6/cam6_20260107_080121.jpg,0
2026-01-07T08:01:22.375704,cam7,/content/drive/MyDrive/TrafficCameraData1/data/cam7/cam7_20260107_080122.jpg,0
2026-01-07T08:01:23.176312,cam8,/content/drive/MyDrive/TrafficCameraData1/data/cam8/cam8_20260107_080123.jpg,0
2026-01-07T08:06:17.411899,cam1,/content/drive/MyDrive/TrafficCameraData1/data/cam1/cam1_20260107_080617.jpg,0
2026-01-07T08:06:18.471659,cam2,/content/drive/MyDrive/TrafficCameraData1/data/cam2/cam2_20260107_080618.jpg,0
2026-01-07T08:06:19.321229,cam3,/content/drive/MyDrive/TrafficCameraData1/data/cam3/cam3_20260107_080619.jpg,0
2026-01-07T08:06:20.231754,cam4,/content/drive/MyDrive/TrafficCameraData1/data/cam4/cam4_20260107_080620.jpg,0
2026-01-07T08:06:21.059011,cam5,/content/drive/MyDrive/TrafficCameraData1/data/cam5/cam5_20260107_080621.jpg,0
2026-01-07T08:06:21.855310,cam6,/content/drive/MyDrive/TrafficCameraData1/data/cam6/cam6_20260107_080621.jpg,0
2026-01-07T08:06:22.687537,cam7,/content/drive/MyDrive/TrafficCameraData1/data/cam7/cam7_20260107_080622.jpg,0
2026-01-07T08:06:23.477087,cam8,/content/drive/MyDrive/TrafficCameraData1/data/cam8/cam8_20260107_080623.jpg,0
2026-01-07T08:11:17.412169,cam1,/content/drive/MyDrive/TrafficCameraData1/data/cam1/cam1_20260107_081117.jpg,0
2026-01-07T08:11:18.267247,cam2,/content/drive/MyDrive/TrafficCameraData1/data/cam2/cam2_20260107_081118.jpg,0
2026-01-07T08:11:19.068634,cam3,/content/drive/MyDrive/TrafficCameraData1/data/cam3/cam3_20260107_081119.jpg,0
2026-01-07T08:11:19.917656,cam4,/content/drive/MyDrive/TrafficCameraData1/data/cam4/cam4_20260107_081119.jpg,0
2026-01-07T08:11:20.718727,cam5,/content/drive/MyDrive/TrafficCameraData1/data/cam5/cam5_20260107_081120.jpg,0
2026-01-07T08:11:21.516492,cam6,/content/drive/MyDrive/TrafficCameraData1/data/cam6/cam6_20260107_081121.jpg,0
2026-01-07T08:11:22.383274,cam7,/content/drive/MyDrive/TrafficCameraData1/data/cam7/cam7_20260107_081122.jpg,0
2026-01-07T08:11:23.207458,cam8,/content/drive/MyDrive/TrafficCameraData1/data/cam8/cam8_20260107_081123.jpg,0
2026-01-07T08:16:17.412159,cam1,/content/drive/MyDrive/TrafficCameraData1/data/cam1/cam1_20260107_081617.jpg,0
2026-01-07T08:16:18.488580,cam2,/content/drive/MyDrive/TrafficCameraData1/data/cam2/cam2_20260107_081618.jpg,0
2026-01-07T08:16:19.288606,cam3,/content/drive/MyDrive/TrafficCameraData1/data/cam3/cam3_20260107_081619.jpg,0
2026-01-07T08:16:20.127159,cam4,/content/drive/MyDrive/TrafficCameraData1/data/cam4/cam4_20260107_081620.jpg,0
2026-01-07T08:16:20.931165,cam5,/content/drive/MyDrive/TrafficCameraData1/data/cam5/cam5_20260107_081620.jpg,0
2026-01-07T08:16:21.723779,cam6,/content/drive/MyDrive/TrafficCameraData1/data/cam6/cam6_20260107_081621.jpg,0
2026-01-07T08:16:22.537189,cam7,/content/drive/MyDrive/TrafficCameraData1/data/cam7/cam7_20260107_081622.jpg,0
2026-01-07T08:16:23.356494,cam8,/content/drive/MyDrive/TrafficCameraData1/data/cam8/cam8_20260107_081623.jpg,0
2026-01-07T08:21:17.412276,cam1,/content/drive/MyDrive/TrafficCameraData1/data/cam1/cam1_20260107_082117.jpg,0
2026-01-07T08:21:18.522418,cam2,/content/drive/MyDrive/TrafficCameraData1/data/cam2/cam2_20260107_082118.jpg,0
2026-01-07T08:21:19.321841,cam3,/content/drive/MyDrive/TrafficCameraData1/data/cam3/cam3_20260107_082119.jpg,0
2026-01-07T08:21:20.126542,cam4,/content/drive/MyDrive/TrafficCameraData1/data/cam4/cam4_20260107_082120.jpg,0
2026-01-07T08:21:20.941207,cam5,/content/drive/MyDrive/TrafficCameraData1/data/cam5/cam5_20260107_082120.jpg,0
2026-01-07T08:21:22.769493,cam6,/content/drive/MyDrive/TrafficCameraData1/data/cam6/cam6_20260107_082122.jpg,0
2026-01-07T08:21:23.582243,cam7,/content/drive/MyDrive/TrafficCameraData1/data/cam7/cam7_20260107_082123.jpg,0
2026-01-07T08:21:24.388572,cam8,/content/drive/MyDrive/TrafficCameraData1/data/cam8/cam8_20260107_082124.jpg,0
2026-01-07T08:26:17.412515,cam1,/content/drive/MyDrive/TrafficCameraData1/data/cam1/cam1_20260107_082617.jpg,0
2026-01-07T08:26:26.475824,cam2,/content/drive/MyDrive/TrafficCameraData1/data/cam2/cam2_20260107_082626.jpg,0
2026-01-07T08:26:27.316187,cam3,/content/drive/MyDrive/TrafficCameraData1/data/cam3/cam3_20260107_082627.jpg,0
2026-01-07T08:26:28.182603,cam4,/content/drive/MyDrive/TrafficCameraData1/data/cam4/cam4_20260107_082628.jpg,0
2026-01-07T08:26:28.979923,cam5,/content/drive/MyDrive/TrafficCameraData1/data/cam5/cam5_20260107_082628.jpg,0
2026-01-07T08:26:29.793003,cam6,/content/drive/MyDrive/TrafficCameraData1/data/cam6/cam6_20260107_082629.jpg,0
2026-01-07T08:26:30.598790,cam7,/content/drive/MyDrive/TrafficCameraData1/data/cam7/cam7_20260107_082630.jpg,0
2026-01-07T08:26:31.410968,cam8,/content/drive/MyDrive/TrafficCameraData1/data/cam8/cam8_20260107_082631.jpg,0
2026-01-07T09:39:27.539271,cam1,/content/drive/MyDrive/TrafficCameraData1/data/cam1/cam1_20260107_093927.jpg,0
2026-01-07T09:39:31.543744,cam2,/content/drive/MyDrive/TrafficCameraData1/data/cam2/cam2_20260107_093931.jpg,0
2026-01-07T09:39:33.280127,cam3,/content/drive/MyDrive/TrafficCameraData1/data/cam3/cam3_20260107_093933.jpg,0
2026-01-07T09:39:38.118794,cam4,/content/drive/MyDrive/TrafficCameraData1/data/cam4/cam4_20260107_093938.jpg,0
2026-01-07T09:39:40.452682,cam5,/content/drive/MyDrive/TrafficCameraData1/data/cam5/cam5_20260107_093940.jpg,0
2026-01-07T09:39:42.089468,cam6,/content/drive/MyDrive/TrafficCameraData1/data/cam6/cam6_20260107_093942.jpg,0
2026-01-07T09:39:46.968463,cam7,/content/drive/MyDrive/TrafficCameraData1/data/cam7/cam7_20260107_093946.jpg,0
2026-01-07T09:39:50.813682,cam8,/content/drive/MyDrive/TrafficCameraData1/data/cam8/cam8_20260107_093950.jpg,0
2026-01-07T09:44:40.173370,cam2,/content/drive/MyDrive/TrafficCameraData1/data/cam2/cam2_20260107_094440.jpg,0
2026-01-07T09:44:46.985240,cam3,/content/drive/MyDrive/TrafficCameraData1/data/cam3/cam3_20260107_094446.jpg,0
2026-01-07T09:44:50.989996,cam4,/content/drive/MyDrive/TrafficCameraData1/data/cam4/cam4_20260107_094450.jpg,0
2026-01-07T09:44:52.282292,cam5,/content/drive/MyDrive/TrafficCameraData1/data/cam5/cam5_20260107_094452.jpg,0
2026-01-07T09:44:53.236258,cam6,/content/drive/MyDrive/TrafficCameraData1/data/cam6/cam6_20260107_094453.jpg,0
2026-01-07T09:44:54.293666,cam7,/content/drive/MyDrive/TrafficCameraData1/data/cam7/cam7_20260107_094454.jpg,0
2026-01-07T09:44:55.216726,cam8,/content/drive/MyDrive/TrafficCameraData1/data/cam8/cam8_20260107_094455.jpg,0
2026-01-07T09:49:27.539801,cam1,/content/drive/MyDrive/TrafficCameraData1/data/cam1/cam1_20260107_094927.jpg,0
2026-01-07T09:49:28.169101,cam2,/content/drive/MyDrive/TrafficCameraData1/data/cam2/cam2_20260107_094928.jpg,0
2026-01-07T09:49:28.659117,cam3,/content/drive/MyDrive/TrafficCameraData1/data/cam3/cam3_20260107_094928.jpg,0
2026-01-07T09:49:29.167355,cam4,/content/drive/MyDrive/TrafficCameraData1/data/cam4/cam4_20260107_094929.jpg,0
2026-01-07T09:49:29.684813,cam5,/content/drive/MyDrive/TrafficCameraData1/data/cam5/cam5_20260107_094929.jpg,0
2026-01-07T09:49:30.195353,cam6,/content/drive/MyDrive/TrafficCameraData1/data/cam6/cam6_20260107_094930.jpg,0
2026-01-07T09:49:30.734894,cam7,/content/drive/MyDrive/TrafficCameraData1/data/cam7/cam7_20260107_094930.jpg,0
2026-01-07T09:49:31.287890,cam8,/content/drive/MyDrive/TrafficCameraData1/data/cam8/cam8_20260107_094931.jpg,0
2026-01-07T09:54:27.540286,cam1,/content/drive/MyDrive/TrafficCameraData1/data/cam1/cam1_20260107_095427.jpg,0
2026-01-07T09:54:28.297475,cam2,/content/drive/MyDrive/TrafficCameraData1/data/cam2/cam2_20260107_095428.jpg,0
2026-01-07T09:54:29.107207,cam3,/content/drive/MyDrive/TrafficCameraData1/data/cam3/cam3_20260107_095429.jpg,0
2026-01-07T09:54:29.896517,cam4,/content/drive/MyDrive/TrafficCameraData1/data/cam4/cam4_20260107_095429.jpg,0
2026-01-07T09:54:30.395719,cam5,/content/drive/MyDrive/TrafficCameraData1/data/cam5/cam5_20260107_095430.jpg,0
2026-01-07T09:54:30.888014,cam6,/content/drive/MyDrive/TrafficCameraData1/data/cam6/cam6_20260107_095430.jpg,0
2026-01-07T09:54:32.273486,cam7,/content/drive/MyDrive/TrafficCameraData1/data/cam7/cam7_20260107_095432.jpg,0
2026-01-07T09:54:33.984850,cam8,/content/drive/MyDrive/TrafficCameraData1/data/cam8/cam8_20260107_095433.jpg,0
2026-01-07T09:59:27.540789,cam1,/content/drive/MyDrive/TrafficCameraData1/data/cam1/cam1_20260107_095927.jpg,0
2026-01-07T09:59:28.149253,cam2,/content/drive/MyDrive/TrafficCameraData1/data/cam2/cam2_20260107_095928.jpg,0
2026-01-07T09:59:28.650101,cam3,/content/drive/MyDrive/TrafficCameraData1/data/cam3/cam3_20260107_095928.jpg,0
2026-01-07T09:59:29.142774,cam4,/content/drive/MyDrive/TrafficCameraData1/data/cam4/cam4_20260107_095929.jpg,0
2026-01-07T09:59:29.636830,cam5,/content/drive/MyDrive/TrafficCameraData1/data/cam5/cam5_20260107_095929.jpg,0
2026-01-07T09:59:30.078935,cam6,/content/drive/MyDrive/TrafficCameraData1/data/cam6/cam6_20260107_095930.jpg,0
2026-01-07T09:59:30.572409,cam7,/content/drive/MyDrive/TrafficCameraData1/data/cam7/cam7_20260107_095930.jpg,0
2026-01-07T09:59:31.114832,cam8,/content/drive/MyDrive/TrafficCameraData1/data/cam8/cam8_20260107_095931.jpg,0
2026-01-07T10:04:27.541121,cam1,/content/drive/MyDrive/TrafficCameraData1/data/cam1/cam1_20260107_100427.jpg,0
2026-01-07T10:04:28.107215,cam2,/content/drive/MyDrive/TrafficCameraData1/data/cam2/cam2_20260107_100428.jpg,0
2026-01-07T10:04:28.630113,cam3,/content/drive/MyDrive/TrafficCameraData1/data/cam3/cam3_20260107_100428.jpg,0
2026-01-07T10:04:29.118049,cam4,/content/drive/MyDrive/TrafficCameraData1/data/cam4/cam4_20260107_100429.jpg,0
2026-01-07T10:04:29.602166,cam5,/content/drive/MyDrive/TrafficCameraData1/data/cam5/cam5_20260107_100429.jpg,0
2026-01-07T10:04:30.033026,cam6,/content/drive/MyDrive/TrafficCameraData1/data/cam6/cam6_20260107_100430.jpg,0
2026-01-07T10:04:30.528677,cam7,/content/drive/MyDrive/TrafficCameraData1/data/cam7/cam7_20260107_100430.jpg,0
2026-01-07T10:04:30.964700,cam8,/content/drive/MyDrive/TrafficCameraData1/data/cam8/cam8_20260107_100430.jpg,0
2026-01-07T10:09:27.540994,cam1,/content/drive/MyDrive/TrafficCameraData1/data/cam1/cam1_20260107_100927.jpg,0
2026-01-07T10:09:28.115544,cam2,/content/drive/MyDrive/TrafficCameraData1/data/cam2/cam2_20260107_100928.jpg,0
2026-01-07T10:09:28.606223,cam3,/content/drive/MyDrive/TrafficCameraData1/data/cam3/cam3_20260107_100928.jpg,0
2026-01-07T10:09:29.104196,cam4,/content/drive/MyDrive/TrafficCameraData1/data/cam4/cam4_20260107_100929.jpg,0
2026-01-07T10:09:29.587316,cam5,/content/drive/MyDrive/TrafficCameraData1/data/cam5/cam5_20260107_100929.jpg,0
2026-01-07T10:09:30.322741,cam6,/content/drive/MyDrive/TrafficCameraData1/data/cam6/cam6_20260107_100930.jpg,0
2026-01-07T10:09:30.819586,cam7,/content/drive/MyDrive/TrafficCameraData1/data/cam7/cam7_20260107_100930.jpg,0
2026-01-07T10:09:31.404231,cam8,/content/drive/MyDrive/TrafficCameraData1/data/cam8/cam8_20260107_100931.jpg,0
2026-01-07T10:14:27.541175,cam1,/content/drive/MyDrive/TrafficCameraData1/data/cam1/cam1_20260107_101427.jpg,0
2026-01-07T10:14:28.108733,cam2,/content/drive/MyDrive/TrafficCameraData1/data/cam2/cam2_20260107_101428.jpg,0
2026-01-07T10:14:28.595505,cam3,/content/drive/MyDrive/TrafficCameraData1/data/cam3/cam3_20260107_101428.jpg,0
2026-01-07T10:14:29.089515,cam4,/content/drive/MyDrive/TrafficCameraData1/data/cam4/cam4_20260107_101429.jpg,0
2026-01-07T10:14:29.584942,cam5,/content/drive/MyDrive/TrafficCameraData1/data/cam5/cam5_20260107_101429.jpg,0
2026-01-07T10:14:30.213911,cam6,/content/drive/MyDrive/TrafficCameraData1/data/cam6/cam6_20260107_101430.jpg,0
2026-01-07T10:14:30.749343,cam7,/content/drive/MyDrive/TrafficCameraData1/data/cam7/cam7_20260107_101430.jpg,0
2026-01-07T10:14:31.243760,cam8,/content/drive/MyDrive/TrafficCameraData1/data/cam8/cam8_20260107_101431.jpg,0
2026-01-07T10:19:40.072483,cam2,/content/drive/MyDrive/TrafficCameraData1/data/cam2/cam2_20260107_101940.jpg,0
2026-01-07T10:19:40.823964,cam3,/content/drive/MyDrive/TrafficCameraData1/data/cam3/cam3_20260107_101940.jpg,0
2026-01-07T10:19:41.506081,cam4,/content/drive/MyDrive/TrafficCameraData1/data/cam4/cam4_20260107_101941.jpg,0
2026-01-07T10:19:41.992221,cam5,/content/drive/MyDrive/TrafficCameraData1/data/cam5/cam5_20260107_101941.jpg,0
2026-01-07T10:19:42.456387,cam6,/content/drive/MyDrive/TrafficCameraData1/data/cam6/cam6_20260107_101942.jpg,0
2026-01-07T10:19:43.170009,cam7,/content/drive/MyDrive/TrafficCameraData1/data/cam7/cam7_20260107_101943.jpg,0
2026-01-07T10:19:43.759940,cam8,/content/drive/MyDrive/TrafficCameraData1/data/cam8/cam8_20260107_101943.jpg,0
2026-01-07T10:24:27.541675,cam1,/content/drive/MyDrive/TrafficCameraData1/data/cam1/cam1_20260107_102427.jpg,0
2026-01-07T10:24:28.107225,cam2,/content/drive/MyDrive/TrafficCameraData1/data/cam2/cam2_20260107_102428.jpg,0
2026-01-07T10:24:28.592830,cam3,/content/drive/MyDrive/TrafficCameraData1/data/cam3/cam3_20260107_102428.jpg,0
2026-01-07T10:24:29.173325,cam4,/content/drive/MyDrive/TrafficCameraData1/data/cam4/cam4_20260107_102429.jpg,0
2026-01-07T10:24:29.677834,cam5,/content/drive/MyDrive/TrafficCameraData1/data/cam5/cam5_20260107_102429.jpg,0
2026-01-07T10:24:30.104055,cam6,/content/drive/MyDrive/TrafficCameraData1/data/cam6/cam6_20260107_102430.jpg,0
2026-01-07T10:24:31.064881,cam7,/content/drive/MyDrive/TrafficCameraData1/data/cam7/cam7_20260107_102431.jpg,0
2026-01-07T10:24:31.557100,cam8,/content/drive/MyDrive/TrafficCameraData1/data/cam8/cam8_20260107_102431.jpg,0
2026-01-07T10:29:27.542144,cam1,/content/drive/MyDrive/TrafficCameraData1/data/cam1/cam1_20260107_102927.jpg,0
2026-01-07T10:29:28.132501,cam2,/content/drive/MyDrive/TrafficCameraData1/data/cam2/cam2_20260107_102928.jpg,0
2026-01-07T10:29:28.622985,cam3,/content/drive/MyDrive/TrafficCameraData1/data/cam3/cam3_20260107_102928.jpg,0
2026-01-07T10:29:29.121546,cam4,/content/drive/MyDrive/TrafficCameraData1/data/cam4/cam4_20260107_102929.jpg,0
2026-01-07T10:29:29.610408,cam5,/content/drive/MyDrive/TrafficCameraData1/data/cam5/cam5_20260107_102929.jpg,0
2026-01-07T10:29:30.095141,cam6,/content/drive/MyDrive/TrafficCameraData1/data/cam6/cam6_20260107_102930.jpg,0
2026-01-07T10:29:30.585846,cam7,/content/drive/MyDrive/TrafficCameraData1/data/cam7/cam7_20260107_102930.jpg,0
2026-01-07T10:29:31.021998,cam8,/content/drive/MyDrive/TrafficCameraData1/data/cam8/cam8_20260107_102931.jpg,0
2026-01-07T10:34:27.542506,cam1,/content/drive/MyDrive/TrafficCameraData1/data/cam1/cam1_20260107_103427.jpg,0
2026-01-07T10:34:28.094844,cam2,/content/drive/MyDrive/TrafficCameraData1/data/cam2/cam2_20260107_103428.jpg,0
2026-01-07T10:34:28.640455,cam3,/content/drive/MyDrive/TrafficCameraData1/data/cam3/cam3_20260107_103428.jpg,0
2026-01-07T10:34:29.139205,cam4,/content/drive/MyDrive/TrafficCameraData1/data/cam4/cam4_20260107_103429.jpg,0
2026-01-07T10:34:29.635556,cam5,/content/drive/MyDrive/TrafficCameraData1/data/cam5/cam5_20260107_103429.jpg,0
2026-01-07T10:34:30.061353,cam6,/content/drive/MyDrive/TrafficCameraData1/data/cam6/cam6_20260107_103430.jpg,0
2026-01-07T10:34:30.556249,cam7,/content/drive/MyDrive/TrafficCameraData1/data/cam7/cam7_20260107_103430.jpg,0
2026-01-07T10:34:31.045423,cam8,/content/drive/MyDrive/TrafficCameraData1/data/cam8/cam8_20260107_103431.jpg,0
2026-01-07T10:39:27.542494,cam1,/content/drive/MyDrive/TrafficCameraData1/data/cam1/cam1_20260107_103927.jpg,0
2026-01-07T10:39:28.522442,cam2,/content/drive/MyDrive/TrafficCameraData1/data/cam2/cam2_20260107_103928.jpg,0
2026-01-07T10:39:29.252998,cam3,/content/drive/MyDrive/TrafficCameraData1/data/cam3/cam3_20260107_103929.jpg,0
2026-01-07T10:39:29.772257,cam4,/content/drive/MyDrive/TrafficCameraData1/data/cam4/cam4_20260107_103929.jpg,0
2026-01-07T10:39:30.312075,cam5,/content/drive/MyDrive/TrafficCameraData1/data/cam5/cam5_20260107_103930.jpg,0
2026-01-07T10:39:30.768081,cam6,/content/drive/MyDrive/TrafficCameraData1/data/cam6/cam6_20260107_103930.jpg,0
2026-01-07T10:39:31.255062,cam7,/content/drive/MyDrive/TrafficCameraData1/data/cam7/cam7_20260107_103931.jpg,0
2026-01-07T10:39:31.742104,cam8,/content/drive/MyDrive/TrafficCameraData1/data/cam8/cam8_20260107_103931.jpg,0
2026-01-07T10:44:27.543130,cam1,/content/drive/MyDrive/TrafficCameraData1/data/cam1/cam1_20260107_104427.jpg,0
2026-01-07T10:44:28.096067,cam2,/content/drive/MyDrive/TrafficCameraData1/data/cam2/cam2_20260107_104428.jpg,0
2026-01-07T10:44:28.598248,cam3,/content/drive/MyDrive/TrafficCameraData1/data/cam3/cam3_20260107_104428.jpg,0
2026-01-07T10:44:29.123425,cam4,/content/drive/MyDrive/TrafficCameraData1/data/cam4/cam4_20260107_104429.jpg,0
2026-01-07T10:44:29.607203,cam5,/content/drive/MyDrive/TrafficCameraData1/data/cam5/cam5_20260107_104429.jpg,0
2026-01-07T10:44:30.042698,cam6,/content/drive/MyDrive/TrafficCameraData1/data/cam6/cam6_20260107_104430.jpg,0
2026-01-07T10:44:30.554708,cam7,/content/drive/MyDrive/TrafficCameraData1/data/cam7/cam7_20260107_104430.jpg,0
2026-01-07T10:44:31.263928,cam8,/content/drive/MyDrive/TrafficCameraData1/data/cam8/cam8_20260107_104431.jpg,0
2026-01-07T10:49:27.543422,cam1,/content/drive/MyDrive/TrafficCameraData1/data/cam1/cam1_20260107_104927.jpg,0
2026-01-07T10:49:28.095352,cam2,/content/drive/MyDrive/TrafficCameraData1/data/cam2/cam2_20260107_104928.jpg,0
2026-01-07T10:49:28.581127,cam3,/content/drive/MyDrive/TrafficCameraData1/data/cam3/cam3_20260107_104928.jpg,0
2026-01-07T10:49:29.087434,cam4,/content/drive/MyDrive/TrafficCameraData1/data/cam4/cam4_20260107_104929.jpg,0
2026-01-07T10:49:29.575202,cam5,/content/drive/MyDrive/TrafficCameraData1/data/cam5/cam5_20260107_104929.jpg,0
2026-01-07T10:49:29.998716,cam6,/content/drive/MyDrive/TrafficCameraData1/data/cam6/cam6_20260107_104929.jpg,0
2026-01-07T10:49:30.487616,cam7,/content/drive/MyDrive/TrafficCameraData1/data/cam7/cam7_20260107_104930.jpg,0
2026-01-07T10:49:31.004575,cam8,/content/drive/MyDrive/TrafficCameraData1/data/cam8/cam8_20260107_104931.jpg,0
2026-01-07T10:54:27.543867,cam1,/content/drive/MyDrive/TrafficCameraData1/data/cam1/cam1_20260107_105427.jpg,0
2026-01-07T10:54:28.111010,cam2,/content/drive/MyDrive/TrafficCameraData1/data/cam2/cam2_20260107_105428.jpg,0
2026-01-07T10:54:28.615175,cam3,/content/drive/MyDrive/TrafficCameraData1/data/cam3/cam3_20260107_105428.jpg,0
2026-01-07T10:54:29.106494,cam4,/content/drive/MyDrive/TrafficCameraData1/data/cam4/cam4_20260107_105429.jpg,0
2026-01-07T10:54:29.587441,cam5,/content/drive/MyDrive/TrafficCameraData1/data/cam5/cam5_20260107_105429.jpg,0
2026-01-07T10:54:30.006060,cam6,/content/drive/MyDrive/TrafficCameraData1/data/cam6/cam6_20260107_105430.jpg,0
2026-01-07T10:54:30.506169,cam7,/content/drive/MyDrive/TrafficCameraData1/data/cam7/cam7_20260107_105430.jpg,0
2026-01-07T10:54:30.991906,cam8,/content/drive/MyDrive/TrafficCameraData1/data/cam8/cam8_20260107_105430.jpg,0
2026-01-07T10:59:27.543721,cam1,/content/drive/MyDrive/TrafficCameraData1/data/cam1/cam1_20260107_105927.jpg,0
2026-01-07T10:59:28.203212,cam2,/content/drive/MyDrive/TrafficCameraData1/data/cam2/cam2_20260107_105928.jpg,0
2026-01-07T10:59:28.784212,cam3,/content/drive/MyDrive/TrafficCameraData1/data/cam3/cam3_20260107_105928.jpg,0
2026-01-07T10:59:29.539021,cam4,/content/drive/MyDrive/TrafficCameraData1/data/cam4/cam4_20260107_105929.jpg,0
2026-01-07T10:59:30.057807,cam5,/content/drive/MyDrive/TrafficCameraData1/data/cam5/cam5_20260107_105930.jpg,0
2026-01-07T10:59:30.477196,cam6,/content/drive/MyDrive/TrafficCameraData1/data/cam6/cam6_20260107_105930.jpg,0
2026-01-07T10:59:30.965427,cam7,/content/drive/MyDrive/TrafficCameraData1/data/cam7/cam7_20260107_105930.jpg,0
2026-01-07T10:59:31.453252,cam8,/content/drive/MyDrive/TrafficCameraData1/data/cam8/cam8_20260107_105931.jpg,0
2026-01-07T11:04:27.544226,cam1,/content/drive/MyDrive/TrafficCameraData1/data/cam1/cam1_20260107_110427.jpg,0
2026-01-07T11:04:28.161457,cam2,/content/drive/MyDrive/TrafficCameraData1/data/cam2/cam2_20260107_110428.jpg,0
2026-01-07T11:04:28.647650,cam3,/content/drive/MyDrive/TrafficCameraData1/data/cam3/cam3_20260107_110428.jpg,0
2026-01-07T11:04:29.142517,cam4,/content/drive/MyDrive/TrafficCameraData1/data/cam4/cam4_20260107_110429.jpg,0
2026-01-07T11:04:29.640194,cam5,/content/drive/MyDrive/TrafficCameraData1/data/cam5/cam5_20260107_110429.jpg,0
2026-01-07T11:04:30.063793,cam6,/content/drive/MyDrive/TrafficCameraData1/data/cam6/cam6_20260107_110430.jpg,0
2026-01-07T11:04:30.582581,cam7,/content/drive/MyDrive/TrafficCameraData1/data/cam7/cam7_20260107_110430.jpg,0
2026-01-07T11:04:31.117489,cam8,/content/drive/MyDrive/TrafficCameraData1/data/cam8/cam8_20260107_110431.jpg,0
2026-01-07T11:09:27.544246,cam1,/content/drive/MyDrive/TrafficCameraData1/data/cam1/cam1_20260107_110927.jpg,0
2026-01-07T11:09:28.103005,cam2,/content/drive/MyDrive/TrafficCameraData1/data/cam2/cam2_20260107_110928.jpg,0
2026-01-07T11:09:28.598470,cam3,/content/drive/MyDrive/TrafficCameraData1/data/cam3/cam3_20260107_110928.jpg,0
2026-01-07T11:09:29.090785,cam4,/content/drive/MyDrive/TrafficCameraData1/data/cam4/cam4_20260107_110929.jpg,0
2026-01-07T11:09:29.588840,cam5,/content/drive/MyDrive/TrafficCameraData1/data/cam5/cam5_20260107_110929.jpg,0
2026-01-07T11:09:30.034864,cam6,/content/drive/MyDrive/TrafficCameraData1/data/cam6/cam6_20260107_110930.jpg,0
2026-01-07T11:09:30.528030,cam7,/content/drive/MyDrive/TrafficCameraData1/data/cam7/cam7_20260107_110930.jpg,0
2026-01-07T11:09:31.021485,cam8,/content/drive/MyDrive/TrafficCameraData1/data/cam8/cam8_20260107_110931.jpg,0
2026-01-07T11:14:27.544604,cam1,/content/drive/MyDrive/TrafficCameraData1/data/cam1/cam1_20260107_111427.jpg,0
2026-01-07T11:14:28.124010,cam2,/content/drive/MyDrive/TrafficCameraData1/data/cam2/cam2_20260107_111428.jpg,0
2026-01-07T11:14:28.622455,cam3,/content/drive/MyDrive/TrafficCameraData1/data/cam3/cam3_20260107_111428.jpg,0
2026-01-07T11:14:29.110491,cam4,/content/drive/MyDrive/TrafficCameraData1/data/cam4/cam4_20260107_111429.jpg,0
2026-01-07T11:14:29.635657,cam5,/content/drive/MyDrive/TrafficCameraData1/data/cam5/cam5_20260107_111429.jpg,0
2026-01-07T11:14:30.053098,cam6,/content/drive/MyDrive/TrafficCameraData1/data/cam6/cam6_20260107_111430.jpg,0
2026-01-07T11:14:30.539352,cam7,/content/drive/MyDrive/TrafficCameraData1/data/cam7/cam7_20260107_111430.jpg,0
2026-01-07T11:14:31.046921,cam8,/content/drive/MyDrive/TrafficCameraData1/data/cam8/cam8_20260107_111431.jpg,0
2026-01-07T11:19:27.544951,cam1,/content/drive/MyDrive/TrafficCameraData1/data/cam1/cam1_20260107_111927.jpg,0
2026-01-07T11:19:29.425348,cam2,/content/drive/MyDrive/TrafficCameraData1/data/cam2/cam2_20260107_111929.jpg,0
2026-01-07T11:19:30.719535,cam3,/content/drive/MyDrive/TrafficCameraData1/data/cam3/cam3_20260107_111930.jpg,0
2026-01-07T11:19:31.247567,cam4,/content/drive/MyDrive/TrafficCameraData1/data/cam4/cam4_20260107_111931.jpg,0
2026-01-07T11:19:31.737860,cam5,/content/drive/MyDrive/TrafficCameraData1/data/cam5/cam5_20260107_111931.jpg,0
2026-01-07T11:19:32.157855,cam6,/content/drive/MyDrive/TrafficCameraData1/data/cam6/cam6_20260107_111932.jpg,0
2026-01-07T11:19:32.646621,cam7,/content/drive/MyDrive/TrafficCameraData1/data/cam7/cam7_20260107_111932.jpg,0
2026-01-07T11:19:33.132017,cam8,/content/drive/MyDrive/TrafficCameraData1/data/cam8/cam8_20260107_111933.jpg,0
2026-01-07T11:24:27.544963,cam1,/content/drive/MyDrive/TrafficCameraData1/data/cam1/cam1_20260107_112427.jpg,0
2026-01-07T11:24:28.219511,cam2,/content/drive/MyDrive/TrafficCameraData1/data/cam2/cam2_20260107_112428.jpg,0
2026-01-07T11:24:28.701216,cam3,/content/drive/MyDrive/TrafficCameraData1/data/cam3/cam3_20260107_112428.jpg,0
2026-01-07T11:24:29.192528,cam4,/content/drive/MyDrive/TrafficCameraData1/data/cam4/cam4_20260107_112429.jpg,0
2026-01-07T11:24:29.731603,cam5,/content/drive/MyDrive/TrafficCameraData1/data/cam5/cam5_20260107_112429.jpg,0
2026-01-07T11:24:30.256156,cam6,/content/drive/MyDrive/TrafficCameraData1/data/cam6/cam6_20260107_112430.jpg,0
2026-01-07T11:24:30.745047,cam7,/content/drive/MyDrive/TrafficCameraData1/data/cam7/cam7_20260107_112430.jpg,0
2026-01-07T11:24:31.260450,cam8,/content/drive/MyDrive/TrafficCameraData1/data/cam8/cam8_20260107_112431.jpg,0
2026-01-07T11:29:27.545215,cam1,/content/drive/MyDrive/TrafficCameraData1/data/cam1/cam1_20260107_112927.jpg,0
2026-01-07T11:29:28.387801,cam2,/content/drive/MyDrive/TrafficCameraData1/data/cam2/cam2_20260107_112928.jpg,0
2026-01-07T11:29:29.140016,cam3,/content/drive/MyDrive/TrafficCameraData1/data/cam3/cam3_20260107_112929.jpg,0
2026-01-07T11:29:29.629084,cam4,/content/drive/MyDrive/TrafficCameraData1/data/cam4/cam4_20260107_112929.jpg,0
2026-01-07T11:29:30.134538,cam5,/content/drive/MyDrive/TrafficCameraData1/data/cam5/cam5_20260107_112930.jpg,0
2026-01-07T11:29:30.567489,cam6,/content/drive/MyDrive/TrafficCameraData1/data/cam6/cam6_20260107_112930.jpg,0
2026-01-07T11:29:31.053071,cam7,/content/drive/MyDrive/TrafficCameraData1/data/cam7/cam7_20260107_112931.jpg,0
2026-01-07T11:29:31.561834,cam8,/content/drive/MyDrive/TrafficCameraData1/data/cam8/cam8_20260107_112931.jpg,0
2026-01-07T11:34:27.545642,cam1,/content/drive/MyDrive/TrafficCameraData1/data/cam1/cam1_20260107_113427.jpg,0
2026-01-07T11:34:28.106292,cam2,/content/drive/MyDrive/TrafficCameraData1/data/cam2/cam2_20260107_113428.jpg,0
2026-01-07T11:34:28.595015,cam3,/content/drive/MyDrive/TrafficCameraData1/data/cam3/cam3_20260107_113428.jpg,0
2026-01-07T11:34:29.088147,cam4,/content/drive/MyDrive/TrafficCameraData1/data/cam4/cam4_20260107_113429.jpg,0
2026-01-07T11:34:29.583785,cam5,/content/drive/MyDrive/TrafficCameraData1/data/cam5/cam5_20260107_113429.jpg,0
2026-01-07T11:34:30.092282,cam6,/content/drive/MyDrive/TrafficCameraData1/data/cam6/cam6_20260107_113430.jpg,0
2026-01-07T11:34:30.583896,cam7,/content/drive/MyDrive/TrafficCameraData1/data/cam7/cam7_20260107_113430.jpg,0
2026-01-07T11:34:31.070556,cam8,/content/drive/MyDrive/TrafficCameraData1/data/cam8/cam8_20260107_113431.jpg,0
2026-01-07T11:39:27.545722,cam1,/content/drive/MyDrive/TrafficCameraData1/data/cam1/cam1_20260107_113927.jpg,0
2026-01-07T11:39:28.108119,cam2,/content/drive/MyDrive/TrafficCameraData1/data/cam2/cam2_20260107_113928.jpg,0
2026-01-07T11:39:28.593959,cam3,/content/drive/MyDrive/TrafficCameraData1/data/cam3/cam3_20260107_113928.jpg,0
2026-01-07T11:39:29.089828,cam4,/content/drive/MyDrive/TrafficCameraData1/data/cam4/cam4_20260107_113929.jpg,0
2026-01-07T11:39:29.597660,cam5,/content/drive/MyDrive/TrafficCameraData1/data/cam5/cam5_20260107_113929.jpg,0
2026-01-07T11:39:30.025838,cam6,/content/drive/MyDrive/TrafficCameraData1/data/cam6/cam6_20260107_113930.jpg,0
2026-01-07T11:39:30.521277,cam7,/content/drive/MyDrive/TrafficCameraData1/data/cam7/cam7_20260107_113930.jpg,0
2026-01-07T11:39:31.008466,cam8,/content/drive/MyDrive/TrafficCameraData1/data/cam8/cam8_20260107_113931.jpg,0
2026-01-07T11:44:27.546427,cam1,/content/drive/MyDrive/TrafficCameraData1/data/cam1/cam1_20260107_114427.jpg,0
2026-01-07T11:44:28.043892,cam2,/content/drive/MyDrive/TrafficCameraData1/data/cam2/cam2_20260107_114428.jpg,0
2026-01-07T11:44:28.542101,cam3,/content/drive/MyDrive/TrafficCameraData1/data/cam3/cam3_20260107_114428.jpg,0
2026-01-07T11:44:29.039255,cam4,/content/drive/MyDrive/TrafficCameraData1/data/cam4/cam4_20260107_114429.jpg,0
2026-01-07T11:44:29.525039,cam5,/content/drive/MyDrive/TrafficCameraData1/data/cam5/cam5_20260107_114429.jpg,0
2026-01-07T11:44:29.945444,cam6,/content/drive/MyDrive/TrafficCameraData1/data/cam6/cam6_20260107_114429.jpg,0
2026-01-07T11:44:30.444777,cam7,/content/drive/MyDrive/TrafficCameraData1/data/cam7/cam7_20260107_114430.jpg,0
2026-01-07T11:44:30.933994,cam8,/content/drive/MyDrive/TrafficCameraData1/data/cam8/cam8_20260107_114430.jpg,0
2026-01-07T11:49:27.546358,cam1,/content/drive/MyDrive/TrafficCameraData1/data/cam1/cam1_20260107_114927.jpg,0
2026-01-07T11:49:28.120566,cam2,/content/drive/MyDrive/TrafficCameraData1/data/cam2/cam2_20260107_114928.jpg,0
2026-01-07T11:49:28.607694,cam3,/content/drive/MyDrive/TrafficCameraData1/data/cam3/cam3_20260107_114928.jpg,0
2026-01-07T11:49:29.097537,cam4,/content/drive/MyDrive/TrafficCameraData1/data/cam4/cam4_20260107_114929.jpg,0
2026-01-07T11:49:29.589562,cam5,/content/drive/MyDrive/TrafficCameraData1/data/cam5/cam5_20260107_114929.jpg,0
2026-01-07T11:49:30.007126,cam6,/content/drive/MyDrive/TrafficCameraData1/data/cam6/cam6_20260107_114930.jpg,0
2026-01-07T11:49:30.495373,cam7,/content/drive/MyDrive/TrafficCameraData1/data/cam7/cam7_20260107_114930.jpg,0
2026-01-07T11:49:32.116823,cam8,/content/drive/MyDrive/TrafficCameraData1/data/cam8/cam8_20260107_114932.jpg,0
2026-01-07T11:54:27.546890,cam1,/content/drive/MyDrive/TrafficCameraData1/data/cam1/cam1_20260107_115427.jpg,0
2026-01-07T11:54:28.099122,cam2,/content/drive/MyDrive/TrafficCameraData1/data/cam2/cam2_20260107_115428.jpg,0
2026-01-07T11:54:28.589761,cam3,/content/drive/MyDrive/TrafficCameraData1/data/cam3/cam3_20260107_115428.jpg,0
2026-01-07T11:54:29.080448,cam4,/content/drive/MyDrive/TrafficCameraData1/data/cam4/cam4_20260107_115429.jpg,0
2026-01-07T11:54:29.566203,cam5,/content/drive/MyDrive/TrafficCameraData1/data/cam5/cam5_20260107_115429.jpg,0
2026-01-07T11:54:30.077766,cam6,/content/drive/MyDrive/TrafficCameraData1/data/cam6/cam6_20260107_115430.jpg,0
2026-01-07T11:54:30.566836,cam7,/content/drive/MyDrive/TrafficCameraData1/data/cam7/cam7_20260107_115430.jpg,0
2026-01-07T11:54:31.058103,cam8,/content/drive/MyDrive/TrafficCameraData1/data/cam8/cam8_20260107_115431.jpg,0
2026-01-07T11:59:27.546959,cam1,/content/drive/MyDrive/TrafficCameraData1/data/cam1/cam1_20260107_115927.jpg,0
2026-01-07T11:59:28.182866,cam2,/content/drive/MyDrive/TrafficCameraData1/data/cam2/cam2_20260107_115928.jpg,0
2026-01-07T11:59:28.665870,cam3,/content/drive/MyDrive/TrafficCameraData1/data/cam3/cam3_20260107_115928.jpg,0
2026-01-07T11:59:29.166437,cam4,/content/drive/MyDrive/TrafficCameraData1/data/cam4/cam4_20260107_115929.jpg,0
2026-01-07T11:59:29.656122,cam5,/content/drive/MyDrive/TrafficCameraData1/data/cam5/cam5_20260107_115929.jpg,0
2026-01-07T11:59:30.093289,cam6,/content/drive/MyDrive/TrafficCameraData1/data/cam6/cam6_20260107_115930.jpg,0
2026-01-07T11:59:30.579797,cam7,/content/drive/MyDrive/TrafficCameraData1/data/cam7/cam7_20260107_115930.jpg,0
2026-01-07T11:59:31.070181,cam8,/content/drive/MyDrive/TrafficCameraData1/data/cam8/cam8_20260107_115931.jpg,0
2026-01-07T12:04:27.547163,cam1,/content/drive/MyDrive/TrafficCameraData1/data/cam1/cam1_20260107_120427.jpg,0
2026-01-07T12:04:28.098824,cam2,/content/drive/MyDrive/TrafficCameraData1/data/cam2/cam2_20260107_120428.jpg,0
2026-01-07T12:04:29.268824,cam3,/content/drive/MyDrive/TrafficCameraData1/data/cam3/cam3_20260107_120429.jpg,0
2026-01-07T12:04:29.772705,cam4,/content/drive/MyDrive/TrafficCameraData1/data/cam4/cam4_20260107_120429.jpg,0
2026-01-07T12:04:30.265516,cam5,/content/drive/MyDrive/TrafficCameraData1/data/cam5/cam5_20260107_120430.jpg,0
2026-01-07T12:04:30.684344,cam6,/content/drive/MyDrive/TrafficCameraData1/data/cam6/cam6_20260107_120430.jpg,0
2026-01-07T12:04:31.182342,cam7,/content/drive/MyDrive/TrafficCameraData1/data/cam7/cam7_20260107_120431.jpg,0
2026-01-07T12:04:31.670494,cam8,/content/drive/MyDrive/TrafficCameraData1/data/cam8/cam8_20260107_120431.jpg,0
2026-01-07T12:09:27.547490,cam1,/content/drive/MyDrive/TrafficCameraData1/data/cam1/cam1_20260107_120927.jpg,0
2026-01-07T12:09:28.115377,cam2,/content/drive/MyDrive/TrafficCameraData1/data/cam2/cam2_20260107_120928.jpg,0
2026-01-07T12:09:28.628062,cam3,/content/drive/MyDrive/TrafficCameraData1/data/cam3/cam3_20260107_120928.jpg,0
2026-01-07T12:09:29.127421,cam4,/content/drive/MyDrive/TrafficCameraData1/data/cam4/cam4_20260107_120929.jpg,0
2026-01-07T12:09:29.618596,cam5,/content/drive/MyDrive/TrafficCameraData1/data/cam5/cam5_20260107_120929.jpg,0
2026-01-07T12:09:30.038006,cam6,/content/drive/MyDrive/TrafficCameraData1/data/cam6/cam6_20260107_120930.jpg,0
2026-01-07T12:09:30.528093,cam7,/content/drive/MyDrive/TrafficCameraData1/data/cam7/cam7_20260107_120930.jpg,0
2026-01-07T12:09:31.025348,cam8,/content/drive/MyDrive/TrafficCameraData1/data/cam8/cam8_20260107_120931.jpg,0
2026-01-07T12:14:27.547535,cam1,/content/drive/MyDrive/TrafficCameraData1/data/cam1/cam1_20260107_121427.jpg,0
2026-01-07T12:14:28.104783,cam2,/content/drive/MyDrive/TrafficCameraData1/data/cam2/cam2_20260107_121428.jpg,0
2026-01-07T12:14:28.595490,cam3,/content/drive/MyDrive/TrafficCameraData1/data/cam3/cam3_20260107_121428.jpg,0
2026-01-07T12:14:29.091056,cam4,/content/drive/MyDrive/TrafficCameraData1/data/cam4/cam4_20260107_121429.jpg,0
2026-01-07T12:14:29.579132,cam5,/content/drive/MyDrive/TrafficCameraData1/data/cam5/cam5_20260107_121429.jpg,0
2026-01-07T12:14:30.002837,cam6,/content/drive/MyDrive/TrafficCameraData1/data/cam6/cam6_20260107_121430.jpg,0
2026-01-07T12:14:30.505814,cam7,/content/drive/MyDrive/TrafficCameraData1/data/cam7/cam7_20260107_121430.jpg,0
2026-01-07T12:14:31.013221,cam8,/content/drive/MyDrive/TrafficCameraData1/data/cam8/cam8_20260107_121431.jpg,0
2026-01-07T12:19:27.547818,cam1,/content/drive/MyDrive/TrafficCameraData1/data/cam1/cam1_20260107_121927.jpg,0
2026-01-07T12:19:28.051880,cam2,/content/drive/MyDrive/TrafficCameraData1/data/cam2/cam2_20260107_121928.jpg,0
2026-01-07T12:19:28.539243,cam3,/content/drive/MyDrive/TrafficCameraData1/data/cam3/cam3_20260107_121928.jpg,0
2026-01-07T12:19:29.044056,cam4,/content/drive/MyDrive/TrafficCameraData1/data/cam4/cam4_20260107_121929.jpg,0
2026-01-07T12:19:29.533671,cam5,/content/drive/MyDrive/TrafficCameraData1/data/cam5/cam5_20260107_121929.jpg,0
2026-01-07T12:19:29.955151,cam6,/content/drive/MyDrive/TrafficCameraData1/data/cam6/cam6_20260107_121929.jpg,0
2026-01-07T12:19:30.465392,cam7,/content/drive/MyDrive/TrafficCameraData1/data/cam7/cam7_20260107_121930.jpg,0
2026-01-07T12:19:30.956015,cam8,/content/drive/MyDrive/TrafficCameraData1/data/cam8/cam8_20260107_121930.jpg,0
2026-01-07T12:24:27.548148,cam1,/content/drive/MyDrive/TrafficCameraData1/data/cam1/cam1_20260107_122427.jpg,0
2026-01-07T12:24:28.112632,cam2,/content/drive/MyDrive/TrafficCameraData1/data/cam2/cam2_20260107_122428.jpg,0
2026-01-07T12:24:28.601292,cam3,/content/drive/MyDrive/TrafficCameraData1/data/cam3/cam3_20260107_122428.jpg,0
2026-01-07T12:24:29.103543,cam4,/content/drive/MyDrive/TrafficCameraData1/data/cam4/cam4_20260107_122429.jpg,0
2026-01-07T12:24:29.611236,cam5,/content/drive/MyDrive/TrafficCameraData1/data/cam5/cam5_20260107_122429.jpg,0
2026-01-07T12:24:30.031983,cam6,/content/drive/MyDrive/TrafficCameraData1/data/cam6/cam6_20260107_122430.jpg,0
2026-01-07T12:24:30.520267,cam7,/content/drive/MyDrive/TrafficCameraData1/data/cam7/cam7_20260107_122430.jpg,0
2026-01-07T12:24:31.009062,cam8,/content/drive/MyDrive/TrafficCameraData1/data/cam8/cam8_20260107_122431.jpg,0
2026-01-07T12:29:27.548414,cam1,/content/drive/MyDrive/TrafficCameraData1/data/cam1/cam1_20260107_122927.jpg,0
2026-01-07T12:29:28.101971,cam2,/content/drive/MyDrive/TrafficCameraData1/data/cam2/cam2_20260107_122928.jpg,0
2026-01-07T12:29:28.615781,cam3,/content/drive/MyDrive/TrafficCameraData1/data/cam3/cam3_20260107_122928.jpg,0
2026-01-07T12:29:29.164325,cam4,/content/drive/MyDrive/TrafficCameraData1/data/cam4/cam4_20260107_122929.jpg,0
2026-01-07T12:29:29.650556,cam5,/content/drive/MyDrive/TrafficCameraData1/data/cam5/cam5_20260107_122929.jpg,0
2026-01-07T12:29:30.069915,cam6,/content/drive/MyDrive/TrafficCameraData1/data/cam6/cam6_20260107_122930.jpg,0
2026-01-07T12:29:30.600159,cam7,/content/drive/MyDrive/TrafficCameraData1/data/cam7/cam7_20260107_122930.jpg,0
2026-01-07T12:29:31.087568,cam8,/content/drive/MyDrive/TrafficCameraData1/data/cam8/cam8_20260107_122931.jpg,0
2026-01-07T12:34:27.548863,cam1,/content/drive/MyDrive/TrafficCameraData1/data/cam1/cam1_20260107_123427.jpg,0
2026-01-07T12:34:28.116443,cam2,/content/drive/MyDrive/TrafficCameraData1/data/cam2/cam2_20260107_123428.jpg,0
2026-01-07T12:34:28.601918,cam3,/content/drive/MyDrive/TrafficCameraData1/data/cam3/cam3_20260107_123428.jpg,0
2026-01-07T12:34:29.099137,cam4,/content/drive/MyDrive/TrafficCameraData1/data/cam4/cam4_20260107_123429.jpg,0
2026-01-07T12:34:29.588912,cam5,/content/drive/MyDrive/TrafficCameraData1/data/cam5/cam5_20260107_123429.jpg,0
2026-01-07T12:34:30.014159,cam6,/content/drive/MyDrive/TrafficCameraData1/data/cam6/cam6_20260107_123430.jpg,0
2026-01-07T12:34:30.502833,cam7,/content/drive/MyDrive/TrafficCameraData1/data/cam7/cam7_20260107_123430.jpg,0
2026-01-07T12:34:30.991199,cam8,/content/drive/MyDrive/TrafficCameraData1/data/cam8/cam8_20260107_123430.jpg,0
2026-01-07T12:41:14.250562,cam1,/content/drive/MyDrive/TrafficCameraData1/data/cam1/cam1_20260107_124114.jpg,0
2026-01-07T12:41:14.831688,cam2,/content/drive/MyDrive/TrafficCameraData1/data/cam2/cam2_20260107_124114.jpg,0
2026-01-07T12:41:15.704183,cam3,/content/drive/MyDrive/TrafficCameraData1/data/cam3/cam3_20260107_124115.jpg,0
2026-01-07T12:41:16.768538,cam4,/content/drive/MyDrive/TrafficCameraData1/data/cam4/cam4_20260107_124116.jpg,0
2026-01-07T12:41:17.685186,cam5,/content/drive/MyDrive/TrafficCameraData1/data/cam5/cam5_20260107_124117.jpg,0
2026-01-07T12:41:18.348779,cam6,/content/drive/MyDrive/TrafficCameraData1/data/cam6/cam6_20260107_124118.jpg,0
2026-01-07T12:41:19.021891,cam7,/content/drive/MyDrive/TrafficCameraData1/data/cam7/cam7_20260107_124119.jpg,0
2026-01-07T12:41:19.659619,cam8,/content/drive/MyDrive/TrafficCameraData1/data/cam8/cam8_20260107_124119.jpg,0
2026-01-07T12:46:14.251400,cam1,/content/drive/MyDrive/TrafficCameraData1/data/cam1/cam1_20260107_124614.jpg,0
2026-01-07T12:46:14.735709,cam2,/content/drive/MyDrive/TrafficCameraData1/data/cam2/cam2_20260107_124614.jpg,0
2026-01-07T12:46:15.299914,cam3,/content/drive/MyDrive/TrafficCameraData1/data/cam3/cam3_20260107_124615.jpg,0
2026-01-07T12:46:15.847416,cam4,/content/drive/MyDrive/TrafficCameraData1/data/cam4/cam4_20260107_124615.jpg,0
2026-01-07T12:46:16.348948,cam5,/content/drive/MyDrive/TrafficCameraData1/data/cam5/cam5_20260107_124616.jpg,0
2026-01-07T12:46:16.789887,cam6,/content/drive/MyDrive/TrafficCameraData1/data/cam6/cam6_20260107_124616.jpg,0
2026-01-07T12:46:17.276279,cam7,/content/drive/MyDrive/TrafficCameraData1/data/cam7/cam7_20260107_124617.jpg,0
2026-01-07T12:46:17.759392,cam8,/content/drive/MyDrive/TrafficCameraData1/data/cam8/cam8_20260107_124617.jpg,0
2026-01-07T12:51:14.251671,cam1,/content/drive/MyDrive/TrafficCameraData1/data/cam1/cam1_20260107_125114.jpg,0
2026-01-07T12:51:14.796959,cam2,/content/drive/MyDrive/TrafficCameraData1/data/cam2/cam2_20260107_125114.jpg,0
2026-01-07T12:51:15.567641,cam3,/content/drive/MyDrive/TrafficCameraData1/data/cam3/cam3_20260107_125115.jpg,0
2026-01-07T12:51:16.366807,cam4,/content/drive/MyDrive/TrafficCameraData1/data/cam4/cam4_20260107_125116.jpg,0
2026-01-07T12:51:17.165627,cam5,/content/drive/MyDrive/TrafficCameraData1/data/cam5/cam5_20260107_125117.jpg,0
2026-01-07T12:51:17.581051,cam6,/content/drive/MyDrive/TrafficCameraData1/data/cam6/cam6_20260107_125117.jpg,0
2026-01-07T12:51:18.278318,cam7,/content/drive/MyDrive/TrafficCameraData1/data/cam7/cam7_20260107_125118.jpg,0
2026-01-07T12:51:18.783019,cam8,/content/drive/MyDrive/TrafficCameraData1/data/cam8/cam8_20260107_125118.jpg,0
2026-01-07T12:56:14.251860,cam1,/content/drive/MyDrive/TrafficCameraData1/data/cam1/cam1_20260107_125614.jpg,0
2026-01-07T12:56:14.880820,cam2,/content/drive/MyDrive/TrafficCameraData1/data/cam2/cam2_20260107_125614.jpg,0
2026-01-07T12:56:15.406952,cam3,/content/drive/MyDrive/TrafficCameraData1/data/cam3/cam3_20260107_125615.jpg,0
2026-01-07T12:56:15.948024,cam4,/content/drive/MyDrive/TrafficCameraData1/data/cam4/cam4_20260107_125615.jpg,0
2026-01-07T12:56:16.481900,cam5,/content/drive/MyDrive/TrafficCameraData1/data/cam5/cam5_20260107_125616.jpg,0
2026-01-07T12:56:16.982982,cam6,/content/drive/MyDrive/TrafficCameraData1/data/cam6/cam6_20260107_125616.jpg,0
2026-01-07T12:56:17.471551,cam7,/content/drive/MyDrive/TrafficCameraData1/data/cam7/cam7_20260107_125617.jpg,0
2026-01-07T12:56:18.175158,cam8,/content/drive/MyDrive/TrafficCameraData1/data/cam8/cam8_20260107_125618.jpg,0
2026-01-07T13:01:14.252207,cam1,/content/drive/MyDrive/TrafficCameraData1/data/cam1/cam1_20260107_130114.jpg,0
2026-01-07T13:01:14.798113,cam2,/content/drive/MyDrive/TrafficCameraData1/data/cam2/cam2_20260107_130114.jpg,0
2026-01-07T13:01:15.588601,cam3,/content/drive/MyDrive/TrafficCameraData1/data/cam3/cam3_20260107_130115.jpg,0
2026-01-07T13:01:16.079399,cam4,/content/drive/MyDrive/TrafficCameraData1/data/cam4/cam4_20260107_130116.jpg,0
2026-01-07T13:01:16.577177,cam5,/content/drive/MyDrive/TrafficCameraData1/data/cam5/cam5_20260107_130116.jpg,0
2026-01-07T13:01:17.009798,cam6,/content/drive/MyDrive/TrafficCameraData1/data/cam6/cam6_20260107_130117.jpg,0
2026-01-07T13:01:17.501724,cam7,/content/drive/MyDrive/TrafficCameraData1/data/cam7/cam7_20260107_130117.jpg,0
2026-01-07T13:01:18.145263,cam8,/content/drive/MyDrive/TrafficCameraData1/data/cam8/cam8_20260107_130118.jpg,0
2026-01-07T13:06:14.252718,cam1,/content/drive/MyDrive/TrafficCameraData1/data/cam1/cam1_20260107_130614.jpg,0
2026-01-07T13:06:14.814125,cam2,/content/drive/MyDrive/TrafficCameraData1/data/cam2/cam2_20260107_130614.jpg,0
2026-01-07T13:06:15.337147,cam3,/content/drive/MyDrive/TrafficCameraData1/data/cam3/cam3_20260107_130615.jpg,0
2026-01-07T13:06:15.831457,cam4,/content/drive/MyDrive/TrafficCameraData1/data/cam4/cam4_20260107_130615.jpg,0
2026-01-07T13:06:16.342486,cam5,/content/drive/MyDrive/TrafficCameraData1/data/cam5/cam5_20260107_130616.jpg,0
2026-01-07T13:06:16.762442,cam6,/content/drive/MyDrive/TrafficCameraData1/data/cam6/cam6_20260107_130616.jpg,0
2026-01-07T13:06:17.273549,cam7,/content/drive/MyDrive/TrafficCameraData1/data/cam7/cam7_20260107_130617.jpg,0
2026-01-07T13:06:17.759388,cam8,/content/drive/MyDrive/TrafficCameraData1/data/cam8/cam8_20260107_130617.jpg,0
2026-01-07T13:11:14.252747,cam1,/content/drive/MyDrive/TrafficCameraData1/data/cam1/cam1_20260107_131114.jpg,0
2026-01-07T13:11:14.892755,cam2,/content/drive/MyDrive/TrafficCameraData1/data/cam2/cam2_20260107_131114.jpg,0
2026-01-07T13:11:15.374159,cam3,/content/drive/MyDrive/TrafficCameraData1/data/cam3/cam3_20260107_131115.jpg,0
2026-01-07T13:11:16.295790,cam4,/content/drive/MyDrive/TrafficCameraData1/data/cam4/cam4_20260107_131116.jpg,0
2026-01-07T13:11:17.103734,cam5,/content/drive/MyDrive/TrafficCameraData1/data/cam5/cam5_20260107_131117.jpg,0
2026-01-07T13:11:17.616578,cam6,/content/drive/MyDrive/TrafficCameraData1/data/cam6/cam6_20260107_131117.jpg,0
2026-01-07T13:11:18.565982,cam7,/content/drive/MyDrive/TrafficCameraData1/data/cam7/cam7_20260107_131118.jpg,0
2026-01-07T13:11:19.100191,cam8,/content/drive/MyDrive/TrafficCameraData1/data/cam8/cam8_20260107_131119.jpg,0
2026-01-07T13:16:14.253592,cam1,/content/drive/MyDrive/TrafficCameraData1/data/cam1/cam1_20260107_131614.jpg,0
2026-01-07T13:16:14.767344,cam2,/content/drive/MyDrive/TrafficCameraData1/data/cam2/cam2_20260107_131614.jpg,0
2026-01-07T13:16:15.502606,cam3,/content/drive/MyDrive/TrafficCameraData1/data/cam3/cam3_20260107_131615.jpg,0
2026-01-07T13:16:16.007807,cam4,/content/drive/MyDrive/TrafficCameraData1/data/cam4/cam4_20260107_131616.jpg,0
2026-01-07T13:16:16.491128,cam5,/content/drive/MyDrive/TrafficCameraData1/data/cam5/cam5_20260107_131616.jpg,0
2026-01-07T13:16:16.912340,cam6,/content/drive/MyDrive/TrafficCameraData1/data/cam6/cam6_20260107_131616.jpg,0
2026-01-07T13:16:17.398195,cam7,/content/drive/MyDrive/TrafficCameraData1/data/cam7/cam7_20260107_131617.jpg,0
2026-01-07T13:16:17.919099,cam8,/content/drive/MyDrive/TrafficCameraData1/data/cam8/cam8_20260107_131617.jpg,0
2026-01-07T13:21:14.254048,cam1,/content/drive/MyDrive/TrafficCameraData1/data/cam1/cam1_20260107_132114.jpg,0
2026-01-07T13:21:14.758067,cam2,/content/drive/MyDrive/TrafficCameraData1/data/cam2/cam2_20260107_132114.jpg,0
2026-01-07T13:21:15.323510,cam3,/content/drive/MyDrive/TrafficCameraData1/data/cam3/cam3_20260107_132115.jpg,0
2026-01-07T13:21:16.138879,cam4,/content/drive/MyDrive/TrafficCameraData1/data/cam4/cam4_20260107_132116.jpg,0
2026-01-07T13:21:16.920219,cam5,/content/drive/MyDrive/TrafficCameraData1/data/cam5/cam5_20260107_132116.jpg,0
2026-01-07T13:21:17.404572,cam6,/content/drive/MyDrive/TrafficCameraData1/data/cam6/cam6_20260107_132117.jpg,0
2026-01-07T13:21:17.899503,cam7,/content/drive/MyDrive/TrafficCameraData1/data/cam7/cam7_20260107_132117.jpg,0
2026-01-07T13:21:18.384617,cam8,/content/drive/MyDrive/TrafficCameraData1/data/cam8/cam8_20260107_132118.jpg,0
2026-01-07T13:26:14.254395,cam1,/content/drive/MyDrive/TrafficCameraData1/data/cam1/cam1_20260107_132614.jpg,0
2026-01-07T13:26:14.881798,cam2,/content/drive/MyDrive/TrafficCameraData1/data/cam2/cam2_20260107_132614.jpg,0
2026-01-07T13:26:15.600886,cam3,/content/drive/MyDrive/TrafficCameraData1/data/cam3/cam3_20260107_132615.jpg,0
2026-01-07T13:26:16.117364,cam4,/content/drive/MyDrive/TrafficCameraData1/data/cam4/cam4_20260107_132616.jpg,0
2026-01-07T13:26:16.605999,cam5,/content/drive/MyDrive/TrafficCameraData1/data/cam5/cam5_20260107_132616.jpg,0
2026-01-07T13:26:17.029980,cam6,/content/drive/MyDrive/TrafficCameraData1/data/cam6/cam6_20260107_132617.jpg,0
2026-01-07T13:26:17.515155,cam7,/content/drive/MyDrive/TrafficCameraData1/data/cam7/cam7_20260107_132617.jpg,0
2026-01-07T13:26:18.001102,cam8,/content/drive/MyDrive/TrafficCameraData1/data/cam8/cam8_20260107_132618.jpg,0
2026-01-07T13:31:14.254437,cam1,/content/drive/MyDrive/TrafficCameraData1/data/cam1/cam1_20260107_133114.jpg,0
2026-01-07T13:31:15.030440,cam2,/content/drive/MyDrive/TrafficCameraData1/data/cam2/cam2_20260107_133115.jpg,0
2026-01-07T13:31:15.748802,cam3,/content/drive/MyDrive/TrafficCameraData1/data/cam3/cam3_20260107_133115.jpg,0
2026-01-07T13:31:16.545930,cam4,/content/drive/MyDrive/TrafficCameraData1/data/cam4/cam4_20260107_133116.jpg,0
2026-01-07T13:31:17.788946,cam5,/content/drive/MyDrive/TrafficCameraData1/data/cam5/cam5_20260107_133117.jpg,0
2026-01-07T13:31:20.967987,cam6,/content/drive/MyDrive/TrafficCameraData1/data/cam6/cam6_20260107_133120.jpg,0
2026-01-07T13:31:22.142954,cam7,/content/drive/MyDrive/TrafficCameraData1/data/cam7/cam7_20260107_133122.jpg,0
2026-01-07T13:31:24.762556,cam8,/content/drive/MyDrive/TrafficCameraData1/data/cam8/cam8_20260107_133124.jpg,0
2026-01-07T13:36:14.254218,cam1,/content/drive/MyDrive/TrafficCameraData1/data/cam1/cam1_20260107_133614.jpg,0
2026-01-07T13:36:14.801154,cam2,/content/drive/MyDrive/TrafficCameraData1/data/cam2/cam2_20260107_133614.jpg,0
2026-01-07T13:36:15.369686,cam3,/content/drive/MyDrive/TrafficCameraData1/data/cam3/cam3_20260107_133615.jpg,0
2026-01-07T13:36:15.861083,cam4,/content/drive/MyDrive/TrafficCameraData1/data/cam4/cam4_20260107_133615.jpg,0
2026-01-07T13:36:16.365493,cam5,/content/drive/MyDrive/TrafficCameraData1/data/cam5/cam5_20260107_133616.jpg,0
2026-01-07T13:36:16.786033,cam6,/content/drive/MyDrive/TrafficCameraData1/data/cam6/cam6_20260107_133616.jpg,0
2026-01-07T13:36:17.275629,cam7,/content/drive/MyDrive/TrafficCameraData1/data/cam7/cam7_20260107_133617.jpg,0
2026-01-07T13:36:17.782659,cam8,/content/drive/MyDrive/TrafficCameraData1/data/cam8/cam8_20260107_133617.jpg,0
2026-01-07T13:41:14.254832,cam1,/content/drive/MyDrive/TrafficCameraData1/data/cam1/cam1_20260107_134114.jpg,0
2026-01-07T13:41:15.205163,cam2,/content/drive/MyDrive/TrafficCameraData1/data/cam2/cam2_20260107_134115.jpg,0
2026-01-07T13:41:15.920320,cam3,/content/drive/MyDrive/TrafficCameraData1/data/cam3/cam3_20260107_134115.jpg,0
2026-01-07T13:41:16.721039,cam4,/content/drive/MyDrive/TrafficCameraData1/data/cam4/cam4_20260107_134116.jpg,0
2026-01-07T13:41:17.498811,cam5,/content/drive/MyDrive/TrafficCameraData1/data/cam5/cam5_20260107_134117.jpg,0
2026-01-07T13:41:17.994801,cam6,/content/drive/MyDrive/TrafficCameraData1/data/cam6/cam6_20260107_134117.jpg,0
2026-01-07T13:41:18.478654,cam7,/content/drive/MyDrive/TrafficCameraData1/data/cam7/cam7_20260107_134118.jpg,0
2026-01-07T13:41:18.957416,cam8,/content/drive/MyDrive/TrafficCameraData1/data/cam8/cam8_20260107_134118.jpg,0
2026-01-07T13:46:14.255063,cam1,/content/drive/MyDrive/TrafficCameraData1/data/cam1/cam1_20260107_134614.jpg,0
2026-01-07T13:46:14.817697,cam2,/content/drive/MyDrive/TrafficCameraData1/data/cam2/cam2_20260107_134614.jpg,0
2026-01-07T13:46:15.365054,cam3,/content/drive/MyDrive/TrafficCameraData1/data/cam3/cam3_20260107_134615.jpg,0
2026-01-07T13:46:15.857924,cam4,/content/drive/MyDrive/TrafficCameraData1/data/cam4/cam4_20260107_134615.jpg,0
2026-01-07T13:46:16.343077,cam5,/content/drive/MyDrive/TrafficCameraData1/data/cam5/cam5_20260107_134616.jpg,0
2026-01-07T13:46:16.784982,cam6,/content/drive/MyDrive/TrafficCameraData1/data/cam6/cam6_20260107_134616.jpg,0
2026-01-07T13:46:17.273978,cam7,/content/drive/MyDrive/TrafficCameraData1/data/cam7/cam7_20260107_134617.jpg,0
2026-01-07T13:46:17.756333,cam8,/content/drive/MyDrive/TrafficCameraData1/data/cam8/cam8_20260107_134617.jpg,0
2026-01-07T13:51:14.255107,cam1,/content/drive/MyDrive/TrafficCameraData1/data/cam1/cam1_20260107_135114.jpg,0
2026-01-07T13:51:14.976622,cam2,/content/drive/MyDrive/TrafficCameraData1/data/cam2/cam2_20260107_135114.jpg,0
2026-01-07T13:51:15.747877,cam3,/content/drive/MyDrive/TrafficCameraData1/data/cam3/cam3_20260107_135115.jpg,0
2026-01-07T13:51:16.549398,cam4,/content/drive/MyDrive/TrafficCameraData1/data/cam4/cam4_20260107_135116.jpg,0
2026-01-07T13:51:17.388196,cam5,/content/drive/MyDrive/TrafficCameraData1/data/cam5/cam5_20260107_135117.jpg,0
2026-01-07T13:51:17.874497,cam6,/content/drive/MyDrive/TrafficCameraData1/data/cam6/cam6_20260107_135117.jpg,0
2026-01-07T13:51:18.375319,cam7,/content/drive/MyDrive/TrafficCameraData1/data/cam7/cam7_20260107_135118.jpg,0
2026-01-07T13:51:18.874264,cam8,/content/drive/MyDrive/TrafficCameraData1/data/cam8/cam8_20260107_135118.jpg,0
2026-01-07T13:56:14.255369,cam1,/content/drive/MyDrive/TrafficCameraData1/data/cam1/cam1_20260107_135614.jpg,0
2026-01-07T13:56:14.739212,cam2,/content/drive/MyDrive/TrafficCameraData1/data/cam2/cam2_20260107_135614.jpg,0
2026-01-07T13:56:15.227116,cam3,/content/drive/MyDrive/TrafficCameraData1/data/cam3/cam3_20260107_135615.jpg,0
2026-01-07T13:56:15.716595,cam4,/content/drive/MyDrive/TrafficCameraData1/data/cam4/cam4_20260107_135615.jpg,0
2026-01-07T13:56:16.201836,cam5,/content/drive/MyDrive/TrafficCameraData1/data/cam5/cam5_20260107_135616.jpg,0
2026-01-07T13:56:16.635730,cam6,/content/drive/MyDrive/TrafficCameraData1/data/cam6/cam6_20260107_135616.jpg,0
2026-01-07T13:56:17.116762,cam7,/content/drive/MyDrive/TrafficCameraData1/data/cam7/cam7_20260107_135617.jpg,0
2026-01-07T13:56:17.598079,cam8,/content/drive/MyDrive/TrafficCameraData1/data/cam8/cam8_20260107_135617.jpg,0
2026-01-07T14:01:59.481583,cam3,/content/drive/MyDrive/TrafficCameraData1/data/cam3/cam3_20260107_140159.jpg,0
2026-01-07T14:02:09.263212,cam4,/content/drive/MyDrive/TrafficCameraData1/data/cam4/cam4_20260107_140209.jpg,0
2026-01-07T14:02:11.338152,cam5,/content/drive/MyDrive/TrafficCameraData1/data/cam5/cam5_20260107_140211.jpg,0
2026-01-07T14:02:14.177446,cam6,/content/drive/MyDrive/TrafficCameraData1/data/cam6/cam6_20260107_140214.jpg,0
2026-01-07T14:02:17.227359,cam7,/content/drive/MyDrive/TrafficCameraData1/data/cam7/cam7_20260107_140217.jpg,0
2026-01-07T14:02:20.315707,cam8,/content/drive/MyDrive/TrafficCameraData1/data/cam8/cam8_20260107_140220.jpg,0
2026-01-07T14:06:14.255614,cam1,/content/drive/MyDrive/TrafficCameraData1/data/cam1/cam1_20260107_140614.jpg,0
2026-01-07T14:06:14.809369,cam2,/content/drive/MyDrive/TrafficCameraData1/data/cam2/cam2_20260107_140614.jpg,0
2026-01-07T14:06:15.532160,cam3,/content/drive/MyDrive/TrafficCameraData1/data/cam3/cam3_20260107_140615.jpg,0
2026-01-07T14:06:16.038074,cam4,/content/drive/MyDrive/TrafficCameraData1/data/cam4/cam4_20260107_140616.jpg,0
2026-01-07T14:06:16.532177,cam5,/content/drive/MyDrive/TrafficCameraData1/data/cam5/cam5_20260107_140616.jpg,0
2026-01-07T14:06:16.949870,cam6,/content/drive/MyDrive/TrafficCameraData1/data/cam6/cam6_20260107_140616.jpg,0
2026-01-07T14:06:17.443519,cam7,/content/drive/MyDrive/TrafficCameraData1/data/cam7/cam7_20260107_140617.jpg,0
2026-01-07T14:06:18.159227,cam8,/content/drive/MyDrive/TrafficCameraData1/data/cam8/cam8_20260107_140618.jpg,0
2026-01-07T14:11:14.256245,cam1,/content/drive/MyDrive/TrafficCameraData1/data/cam1/cam1_20260107_141114.jpg,0
2026-01-07T14:11:14.739897,cam2,/content/drive/MyDrive/TrafficCameraData1/data/cam2/cam2_20260107_141114.jpg,0
2026-01-07T14:11:15.239253,cam3,/content/drive/MyDrive/TrafficCameraData1/data/cam3/cam3_20260107_141115.jpg,0
2026-01-07T14:11:16.029380,cam4,/content/drive/MyDrive/TrafficCameraData1/data/cam4/cam4_20260107_141116.jpg,0
2026-01-07T14:11:16.598542,cam5,/content/drive/MyDrive/TrafficCameraData1/data/cam5/cam5_20260107_141116.jpg,0
2026-01-07T14:11:17.035594,cam6,/content/drive/MyDrive/TrafficCameraData1/data/cam6/cam6_20260107_141117.jpg,0
2026-01-07T14:11:17.527824,cam7,/content/drive/MyDrive/TrafficCameraData1/data/cam7/cam7_20260107_141117.jpg,0
2026-01-07T14:11:18.061547,cam8,/content/drive/MyDrive/TrafficCameraData1/data/cam8/cam8_20260107_141118.jpg,0
2026-01-07T14:16:14.256380,cam1,/content/drive/MyDrive/TrafficCameraData1/data/cam1/cam1_20260107_141614.jpg,0
2026-01-07T14:16:15.050955,cam2,/content/drive/MyDrive/TrafficCameraData1/data/cam2/cam2_20260107_141615.jpg,0
2026-01-07T14:16:15.791564,cam3,/content/drive/MyDrive/TrafficCameraData1/data/cam3/cam3_20260107_141615.jpg,0
2026-01-07T14:16:16.590655,cam4,/content/drive/MyDrive/TrafficCameraData1/data/cam4/cam4_20260107_141616.jpg,0
2026-01-07T14:16:17.080589,cam5,/content/drive/MyDrive/TrafficCameraData1/data/cam5/cam5_20260107_141617.jpg,0
2026-01-07T14:16:17.794540,cam6,/content/drive/MyDrive/TrafficCameraData1/data/cam6/cam6_20260107_141617.jpg,0
2026-01-07T14:16:18.370320,cam7,/content/drive/MyDrive/TrafficCameraData1/data/cam7/cam7_20260107_141618.jpg,0
2026-01-07T14:16:18.881654,cam8,/content/drive/MyDrive/TrafficCameraData1/data/cam8/cam8_20260107_141618.jpg,0
2026-01-07T14:21:14.256651,cam1,/content/drive/MyDrive/TrafficCameraData1/data/cam1/cam1_20260107_142114.jpg,0
2026-01-07T14:21:14.742356,cam2,/content/drive/MyDrive/TrafficCameraData1/data/cam2/cam2_20260107_142114.jpg,0
2026-01-07T14:21:15.224494,cam3,/content/drive/MyDrive/TrafficCameraData1/data/cam3/cam3_20260107_142115.jpg,0
2026-01-07T14:21:15.718121,cam4,/content/drive/MyDrive/TrafficCameraData1/data/cam4/cam4_20260107_142115.jpg,0
2026-01-07T14:21:16.396984,cam5,/content/drive/MyDrive/TrafficCameraData1/data/cam5/cam5_20260107_142116.jpg,0
2026-01-07T14:21:16.877810,cam6,/content/drive/MyDrive/TrafficCameraData1/data/cam6/cam6_20260107_142116.jpg,0
2026-01-07T14:21:17.392069,cam7,/content/drive/MyDrive/TrafficCameraData1/data/cam7/cam7_20260107_142117.jpg,0
2026-01-07T14:21:17.878643,cam8,/content/drive/MyDrive/TrafficCameraData1/data/cam8/cam8_20260107_142117.jpg,0
2026-01-07T14:26:14.258359,cam1,/content/drive/MyDrive/TrafficCameraData1/data/cam1/cam1_20260107_142614.jpg,0
2026-01-07T14:26:14.746535,cam2,/content/drive/MyDrive/TrafficCameraData1/data/cam2/cam2_20260107_142614.jpg,0
2026-01-07T14:26:15.238143,cam3,/content/drive/MyDrive/TrafficCameraData1/data/cam3/cam3_20260107_142615.jpg,0
2026-01-07T14:26:15.739263,cam4,/content/drive/MyDrive/TrafficCameraData1/data/cam4/cam4_20260107_142615.jpg,0
2026-01-07T14:26:16.411194,cam5,/content/drive/MyDrive/TrafficCameraData1/data/cam5/cam5_20260107_142616.jpg,0
2026-01-07T14:26:16.845460,cam6,/content/drive/MyDrive/TrafficCameraData1/data/cam6/cam6_20260107_142616.jpg,0
2026-01-07T14:26:17.340128,cam7,/content/drive/MyDrive/TrafficCameraData1/data/cam7/cam7_20260107_142617.jpg,0
2026-01-07T14:26:17.825262,cam8,/content/drive/MyDrive/TrafficCameraData1/data/cam8/cam8_20260107_142617.jpg,0
2026-01-07T14:31:14.257133,cam1,/content/drive/MyDrive/TrafficCameraData1/data/cam1/cam1_20260107_143114.jpg,0
2026-01-07T14:31:15.433063,cam2,/content/drive/MyDrive/TrafficCameraData1/data/cam2/cam2_20260107_143115.jpg,0
2026-01-07T14:31:16.167617,cam3,/content/drive/MyDrive/TrafficCameraData1/data/cam3/cam3_20260107_143116.jpg,0
2026-01-07T14:31:16.678463,cam4,/content/drive/MyDrive/TrafficCameraData1/data/cam4/cam4_20260107_143116.jpg,0
2026-01-07T14:31:17.170909,cam5,/content/drive/MyDrive/TrafficCameraData1/data/cam5/cam5_20260107_143117.jpg,0
2026-01-07T14:31:17.656666,cam6,/content/drive/MyDrive/TrafficCameraData1/data/cam6/cam6_20260107_143117.jpg,0
2026-01-07T14:31:18.186226,cam7,/content/drive/MyDrive/TrafficCameraData1/data/cam7/cam7_20260107_143118.jpg,0
2026-01-07T14:31:18.671174,cam8,/content/drive/MyDrive/TrafficCameraData1/data/cam8/cam8_20260107_143118.jpg,0
2026-01-07T14:36:14.257474,cam1,/content/drive/MyDrive/TrafficCameraData1/data/cam1/cam1_20260107_143614.jpg,0
2026-01-07T14:36:14.807128,cam2,/content/drive/MyDrive/TrafficCameraData1/data/cam2/cam2_20260107_143614.jpg,0
2026-01-07T14:36:15.306406,cam3,/content/drive/MyDrive/TrafficCameraData1/data/cam3/cam3_20260107_143615.jpg,0
2026-01-07T14:36:15.798836,cam4,/content/drive/MyDrive/TrafficCameraData1/data/cam4/cam4_20260107_143615.jpg,0
2026-01-07T14:36:16.301024,cam5,/content/drive/MyDrive/TrafficCameraData1/data/cam5/cam5_20260107_143616.jpg,0
2026-01-07T14:36:16.725021,cam6,/content/drive/MyDrive/TrafficCameraData1/data/cam6/cam6_20260107_143616.jpg,0
2026-01-07T14:36:17.213327,cam7,/content/drive/MyDrive/TrafficCameraData1/data/cam7/cam7_20260107_143617.jpg,0
2026-01-07T14:36:17.698567,cam8,/content/drive/MyDrive/TrafficCameraData1/data/cam8/cam8_20260107_143617.jpg,0
2026-01-07T14:41:14.259263,cam1,/content/drive/MyDrive/TrafficCameraData1/data/cam1/cam1_20260107_144114.jpg,0
2026-01-07T14:41:14.745221,cam2,/content/drive/MyDrive/TrafficCameraData1/data/cam2/cam2_20260107_144114.jpg,0
2026-01-07T14:41:15.445099,cam3,/content/drive/MyDrive/TrafficCameraData1/data/cam3/cam3_20260107_144115.jpg,0
2026-01-07T14:41:16.474126,cam4,/content/drive/MyDrive/TrafficCameraData1/data/cam4/cam4_20260107_144116.jpg,0
2026-01-07T14:41:16.961333,cam5,/content/drive/MyDrive/TrafficCameraData1/data/cam5/cam5_20260107_144116.jpg,0
2026-01-07T14:41:17.452287,cam6,/content/drive/MyDrive/TrafficCameraData1/data/cam6/cam6_20260107_144117.jpg,0
2026-01-07T14:41:18.232940,cam7,/content/drive/MyDrive/TrafficCameraData1/data/cam7/cam7_20260107_144118.jpg,0
2026-01-07T14:41:18.721600,cam8,/content/drive/MyDrive/TrafficCameraData1/data/cam8/cam8_20260107_144118.jpg,0
2026-01-07T14:46:14.258140,cam1,/content/drive/MyDrive/TrafficCameraData1/data/cam1/cam1_20260107_144614.jpg,0
2026-01-07T14:46:14.747563,cam2,/content/drive/MyDrive/TrafficCameraData1/data/cam2/cam2_20260107_144614.jpg,0
2026-01-07T14:46:15.235376,cam3,/content/drive/MyDrive/TrafficCameraData1/data/cam3/cam3_20260107_144615.jpg,0
2026-01-07T14:46:15.732640,cam4,/content/drive/MyDrive/TrafficCameraData1/data/cam4/cam4_20260107_144615.jpg,0
2026-01-07T14:46:16.535788,cam5,/content/drive/MyDrive/TrafficCameraData1/data/cam5/cam5_20260107_144616.jpg,0
2026-01-07T14:46:16.959569,cam6,/content/drive/MyDrive/TrafficCameraData1/data/cam6/cam6_20260107_144616.jpg,0
2026-01-07T14:46:17.463685,cam7,/content/drive/MyDrive/TrafficCameraData1/data/cam7/cam7_20260107_144617.jpg,0
2026-01-07T14:46:17.948644,cam8,/content/drive/MyDrive/TrafficCameraData1/data/cam8/cam8_20260107_144617.jpg,0
2026-01-07T14:51:14.258344,cam1,/content/drive/MyDrive/TrafficCameraData1/data/cam1/cam1_20260107_145114.jpg,0
2026-01-07T14:51:14.742470,cam2,/content/drive/MyDrive/TrafficCameraData1/data/cam2/cam2_20260107_145114.jpg,0
2026-01-07T14:51:15.239168,cam3,/content/drive/MyDrive/TrafficCameraData1/data/cam3/cam3_20260107_145115.jpg,0
2026-01-07T14:51:15.729816,cam4,/content/drive/MyDrive/TrafficCameraData1/data/cam4/cam4_20260107_145115.jpg,0
2026-01-07T14:51:16.237471,cam5,/content/drive/MyDrive/TrafficCameraData1/data/cam5/cam5_20260107_145116.jpg,0
2026-01-07T14:51:16.675448,cam6,/content/drive/MyDrive/TrafficCameraData1/data/cam6/cam6_20260107_145116.jpg,0
2026-01-07T14:51:17.209890,cam7,/content/drive/MyDrive/TrafficCameraData1/data/cam7/cam7_20260107_145117.jpg,0
2026-01-07T14:51:17.698112,cam8,/content/drive/MyDrive/TrafficCameraData1/data/cam8/cam8_20260107_145117.jpg,0
2026-01-07T14:56:14.258492,cam1,/content/drive/MyDrive/TrafficCameraData1/data/cam1/cam1_20260107_145614.jpg,0
2026-01-07T14:56:15.047498,cam2,/content/drive/MyDrive/TrafficCameraData1/data/cam2/cam2_20260107_145615.jpg,0
2026-01-07T14:56:15.769239,cam3,/content/drive/MyDrive/TrafficCameraData1/data/cam3/cam3_20260107_145615.jpg,0
2026-01-07T14:56:16.367067,cam4,/content/drive/MyDrive/TrafficCameraData1/data/cam4/cam4_20260107_145616.jpg,0
2026-01-07T14:56:16.857272,cam5,/content/drive/MyDrive/TrafficCameraData1/data/cam5/cam5_20260107_145616.jpg,0
2026-01-07T14:56:17.570931,cam6,/content/drive/MyDrive/TrafficCameraData1/data/cam6/cam6_20260107_145617.jpg,0
2026-01-07T14:56:18.060650,cam7,/content/drive/MyDrive/TrafficCameraData1/data/cam7/cam7_20260107_145618.jpg,0
2026-01-07T14:56:18.777778,cam8,/content/drive/MyDrive/TrafficCameraData1/data/cam8/cam8_20260107_145618.jpg,0
2026-01-07T15:01:14.259283,cam1,/content/drive/MyDrive/TrafficCameraData1/data/cam1/cam1_20260107_150114.jpg,0
2026-01-07T15:01:14.746224,cam2,/content/drive/MyDrive/TrafficCameraData1/data/cam2/cam2_20260107_150114.jpg,0
2026-01-07T15:01:15.248876,cam3,/content/drive/MyDrive/TrafficCameraData1/data/cam3/cam3_20260107_150115.jpg,0
2026-01-07T15:01:15.747863,cam4,/content/drive/MyDrive/TrafficCameraData1/data/cam4/cam4_20260107_150115.jpg,0
2026-01-07T15:01:16.283205,cam5,/content/drive/MyDrive/TrafficCameraData1/data/cam5/cam5_20260107_150116.jpg,0
2026-01-07T15:01:16.708529,cam6,/content/drive/MyDrive/TrafficCameraData1/data/cam6/cam6_20260107_150116.jpg,0
2026-01-07T15:01:17.500663,cam7,/content/drive/MyDrive/TrafficCameraData1/data/cam7/cam7_20260107_150117.jpg,0
2026-01-07T15:01:17.988119,cam8,/content/drive/MyDrive/TrafficCameraData1/data/cam8/cam8_20260107_150117.jpg,0
2026-01-07T15:06:14.258998,cam1,/content/drive/MyDrive/TrafficCameraData1/data/cam1/cam1_20260107_150614.jpg,0
2026-01-07T15:06:14.765532,cam2,/content/drive/MyDrive/TrafficCameraData1/data/cam2/cam2_20260107_150614.jpg,0
2026-01-07T15:06:15.486481,cam3,/content/drive/MyDrive/TrafficCameraData1/data/cam3/cam3_20260107_150615.jpg,0
2026-01-07T15:06:16.016595,cam4,/content/drive/MyDrive/TrafficCameraData1/data/cam4/cam4_20260107_150616.jpg,0
2026-01-07T15:06:16.516022,cam5,/content/drive/MyDrive/TrafficCameraData1/data/cam5/cam5_20260107_150616.jpg,0
2026-01-07T15:06:16.950096,cam6,/content/drive/MyDrive/TrafficCameraData1/data/cam6/cam6_20260107_150616.jpg,0
2026-01-07T15:06:17.437747,cam7,/content/drive/MyDrive/TrafficCameraData1/data/cam7/cam7_20260107_150617.jpg,0
2026-01-07T15:06:18.083308,cam8,/content/drive/MyDrive/TrafficCameraData1/data/cam8/cam8_20260107_150618.jpg,0
2026-01-07T15:11:14.260150,cam1,/content/drive/MyDrive/TrafficCameraData1/data/cam1/cam1_20260107_151114.jpg,0
2026-01-07T15:11:14.748292,cam2,/content/drive/MyDrive/TrafficCameraData1/data/cam2/cam2_20260107_151114.jpg,0
2026-01-07T15:11:15.246423,cam3,/content/drive/MyDrive/TrafficCameraData1/data/cam3/cam3_20260107_151115.jpg,0
2026-01-07T15:11:15.739798,cam4,/content/drive/MyDrive/TrafficCameraData1/data/cam4/cam4_20260107_151115.jpg,0
2026-01-07T15:11:16.226291,cam5,/content/drive/MyDrive/TrafficCameraData1/data/cam5/cam5_20260107_151116.jpg,0
2026-01-07T15:11:16.645528,cam6,/content/drive/MyDrive/TrafficCameraData1/data/cam6/cam6_20260107_151116.jpg,0
2026-01-07T15:11:17.146202,cam7,/content/drive/MyDrive/TrafficCameraData1/data/cam7/cam7_20260107_151117.jpg,0
2026-01-07T15:11:17.627887,cam8,/content/drive/MyDrive/TrafficCameraData1/data/cam8/cam8_20260107_151117.jpg,0
2026-01-07T15:16:14.259824,cam1,/content/drive/MyDrive/TrafficCameraData1/data/cam1/cam1_20260107_151614.jpg,0
2026-01-07T15:16:14.834734,cam2,/content/drive/MyDrive/TrafficCameraData1/data/cam2/cam2_20260107_151614.jpg,0
2026-01-07T15:16:15.570049,cam3,/content/drive/MyDrive/TrafficCameraData1/data/cam3/cam3_20260107_151615.jpg,0
2026-01-07T15:16:16.062059,cam4,/content/drive/MyDrive/TrafficCameraData1/data/cam4/cam4_20260107_151616.jpg,0
2026-01-07T15:16:16.560671,cam5,/content/drive/MyDrive/TrafficCameraData1/data/cam5/cam5_20260107_151616.jpg,0
2026-01-07T15:16:17.043571,cam6,/content/drive/MyDrive/TrafficCameraData1/data/cam6/cam6_20260107_151617.jpg,0
2026-01-07T15:16:17.528616,cam7,/content/drive/MyDrive/TrafficCameraData1/data/cam7/cam7_20260107_151617.jpg,0
2026-01-07T15:16:18.084686,cam8,/content/drive/MyDrive/TrafficCameraData1/data/cam8/cam8_20260107_151618.jpg,0
2026-01-07T15:21:14.260018,cam1,/content/drive/MyDrive/TrafficCameraData1/data/cam1/cam1_20260107_152114.jpg,0
2026-01-07T15:21:14.745817,cam2,/content/drive/MyDrive/TrafficCameraData1/data/cam2/cam2_20260107_152114.jpg,0
2026-01-07T15:21:15.231950,cam3,/content/drive/MyDrive/TrafficCameraData1/data/cam3/cam3_20260107_152115.jpg,0
2026-01-07T15:21:15.723359,cam4,/content/drive/MyDrive/TrafficCameraData1/data/cam4/cam4_20260107_152115.jpg,0
2026-01-07T15:21:16.217324,cam5,/content/drive/MyDrive/TrafficCameraData1/data/cam5/cam5_20260107_152116.jpg,0
2026-01-07T15:21:16.635566,cam6,/content/drive/MyDrive/TrafficCameraData1/data/cam6/cam6_20260107_152116.jpg,0
2026-01-07T15:21:17.124379,cam7,/content/drive/MyDrive/TrafficCameraData1/data/cam7/cam7_20260107_152117.jpg,0
2026-01-07T15:21:17.607440,cam8,/content/drive/MyDrive/TrafficCameraData1/data/cam8/cam8_20260107_152117.jpg,0
2026-01-07T15:26:14.260115,cam1,/content/drive/MyDrive/TrafficCameraData1/data/cam1/cam1_20260107_152614.jpg,0
2026-01-07T15:26:14.758350,cam2,/content/drive/MyDrive/TrafficCameraData1/data/cam2/cam2_20260107_152614.jpg,0
2026-01-07T15:26:15.498390,cam3,/content/drive/MyDrive/TrafficCameraData1/data/cam3/cam3_20260107_152615.jpg,0
2026-01-07T15:26:16.004287,cam4,/content/drive/MyDrive/TrafficCameraData1/data/cam4/cam4_20260107_152616.jpg,0
2026-01-07T15:26:16.796407,cam5,/content/drive/MyDrive/TrafficCameraData1/data/cam5/cam5_20260107_152616.jpg,0
2026-01-07T15:26:17.522896,cam6,/content/drive/MyDrive/TrafficCameraData1/data/cam6/cam6_20260107_152617.jpg,0
2026-01-07T15:26:18.056578,cam7,/content/drive/MyDrive/TrafficCameraData1/data/cam7/cam7_20260107_152618.jpg,0
2026-01-07T15:26:18.541112,cam8,/content/drive/MyDrive/TrafficCameraData1/data/cam8/cam8_20260107_152618.jpg,0
2026-01-07T15:31:14.260424,cam1,/content/drive/MyDrive/TrafficCameraData1/data/cam1/cam1_20260107_153114.jpg,0
2026-01-07T15:31:15.002981,cam2,/content/drive/MyDrive/TrafficCameraData1/data/cam2/cam2_20260107_153115.jpg,0
2026-01-07T15:31:15.492658,cam3,/content/drive/MyDrive/TrafficCameraData1/data/cam3/cam3_20260107_153115.jpg,0
2026-01-07T15:31:15.998003,cam4,/content/drive/MyDrive/TrafficCameraData1/data/cam4/cam4_20260107_153115.jpg,0
2026-01-07T15:31:16.485740,cam5,/content/drive/MyDrive/TrafficCameraData1/data/cam5/cam5_20260107_153116.jpg,0
2026-01-07T15:31:16.903898,cam6,/content/drive/MyDrive/TrafficCameraData1/data/cam6/cam6_20260107_153116.jpg,0
2026-01-07T15:31:17.688877,cam7,/content/drive/MyDrive/TrafficCameraData1/data/cam7/cam7_20260107_153117.jpg,0
2026-01-07T15:31:18.193040,cam8,/content/drive/MyDrive/TrafficCameraData1/data/cam8/cam8_20260107_153118.jpg,0
2026-01-07T15:36:14.261010,cam1,/content/drive/MyDrive/TrafficCameraData1/data/cam1/cam1_20260107_153614.jpg,0
2026-01-07T15:36:14.748478,cam2,/content/drive/MyDrive/TrafficCameraData1/data/cam2/cam2_20260107_153614.jpg,0
2026-01-07T15:36:15.462966,cam3,/content/drive/MyDrive/TrafficCameraData1/data/cam3/cam3_20260107_153615.jpg,0
2026-01-07T15:36:15.966409,cam4,/content/drive/MyDrive/TrafficCameraData1/data/cam4/cam4_20260107_153615.jpg,0
2026-01-07T15:36:16.455088,cam5,/content/drive/MyDrive/TrafficCameraData1/data/cam5/cam5_20260107_153616.jpg,0
2026-01-07T15:36:16.891892,cam6,/content/drive/MyDrive/TrafficCameraData1/data/cam6/cam6_20260107_153616.jpg,0
2026-01-07T15:36:17.376932,cam7,/content/drive/MyDrive/TrafficCameraData1/data/cam7/cam7_20260107_153617.jpg,0
2026-01-07T15:36:17.868128,cam8,/content/drive/MyDrive/TrafficCameraData1/data/cam8/cam8_20260107_153617.jpg,0
2026-01-08T03:13:04.829299,cam1,/content/drive/MyDrive/TrafficCameraData1/data/cam1/cam1_20260108_031304.jpg,0
2026-01-08T03:13:12.036884,cam2,/content/drive/MyDrive/TrafficCameraData1/data/cam2/cam2_20260108_031312.jpg,0
2026-01-08T03:13:14.699908,cam3,/content/drive/MyDrive/TrafficCameraData1/data/cam3/cam3_20260108_031314.jpg,0
2026-01-08T03:13:17.153972,cam4,/content/drive/MyDrive/TrafficCameraData1/data/cam4/cam4_20260108_031317.jpg,0
2026-01-08T03:13:18.833342,cam5,/content/drive/MyDrive/TrafficCameraData1/data/cam5/cam5_20260108_031318.jpg,0
2026-01-08T03:13:20.809982,cam6,/content/drive/MyDrive/TrafficCameraData1/data/cam6/cam6_20260108_031320.jpg,0
2026-01-08T03:13:22.822049,cam7,/content/drive/MyDrive/TrafficCameraData1/data/cam7/cam7_20260108_031322.jpg,0
2026-01-08T03:13:24.601668,cam8,/content/drive/MyDrive/TrafficCameraData1/data/cam8/cam8_20260108_031324.jpg,0
2026-01-08T03:18:04.829278,cam1,/content/drive/MyDrive/TrafficCameraData1/data/cam1/cam1_20260108_031804.jpg,0
2026-01-08T03:18:13.331458,cam2,/content/drive/MyDrive/TrafficCameraData1/data/cam2/cam2_20260108_031813.jpg,0
2026-01-08T03:18:14.038060,cam3,/content/drive/MyDrive/TrafficCameraData1/data/cam3/cam3_20260108_031814.jpg,0
2026-01-08T03:18:14.953993,cam4,/content/drive/MyDrive/TrafficCameraData1/data/cam4/cam4_20260108_031814.jpg,0
2026-01-08T03:18:15.651099,cam5,/content/drive/MyDrive/TrafficCameraData1/data/cam5/cam5_20260108_031815.jpg,0
2026-01-08T03:18:16.226065,cam6,/content/drive/MyDrive/TrafficCameraData1/data/cam6/cam6_20260108_031816.jpg,0
2026-01-08T03:18:16.922064,cam7,/content/drive/MyDrive/TrafficCameraData1/data/cam7/cam7_20260108_031816.jpg,0
2026-01-08T03:18:17.635767,cam8,/content/drive/MyDrive/TrafficCameraData1/data/cam8/cam8_20260108_031817.jpg,0
2026-01-08T03:23:04.829504,cam1,/content/drive/MyDrive/TrafficCameraData1/data/cam1/cam1_20260108_032304.jpg,0
2026-01-08T03:23:05.701644,cam2,/content/drive/MyDrive/TrafficCameraData1/data/cam2/cam2_20260108_032305.jpg,0
2026-01-08T03:23:06.440832,cam3,/content/drive/MyDrive/TrafficCameraData1/data/cam3/cam3_20260108_032306.jpg,0
2026-01-08T03:23:07.240878,cam4,/content/drive/MyDrive/TrafficCameraData1/data/cam4/cam4_20260108_032307.jpg,0
2026-01-08T03:23:07.936213,cam5,/content/drive/MyDrive/TrafficCameraData1/data/cam5/cam5_20260108_032307.jpg,0
2026-01-08T03:23:08.467147,cam6,/content/drive/MyDrive/TrafficCameraData1/data/cam6/cam6_20260108_032308.jpg,0
2026-01-08T03:23:09.181467,cam7,/content/drive/MyDrive/TrafficCameraData1/data/cam7/cam7_20260108_032309.jpg,0
2026-01-08T03:23:09.922373,cam8,/content/drive/MyDrive/TrafficCameraData1/data/cam8/cam8_20260108_032309.jpg,0
2026-01-08T03:28:04.829586,cam1,/content/drive/MyDrive/TrafficCameraData1/data/cam1/cam1_20260108_032804.jpg,0
2026-01-08T03:28:05.729947,cam2,/content/drive/MyDrive/TrafficCameraData1/data/cam2/cam2_20260108_032805.jpg,0
2026-01-08T03:28:06.428808,cam3,/content/drive/MyDrive/TrafficCameraData1/data/cam3/cam3_20260108_032806.jpg,0
2026-01-08T03:28:07.145741,cam4,/content/drive/MyDrive/TrafficCameraData1/data/cam4/cam4_20260108_032807.jpg,0
2026-01-08T03:28:07.838421,cam5,/content/drive/MyDrive/TrafficCameraData1/data/cam5/cam5_20260108_032807.jpg,0
2026-01-08T03:28:08.356134,cam6,/content/drive/MyDrive/TrafficCameraData1/data/cam6/cam6_20260108_032808.jpg,0
2026-01-08T03:28:09.048423,cam7,/content/drive/MyDrive/TrafficCameraData1/data/cam7/cam7_20260108_032809.jpg,0
2026-01-08T03:28:09.757793,cam8,/content/drive/MyDrive/TrafficCameraData1/data/cam8/cam8_20260108_032809.jpg,0
2026-01-08T03:33:04.829764,cam1,/content/drive/MyDrive/TrafficCameraData1/data/cam1/cam1_20260108_033304.jpg,0
2026-01-08T03:33:05.689349,cam2,/content/drive/MyDrive/TrafficCameraData1/data/cam2/cam2_20260108_033305.jpg,0
2026-01-08T03:33:06.413022,cam3,/content/drive/MyDrive/TrafficCameraData1/data/cam3/cam3_20260108_033306.jpg,0
2026-01-08T03:33:07.110232,cam4,/content/drive/MyDrive/TrafficCameraData1/data/cam4/cam4_20260108_033307.jpg,0
2026-01-08T03:33:07.807568,cam5,/content/drive/MyDrive/TrafficCameraData1/data/cam5/cam5_20260108_033307.jpg,0
2026-01-08T03:33:08.330599,cam6,/content/drive/MyDrive/TrafficCameraData1/data/cam6/cam6_20260108_033308.jpg,0
2026-01-08T03:33:09.023880,cam7,/content/drive/MyDrive/TrafficCameraData1/data/cam7/cam7_20260108_033309.jpg,0
2026-01-08T03:33:09.717306,cam8,/content/drive/MyDrive/TrafficCameraData1/data/cam8/cam8_20260108_033309.jpg,0
2026-01-08T03:38:04.829907,cam1,/content/drive/MyDrive/TrafficCameraData1/data/cam1/cam1_20260108_033804.jpg,0
2026-01-08T03:38:05.695714,cam2,/content/drive/MyDrive/TrafficCameraData1/data/cam2/cam2_20260108_033805.jpg,0
2026-01-08T03:38:06.395958,cam3,/content/drive/MyDrive/TrafficCameraData1/data/cam3/cam3_20260108_033806.jpg,0
2026-01-08T03:38:07.103606,cam4,/content/drive/MyDrive/TrafficCameraData1/data/cam4/cam4_20260108_033807.jpg,0
2026-01-08T03:38:08.480954,cam5,/content/drive/MyDrive/TrafficCameraData1/data/cam5/cam5_20260108_033808.jpg,0
2026-01-08T03:38:09.001030,cam6,/content/drive/MyDrive/TrafficCameraData1/data/cam6/cam6_20260108_033809.jpg,0
2026-01-08T03:38:09.732690,cam7,/content/drive/MyDrive/TrafficCameraData1/data/cam7/cam7_20260108_033809.jpg,0
2026-01-08T03:38:10.430106,cam8,/content/drive/MyDrive/TrafficCameraData1/data/cam8/cam8_20260108_033810.jpg,0
2026-01-08T03:43:04.830261,cam1,/content/drive/MyDrive/TrafficCameraData1/data/cam1/cam1_20260108_034304.jpg,0
2026-01-08T03:43:06.168712,cam2,/content/drive/MyDrive/TrafficCameraData1/data/cam2/cam2_20260108_034306.jpg,0
2026-01-08T03:43:07.286788,cam3,/content/drive/MyDrive/TrafficCameraData1/data/cam3/cam3_20260108_034307.jpg,0
2026-01-08T03:43:07.994926,cam4,/content/drive/MyDrive/TrafficCameraData1/data/cam4/cam4_20260108_034307.jpg,0
2026-01-08T03:43:09.121842,cam5,/content/drive/MyDrive/TrafficCameraData1/data/cam5/cam5_20260108_034309.jpg,0
2026-01-08T03:43:10.047557,cam6,/content/drive/MyDrive/TrafficCameraData1/data/cam6/cam6_20260108_034310.jpg,0
2026-01-08T03:43:11.072396,cam7,/content/drive/MyDrive/TrafficCameraData1/data/cam7/cam7_20260108_034311.jpg,0
2026-01-08T03:43:11.808113,cam8,/content/drive/MyDrive/TrafficCameraData1/data/cam8/cam8_20260108_034311.jpg,0
2026-01-08T03:48:04.830537,cam1,/content/drive/MyDrive/TrafficCameraData1/data/cam1/cam1_20260108_034804.jpg,0
2026-01-08T03:48:05.695701,cam2,/content/drive/MyDrive/TrafficCameraData1/data/cam2/cam2_20260108_034805.jpg,0
2026-01-08T03:48:06.387977,cam3,/content/drive/MyDrive/TrafficCameraData1/data/cam3/cam3_20260108_034806.jpg,0
2026-01-08T03:48:07.721381,cam4,/content/drive/MyDrive/TrafficCameraData1/data/cam4/cam4_20260108_034807.jpg,0
2026-01-08T03:48:08.425474,cam5,/content/drive/MyDrive/TrafficCameraData1/data/cam5/cam5_20260108_034808.jpg,0
2026-01-08T03:48:08.943729,cam6,/content/drive/MyDrive/TrafficCameraData1/data/cam6/cam6_20260108_034808.jpg,0
2026-01-08T03:48:09.638079,cam7,/content/drive/MyDrive/TrafficCameraData1/data/cam7/cam7_20260108_034809.jpg,0
2026-01-08T03:48:10.346439,cam8,/content/drive/MyDrive/TrafficCameraData1/data/cam8/cam8_20260108_034810.jpg,0
2026-01-08T03:53:04.830567,cam1,/content/drive/MyDrive/TrafficCameraData1/data/cam1/cam1_20260108_035304.jpg,0
2026-01-08T03:53:05.698449,cam2,/content/drive/MyDrive/TrafficCameraData1/data/cam2/cam2_20260108_035305.jpg,0
2026-01-08T03:53:06.799690,cam3,/content/drive/MyDrive/TrafficCameraData1/data/cam3/cam3_20260108_035306.jpg,0
2026-01-08T03:53:07.519486,cam4,/content/drive/MyDrive/TrafficCameraData1/data/cam4/cam4_20260108_035307.jpg,0
2026-01-08T03:53:08.217412,cam5,/content/drive/MyDrive/TrafficCameraData1/data/cam5/cam5_20260108_035308.jpg,0
2026-01-08T03:53:08.743616,cam6,/content/drive/MyDrive/TrafficCameraData1/data/cam6/cam6_20260108_035308.jpg,0
2026-01-08T03:53:09.848875,cam7,/content/drive/MyDrive/TrafficCameraData1/data/cam7/cam7_20260108_035309.jpg,0
2026-01-08T03:53:10.559606,cam8,/content/drive/MyDrive/TrafficCameraData1/data/cam8/cam8_20260108_035310.jpg,0
2026-01-08T03:58:04.830751,cam1,/content/drive/MyDrive/TrafficCameraData1/data/cam1/cam1_20260108_035804.jpg,0
2026-01-08T03:58:05.717617,cam2,/content/drive/MyDrive/TrafficCameraData1/data/cam2/cam2_20260108_035805.jpg,0
2026-01-08T03:58:06.416804,cam3,/content/drive/MyDrive/TrafficCameraData1/data/cam3/cam3_20260108_035806.jpg,0
2026-01-08T03:58:07.580678,cam4,/content/drive/MyDrive/TrafficCameraData1/data/cam4/cam4_20260108_035807.jpg,0
2026-01-08T03:58:08.287678,cam5,/content/drive/MyDrive/TrafficCameraData1/data/cam5/cam5_20260108_035808.jpg,0
2026-01-08T03:58:08.809300,cam6,/content/drive/MyDrive/TrafficCameraData1/data/cam6/cam6_20260108_035808.jpg,0
2026-01-08T03:58:09.502579,cam7,/content/drive/MyDrive/TrafficCameraData1/data/cam7/cam7_20260108_035809.jpg,0
2026-01-08T03:58:10.195801,cam8,/content/drive/MyDrive/TrafficCameraData1/data/cam8/cam8_20260108_035810.jpg,0
2026-01-08T04:03:04.830886,cam1,/content/drive/MyDrive/TrafficCameraData1/data/cam1/cam1_20260108_040304.jpg,0
2026-01-08T04:03:08.046748,cam2,/content/drive/MyDrive/TrafficCameraData1/data/cam2/cam2_20260108_040308.jpg,0
2026-01-08T04:03:13.264541,cam3,/content/drive/MyDrive/TrafficCameraData1/data/cam3/cam3_20260108_040313.jpg,0
2026-01-08T04:03:20.434641,cam4,/content/drive/MyDrive/TrafficCameraData1/data/cam4/cam4_20260108_040320.jpg,0
2026-01-08T04:03:21.134847,cam5,/content/drive/MyDrive/TrafficCameraData1/data/cam5/cam5_20260108_040321.jpg,0
2026-01-08T04:03:21.660862,cam6,/content/drive/MyDrive/TrafficCameraData1/data/cam6/cam6_20260108_040321.jpg,0
2026-01-08T04:03:22.939310,cam7,/content/drive/MyDrive/TrafficCameraData1/data/cam7/cam7_20260108_040322.jpg,0
2026-01-08T04:03:23.641260,cam8,/content/drive/MyDrive/TrafficCameraData1/data/cam8/cam8_20260108_040323.jpg,0
2026-01-08T04:08:04.831134,cam1,/content/drive/MyDrive/TrafficCameraData1/data/cam1/cam1_20260108_040804.jpg,0
2026-01-08T04:08:05.698887,cam2,/content/drive/MyDrive/TrafficCameraData1/data/cam2/cam2_20260108_040805.jpg,0
2026-01-08T04:08:06.395483,cam3,/content/drive/MyDrive/TrafficCameraData1/data/cam3/cam3_20260108_040806.jpg,0
2026-01-08T04:08:07.117984,cam4,/content/drive/MyDrive/TrafficCameraData1/data/cam4/cam4_20260108_040807.jpg,0
2026-01-08T04:08:07.813978,cam5,/content/drive/MyDrive/TrafficCameraData1/data/cam5/cam5_20260108_040807.jpg,0
2026-01-08T04:08:08.349586,cam6,/content/drive/MyDrive/TrafficCameraData1/data/cam6/cam6_20260108_040808.jpg,0
2026-01-08T04:08:09.054122,cam7,/content/drive/MyDrive/TrafficCameraData1/data/cam7/cam7_20260108_040809.jpg,0
2026-01-08T04:08:09.752265,cam8,/content/drive/MyDrive/TrafficCameraData1/data/cam8/cam8_20260108_040809.jpg,0
2026-01-08T04:13:04.831330,cam1,/content/drive/MyDrive/TrafficCameraData1/data/cam1/cam1_20260108_041304.jpg,0
2026-01-08T04:13:05.528999,cam2,/content/drive/MyDrive/TrafficCameraData1/data/cam2/cam2_20260108_041305.jpg,0
2026-01-08T04:13:06.229642,cam3,/content/drive/MyDrive/TrafficCameraData1/data/cam3/cam3_20260108_041306.jpg,0
2026-01-08T04:13:06.961211,cam4,/content/drive/MyDrive/TrafficCameraData1/data/cam4/cam4_20260108_041306.jpg,0
2026-01-08T04:13:07.658144,cam5,/content/drive/MyDrive/TrafficCameraData1/data/cam5/cam5_20260108_041307.jpg,0
2026-01-08T04:13:08.179080,cam6,/content/drive/MyDrive/TrafficCameraData1/data/cam6/cam6_20260108_041308.jpg,0
2026-01-08T04:13:08.900111,cam7,/content/drive/MyDrive/TrafficCameraData1/data/cam7/cam7_20260108_041308.jpg,0
2026-01-08T04:13:09.596669,cam8,/content/drive/MyDrive/TrafficCameraData1/data/cam8/cam8_20260108_041309.jpg,0
2026-01-08T04:18:04.831463,cam1,/content/drive/MyDrive/TrafficCameraData1/data/cam1/cam1_20260108_041804.jpg,0
2026-01-08T04:18:05.787140,cam2,/content/drive/MyDrive/TrafficCameraData1/data/cam2/cam2_20260108_041805.jpg,0
2026-01-08T04:18:06.889109,cam3,/content/drive/MyDrive/TrafficCameraData1/data/cam3/cam3_20260108_041806.jpg,0
2026-01-08T04:18:07.634326,cam4,/content/drive/MyDrive/TrafficCameraData1/data/cam4/cam4_20260108_041807.jpg,0
2026-01-08T04:18:08.329732,cam5,/content/drive/MyDrive/TrafficCameraData1/data/cam5/cam5_20260108_041808.jpg,0
2026-01-08T04:18:08.869926,cam6,/content/drive/MyDrive/TrafficCameraData1/data/cam6/cam6_20260108_041808.jpg,0
2026-01-08T04:18:09.665505,cam7,/content/drive/MyDrive/TrafficCameraData1/data/cam7/cam7_20260108_041809.jpg,0
2026-01-08T04:18:10.362956,cam8,/content/drive/MyDrive/TrafficCameraData1/data/cam8/cam8_20260108_041810.jpg,0
2026-01-08T04:23:04.831700,cam1,/content/drive/MyDrive/TrafficCameraData1/data/cam1/cam1_20260108_042304.jpg,0
2026-01-08T04:23:05.760718,cam2,/content/drive/MyDrive/TrafficCameraData1/data/cam2/cam2_20260108_042305.jpg,0
2026-01-08T04:23:06.455891,cam3,/content/drive/MyDrive/TrafficCameraData1/data/cam3/cam3_20260108_042306.jpg,0
2026-01-08T04:23:07.202894,cam4,/content/drive/MyDrive/TrafficCameraData1/data/cam4/cam4_20260108_042307.jpg,0
2026-01-08T04:23:07.899059,cam5,/content/drive/MyDrive/TrafficCameraData1/data/cam5/cam5_20260108_042307.jpg,0
2026-01-08T04:23:08.427215,cam6,/content/drive/MyDrive/TrafficCameraData1/data/cam6/cam6_20260108_042308.jpg,0
2026-01-08T04:23:09.201610,cam7,/content/drive/MyDrive/TrafficCameraData1/data/cam7/cam7_20260108_042309.jpg,0
2026-01-08T04:23:09.905426,cam8,/content/drive/MyDrive/TrafficCameraData1/data/cam8/cam8_20260108_042309.jpg,0
2026-01-08T04:28:04.831874,cam1,/content/drive/MyDrive/TrafficCameraData1/data/cam1/cam1_20260108_042804.jpg,0
2026-01-08T04:28:06.923653,cam2,/content/drive/MyDrive/TrafficCameraData1/data/cam2/cam2_20260108_042806.jpg,0
2026-01-08T04:28:08.233470,cam3,/content/drive/MyDrive/TrafficCameraData1/data/cam3/cam3_20260108_042808.jpg,0
2026-01-08T04:28:10.124965,cam4,/content/drive/MyDrive/TrafficCameraData1/data/cam4/cam4_20260108_042810.jpg,0
2026-01-08T04:28:11.232960,cam5,/content/drive/MyDrive/TrafficCameraData1/data/cam5/cam5_20260108_042811.jpg,0
2026-01-08T04:28:12.705933,cam6,/content/drive/MyDrive/TrafficCameraData1/data/cam6/cam6_20260108_042812.jpg,0
2026-01-08T04:28:13.671224,cam7,/content/drive/MyDrive/TrafficCameraData1/data/cam7/cam7_20260108_042813.jpg,0
2026-01-08T04:28:15.388394,cam8,/content/drive/MyDrive/TrafficCameraData1/data/cam8/cam8_20260108_042815.jpg,0
2026-01-08T04:33:04.832156,cam1,/content/drive/MyDrive/TrafficCameraData1/data/cam1/cam1_20260108_043304.jpg,0
2026-01-08T04:33:05.719148,cam2,/content/drive/MyDrive/TrafficCameraData1/data/cam2/cam2_20260108_043305.jpg,0
2026-01-08T04:33:06.412221,cam3,/content/drive/MyDrive/TrafficCameraData1/data/cam3/cam3_20260108_043306.jpg,0
2026-01-08T04:33:07.132624,cam4,/content/drive/MyDrive/TrafficCameraData1/data/cam4/cam4_20260108_043307.jpg,0
2026-01-08T04:33:09.404329,cam5,/content/drive/MyDrive/TrafficCameraData1/data/cam5/cam5_20260108_043309.jpg,0
2026-01-08T04:33:10.003109,cam6,/content/drive/MyDrive/TrafficCameraData1/data/cam6/cam6_20260108_043310.jpg,0
2026-01-08T04:33:11.185595,cam7,/content/drive/MyDrive/TrafficCameraData1/data/cam7/cam7_20260108_043311.jpg,0
2026-01-08T04:33:11.885362,cam8,/content/drive/MyDrive/TrafficCameraData1/data/cam8/cam8_20260108_043311.jpg,0
2026-01-08T04:38:04.832247,cam1,/content/drive/MyDrive/TrafficCameraData1/data/cam1/cam1_20260108_043804.jpg,0
2026-01-08T04:38:05.712722,cam2,/content/drive/MyDrive/TrafficCameraData1/data/cam2/cam2_20260108_043805.jpg,0
2026-01-08T04:38:06.409159,cam3,/content/drive/MyDrive/TrafficCameraData1/data/cam3/cam3_20260108_043806.jpg,0
2026-01-08T04:38:07.129987,cam4,/content/drive/MyDrive/TrafficCameraData1/data/cam4/cam4_20260108_043807.jpg,0
2026-01-08T04:38:07.837852,cam5,/content/drive/MyDrive/TrafficCameraData1/data/cam5/cam5_20260108_043807.jpg,0
2026-01-08T04:38:08.569738,cam6,/content/drive/MyDrive/TrafficCameraData1/data/cam6/cam6_20260108_043808.jpg,0
2026-01-08T04:38:09.268969,cam7,/content/drive/MyDrive/TrafficCameraData1/data/cam7/cam7_20260108_043809.jpg,0
2026-01-08T04:38:09.971690,cam8,/content/drive/MyDrive/TrafficCameraData1/data/cam8/cam8_20260108_043809.jpg,0
2026-01-08T04:43:04.832512,cam1,/content/drive/MyDrive/TrafficCameraData1/data/cam1/cam1_20260108_044304.jpg,0
2026-01-08T04:43:05.942256,cam2,/content/drive/MyDrive/TrafficCameraData1/data/cam2/cam2_20260108_044305.jpg,0
2026-01-08T04:43:07.050420,cam3,/content/drive/MyDrive/TrafficCameraData1/data/cam3/cam3_20260108_044307.jpg,0
2026-01-08T04:43:08.166639,cam4,/content/drive/MyDrive/TrafficCameraData1/data/cam4/cam4_20260108_044308.jpg,0
2026-01-08T04:43:09.278897,cam5,/content/drive/MyDrive/TrafficCameraData1/data/cam5/cam5_20260108_044309.jpg,0
2026-01-08T04:43:09.974292,cam6,/content/drive/MyDrive/TrafficCameraData1/data/cam6/cam6_20260108_044309.jpg,0
2026-01-08T04:43:10.677967,cam7,/content/drive/MyDrive/TrafficCameraData1/data/cam7/cam7_20260108_044310.jpg,0
2026-01-08T04:43:11.613223,cam8,/content/drive/MyDrive/TrafficCameraData1/data/cam8/cam8_20260108_044311.jpg,0
2026-01-08T04:48:04.832763,cam1,/content/drive/MyDrive/TrafficCameraData1/data/cam1/cam1_20260108_044804.jpg,0
2026-01-08T04:48:05.701310,cam2,/content/drive/MyDrive/TrafficCameraData1/data/cam2/cam2_20260108_044805.jpg,0
2026-01-08T04:48:06.399054,cam3,/content/drive/MyDrive/TrafficCameraData1/data/cam3/cam3_20260108_044806.jpg,0
2026-01-08T04:48:07.104783,cam4,/content/drive/MyDrive/TrafficCameraData1/data/cam4/cam4_20260108_044807.jpg,0
2026-01-08T04:48:07.807567,cam5,/content/drive/MyDrive/TrafficCameraData1/data/cam5/cam5_20260108_044807.jpg,0
2026-01-08T04:48:08.735501,cam6,/content/drive/MyDrive/TrafficCameraData1/data/cam6/cam6_20260108_044808.jpg,0
2026-01-08T04:48:10.062920,cam7,/content/drive/MyDrive/TrafficCameraData1/data/cam7/cam7_20260108_044810.jpg,0
2026-01-08T04:48:10.819719,cam8,/content/drive/MyDrive/TrafficCameraData1/data/cam8/cam8_20260108_044810.jpg,0
2026-01-08T04:53:04.832864,cam1,/content/drive/MyDrive/TrafficCameraData1/data/cam1/cam1_20260108_045304.jpg,0
2026-01-08T04:53:05.527262,cam2,/content/drive/MyDrive/TrafficCameraData1/data/cam2/cam2_20260108_045305.jpg,0
2026-01-08T04:53:06.623921,cam3,/content/drive/MyDrive/TrafficCameraData1/data/cam3/cam3_20260108_045306.jpg,0
2026-01-08T04:53:07.334677,cam4,/content/drive/MyDrive/TrafficCameraData1/data/cam4/cam4_20260108_045307.jpg,0
2026-01-08T04:53:08.033376,cam5,/content/drive/MyDrive/TrafficCameraData1/data/cam5/cam5_20260108_045308.jpg,0
2026-01-08T04:53:08.741114,cam6,/content/drive/MyDrive/TrafficCameraData1/data/cam6/cam6_20260108_045308.jpg,0
2026-01-08T04:53:09.436641,cam7,/content/drive/MyDrive/TrafficCameraData1/data/cam7/cam7_20260108_045309.jpg,0
2026-01-08T04:53:10.142004,cam8,/content/drive/MyDrive/TrafficCameraData1/data/cam8/cam8_20260108_045310.jpg,0
2026-01-08T04:58:04.833438,cam1,/content/drive/MyDrive/TrafficCameraData1/data/cam1/cam1_20260108_045804.jpg,0
2026-01-08T04:58:05.927776,cam2,/content/drive/MyDrive/TrafficCameraData1/data/cam2/cam2_20260108_045805.jpg,0
2026-01-08T04:58:07.033227,cam3,/content/drive/MyDrive/TrafficCameraData1/data/cam3/cam3_20260108_045807.jpg,0
2026-01-08T04:58:07.766569,cam4,/content/drive/MyDrive/TrafficCameraData1/data/cam4/cam4_20260108_045807.jpg,0
2026-01-08T04:58:08.902010,cam5,/content/drive/MyDrive/TrafficCameraData1/data/cam5/cam5_20260108_045808.jpg,0
2026-01-08T04:58:09.602209,cam6,/content/drive/MyDrive/TrafficCameraData1/data/cam6/cam6_20260108_045809.jpg,0
2026-01-08T04:58:10.699313,cam7,/content/drive/MyDrive/TrafficCameraData1/data/cam7/cam7_20260108_045810.jpg,0
2026-01-08T04:58:11.805361,cam8,/content/drive/MyDrive/TrafficCameraData1/data/cam8/cam8_20260108_045811.jpg,0
2026-01-08T05:03:04.833338,cam1,/content/drive/MyDrive/TrafficCameraData1/data/cam1/cam1_20260108_050304.jpg,0
2026-01-08T05:03:05.697823,cam2,/content/drive/MyDrive/TrafficCameraData1/data/cam2/cam2_20260108_050305.jpg,0
2026-01-08T05:03:06.406441,cam3,/content/drive/MyDrive/TrafficCameraData1/data/cam3/cam3_20260108_050306.jpg,0
2026-01-08T05:03:07.111228,cam4,/content/drive/MyDrive/TrafficCameraData1/data/cam4/cam4_20260108_050307.jpg,0
2026-01-08T05:03:07.805710,cam5,/content/drive/MyDrive/TrafficCameraData1/data/cam5/cam5_20260108_050307.jpg,0
2026-01-08T05:03:08.499041,cam6,/content/drive/MyDrive/TrafficCameraData1/data/cam6/cam6_20260108_050308.jpg,0
2026-01-08T05:03:09.243589,cam7,/content/drive/MyDrive/TrafficCameraData1/data/cam7/cam7_20260108_050309.jpg,0
2026-01-08T05:03:09.937945,cam8,/content/drive/MyDrive/TrafficCameraData1/data/cam8/cam8_20260108_050309.jpg,0
2026-01-08T05:08:04.843898,cam1,/content/drive/MyDrive/TrafficCameraData1/data/cam1/cam1_20260108_050804.jpg,0
2026-01-08T05:08:05.720414,cam2,/content/drive/MyDrive/TrafficCameraData1/data/cam2/cam2_20260108_050805.jpg,0
2026-01-08T05:08:06.423976,cam3,/content/drive/MyDrive/TrafficCameraData1/data/cam3/cam3_20260108_050806.jpg,0
2026-01-08T05:08:07.130407,cam4,/content/drive/MyDrive/TrafficCameraData1/data/cam4/cam4_20260108_050807.jpg,0
2026-01-08T05:08:08.081849,cam5,/content/drive/MyDrive/TrafficCameraData1/data/cam5/cam5_20260108_050808.jpg,0
2026-01-08T05:08:08.604975,cam6,/content/drive/MyDrive/TrafficCameraData1/data/cam6/cam6_20260108_050808.jpg,0
2026-01-08T05:08:09.308026,cam7,/content/drive/MyDrive/TrafficCameraData1/data/cam7/cam7_20260108_050809.jpg,0
2026-01-08T05:08:10.006545,cam8,/content/drive/MyDrive/TrafficCameraData1/data/cam8/cam8_20260108_050810.jpg,0
2026-01-08T05:13:04.843937,cam1,/content/drive/MyDrive/TrafficCameraData1/data/cam1/cam1_20260108_051304.jpg,0
2026-01-08T05:13:05.720308,cam2,/content/drive/MyDrive/TrafficCameraData1/data/cam2/cam2_20260108_051305.jpg,0
2026-01-08T05:42:16.941995,cam1,/content/drive/MyDrive/TrafficCameraData1/data/cam1/cam1_20260108_054216.jpg,0
2026-01-08T05:42:19.139861,cam2,/content/drive/MyDrive/TrafficCameraData1/data/cam2/cam2_20260108_054219.jpg,0
2026-01-08T05:42:21.348917,cam3,/content/drive/MyDrive/TrafficCameraData1/data/cam3/cam3_20260108_054221.jpg,0
2026-01-08T05:42:24.023298,cam4,/content/drive/MyDrive/TrafficCameraData1/data/cam4/cam4_20260108_054224.jpg,0
2026-01-08T05:42:26.336957,cam5,/content/drive/MyDrive/TrafficCameraData1/data/cam5/cam5_20260108_054226.jpg,0
2026-01-08T05:42:28.451966,cam6,/content/drive/MyDrive/TrafficCameraData1/data/cam6/cam6_20260108_054228.jpg,0
2026-01-08T05:42:30.458101,cam7,/content/drive/MyDrive/TrafficCameraData1/data/cam7/cam7_20260108_054230.jpg,0
2026-01-08T05:42:33.161699,cam8,/content/drive/MyDrive/TrafficCameraData1/data/cam8/cam8_20260108_054233.jpg,0
2026-01-08T05:47:16.942113,cam1,/content/drive/MyDrive/TrafficCameraData1/data/cam1/cam1_20260108_054716.jpg,0
2026-01-08T05:47:17.777101,cam2,/content/drive/MyDrive/TrafficCameraData1/data/cam2/cam2_20260108_054717.jpg,0
2026-01-08T05:47:18.847680,cam3,/content/drive/MyDrive/TrafficCameraData1/data/cam3/cam3_20260108_054718.jpg,0
2026-01-08T05:47:19.928903,cam4,/content/drive/MyDrive/TrafficCameraData1/data/cam4/cam4_20260108_054719.jpg,0
2026-01-08T05:47:20.607609,cam5,/content/drive/MyDrive/TrafficCameraData1/data/cam5/cam5_20260108_054720.jpg,0
2026-01-08T05:47:21.373224,cam6,/content/drive/MyDrive/TrafficCameraData1/data/cam6/cam6_20260108_054721.jpg,0
2026-01-08T05:47:22.056833,cam7,/content/drive/MyDrive/TrafficCameraData1/data/cam7/cam7_20260108_054722.jpg,0
2026-01-08T05:47:23.134212,cam8,/content/drive/MyDrive/TrafficCameraData1/data/cam8/cam8_20260108_054723.jpg,0
2026-01-08T05:52:16.942236,cam1,/content/drive/MyDrive/TrafficCameraData1/data/cam1/cam1_20260108_055216.jpg,0
2026-01-08T05:52:17.780328,cam2,/content/drive/MyDrive/TrafficCameraData1/data/cam2/cam2_20260108_055217.jpg,0
2026-01-08T05:52:18.455853,cam3,/content/drive/MyDrive/TrafficCameraData1/data/cam3/cam3_20260108_055218.jpg,0
2026-01-08T05:52:19.145739,cam4,/content/drive/MyDrive/TrafficCameraData1/data/cam4/cam4_20260108_055219.jpg,0
2026-01-08T05:52:20.074402,cam5,/content/drive/MyDrive/TrafficCameraData1/data/cam5/cam5_20260108_055220.jpg,0
2026-01-08T05:52:20.799218,cam6,/content/drive/MyDrive/TrafficCameraData1/data/cam6/cam6_20260108_055220.jpg,0
2026-01-08T05:52:22.427926,cam7,/content/drive/MyDrive/TrafficCameraData1/data/cam7/cam7_20260108_055222.jpg,0
2026-01-08T05:52:23.149010,cam8,/content/drive/MyDrive/TrafficCameraData1/data/cam8/cam8_20260108_055223.jpg,0
2026-01-08T05:57:16.943156,cam1,/content/drive/MyDrive/TrafficCameraData1/data/cam1/cam1_20260108_055716.jpg,0
2026-01-08T05:57:17.769083,cam2,/content/drive/MyDrive/TrafficCameraData1/data/cam2/cam2_20260108_055717.jpg,0
2026-01-08T05:57:18.454240,cam3,/content/drive/MyDrive/TrafficCameraData1/data/cam3/cam3_20260108_055718.jpg,0
2026-01-08T05:57:19.646454,cam4,/content/drive/MyDrive/TrafficCameraData1/data/cam4/cam4_20260108_055719.jpg,0
2026-01-08T05:57:20.346608,cam5,/content/drive/MyDrive/TrafficCameraData1/data/cam5/cam5_20260108_055720.jpg,0
2026-01-08T05:57:20.869864,cam6,/content/drive/MyDrive/TrafficCameraData1/data/cam6/cam6_20260108_055720.jpg,0
2026-01-08T05:57:21.558889,cam7,/content/drive/MyDrive/TrafficCameraData1/data/cam7/cam7_20260108_055721.jpg,0
2026-01-08T05:57:22.231364,cam8,/content/drive/MyDrive/TrafficCameraData1/data/cam8/cam8_20260108_055722.jpg,0
2026-01-08T06:02:16.943481,cam1,/content/drive/MyDrive/TrafficCameraData1/data/cam1/cam1_20260108_060216.jpg,0
2026-01-08T06:02:17.612419,cam2,/content/drive/MyDrive/TrafficCameraData1/data/cam2/cam2_20260108_060217.jpg,0
2026-01-08T06:02:18.301330,cam3,/content/drive/MyDrive/TrafficCameraData1/data/cam3/cam3_20260108_060218.jpg,0
2026-01-08T06:02:18.982512,cam4,/content/drive/MyDrive/TrafficCameraData1/data/cam4/cam4_20260108_060218.jpg,0
2026-01-08T06:02:19.650294,cam5,/content/drive/MyDrive/TrafficCameraData1/data/cam5/cam5_20260108_060219.jpg,0
2026-01-08T06:02:20.649865,cam6,/content/drive/MyDrive/TrafficCameraData1/data/cam6/cam6_20260108_060220.jpg,0
2026-01-08T06:02:21.321054,cam7,/content/drive/MyDrive/TrafficCameraData1/data/cam7/cam7_20260108_060221.jpg,0
2026-01-08T06:02:21.989729,cam8,/content/drive/MyDrive/TrafficCameraData1/data/cam8/cam8_20260108_060221.jpg,0
2026-01-08T06:07:16.943032,cam1,/content/drive/MyDrive/TrafficCameraData1/data/cam1/cam1_20260108_060716.jpg,0
2026-01-08T06:07:18.022762,cam2,/content/drive/MyDrive/TrafficCameraData1/data/cam2/cam2_20260108_060718.jpg,0
2026-01-08T06:07:19.080859,cam3,/content/drive/MyDrive/TrafficCameraData1/data/cam3/cam3_20260108_060719.jpg,0
2026-01-08T06:07:19.796205,cam4,/content/drive/MyDrive/TrafficCameraData1/data/cam4/cam4_20260108_060719.jpg,0
2026-01-08T06:07:20.857339,cam5,/content/drive/MyDrive/TrafficCameraData1/data/cam5/cam5_20260108_060720.jpg,0
2026-01-08T06:07:21.533428,cam6,/content/drive/MyDrive/TrafficCameraData1/data/cam6/cam6_20260108_060721.jpg,0
2026-01-08T06:07:22.209673,cam7,/content/drive/MyDrive/TrafficCameraData1/data/cam7/cam7_20260108_060722.jpg,0
2026-01-08T06:07:22.881612,cam8,/content/drive/MyDrive/TrafficCameraData1/data/cam8/cam8_20260108_060722.jpg,0
2026-01-08T06:12:16.943889,cam1,/content/drive/MyDrive/TrafficCameraData1/data/cam1/cam1_20260108_061216.jpg,0
2026-01-08T06:12:17.614626,cam2,/content/drive/MyDrive/TrafficCameraData1/data/cam2/cam2_20260108_061217.jpg,0
2026-01-08T06:12:18.281516,cam3,/content/drive/MyDrive/TrafficCameraData1/data/cam3/cam3_20260108_061218.jpg,0
2026-01-08T06:12:18.955254,cam4,/content/drive/MyDrive/TrafficCameraData1/data/cam4/cam4_20260108_061218.jpg,0
2026-01-08T06:12:19.623594,cam5,/content/drive/MyDrive/TrafficCameraData1/data/cam5/cam5_20260108_061219.jpg,0
2026-01-08T06:12:20.137925,cam6,/content/drive/MyDrive/TrafficCameraData1/data/cam6/cam6_20260108_061220.jpg,0
2026-01-08T06:12:20.844161,cam7,/content/drive/MyDrive/TrafficCameraData1/data/cam7/cam7_20260108_061220.jpg,0
2026-01-08T06:12:21.510570,cam8,/content/drive/MyDrive/TrafficCameraData1/data/cam8/cam8_20260108_061221.jpg,0
2026-01-08T06:17:16.944122,cam1,/content/drive/MyDrive/TrafficCameraData1/data/cam1/cam1_20260108_061716.jpg,0
2026-01-08T06:17:17.777346,cam2,/content/drive/MyDrive/TrafficCameraData1/data/cam2/cam2_20260108_061717.jpg,0
2026-01-08T06:17:18.469138,cam3,/content/drive/MyDrive/TrafficCameraData1/data/cam3/cam3_20260108_061718.jpg,0
2026-01-08T06:17:19.568979,cam4,/content/drive/MyDrive/TrafficCameraData1/data/cam4/cam4_20260108_061719.jpg,0
2026-01-08T06:17:20.469010,cam5,/content/drive/MyDrive/TrafficCameraData1/data/cam5/cam5_20260108_061720.jpg,0
2026-01-08T06:17:21.438591,cam6,/content/drive/MyDrive/TrafficCameraData1/data/cam6/cam6_20260108_061721.jpg,0
2026-01-08T06:17:22.117982,cam7,/content/drive/MyDrive/TrafficCameraData1/data/cam7/cam7_20260108_061722.jpg,0
2026-01-08T06:17:23.018067,cam8,/content/drive/MyDrive/TrafficCameraData1/data/cam8/cam8_20260108_061723.jpg,0
2026-01-08T06:22:16.944230,cam1,/content/drive/MyDrive/TrafficCameraData1/data/cam1/cam1_20260108_062216.jpg,0
2026-01-08T06:22:17.877119,cam2,/content/drive/MyDrive/TrafficCameraData1/data/cam2/cam2_20260108_062217.jpg,0
2026-01-08T06:22:18.556939,cam3,/content/drive/MyDrive/TrafficCameraData1/data/cam3/cam3_20260108_062218.jpg,0
2026-01-08T06:22:19.263191,cam4,/content/drive/MyDrive/TrafficCameraData1/data/cam4/cam4_20260108_062219.jpg,0
2026-01-08T06:22:19.932986,cam5,/content/drive/MyDrive/TrafficCameraData1/data/cam5/cam5_20260108_062219.jpg,0
2026-01-08T06:22:20.832186,cam6,/content/drive/MyDrive/TrafficCameraData1/data/cam6/cam6_20260108_062220.jpg,0
2026-01-08T06:22:21.507423,cam7,/content/drive/MyDrive/TrafficCameraData1/data/cam7/cam7_20260108_062221.jpg,0
2026-01-08T06:22:22.181081,cam8,/content/drive/MyDrive/TrafficCameraData1/data/cam8/cam8_20260108_062222.jpg,0
2026-01-08T06:27:16.944405,cam1,/content/drive/MyDrive/TrafficCameraData1/data/cam1/cam1_20260108_062716.jpg,0
2026-01-08T06:27:17.792516,cam2,/content/drive/MyDrive/TrafficCameraData1/data/cam2/cam2_20260108_062717.jpg,0
2026-01-08T06:27:18.859577,cam3,/content/drive/MyDrive/TrafficCameraData1/data/cam3/cam3_20260108_062718.jpg,0
2026-01-08T06:27:19.963457,cam4,/content/drive/MyDrive/TrafficCameraData1/data/cam4/cam4_20260108_062719.jpg,0
2026-01-08T06:27:21.091876,cam5,/content/drive/MyDrive/TrafficCameraData1/data/cam5/cam5_20260108_062721.jpg,0
2026-01-08T06:27:21.779829,cam6,/content/drive/MyDrive/TrafficCameraData1/data/cam6/cam6_20260108_062721.jpg,0
2026-01-08T06:27:23.143408,cam7,/content/drive/MyDrive/TrafficCameraData1/data/cam7/cam7_20260108_062723.jpg,0
2026-01-08T06:27:24.068179,cam8,/content/drive/MyDrive/TrafficCameraData1/data/cam8/cam8_20260108_062724.jpg,0
2026-01-08T06:32:16.944677,cam1,/content/drive/MyDrive/TrafficCameraData1/data/cam1/cam1_20260108_063216.jpg,0
2026-01-08T06:32:17.780145,cam2,/content/drive/MyDrive/TrafficCameraData1/data/cam2/cam2_20260108_063217.jpg,0
2026-01-08T06:32:18.462249,cam3,/content/drive/MyDrive/TrafficCameraData1/data/cam3/cam3_20260108_063218.jpg,0
2026-01-08T06:32:19.156409,cam4,/content/drive/MyDrive/TrafficCameraData1/data/cam4/cam4_20260108_063219.jpg,0
2026-01-08T06:32:19.836716,cam5,/content/drive/MyDrive/TrafficCameraData1/data/cam5/cam5_20260108_063219.jpg,0
2026-01-08T06:32:20.352574,cam6,/content/drive/MyDrive/TrafficCameraData1/data/cam6/cam6_20260108_063220.jpg,0
2026-01-08T06:32:21.029566,cam7,/content/drive/MyDrive/TrafficCameraData1/data/cam7/cam7_20260108_063221.jpg,0
2026-01-08T06:32:21.575911,cam8,/content/drive/MyDrive/TrafficCameraData1/data/cam8/cam8_20260108_063221.jpg,0
2026-01-08T06:37:16.944906,cam1,/content/drive/MyDrive/TrafficCameraData1/data/cam1/cam1_20260108_063716.jpg,0
2026-01-08T06:37:17.787725,cam2,/content/drive/MyDrive/TrafficCameraData1/data/cam2/cam2_20260108_063717.jpg,0
2026-01-08T06:37:18.864984,cam3,/content/drive/MyDrive/TrafficCameraData1/data/cam3/cam3_20260108_063718.jpg,0
2026-01-08T06:37:19.565784,cam4,/content/drive/MyDrive/TrafficCameraData1/data/cam4/cam4_20260108_063719.jpg,0
2026-01-08T06:37:20.249078,cam5,/content/drive/MyDrive/TrafficCameraData1/data/cam5/cam5_20260108_063720.jpg,0
2026-01-08T06:37:21.153572,cam6,/content/drive/MyDrive/TrafficCameraData1/data/cam6/cam6_20260108_063721.jpg,0
2026-01-08T06:37:22.292467,cam7,/content/drive/MyDrive/TrafficCameraData1/data/cam7/cam7_20260108_063722.jpg,0
2026-01-08T06:37:23.366050,cam8,/content/drive/MyDrive/TrafficCameraData1/data/cam8/cam8_20260108_063723.jpg,0
2026-01-08T06:42:16.945147,cam1,/content/drive/MyDrive/TrafficCameraData1/data/cam1/cam1_20260108_064216.jpg,0
2026-01-08T06:42:17.787040,cam2,/content/drive/MyDrive/TrafficCameraData1/data/cam2/cam2_20260108_064217.jpg,0
2026-01-08T06:42:18.478072,cam3,/content/drive/MyDrive/TrafficCameraData1/data/cam3/cam3_20260108_064218.jpg,0
2026-01-08T06:42:19.274806,cam4,/content/drive/MyDrive/TrafficCameraData1/data/cam4/cam4_20260108_064219.jpg,0
2026-01-08T06:42:19.973526,cam5,/content/drive/MyDrive/TrafficCameraData1/data/cam5/cam5_20260108_064219.jpg,0
2026-01-08T06:42:20.546512,cam6,/content/drive/MyDrive/TrafficCameraData1/data/cam6/cam6_20260108_064220.jpg,0
2026-01-08T06:42:21.246714,cam7,/content/drive/MyDrive/TrafficCameraData1/data/cam7/cam7_20260108_064221.jpg,0
2026-01-08T06:42:21.922029,cam8,/content/drive/MyDrive/TrafficCameraData1/data/cam8/cam8_20260108_064221.jpg,0
2026-01-08T06:47:16.945339,cam1,/content/drive/MyDrive/TrafficCameraData1/data/cam1/cam1_20260108_064716.jpg,0
2026-01-08T06:47:17.786849,cam2,/content/drive/MyDrive/TrafficCameraData1/data/cam2/cam2_20260108_064717.jpg,0
2026-01-08T06:47:18.866692,cam3,/content/drive/MyDrive/TrafficCameraData1/data/cam3/cam3_20260108_064718.jpg,0
2026-01-08T06:47:19.554148,cam4,/content/drive/MyDrive/TrafficCameraData1/data/cam4/cam4_20260108_064719.jpg,0
2026-01-08T06:47:20.242741,cam5,/content/drive/MyDrive/TrafficCameraData1/data/cam5/cam5_20260108_064720.jpg,0
2026-01-08T06:47:20.766330,cam6,/content/drive/MyDrive/TrafficCameraData1/data/cam6/cam6_20260108_064720.jpg,0
2026-01-08T06:47:21.452006,cam7,/content/drive/MyDrive/TrafficCameraData1/data/cam7/cam7_20260108_064721.jpg,0
2026-01-08T06:47:22.123352,cam8,/content/drive/MyDrive/TrafficCameraData1/data/cam8/cam8_20260108_064722.jpg,0
2026-01-08T06:52:16.945752,cam1,/content/drive/MyDrive/TrafficCameraData1/data/cam1/cam1_20260108_065216.jpg,0
2026-01-08T06:52:18.045071,cam2,/content/drive/MyDrive/TrafficCameraData1/data/cam2/cam2_20260108_065218.jpg,0
2026-01-08T06:52:19.135768,cam3,/content/drive/MyDrive/TrafficCameraData1/data/cam3/cam3_20260108_065219.jpg,0
2026-01-08T06:52:19.881754,cam4,/content/drive/MyDrive/TrafficCameraData1/data/cam4/cam4_20260108_065219.jpg,0
2026-01-08T06:52:20.662770,cam5,/content/drive/MyDrive/TrafficCameraData1/data/cam5/cam5_20260108_065220.jpg,0
2026-01-08T06:52:21.556703,cam6,/content/drive/MyDrive/TrafficCameraData1/data/cam6/cam6_20260108_065221.jpg,0
2026-01-08T06:52:22.232278,cam7,/content/drive/MyDrive/TrafficCameraData1/data/cam7/cam7_20260108_065222.jpg,0
2026-01-08T06:52:23.081426,cam8,/content/drive/MyDrive/TrafficCameraData1/data/cam8/cam8_20260108_065223.jpg,0
2026-01-08T06:57:16.946176,cam1,/content/drive/MyDrive/TrafficCameraData1/data/cam1/cam1_20260108_065716.jpg,0
2026-01-08T06:57:17.628129,cam2,/content/drive/MyDrive/TrafficCameraData1/data/cam2/cam2_20260108_065717.jpg,0
2026-01-08T06:57:19.362236,cam3,/content/drive/MyDrive/TrafficCameraData1/data/cam3/cam3_20260108_065719.jpg,0
2026-01-08T06:57:21.507262,cam4,/content/drive/MyDrive/TrafficCameraData1/data/cam4/cam4_20260108_065721.jpg,0
2026-01-08T06:57:22.173309,cam5,/content/drive/MyDrive/TrafficCameraData1/data/cam5/cam5_20260108_065722.jpg,0
2026-01-08T06:57:23.263012,cam6,/content/drive/MyDrive/TrafficCameraData1/data/cam6/cam6_20260108_065723.jpg,0
2026-01-08T06:57:23.943704,cam7,/content/drive/MyDrive/TrafficCameraData1/data/cam7/cam7_20260108_065723.jpg,0
2026-01-08T06:57:25.113351,cam8,/content/drive/MyDrive/TrafficCameraData1/data/cam8/cam8_20260108_065725.jpg,0
2026-01-08T07:02:16.946542,cam1,/content/drive/MyDrive/TrafficCameraData1/data/cam1/cam1_20260108_070216.jpg,0
2026-01-08T07:02:17.790377,cam2,/content/drive/MyDrive/TrafficCameraData1/data/cam2/cam2_20260108_070217.jpg,0
2026-01-08T07:02:18.713187,cam3,/content/drive/MyDrive/TrafficCameraData1/data/cam3/cam3_20260108_070218.jpg,0
2026-01-08T07:02:19.432443,cam4,/content/drive/MyDrive/TrafficCameraData1/data/cam4/cam4_20260108_070219.jpg,0
2026-01-08T07:02:20.182128,cam5,/content/drive/MyDrive/TrafficCameraData1/data/cam5/cam5_20260108_070220.jpg,0
2026-01-08T07:02:20.725465,cam6,/content/drive/MyDrive/TrafficCameraData1/data/cam6/cam6_20260108_070220.jpg,0
2026-01-08T07:02:21.413372,cam7,/content/drive/MyDrive/TrafficCameraData1/data/cam7/cam7_20260108_070221.jpg,0
2026-01-08T07:02:22.096264,cam8,/content/drive/MyDrive/TrafficCameraData1/data/cam8/cam8_20260108_070222.jpg,0
2026-01-08T07:07:16.946268,cam1,/content/drive/MyDrive/TrafficCameraData1/data/cam1/cam1_20260108_070716.jpg,0
2026-01-08T07:07:17.787185,cam2,/content/drive/MyDrive/TrafficCameraData1/data/cam2/cam2_20260108_070717.jpg,0
2026-01-08T07:07:18.481606,cam3,/content/drive/MyDrive/TrafficCameraData1/data/cam3/cam3_20260108_070718.jpg,0
2026-01-08T07:07:19.203584,cam4,/content/drive/MyDrive/TrafficCameraData1/data/cam4/cam4_20260108_070719.jpg,0
2026-01-08T07:07:19.898631,cam5,/content/drive/MyDrive/TrafficCameraData1/data/cam5/cam5_20260108_070719.jpg,0
2026-01-08T07:07:20.650544,cam6,/content/drive/MyDrive/TrafficCameraData1/data/cam6/cam6_20260108_070720.jpg,0
2026-01-08T07:07:21.328394,cam7,/content/drive/MyDrive/TrafficCameraData1/data/cam7/cam7_20260108_070721.jpg,0
2026-01-08T07:07:22.022780,cam8,/content/drive/MyDrive/TrafficCameraData1/data/cam8/cam8_20260108_070722.jpg,0
2026-01-08T07:12:16.947697,cam1,/content/drive/MyDrive/TrafficCameraData1/data/cam1/cam1_20260108_071216.jpg,0
2026-01-08T07:12:17.786765,cam2,/content/drive/MyDrive/TrafficCameraData1/data/cam2/cam2_20260108_071217.jpg,0
2026-01-08T07:12:18.453554,cam3,/content/drive/MyDrive/TrafficCameraData1/data/cam3/cam3_20260108_071218.jpg,0
2026-01-08T07:12:19.177127,cam4,/content/drive/MyDrive/TrafficCameraData1/data/cam4/cam4_20260108_071219.jpg,0
2026-01-08T07:12:20.281514,cam5,/content/drive/MyDrive/TrafficCameraData1/data/cam5/cam5_20260108_071220.jpg,0
2026-01-08T07:12:20.953784,cam6,/content/drive/MyDrive/TrafficCameraData1/data/cam6/cam6_20260108_071220.jpg,0
2026-01-08T07:12:21.638420,cam7,/content/drive/MyDrive/TrafficCameraData1/data/cam7/cam7_20260108_071221.jpg,0
2026-01-08T07:12:22.314189,cam8,/content/drive/MyDrive/TrafficCameraData1/data/cam8/cam8_20260108_071222.jpg,0
2026-01-08T07:17:16.947082,cam1,/content/drive/MyDrive/TrafficCameraData1/data/cam1/cam1_20260108_071716.jpg,0
2026-01-08T07:17:17.881782,cam2,/content/drive/MyDrive/TrafficCameraData1/data/cam2/cam2_20260108_071717.jpg,0
2026-01-08T07:17:18.954722,cam3,/content/drive/MyDrive/TrafficCameraData1/data/cam3/cam3_20260108_071718.jpg,0
2026-01-08T07:17:26.967129,cam4,/content/drive/MyDrive/TrafficCameraData1/data/cam4/cam4_20260108_071726.jpg,0
2026-01-08T07:17:27.892683,cam5,/content/drive/MyDrive/TrafficCameraData1/data/cam5/cam5_20260108_071727.jpg,0
2026-01-08T07:17:28.410906,cam6,/content/drive/MyDrive/TrafficCameraData1/data/cam6/cam6_20260108_071728.jpg,0
2026-01-08T07:17:29.083013,cam7,/content/drive/MyDrive/TrafficCameraData1/data/cam7/cam7_20260108_071729.jpg,0
2026-01-08T07:17:29.932392,cam8,/content/drive/MyDrive/TrafficCameraData1/data/cam8/cam8_20260108_071729.jpg,0
2026-01-08T07:22:16.947360,cam1,/content/drive/MyDrive/TrafficCameraData1/data/cam1/cam1_20260108_072216.jpg,0
2026-01-08T07:22:17.798430,cam2,/content/drive/MyDrive/TrafficCameraData1/data/cam2/cam2_20260108_072217.jpg,0
2026-01-08T07:22:18.542670,cam3,/content/drive/MyDrive/TrafficCameraData1/data/cam3/cam3_20260108_072218.jpg,0
2026-01-08T07:22:19.245534,cam4,/content/drive/MyDrive/TrafficCameraData1/data/cam4/cam4_20260108_072219.jpg,0
2026-01-08T07:22:20.444154,cam5,/content/drive/MyDrive/TrafficCameraData1/data/cam5/cam5_20260108_072220.jpg,0
2026-01-08T07:22:21.132039,cam6,/content/drive/MyDrive/TrafficCameraData1/data/cam6/cam6_20260108_072221.jpg,0
2026-01-08T07:22:21.855047,cam7,/content/drive/MyDrive/TrafficCameraData1/data/cam7/cam7_20260108_072221.jpg,0
2026-01-08T07:22:22.553003,cam8,/content/drive/MyDrive/TrafficCameraData1/data/cam8/cam8_20260108_072222.jpg,0
2026-01-08T07:27:16.947823,cam1,/content/drive/MyDrive/TrafficCameraData1/data/cam1/cam1_20260108_072716.jpg,0
2026-01-08T07:27:17.785150,cam2,/content/drive/MyDrive/TrafficCameraData1/data/cam2/cam2_20260108_072717.jpg,0
2026-01-08T07:27:18.874888,cam3,/content/drive/MyDrive/TrafficCameraData1/data/cam3/cam3_20260108_072718.jpg,0
2026-01-08T07:27:22.381784,cam4,/content/drive/MyDrive/TrafficCameraData1/data/cam4/cam4_20260108_072722.jpg,0
2026-01-08T07:27:23.277547,cam5,/content/drive/MyDrive/TrafficCameraData1/data/cam5/cam5_20260108_072723.jpg,0
2026-01-08T07:27:23.994018,cam6,/content/drive/MyDrive/TrafficCameraData1/data/cam6/cam6_20260108_072723.jpg,0
2026-01-08T07:27:25.164183,cam7,/content/drive/MyDrive/TrafficCameraData1/data/cam7/cam7_20260108_072725.jpg,0
2026-01-08T07:27:26.064801,cam8,/content/drive/MyDrive/TrafficCameraData1/data/cam8/cam8_20260108_072726.jpg,0
2026-01-08T07:32:16.948281,cam1,/content/drive/MyDrive/TrafficCameraData1/data/cam1/cam1_20260108_073216.jpg,0
2026-01-08T07:32:20.553694,cam2,/content/drive/MyDrive/TrafficCameraData1/data/cam2/cam2_20260108_073220.jpg,0
2026-01-08T07:32:23.712621,cam3,/content/drive/MyDrive/TrafficCameraData1/data/cam3/cam3_20260108_073223.jpg,0
2026-01-08T07:32:26.383320,cam4,/content/drive/MyDrive/TrafficCameraData1/data/cam4/cam4_20260108_073226.jpg,0
2026-01-08T07:32:27.235117,cam5,/content/drive/MyDrive/TrafficCameraData1/data/cam5/cam5_20260108_073227.jpg,0
2026-01-08T07:32:28.156381,cam6,/content/drive/MyDrive/TrafficCameraData1/data/cam6/cam6_20260108_073228.jpg,0
2026-01-08T07:32:28.985540,cam7,/content/drive/MyDrive/TrafficCameraData1/data/cam7/cam7_20260108_073228.jpg,0
2026-01-08T07:32:29.719830,cam8,/content/drive/MyDrive/TrafficCameraData1/data/cam8/cam8_20260108_073229.jpg,0
2026-01-08T07:37:16.948721,cam1,/content/drive/MyDrive/TrafficCameraData1/data/cam1/cam1_20260108_073716.jpg,0
2026-01-08T07:37:17.859634,cam2,/content/drive/MyDrive/TrafficCameraData1/data/cam2/cam2_20260108_073717.jpg,0
2026-01-08T07:37:19.055265,cam3,/content/drive/MyDrive/TrafficCameraData1/data/cam3/cam3_20260108_073719.jpg,0
2026-01-08T07:37:20.347318,cam4,/content/drive/MyDrive/TrafficCameraData1/data/cam4/cam4_20260108_073720.jpg,0
2026-01-08T07:37:21.460582,cam5,/content/drive/MyDrive/TrafficCameraData1/data/cam5/cam5_20260108_073721.jpg,0
2026-01-08T07:37:22.345938,cam6,/content/drive/MyDrive/TrafficCameraData1/data/cam6/cam6_20260108_073722.jpg,0
2026-01-08T07:37:23.699216,cam7,/content/drive/MyDrive/TrafficCameraData1/data/cam7/cam7_20260108_073723.jpg,0
2026-01-08T07:37:24.963206,cam8,/content/drive/MyDrive/TrafficCameraData1/data/cam8/cam8_20260108_073724.jpg,0
2026-01-08T07:42:16.948517,cam1,/content/drive/MyDrive/TrafficCameraData1/data/cam1/cam1_20260108_074216.jpg,0
2026-01-08T07:42:17.801469,cam2,/content/drive/MyDrive/TrafficCameraData1/data/cam2/cam2_20260108_074217.jpg,0
2026-01-08T07:42:23.252120,cam3,/content/drive/MyDrive/TrafficCameraData1/data/cam3/cam3_20260108_074223.jpg,0
2026-01-08T07:42:23.950174,cam4,/content/drive/MyDrive/TrafficCameraData1/data/cam4/cam4_20260108_074223.jpg,0
2026-01-08T07:42:24.652541,cam5,/content/drive/MyDrive/TrafficCameraData1/data/cam5/cam5_20260108_074224.jpg,0
2026-01-08T07:42:25.182807,cam6,/content/drive/MyDrive/TrafficCameraData1/data/cam6/cam6_20260108_074225.jpg,0
2026-01-08T07:42:25.897614,cam7,/content/drive/MyDrive/TrafficCameraData1/data/cam7/cam7_20260108_074225.jpg,0
2026-01-08T07:42:26.957672,cam8,/content/drive/MyDrive/TrafficCameraData1/data/cam8/cam8_20260108_074226.jpg,0
2026-01-08T07:47:16.949016,cam1,/content/drive/MyDrive/TrafficCameraData1/data/cam1/cam1_20260108_074716.jpg,0
2026-01-08T07:47:17.861906,cam2,/content/drive/MyDrive/TrafficCameraData1/data/cam2/cam2_20260108_074717.jpg,0
2026-01-08T07:47:18.918257,cam3,/content/drive/MyDrive/TrafficCameraData1/data/cam3/cam3_20260108_074718.jpg,0
2026-01-08T07:47:19.597727,cam4,/content/drive/MyDrive/TrafficCameraData1/data/cam4/cam4_20260108_074719.jpg,0
2026-01-08T07:47:20.268944,cam5,/content/drive/MyDrive/TrafficCameraData1/data/cam5/cam5_20260108_074720.jpg,0
2026-01-08T07:47:20.945498,cam6,/content/drive/MyDrive/TrafficCameraData1/data/cam6/cam6_20260108_074720.jpg,0
2026-01-08T07:47:21.643696,cam7,/content/drive/MyDrive/TrafficCameraData1/data/cam7/cam7_20260108_074721.jpg,0
2026-01-08T07:47:22.336075,cam8,/content/drive/MyDrive/TrafficCameraData1/data/cam8/cam8_20260108_074722.jpg,0
2026-01-08T07:50:28.600423,cam1,/content/drive/MyDrive/TrafficCameraData1/data/cam1/cam1_20260108_075028.jpg,0
2026-01-08T07:50:29.933704,cam2,/content/drive/MyDrive/TrafficCameraData1/data/cam2/cam2_20260108_075029.jpg,0
2026-01-08T07:50:30.654531,cam3,/content/drive/MyDrive/TrafficCameraData1/data/cam3/cam3_20260108_075030.jpg,0
2026-01-08T07:50:31.336278,cam4,/content/drive/MyDrive/TrafficCameraData1/data/cam4/cam4_20260108_075031.jpg,0
2026-01-08T07:50:32.276624,cam5,/content/drive/MyDrive/TrafficCameraData1/data/cam5/cam5_20260108_075032.jpg,0
2026-01-08T07:50:32.798576,cam6,/content/drive/MyDrive/TrafficCameraData1/data/cam6/cam6_20260108_075032.jpg,0
2026-01-08T07:50:33.488597,cam7,/content/drive/MyDrive/TrafficCameraData1/data/cam7/cam7_20260108_075033.jpg,0
2026-01-08T07:50:34.167874,cam8,/content/drive/MyDrive/TrafficCameraData1/data/cam8/cam8_20260108_075034.jpg,0
2026-01-08T07:55:28.601213,cam1,/content/drive/MyDrive/TrafficCameraData1/data/cam1/cam1_20260108_075528.jpg,0
2026-01-08T07:55:29.426292,cam2,/content/drive/MyDrive/TrafficCameraData1/data/cam2/cam2_20260108_075529.jpg,0
2026-01-08T07:55:30.540739,cam3,/content/drive/MyDrive/TrafficCameraData1/data/cam3/cam3_20260108_075530.jpg,0
2026-01-08T07:55:31.340244,cam4,/content/drive/MyDrive/TrafficCameraData1/data/cam4/cam4_20260108_075531.jpg,0
2026-01-08T07:55:32.017792,cam5,/content/drive/MyDrive/TrafficCameraData1/data/cam5/cam5_20260108_075532.jpg,0
2026-01-08T07:55:32.687633,cam6,/content/drive/MyDrive/TrafficCameraData1/data/cam6/cam6_20260108_075532.jpg,0
2026-01-08T07:55:33.394854,cam7,/content/drive/MyDrive/TrafficCameraData1/data/cam7/cam7_20260108_075533.jpg,0
2026-01-08T07:55:34.066566,cam8,/content/drive/MyDrive/TrafficCameraData1/data/cam8/cam8_20260108_075534.jpg,0
2026-01-08T08:00:28.601846,cam1,/content/drive/MyDrive/TrafficCameraData1/data/cam1/cam1_20260108_080028.jpg,0
2026-01-08T08:00:29.681516,cam2,/content/drive/MyDrive/TrafficCameraData1/data/cam2/cam2_20260108_080029.jpg,0
2026-01-08T08:00:30.851544,cam3,/content/drive/MyDrive/TrafficCameraData1/data/cam3/cam3_20260108_080030.jpg,0
2026-01-08T08:00:31.540773,cam4,/content/drive/MyDrive/TrafficCameraData1/data/cam4/cam4_20260108_080031.jpg,0
2026-01-08T08:00:32.219253,cam5,/content/drive/MyDrive/TrafficCameraData1/data/cam5/cam5_20260108_080032.jpg,0
2026-01-08T08:00:32.752150,cam6,/content/drive/MyDrive/TrafficCameraData1/data/cam6/cam6_20260108_080032.jpg,0
2026-01-08T08:00:33.484736,cam7,/content/drive/MyDrive/TrafficCameraData1/data/cam7/cam7_20260108_080033.jpg,0
2026-01-08T08:00:34.998919,cam8,/content/drive/MyDrive/TrafficCameraData1/data/cam8/cam8_20260108_080034.jpg,0
2026-01-08T08:05:28.601733,cam1,/content/drive/MyDrive/TrafficCameraData1/data/cam1/cam1_20260108_080528.jpg,0
2026-01-08T08:05:29.426473,cam2,/content/drive/MyDrive/TrafficCameraData1/data/cam2/cam2_20260108_080529.jpg,0
2026-01-08T08:05:30.143738,cam3,/content/drive/MyDrive/TrafficCameraData1/data/cam3/cam3_20260108_080530.jpg,0
2026-01-08T08:05:31.221146,cam4,/content/drive/MyDrive/TrafficCameraData1/data/cam4/cam4_20260108_080531.jpg,0
2026-01-08T08:05:32.298801,cam5,/content/drive/MyDrive/TrafficCameraData1/data/cam5/cam5_20260108_080532.jpg,0
2026-01-08T08:05:32.967397,cam6,/content/drive/MyDrive/TrafficCameraData1/data/cam6/cam6_20260108_080532.jpg,0
2026-01-08T08:05:34.589416,cam7,/content/drive/MyDrive/TrafficCameraData1/data/cam7/cam7_20260108_080534.jpg,0
2026-01-08T08:05:35.653724,cam8,/content/drive/MyDrive/TrafficCameraData1/data/cam8/cam8_20260108_080535.jpg,0
2026-01-08T08:10:28.601876,cam1,/content/drive/MyDrive/TrafficCameraData1/data/cam1/cam1_20260108_081028.jpg,0
2026-01-08T08:10:29.717963,cam2,/content/drive/MyDrive/TrafficCameraData1/data/cam2/cam2_20260108_081029.jpg,0
2026-01-08T08:10:30.798545,cam3,/content/drive/MyDrive/TrafficCameraData1/data/cam3/cam3_20260108_081030.jpg,0
2026-01-08T08:10:32.089770,cam4,/content/drive/MyDrive/TrafficCameraData1/data/cam4/cam4_20260108_081032.jpg,0
2026-01-08T08:10:33.180559,cam5,/content/drive/MyDrive/TrafficCameraData1/data/cam5/cam5_20260108_081033.jpg,0
2026-01-08T08:10:34.756279,cam6,/content/drive/MyDrive/TrafficCameraData1/data/cam6/cam6_20260108_081034.jpg,0
2026-01-08T08:10:36.004944,cam7,/content/drive/MyDrive/TrafficCameraData1/data/cam7/cam7_20260108_081036.jpg,0
2026-01-08T08:10:36.782856,cam8,/content/drive/MyDrive/TrafficCameraData1/data/cam8/cam8_20260108_081036.jpg,0
2026-01-08T08:15:28.601824,cam1,/content/drive/MyDrive/TrafficCameraData1/data/cam1/cam1_20260108_081528.jpg,0
2026-01-08T08:15:29.435428,cam2,/content/drive/MyDrive/TrafficCameraData1/data/cam2/cam2_20260108_081529.jpg,0
2026-01-08T08:15:30.108666,cam3,/content/drive/MyDrive/TrafficCameraData1/data/cam3/cam3_20260108_081530.jpg,0
2026-01-08T08:15:30.827011,cam4,/content/drive/MyDrive/TrafficCameraData1/data/cam4/cam4_20260108_081530.jpg,0
2026-01-08T08:15:31.500313,cam5,/content/drive/MyDrive/TrafficCameraData1/data/cam5/cam5_20260108_081531.jpg,0
2026-01-08T08:15:32.062448,cam6,/content/drive/MyDrive/TrafficCameraData1/data/cam6/cam6_20260108_081532.jpg,0
2026-01-08T08:15:32.733128,cam7,/content/drive/MyDrive/TrafficCameraData1/data/cam7/cam7_20260108_081532.jpg,0
2026-01-08T08:15:33.410957,cam8,/content/drive/MyDrive/TrafficCameraData1/data/cam8/cam8_20260108_081533.jpg,0
2026-01-08T08:20:28.602336,cam1,/content/drive/MyDrive/TrafficCameraData1/data/cam1/cam1_20260108_082028.jpg,0
2026-01-08T08:20:29.433408,cam2,/content/drive/MyDrive/TrafficCameraData1/data/cam2/cam2_20260108_082029.jpg,0
2026-01-08T08:20:30.123234,cam3,/content/drive/MyDrive/TrafficCameraData1/data/cam3/cam3_20260108_082030.jpg,0
2026-01-08T08:20:30.827788,cam4,/content/drive/MyDrive/TrafficCameraData1/data/cam4/cam4_20260108_082030.jpg,0
2026-01-08T08:20:31.563291,cam5,/content/drive/MyDrive/TrafficCameraData1/data/cam5/cam5_20260108_082031.jpg,0
2026-01-08T08:20:32.234534,cam6,/content/drive/MyDrive/TrafficCameraData1/data/cam6/cam6_20260108_082032.jpg,0
2026-01-08T08:20:32.926677,cam7,/content/drive/MyDrive/TrafficCameraData1/data/cam7/cam7_20260108_082032.jpg,0
2026-01-08T08:20:33.636395,cam8,/content/drive/MyDrive/TrafficCameraData1/data/cam8/cam8_20260108_082033.jpg,0
2026-01-08T08:25:28.603761,cam1,/content/drive/MyDrive/TrafficCameraData1/data/cam1/cam1_20260108_082528.jpg,0
2026-01-08T08:25:29.762948,cam2,/content/drive/MyDrive/TrafficCameraData1/data/cam2/cam2_20260108_082529.jpg,0
2026-01-08T08:25:31.058620,cam3,/content/drive/MyDrive/TrafficCameraData1/data/cam3/cam3_20260108_082531.jpg,0
2026-01-08T08:25:32.344021,cam4,/content/drive/MyDrive/TrafficCameraData1/data/cam4/cam4_20260108_082532.jpg,0
2026-01-08T08:25:33.593014,cam5,/content/drive/MyDrive/TrafficCameraData1/data/cam5/cam5_20260108_082533.jpg,0
2026-01-08T08:25:34.738463,cam6,/content/drive/MyDrive/TrafficCameraData1/data/cam6/cam6_20260108_082534.jpg,0
2026-01-08T08:25:36.345186,cam7,/content/drive/MyDrive/TrafficCameraData1/data/cam7/cam7_20260108_082536.jpg,0
2026-01-08T08:25:37.119568,cam8,/content/drive/MyDrive/TrafficCameraData1/data/cam8/cam8_20260108_082537.jpg,0
2026-01-08T08:30:28.603109,cam1,/content/drive/MyDrive/TrafficCameraData1/data/cam1/cam1_20260108_083028.jpg,0
2026-01-08T08:30:29.446297,cam2,/content/drive/MyDrive/TrafficCameraData1/data/cam2/cam2_20260108_083029.jpg,0
2026-01-08T08:30:30.156636,cam3,/content/drive/MyDrive/TrafficCameraData1/data/cam3/cam3_20260108_083030.jpg,0
2026-01-08T08:30:31.869248,cam4,/content/drive/MyDrive/TrafficCameraData1/data/cam4/cam4_20260108_083031.jpg,0
2026-01-08T08:30:32.547730,cam5,/content/drive/MyDrive/TrafficCameraData1/data/cam5/cam5_20260108_083032.jpg,0
2026-01-08T08:30:33.285663,cam6,/content/drive/MyDrive/TrafficCameraData1/data/cam6/cam6_20260108_083033.jpg,0
2026-01-08T08:30:33.962215,cam7,/content/drive/MyDrive/TrafficCameraData1/data/cam7/cam7_20260108_083033.jpg,0
2026-01-08T08:30:34.484641,cam8,/content/drive/MyDrive/TrafficCameraData1/data/cam8/cam8_20260108_083034.jpg,0
2026-01-08T08:35:28.603408,cam1,/content/drive/MyDrive/TrafficCameraData1/data/cam1/cam1_20260108_083528.jpg,0
2026-01-08T08:35:29.277170,cam2,/content/drive/MyDrive/TrafficCameraData1/data/cam2/cam2_20260108_083529.jpg,0
2026-01-08T08:35:31.350589,cam3,/content/drive/MyDrive/TrafficCameraData1/data/cam3/cam3_20260108_083531.jpg,0
2026-01-08T08:35:32.051318,cam4,/content/drive/MyDrive/TrafficCameraData1/data/cam4/cam4_20260108_083532.jpg,0
2026-01-08T08:35:32.752434,cam5,/content/drive/MyDrive/TrafficCameraData1/data/cam5/cam5_20260108_083532.jpg,0
2026-01-08T08:35:33.264135,cam6,/content/drive/MyDrive/TrafficCameraData1/data/cam6/cam6_20260108_083533.jpg,0
2026-01-08T08:35:33.935235,cam7,/content/drive/MyDrive/TrafficCameraData1/data/cam7/cam7_20260108_083533.jpg,0
2026-01-08T08:35:34.606793,cam8,/content/drive/MyDrive/TrafficCameraData1/data/cam8/cam8_20260108_083534.jpg,0
2026-01-08T08:40:28.603784,cam1,/content/drive/MyDrive/TrafficCameraData1/data/cam1/cam1_20260108_084028.jpg,0
2026-01-08T08:40:29.448982,cam2,/content/drive/MyDrive/TrafficCameraData1/data/cam2/cam2_20260108_084029.jpg,0
2026-01-08T08:40:30.315301,cam3,/content/drive/MyDrive/TrafficCameraData1/data/cam3/cam3_20260108_084030.jpg,0
2026-01-08T08:40:32.859519,cam4,/content/drive/MyDrive/TrafficCameraData1/data/cam4/cam4_20260108_084032.jpg,0
2026-01-08T08:40:33.549464,cam5,/content/drive/MyDrive/TrafficCameraData1/data/cam5/cam5_20260108_084033.jpg,0
2026-01-08T08:40:34.218750,cam6,/content/drive/MyDrive/TrafficCameraData1/data/cam6/cam6_20260108_084034.jpg,0
2026-01-08T08:40:35.026256,cam7,/content/drive/MyDrive/TrafficCameraData1/data/cam7/cam7_20260108_084035.jpg,0
2026-01-08T08:40:35.700238,cam8,/content/drive/MyDrive/TrafficCameraData1/data/cam8/cam8_20260108_084035.jpg,0
2026-01-08T08:45:28.604678,cam1,/content/drive/MyDrive/TrafficCameraData1/data/cam1/cam1_20260108_084528.jpg,0
2026-01-08T08:45:30.042998,cam2,/content/drive/MyDrive/TrafficCameraData1/data/cam2/cam2_20260108_084530.jpg,0
2026-01-08T08:45:30.763179,cam3,/content/drive/MyDrive/TrafficCameraData1/data/cam3/cam3_20260108_084530.jpg,0
2026-01-08T08:45:31.463615,cam4,/content/drive/MyDrive/TrafficCameraData1/data/cam4/cam4_20260108_084531.jpg,0
2026-01-08T08:45:32.146793,cam5,/content/drive/MyDrive/TrafficCameraData1/data/cam5/cam5_20260108_084532.jpg,0
2026-01-08T08:45:32.678130,cam6,/content/drive/MyDrive/TrafficCameraData1/data/cam6/cam6_20260108_084532.jpg,0
2026-01-08T08:45:33.390156,cam7,/content/drive/MyDrive/TrafficCameraData1/data/cam7/cam7_20260108_084533.jpg,0
2026-01-08T08:45:34.099853,cam8,/content/drive/MyDrive/TrafficCameraData1/data/cam8/cam8_20260108_084534.jpg,0
2026-01-08T08:50:28.604302,cam1,/content/drive/MyDrive/TrafficCameraData1/data/cam1/cam1_20260108_085028.jpg,0
2026-01-08T08:50:29.435728,cam2,/content/drive/MyDrive/TrafficCameraData1/data/cam2/cam2_20260108_085029.jpg,0
2026-01-08T08:50:30.152957,cam3,/content/drive/MyDrive/TrafficCameraData1/data/cam3/cam3_20260108_085030.jpg,0
2026-01-08T08:50:30.828192,cam4,/content/drive/MyDrive/TrafficCameraData1/data/cam4/cam4_20260108_085030.jpg,0
2026-01-08T08:50:31.502948,cam5,/content/drive/MyDrive/TrafficCameraData1/data/cam5/cam5_20260108_085031.jpg,0
2026-01-08T08:50:32.095257,cam6,/content/drive/MyDrive/TrafficCameraData1/data/cam6/cam6_20260108_085032.jpg,0
2026-01-08T08:50:32.777242,cam7,/content/drive/MyDrive/TrafficCameraData1/data/cam7/cam7_20260108_085032.jpg,0
2026-01-08T08:50:33.335741,cam8,/content/drive/MyDrive/TrafficCameraData1/data/cam8/cam8_20260108_085033.jpg,0
2026-01-08T08:55:28.605318,cam1,/content/drive/MyDrive/TrafficCameraData1/data/cam1/cam1_20260108_085528.jpg,0
2026-01-08T08:55:29.541252,cam2,/content/drive/MyDrive/TrafficCameraData1/data/cam2/cam2_20260108_085529.jpg,0
2026-01-08T08:55:30.334938,cam3,/content/drive/MyDrive/TrafficCameraData1/data/cam3/cam3_20260108_085530.jpg,0
2026-01-08T08:55:31.069543,cam4,/content/drive/MyDrive/TrafficCameraData1/data/cam4/cam4_20260108_085531.jpg,0
2026-01-08T08:55:31.773072,cam5,/content/drive/MyDrive/TrafficCameraData1/data/cam5/cam5_20260108_085531.jpg,0
2026-01-08T08:55:32.524421,cam6,/content/drive/MyDrive/TrafficCameraData1/data/cam6/cam6_20260108_085532.jpg,0
2026-01-08T08:55:33.290610,cam7,/content/drive/MyDrive/TrafficCameraData1/data/cam7/cam7_20260108_085533.jpg,0
2026-01-08T08:55:34.317428,cam8,/content/drive/MyDrive/TrafficCameraData1/data/cam8/cam8_20260108_085534.jpg,0
2026-01-08T09:00:28.605937,cam1,/content/drive/MyDrive/TrafficCameraData1/data/cam1/cam1_20260108_090028.jpg,0
2026-01-08T09:00:29.464851,cam2,/content/drive/MyDrive/TrafficCameraData1/data/cam2/cam2_20260108_090029.jpg,0
2026-01-08T09:00:30.759120,cam3,/content/drive/MyDrive/TrafficCameraData1/data/cam3/cam3_20260108_090030.jpg,0
2026-01-08T09:00:31.510162,cam4,/content/drive/MyDrive/TrafficCameraData1/data/cam4/cam4_20260108_090031.jpg,0
2026-01-08T09:00:32.223460,cam5,/content/drive/MyDrive/TrafficCameraData1/data/cam5/cam5_20260108_090032.jpg,0
2026-01-08T09:00:32.742160,cam6,/content/drive/MyDrive/TrafficCameraData1/data/cam6/cam6_20260108_090032.jpg,0
2026-01-08T09:00:33.435460,cam7,/content/drive/MyDrive/TrafficCameraData1/data/cam7/cam7_20260108_090033.jpg,0
2026-01-08T09:00:34.337008,cam8,/content/drive/MyDrive/TrafficCameraData1/data/cam8/cam8_20260108_090034.jpg,0
2026-01-08T09:05:28.605957,cam1,/content/drive/MyDrive/TrafficCameraData1/data/cam1/cam1_20260108_090528.jpg,0
2026-01-08T09:05:29.465507,cam2,/content/drive/MyDrive/TrafficCameraData1/data/cam2/cam2_20260108_090529.jpg,0
2026-01-08T09:05:30.174538,cam3,/content/drive/MyDrive/TrafficCameraData1/data/cam3/cam3_20260108_090530.jpg,0
2026-01-08T09:05:30.851144,cam4,/content/drive/MyDrive/TrafficCameraData1/data/cam4/cam4_20260108_090530.jpg,0
2026-01-08T09:05:31.576502,cam5,/content/drive/MyDrive/TrafficCameraData1/data/cam5/cam5_20260108_090531.jpg,0
2026-01-08T09:05:32.140329,cam6,/content/drive/MyDrive/TrafficCameraData1/data/cam6/cam6_20260108_090532.jpg,0
2026-01-08T09:05:32.829274,cam7,/content/drive/MyDrive/TrafficCameraData1/data/cam7/cam7_20260108_090532.jpg,0
2026-01-08T09:05:33.518541,cam8,/content/drive/MyDrive/TrafficCameraData1/data/cam8/cam8_20260108_090533.jpg,0
2026-01-08T09:10:28.606176,cam1,/content/drive/MyDrive/TrafficCameraData1/data/cam1/cam1_20260108_091028.jpg,0
2026-01-08T09:10:29.507416,cam2,/content/drive/MyDrive/TrafficCameraData1/data/cam2/cam2_20260108_091029.jpg,0
2026-01-08T09:10:30.237128,cam3,/content/drive/MyDrive/TrafficCameraData1/data/cam3/cam3_20260108_091030.jpg,0
2026-01-08T09:10:30.918383,cam4,/content/drive/MyDrive/TrafficCameraData1/data/cam4/cam4_20260108_091030.jpg,0
2026-01-08T09:10:31.635287,cam5,/content/drive/MyDrive/TrafficCameraData1/data/cam5/cam5_20260108_091031.jpg,0
2026-01-08T09:10:32.323682,cam6,/content/drive/MyDrive/TrafficCameraData1/data/cam6/cam6_20260108_091032.jpg,0
2026-01-08T09:10:33.023944,cam7,/content/drive/MyDrive/TrafficCameraData1/data/cam7/cam7_20260108_091033.jpg,0
2026-01-08T09:10:33.819282,cam8,/content/drive/MyDrive/TrafficCameraData1/data/cam8/cam8_20260108_091033.jpg,0
2026-01-08T09:15:28.606716,cam1,/content/drive/MyDrive/TrafficCameraData1/data/cam1/cam1_20260108_091528.jpg,0
2026-01-08T09:15:33.601735,cam2,/content/drive/MyDrive/TrafficCameraData1/data/cam2/cam2_20260108_091533.jpg,0
2026-01-08T09:15:34.731760,cam3,/content/drive/MyDrive/TrafficCameraData1/data/cam3/cam3_20260108_091534.jpg,0
2026-01-08T09:15:35.870390,cam4,/content/drive/MyDrive/TrafficCameraData1/data/cam4/cam4_20260108_091535.jpg,0
2026-01-08T09:15:36.567902,cam5,/content/drive/MyDrive/TrafficCameraData1/data/cam5/cam5_20260108_091536.jpg,0
2026-01-08T09:15:37.379818,cam6,/content/drive/MyDrive/TrafficCameraData1/data/cam6/cam6_20260108_091537.jpg,0
2026-01-08T09:15:38.122429,cam7,/content/drive/MyDrive/TrafficCameraData1/data/cam7/cam7_20260108_091538.jpg,0
2026-01-08T09:15:38.838101,cam8,/content/drive/MyDrive/TrafficCameraData1/data/cam8/cam8_20260108_091538.jpg,0
2026-01-08T09:20:28.606937,cam1,/content/drive/MyDrive/TrafficCameraData1/data/cam1/cam1_20260108_092028.jpg,0
2026-01-08T09:20:29.562268,cam2,/content/drive/MyDrive/TrafficCameraData1/data/cam2/cam2_20260108_092029.jpg,0
2026-01-08T09:20:30.292748,cam3,/content/drive/MyDrive/TrafficCameraData1/data/cam3/cam3_20260108_092030.jpg,0
2026-01-08T09:20:31.069271,cam4,/content/drive/MyDrive/TrafficCameraData1/data/cam4/cam4_20260108_092031.jpg,0
2026-01-08T09:20:32.201670,cam5,/content/drive/MyDrive/TrafficCameraData1/data/cam5/cam5_20260108_092032.jpg,0
2026-01-08T09:20:32.893166,cam6,/content/drive/MyDrive/TrafficCameraData1/data/cam6/cam6_20260108_092032.jpg,0
2026-01-08T09:20:33.717113,cam7,/content/drive/MyDrive/TrafficCameraData1/data/cam7/cam7_20260108_092033.jpg,0
2026-01-08T09:20:34.682014,cam8,/content/drive/MyDrive/TrafficCameraData1/data/cam8/cam8_20260108_092034.jpg,0
2026-01-08T09:25:28.607187,cam1,/content/drive/MyDrive/TrafficCameraData1/data/cam1/cam1_20260108_092528.jpg,0
2026-01-08T09:25:29.733210,cam2,/content/drive/MyDrive/TrafficCameraData1/data/cam2/cam2_20260108_092529.jpg,0
2026-01-08T09:25:30.870552,cam3,/content/drive/MyDrive/TrafficCameraData1/data/cam3/cam3_20260108_092530.jpg,0
2026-01-08T09:25:31.554719,cam4,/content/drive/MyDrive/TrafficCameraData1/data/cam4/cam4_20260108_092531.jpg,0
2026-01-08T09:25:32.248084,cam5,/content/drive/MyDrive/TrafficCameraData1/data/cam5/cam5_20260108_092532.jpg,0
2026-01-08T09:25:32.820720,cam6,/content/drive/MyDrive/TrafficCameraData1/data/cam6/cam6_20260108_092532.jpg,0
2026-01-08T09:25:33.579176,cam7,/content/drive/MyDrive/TrafficCameraData1/data/cam7/cam7_20260108_092533.jpg,0
2026-01-08T09:25:34.433419,cam8,/content/drive/MyDrive/TrafficCameraData1/data/cam8/cam8_20260108_092534.jpg,0
2026-01-08T09:30:28.607592,cam1,/content/drive/MyDrive/TrafficCameraData1/data/cam1/cam1_20260108_093028.jpg,0
2026-01-08T09:30:29.808843,cam2,/content/drive/MyDrive/TrafficCameraData1/data/cam2/cam2_20260108_093029.jpg,0
2026-01-08T09:30:30.508142,cam3,/content/drive/MyDrive/TrafficCameraData1/data/cam3/cam3_20260108_093030.jpg,0
2026-01-08T09:30:31.679221,cam4,/content/drive/MyDrive/TrafficCameraData1/data/cam4/cam4_20260108_093031.jpg,0
2026-01-08T09:30:32.403846,cam5,/content/drive/MyDrive/TrafficCameraData1/data/cam5/cam5_20260108_093032.jpg,0
2026-01-08T09:30:32.926348,cam6,/content/drive/MyDrive/TrafficCameraData1/data/cam6/cam6_20260108_093032.jpg,0
2026-01-08T09:30:33.629610,cam7,/content/drive/MyDrive/TrafficCameraData1/data/cam7/cam7_20260108_093033.jpg,0
2026-01-08T09:30:34.577019,cam8,/content/drive/MyDrive/TrafficCameraData1/data/cam8/cam8_20260108_093034.jpg,0
2026-01-08T09:35:28.607953,cam1,/content/drive/MyDrive/TrafficCameraData1/data/cam1/cam1_20260108_093528.jpg,0
2026-01-08T09:35:29.454163,cam2,/content/drive/MyDrive/TrafficCameraData1/data/cam2/cam2_20260108_093529.jpg,0
2026-01-08T09:35:30.144559,cam3,/content/drive/MyDrive/TrafficCameraData1/data/cam3/cam3_20260108_093530.jpg,0
2026-01-08T09:35:30.839176,cam4,/content/drive/MyDrive/TrafficCameraData1/data/cam4/cam4_20260108_093530.jpg,0
2026-01-08T09:35:31.929776,cam5,/content/drive/MyDrive/TrafficCameraData1/data/cam5/cam5_20260108_093531.jpg,0
2026-01-08T09:35:32.614841,cam6,/content/drive/MyDrive/TrafficCameraData1/data/cam6/cam6_20260108_093532.jpg,0
2026-01-08T09:35:33.335726,cam7,/content/drive/MyDrive/TrafficCameraData1/data/cam7/cam7_20260108_093533.jpg,0
2026-01-08T09:35:34.031148,cam8,/content/drive/MyDrive/TrafficCameraData1/data/cam8/cam8_20260108_093534.jpg,0
2026-01-08T09:40:28.608030,cam1,/content/drive/MyDrive/TrafficCameraData1/data/cam1/cam1_20260108_094028.jpg,0
2026-01-08T09:40:29.460406,cam2,/content/drive/MyDrive/TrafficCameraData1/data/cam2/cam2_20260108_094029.jpg,0
2026-01-08T09:40:30.146775,cam3,/content/drive/MyDrive/TrafficCameraData1/data/cam3/cam3_20260108_094030.jpg,0
2026-01-08T09:40:30.837845,cam4,/content/drive/MyDrive/TrafficCameraData1/data/cam4/cam4_20260108_094030.jpg,0
2026-01-08T09:40:31.524122,cam5,/content/drive/MyDrive/TrafficCameraData1/data/cam5/cam5_20260108_094031.jpg,0
2026-01-08T09:40:32.067266,cam6,/content/drive/MyDrive/TrafficCameraData1/data/cam6/cam6_20260108_094032.jpg,0
2026-01-08T09:40:32.773729,cam7,/content/drive/MyDrive/TrafficCameraData1/data/cam7/cam7_20260108_094032.jpg,0
2026-01-08T09:40:33.462330,cam8,/content/drive/MyDrive/TrafficCameraData1/data/cam8/cam8_20260108_094033.jpg,0
2026-01-08T09:45:28.608437,cam1,/content/drive/MyDrive/TrafficCameraData1/data/cam1/cam1_20260108_094528.jpg,0
2026-01-08T09:45:30.355543,cam2,/content/drive/MyDrive/TrafficCameraData1/data/cam2/cam2_20260108_094530.jpg,0
2026-01-08T09:45:31.692897,cam3,/content/drive/MyDrive/TrafficCameraData1/data/cam3/cam3_20260108_094531.jpg,0
2026-01-08T09:45:32.406392,cam4,/content/drive/MyDrive/TrafficCameraData1/data/cam4/cam4_20260108_094532.jpg,0
2026-01-08T09:45:33.165846,cam5,/content/drive/MyDrive/TrafficCameraData1/data/cam5/cam5_20260108_094533.jpg,0
2026-01-08T09:45:33.901873,cam6,/content/drive/MyDrive/TrafficCameraData1/data/cam6/cam6_20260108_094533.jpg,0
2026-01-08T09:45:34.588305,cam7,/content/drive/MyDrive/TrafficCameraData1/data/cam7/cam7_20260108_094534.jpg,0
2026-01-08T09:45:35.275736,cam8,/content/drive/MyDrive/TrafficCameraData1/data/cam8/cam8_20260108_094535.jpg,0
2026-01-08T09:50:28.608843,cam1,/content/drive/MyDrive/TrafficCameraData1/data/cam1/cam1_20260108_095028.jpg,0
2026-01-08T09:50:29.475021,cam2,/content/drive/MyDrive/TrafficCameraData1/data/cam2/cam2_20260108_095029.jpg,0
2026-01-08T09:50:30.651075,cam3,/content/drive/MyDrive/TrafficCameraData1/data/cam3/cam3_20260108_095030.jpg,0
2026-01-08T09:50:31.364709,cam4,/content/drive/MyDrive/TrafficCameraData1/data/cam4/cam4_20260108_095031.jpg,0
2026-01-08T09:50:32.067446,cam5,/content/drive/MyDrive/TrafficCameraData1/data/cam5/cam5_20260108_095032.jpg,0
2026-01-08T09:50:32.749754,cam6,/content/drive/MyDrive/TrafficCameraData1/data/cam6/cam6_20260108_095032.jpg,0
2026-01-08T09:50:33.433826,cam7,/content/drive/MyDrive/TrafficCameraData1/data/cam7/cam7_20260108_095033.jpg,0
2026-01-08T09:50:34.115242,cam8,/content/drive/MyDrive/TrafficCameraData1/data/cam8/cam8_20260108_095034.jpg,0
2026-01-08T09:55:28.609240,cam1,/content/drive/MyDrive/TrafficCameraData1/data/cam1/cam1_20260108_095528.jpg,0
2026-01-08T09:55:29.677493,cam2,/content/drive/MyDrive/TrafficCameraData1/data/cam2/cam2_20260108_095529.jpg,0
2026-01-08T09:55:30.355803,cam3,/content/drive/MyDrive/TrafficCameraData1/data/cam3/cam3_20260108_095530.jpg,0
2026-01-08T09:55:31.105225,cam4,/content/drive/MyDrive/TrafficCameraData1/data/cam4/cam4_20260108_095531.jpg,0
2026-01-08T09:55:31.809308,cam5,/content/drive/MyDrive/TrafficCameraData1/data/cam5/cam5_20260108_095531.jpg,0
2026-01-08T09:55:32.525667,cam6,/content/drive/MyDrive/TrafficCameraData1/data/cam6/cam6_20260108_095532.jpg,0
2026-01-08T09:55:33.216472,cam7,/content/drive/MyDrive/TrafficCameraData1/data/cam7/cam7_20260108_095533.jpg,0
2026-01-08T09:55:33.743349,cam8,/content/drive/MyDrive/TrafficCameraData1/data/cam8/cam8_20260108_095533.jpg,0
2026-01-08T10:00:28.609708,cam1,/content/drive/MyDrive/TrafficCameraData1/data/cam1/cam1_20260108_100028.jpg,0
2026-01-08T10:00:29.685496,cam2,/content/drive/MyDrive/TrafficCameraData1/data/cam2/cam2_20260108_100029.jpg,0
2026-01-08T10:00:30.756771,cam3,/content/drive/MyDrive/TrafficCameraData1/data/cam3/cam3_20260108_100030.jpg,0
2026-01-08T10:00:31.461776,cam4,/content/drive/MyDrive/TrafficCameraData1/data/cam4/cam4_20260108_100031.jpg,0
2026-01-08T10:00:32.164461,cam5,/content/drive/MyDrive/TrafficCameraData1/data/cam5/cam5_20260108_100032.jpg,0
2026-01-08T10:00:32.703550,cam6,/content/drive/MyDrive/TrafficCameraData1/data/cam6/cam6_20260108_100032.jpg,0
2026-01-08T10:00:33.383938,cam7,/content/drive/MyDrive/TrafficCameraData1/data/cam7/cam7_20260108_100033.jpg,0
2026-01-08T10:00:34.068805,cam8,/content/drive/MyDrive/TrafficCameraData1/data/cam8/cam8_20260108_100034.jpg,0
2026-01-08T10:05:28.610417,cam1,/content/drive/MyDrive/TrafficCameraData1/data/cam1/cam1_20260108_100528.jpg,0
2026-01-08T10:05:29.890717,cam2,/content/drive/MyDrive/TrafficCameraData1/data/cam2/cam2_20260108_100529.jpg,0
2026-01-08T10:05:30.568356,cam3,/content/drive/MyDrive/TrafficCameraData1/data/cam3/cam3_20260108_100530.jpg,0
2026-01-08T10:05:31.324249,cam4,/content/drive/MyDrive/TrafficCameraData1/data/cam4/cam4_20260108_100531.jpg,0
2026-01-08T10:05:32.005919,cam5,/content/drive/MyDrive/TrafficCameraData1/data/cam5/cam5_20260108_100532.jpg,0
2026-01-08T10:05:32.708160,cam6,/content/drive/MyDrive/TrafficCameraData1/data/cam6/cam6_20260108_100532.jpg,0
2026-01-08T10:05:33.386472,cam7,/content/drive/MyDrive/TrafficCameraData1/data/cam7/cam7_20260108_100533.jpg,0
2026-01-08T10:05:34.289880,cam8,/content/drive/MyDrive/TrafficCameraData1/data/cam8/cam8_20260108_100534.jpg,0
2026-01-08T10:10:28.610374,cam1,/content/drive/MyDrive/TrafficCameraData1/data/cam1/cam1_20260108_101028.jpg,0
2026-01-08T10:10:29.454430,cam2,/content/drive/MyDrive/TrafficCameraData1/data/cam2/cam2_20260108_101029.jpg,0
2026-01-08T10:10:30.544351,cam3,/content/drive/MyDrive/TrafficCameraData1/data/cam3/cam3_20260108_101030.jpg,0
2026-01-08T10:10:31.387175,cam4,/content/drive/MyDrive/TrafficCameraData1/data/cam4/cam4_20260108_101031.jpg,0
2026-01-08T10:10:32.075532,cam5,/content/drive/MyDrive/TrafficCameraData1/data/cam5/cam5_20260108_101032.jpg,0
2026-01-08T10:10:32.597035,cam6,/content/drive/MyDrive/TrafficCameraData1/data/cam6/cam6_20260108_101032.jpg,0
2026-01-08T10:10:33.279616,cam7,/content/drive/MyDrive/TrafficCameraData1/data/cam7/cam7_20260108_101033.jpg,0
2026-01-08T10:10:33.808837,cam8,/content/drive/MyDrive/TrafficCameraData1/data/cam8/cam8_20260108_101033.jpg,0
2026-01-08T10:15:28.611404,cam1,/content/drive/MyDrive/TrafficCameraData1/data/cam1/cam1_20260108_101528.jpg,0
2026-01-08T10:15:29.451477,cam2,/content/drive/MyDrive/TrafficCameraData1/data/cam2/cam2_20260108_101529.jpg,0
2026-01-08T10:15:30.547670,cam3,/content/drive/MyDrive/TrafficCameraData1/data/cam3/cam3_20260108_101530.jpg,0
2026-01-08T10:15:31.251867,cam4,/content/drive/MyDrive/TrafficCameraData1/data/cam4/cam4_20260108_101531.jpg,0
2026-01-08T10:15:31.933537,cam5,/content/drive/MyDrive/TrafficCameraData1/data/cam5/cam5_20260108_101531.jpg,0
2026-01-08T10:15:32.482171,cam6,/content/drive/MyDrive/TrafficCameraData1/data/cam6/cam6_20260108_101532.jpg,0
2026-01-08T10:15:33.157261,cam7,/content/drive/MyDrive/TrafficCameraData1/data/cam7/cam7_20260108_101533.jpg,0
2026-01-08T10:15:34.320552,cam8,/content/drive/MyDrive/TrafficCameraData1/data/cam8/cam8_20260108_101534.jpg,0
2026-01-08T10:20:28.611362,cam1,/content/drive/MyDrive/TrafficCameraData1/data/cam1/cam1_20260108_102028.jpg,0
2026-01-08T10:20:29.692537,cam2,/content/drive/MyDrive/TrafficCameraData1/data/cam2/cam2_20260108_102029.jpg,0
2026-01-08T10:20:30.381947,cam3,/content/drive/MyDrive/TrafficCameraData1/data/cam3/cam3_20260108_102030.jpg,0
2026-01-08T10:20:31.063252,cam4,/content/drive/MyDrive/TrafficCameraData1/data/cam4/cam4_20260108_102031.jpg,0
2026-01-08T10:20:32.128888,cam5,/content/drive/MyDrive/TrafficCameraData1/data/cam5/cam5_20260108_102032.jpg,0
2026-01-08T10:20:32.800844,cam6,/content/drive/MyDrive/TrafficCameraData1/data/cam6/cam6_20260108_102032.jpg,0
2026-01-08T10:20:33.865164,cam7,/content/drive/MyDrive/TrafficCameraData1/data/cam7/cam7_20260108_102033.jpg,0
2026-01-08T10:20:34.790340,cam8,/content/drive/MyDrive/TrafficCameraData1/data/cam8/cam8_20260108_102034.jpg,0
2026-01-08T10:25:28.611690,cam1,/content/drive/MyDrive/TrafficCameraData1/data/cam1/cam1_20260108_102528.jpg,0
2026-01-08T10:25:29.546229,cam2,/content/drive/MyDrive/TrafficCameraData1/data/cam2/cam2_20260108_102529.jpg,0
2026-01-08T10:25:30.304486,cam3,/content/drive/MyDrive/TrafficCameraData1/data/cam3/cam3_20260108_102530.jpg,0
2026-01-08T10:25:31.034234,cam4,/content/drive/MyDrive/TrafficCameraData1/data/cam4/cam4_20260108_102531.jpg,0
2026-01-08T10:25:32.115014,cam5,/content/drive/MyDrive/TrafficCameraData1/data/cam5/cam5_20260108_102532.jpg,0
2026-01-08T10:25:32.848663,cam6,/content/drive/MyDrive/TrafficCameraData1/data/cam6/cam6_20260108_102532.jpg,0
2026-01-08T10:25:33.510270,cam7,/content/drive/MyDrive/TrafficCameraData1/data/cam7/cam7_20260108_102533.jpg,0
2026-01-08T10:25:34.247193,cam8,/content/drive/MyDrive/TrafficCameraData1/data/cam8/cam8_20260108_102534.jpg,0
2026-01-08T10:30:28.612493,cam1,/content/drive/MyDrive/TrafficCameraData1/data/cam1/cam1_20260108_103028.jpg,0
2026-01-08T10:30:29.440737,cam2,/content/drive/MyDrive/TrafficCameraData1/data/cam2/cam2_20260108_103029.jpg,0
2026-01-08T10:30:30.129680,cam3,/content/drive/MyDrive/TrafficCameraData1/data/cam3/cam3_20260108_103030.jpg,0
2026-01-08T10:30:30.807414,cam4,/content/drive/MyDrive/TrafficCameraData1/data/cam4/cam4_20260108_103030.jpg,0
2026-01-08T10:30:31.479832,cam5,/content/drive/MyDrive/TrafficCameraData1/data/cam5/cam5_20260108_103031.jpg,0
2026-01-08T10:30:32.007460,cam6,/content/drive/MyDrive/TrafficCameraData1/data/cam6/cam6_20260108_103032.jpg,0
2026-01-08T10:30:32.676635,cam7,/content/drive/MyDrive/TrafficCameraData1/data/cam7/cam7_20260108_103032.jpg,0
2026-01-08T10:30:33.348435,cam8,/content/drive/MyDrive/TrafficCameraData1/data/cam8/cam8_20260108_103033.jpg,0
2026-01-08T10:35:28.612222,cam1,/content/drive/MyDrive/TrafficCameraData1/data/cam1/cam1_20260108_103528.jpg,0
2026-01-08T10:35:29.464310,cam2,/content/drive/MyDrive/TrafficCameraData1/data/cam2/cam2_20260108_103529.jpg,0
2026-01-08T10:35:30.140729,cam3,/content/drive/MyDrive/TrafficCameraData1/data/cam3/cam3_20260108_103530.jpg,0
2026-01-08T10:35:30.824472,cam4,/content/drive/MyDrive/TrafficCameraData1/data/cam4/cam4_20260108_103530.jpg,0
2026-01-08T10:35:31.695082,cam5,/content/drive/MyDrive/TrafficCameraData1/data/cam5/cam5_20260108_103531.jpg,0
2026-01-08T10:35:32.375891,cam6,/content/drive/MyDrive/TrafficCameraData1/data/cam6/cam6_20260108_103532.jpg,0
2026-01-08T10:35:33.066172,cam7,/content/drive/MyDrive/TrafficCameraData1/data/cam7/cam7_20260108_103533.jpg,0
2026-01-08T10:35:33.735422,cam8,/content/drive/MyDrive/TrafficCameraData1/data/cam8/cam8_20260108_103533.jpg,0
2026-01-08T10:40:28.613011,cam1,/content/drive/MyDrive/TrafficCameraData1/data/cam1/cam1_20260108_104028.jpg,0
2026-01-08T10:40:29.449016,cam2,/content/drive/MyDrive/TrafficCameraData1/data/cam2/cam2_20260108_104029.jpg,0
2026-01-08T10:40:30.124466,cam3,/content/drive/MyDrive/TrafficCameraData1/data/cam3/cam3_20260108_104030.jpg,0
2026-01-08T10:40:30.838179,cam4,/content/drive/MyDrive/TrafficCameraData1/data/cam4/cam4_20260108_104030.jpg,0
2026-01-08T10:40:31.523307,cam5,/content/drive/MyDrive/TrafficCameraData1/data/cam5/cam5_20260108_104031.jpg,0
2026-01-08T10:40:32.039580,cam6,/content/drive/MyDrive/TrafficCameraData1/data/cam6/cam6_20260108_104032.jpg,0
2026-01-08T10:40:32.754739,cam7,/content/drive/MyDrive/TrafficCameraData1/data/cam7/cam7_20260108_104032.jpg,0
2026-01-08T10:40:33.432935,cam8,/content/drive/MyDrive/TrafficCameraData1/data/cam8/cam8_20260108_104033.jpg,0
2026-01-08T10:45:28.612789,cam1,/content/drive/MyDrive/TrafficCameraData1/data/cam1/cam1_20260108_104528.jpg,0
2026-01-08T10:45:29.488046,cam2,/content/drive/MyDrive/TrafficCameraData1/data/cam2/cam2_20260108_104529.jpg,0
2026-01-08T10:45:30.158484,cam3,/content/drive/MyDrive/TrafficCameraData1/data/cam3/cam3_20260108_104530.jpg,0
2026-01-08T10:45:30.839676,cam4,/content/drive/MyDrive/TrafficCameraData1/data/cam4/cam4_20260108_104530.jpg,0
2026-01-08T10:45:31.516137,cam5,/content/drive/MyDrive/TrafficCameraData1/data/cam5/cam5_20260108_104531.jpg,0
2026-01-08T10:45:32.123680,cam6,/content/drive/MyDrive/TrafficCameraData1/data/cam6/cam6_20260108_104532.jpg,0
2026-01-08T10:45:32.794732,cam7,/content/drive/MyDrive/TrafficCameraData1/data/cam7/cam7_20260108_104532.jpg,0
2026-01-08T10:45:33.316560,cam8,/content/drive/MyDrive/TrafficCameraData1/data/cam8/cam8_20260108_104533.jpg,0
2026-01-08T10:51:11.369004,cam1,/content/drive/MyDrive/TrafficCameraData1/data/cam1/cam1_20260108_105111.jpg,0
2026-01-08T10:51:11.902994,cam2,/content/drive/MyDrive/TrafficCameraData1/data/cam2/cam2_20260108_105111.jpg,0
2026-01-08T10:51:12.433165,cam3,/content/drive/MyDrive/TrafficCameraData1/data/cam3/cam3_20260108_105112.jpg,0
2026-01-08T10:51:13.137827,cam4,/content/drive/MyDrive/TrafficCameraData1/data/cam4/cam4_20260108_105113.jpg,0
2026-01-08T10:51:13.810903,cam5,/content/drive/MyDrive/TrafficCameraData1/data/cam5/cam5_20260108_105113.jpg,0
2026-01-08T10:51:14.349575,cam6,/content/drive/MyDrive/TrafficCameraData1/data/cam6/cam6_20260108_105114.jpg,0
2026-01-08T10:51:15.031948,cam7,/content/drive/MyDrive/TrafficCameraData1/data/cam7/cam7_20260108_105115.jpg,0
2026-01-08T10:51:15.713607,cam8,/content/drive/MyDrive/TrafficCameraData1/data/cam8/cam8_20260108_105115.jpg,0
2026-01-08T10:56:11.369521,cam1,/content/drive/MyDrive/TrafficCameraData1/data/cam1/cam1_20260108_105611.jpg,0
2026-01-08T10:56:12.206866,cam2,/content/drive/MyDrive/TrafficCameraData1/data/cam2/cam2_20260108_105612.jpg,0
2026-01-08T10:56:12.894124,cam3,/content/drive/MyDrive/TrafficCameraData1/data/cam3/cam3_20260108_105612.jpg,0
2026-01-08T10:56:13.598100,cam4,/content/drive/MyDrive/TrafficCameraData1/data/cam4/cam4_20260108_105613.jpg,0
2026-01-08T10:56:14.272285,cam5,/content/drive/MyDrive/TrafficCameraData1/data/cam5/cam5_20260108_105614.jpg,0
2026-01-08T10:56:14.805919,cam6,/content/drive/MyDrive/TrafficCameraData1/data/cam6/cam6_20260108_105614.jpg,0
2026-01-08T10:56:15.484467,cam7,/content/drive/MyDrive/TrafficCameraData1/data/cam7/cam7_20260108_105615.jpg,0
2026-01-08T10:56:16.175373,cam8,/content/drive/MyDrive/TrafficCameraData1/data/cam8/cam8_20260108_105616.jpg,0
2026-01-08T11:01:11.370453,cam1,/content/drive/MyDrive/TrafficCameraData1/data/cam1/cam1_20260108_110111.jpg,0
2026-01-08T11:01:12.216819,cam2,/content/drive/MyDrive/TrafficCameraData1/data/cam2/cam2_20260108_110112.jpg,0
2026-01-08T11:01:13.421116,cam3,/content/drive/MyDrive/TrafficCameraData1/data/cam3/cam3_20260108_110113.jpg,0
2026-01-08T11:01:14.113127,cam4,/content/drive/MyDrive/TrafficCameraData1/data/cam4/cam4_20260108_110114.jpg,0
2026-01-08T11:01:14.799269,cam5,/content/drive/MyDrive/TrafficCameraData1/data/cam5/cam5_20260108_110114.jpg,0
2026-01-08T11:01:15.319041,cam6,/content/drive/MyDrive/TrafficCameraData1/data/cam6/cam6_20260108_110115.jpg,0
2026-01-08T11:01:15.998007,cam7,/content/drive/MyDrive/TrafficCameraData1/data/cam7/cam7_20260108_110115.jpg,0
2026-01-08T11:01:16.679164,cam8,/content/drive/MyDrive/TrafficCameraData1/data/cam8/cam8_20260108_110116.jpg,0
2026-01-08T11:06:11.370760,cam1,/content/drive/MyDrive/TrafficCameraData1/data/cam1/cam1_20260108_110611.jpg,0
2026-01-08T11:06:12.223578,cam2,/content/drive/MyDrive/TrafficCameraData1/data/cam2/cam2_20260108_110612.jpg,0
2026-01-08T11:06:12.903341,cam3,/content/drive/MyDrive/TrafficCameraData1/data/cam3/cam3_20260108_110612.jpg,0
2026-01-08T11:06:13.593189,cam4,/content/drive/MyDrive/TrafficCameraData1/data/cam4/cam4_20260108_110613.jpg,0
2026-01-08T11:06:14.272679,cam5,/content/drive/MyDrive/TrafficCameraData1/data/cam5/cam5_20260108_110614.jpg,0
2026-01-08T11:06:14.794094,cam6,/content/drive/MyDrive/TrafficCameraData1/data/cam6/cam6_20260108_110614.jpg,0
2026-01-08T11:06:15.495619,cam7,/content/drive/MyDrive/TrafficCameraData1/data/cam7/cam7_20260108_110615.jpg,0
2026-01-08T11:06:16.172448,cam8,/content/drive/MyDrive/TrafficCameraData1/data/cam8/cam8_20260108_110616.jpg,0
2026-01-08T11:11:11.370702,cam1,/content/drive/MyDrive/TrafficCameraData1/data/cam1/cam1_20260108_111111.jpg,0
2026-01-08T11:11:12.219744,cam2,/content/drive/MyDrive/TrafficCameraData1/data/cam2/cam2_20260108_111112.jpg,0
2026-01-08T11:11:12.905043,cam3,/content/drive/MyDrive/TrafficCameraData1/data/cam3/cam3_20260108_111112.jpg,0
2026-01-08T11:11:13.594264,cam4,/content/drive/MyDrive/TrafficCameraData1/data/cam4/cam4_20260108_111113.jpg,0
2026-01-08T11:11:14.273819,cam5,/content/drive/MyDrive/TrafficCameraData1/data/cam5/cam5_20260108_111114.jpg,0
2026-01-08T11:11:14.852390,cam6,/content/drive/MyDrive/TrafficCameraData1/data/cam6/cam6_20260108_111114.jpg,0
2026-01-08T11:11:15.535360,cam7,/content/drive/MyDrive/TrafficCameraData1/data/cam7/cam7_20260108_111115.jpg,0
2026-01-08T11:11:16.220928,cam8,/content/drive/MyDrive/TrafficCameraData1/data/cam8/cam8_20260108_111116.jpg,0
2026-01-08T11:16:11.370845,cam1,/content/drive/MyDrive/TrafficCameraData1/data/cam1/cam1_20260108_111611.jpg,0
2026-01-08T11:16:12.213310,cam2,/content/drive/MyDrive/TrafficCameraData1/data/cam2/cam2_20260108_111612.jpg,0
2026-01-08T11:16:12.891480,cam3,/content/drive/MyDrive/TrafficCameraData1/data/cam3/cam3_20260108_111612.jpg,0
2026-01-08T11:16:13.599389,cam4,/content/drive/MyDrive/TrafficCameraData1/data/cam4/cam4_20260108_111613.jpg,0
2026-01-08T11:16:14.291766,cam5,/content/drive/MyDrive/TrafficCameraData1/data/cam5/cam5_20260108_111614.jpg,0
2026-01-08T11:16:14.809985,cam6,/content/drive/MyDrive/TrafficCameraData1/data/cam6/cam6_20260108_111614.jpg,0
2026-01-08T11:16:15.492237,cam7,/content/drive/MyDrive/TrafficCameraData1/data/cam7/cam7_20260108_111615.jpg,0
2026-01-08T11:16:16.171422,cam8,/content/drive/MyDrive/TrafficCameraData1/data/cam8/cam8_20260108_111616.jpg,0
2026-01-08T11:21:11.372144,cam1,/content/drive/MyDrive/TrafficCameraData1/data/cam1/cam1_20260108_112111.jpg,0
2026-01-08T11:21:12.212355,cam2,/content/drive/MyDrive/TrafficCameraData1/data/cam2/cam2_20260108_112112.jpg,0
2026-01-08T11:21:12.910182,cam3,/content/drive/MyDrive/TrafficCameraData1/data/cam3/cam3_20260108_112112.jpg,0
2026-01-08T11:21:13.598999,cam4,/content/drive/MyDrive/TrafficCameraData1/data/cam4/cam4_20260108_112113.jpg,0
2026-01-08T11:21:14.275142,cam5,/content/drive/MyDrive/TrafficCameraData1/data/cam5/cam5_20260108_112114.jpg,0
2026-01-08T11:21:14.796029,cam6,/content/drive/MyDrive/TrafficCameraData1/data/cam6/cam6_20260108_112114.jpg,0
2026-01-08T11:21:15.488615,cam7,/content/drive/MyDrive/TrafficCameraData1/data/cam7/cam7_20260108_112115.jpg,0
2026-01-08T11:21:16.172270,cam8,/content/drive/MyDrive/TrafficCameraData1/data/cam8/cam8_20260108_112116.jpg,0
2026-01-08T11:26:11.372339,cam1,/content/drive/MyDrive/TrafficCameraData1/data/cam1/cam1_20260108_112611.jpg,0
2026-01-08T11:26:12.227322,cam2,/content/drive/MyDrive/TrafficCameraData1/data/cam2/cam2_20260108_112612.jpg,0
2026-01-08T11:26:12.912017,cam3,/content/drive/MyDrive/TrafficCameraData1/data/cam3/cam3_20260108_112612.jpg,0
2026-01-08T11:26:13.605601,cam4,/content/drive/MyDrive/TrafficCameraData1/data/cam4/cam4_20260108_112613.jpg,0
2026-01-08T11:26:14.288762,cam5,/content/drive/MyDrive/TrafficCameraData1/data/cam5/cam5_20260108_112614.jpg,0
2026-01-08T11:26:14.807390,cam6,/content/drive/MyDrive/TrafficCameraData1/data/cam6/cam6_20260108_112614.jpg,0
2026-01-08T11:26:15.494453,cam7,/content/drive/MyDrive/TrafficCameraData1/data/cam7/cam7_20260108_112615.jpg,0
2026-01-08T11:26:16.189370,cam8,/content/drive/MyDrive/TrafficCameraData1/data/cam8/cam8_20260108_112616.jpg,0
2026-01-08T11:31:11.372047,cam1,/content/drive/MyDrive/TrafficCameraData1/data/cam1/cam1_20260108_113111.jpg,0
2026-01-08T11:31:12.233329,cam2,/content/drive/MyDrive/TrafficCameraData1/data/cam2/cam2_20260108_113112.jpg,0
2026-01-08T11:31:12.955604,cam3,/content/drive/MyDrive/TrafficCameraData1/data/cam3/cam3_20260108_113112.jpg,0
2026-01-08T11:31:13.645683,cam4,/content/drive/MyDrive/TrafficCameraData1/data/cam4/cam4_20260108_113113.jpg,0
2026-01-08T11:31:14.330187,cam5,/content/drive/MyDrive/TrafficCameraData1/data/cam5/cam5_20260108_113114.jpg,0
2026-01-08T11:31:15.231856,cam6,/content/drive/MyDrive/TrafficCameraData1/data/cam6/cam6_20260108_113115.jpg,0
2026-01-08T11:31:15.921255,cam7,/content/drive/MyDrive/TrafficCameraData1/data/cam7/cam7_20260108_113115.jpg,0
2026-01-08T11:31:16.601734,cam8,/content/drive/MyDrive/TrafficCameraData1/data/cam8/cam8_20260108_113116.jpg,0
2026-01-08T11:36:11.372719,cam1,/content/drive/MyDrive/TrafficCameraData1/data/cam1/cam1_20260108_113611.jpg,0
2026-01-08T11:36:12.389744,cam2,/content/drive/MyDrive/TrafficCameraData1/data/cam2/cam2_20260108_113612.jpg,0
2026-01-08T11:36:13.081311,cam3,/content/drive/MyDrive/TrafficCameraData1/data/cam3/cam3_20260108_113613.jpg,0
2026-01-08T11:36:13.767850,cam4,/content/drive/MyDrive/TrafficCameraData1/data/cam4/cam4_20260108_113613.jpg,0
2026-01-08T11:36:14.455437,cam5,/content/drive/MyDrive/TrafficCameraData1/data/cam5/cam5_20260108_113614.jpg,0
2026-01-08T11:36:15.043885,cam6,/content/drive/MyDrive/TrafficCameraData1/data/cam6/cam6_20260108_113615.jpg,0
2026-01-08T11:36:15.731904,cam7,/content/drive/MyDrive/TrafficCameraData1/data/cam7/cam7_20260108_113615.jpg,0
2026-01-08T11:36:16.413697,cam8,/content/drive/MyDrive/TrafficCameraData1/data/cam8/cam8_20260108_113616.jpg,0
2026-01-08T11:41:11.373156,cam1,/content/drive/MyDrive/TrafficCameraData1/data/cam1/cam1_20260108_114111.jpg,0
2026-01-08T11:41:12.216425,cam2,/content/drive/MyDrive/TrafficCameraData1/data/cam2/cam2_20260108_114112.jpg,0
2026-01-08T11:41:12.925911,cam3,/content/drive/MyDrive/TrafficCameraData1/data/cam3/cam3_20260108_114112.jpg,0
2026-01-08T11:41:13.606253,cam4,/content/drive/MyDrive/TrafficCameraData1/data/cam4/cam4_20260108_114113.jpg,0
2026-01-08T11:41:14.290002,cam5,/content/drive/MyDrive/TrafficCameraData1/data/cam5/cam5_20260108_114114.jpg,0
2026-01-08T11:41:14.809562,cam6,/content/drive/MyDrive/TrafficCameraData1/data/cam6/cam6_20260108_114114.jpg,0
2026-01-08T11:41:15.490449,cam7,/content/drive/MyDrive/TrafficCameraData1/data/cam7/cam7_20260108_114115.jpg,0
2026-01-08T11:41:16.172598,cam8,/content/drive/MyDrive/TrafficCameraData1/data/cam8/cam8_20260108_114116.jpg,0
2026-01-08T11:46:11.373043,cam1,/content/drive/MyDrive/TrafficCameraData1/data/cam1/cam1_20260108_114611.jpg,0
2026-01-08T11:46:12.210409,cam2,/content/drive/MyDrive/TrafficCameraData1/data/cam2/cam2_20260108_114612.jpg,0
2026-01-08T11:46:12.884783,cam3,/content/drive/MyDrive/TrafficCameraData1/data/cam3/cam3_20260108_114612.jpg,0
2026-01-08T11:46:13.567005,cam4,/content/drive/MyDrive/TrafficCameraData1/data/cam4/cam4_20260108_114613.jpg,0
2026-01-08T11:46:14.246482,cam5,/content/drive/MyDrive/TrafficCameraData1/data/cam5/cam5_20260108_114614.jpg,0
2026-01-08T11:46:14.968787,cam6,/content/drive/MyDrive/TrafficCameraData1/data/cam6/cam6_20260108_114614.jpg,0
2026-01-08T11:46:15.646901,cam7,/content/drive/MyDrive/TrafficCameraData1/data/cam7/cam7_20260108_114615.jpg,0
2026-01-08T11:46:16.368043,cam8,/content/drive/MyDrive/TrafficCameraData1/data/cam8/cam8_20260108_114616.jpg,0
2026-01-08T11:51:11.373386,cam1,/content/drive/MyDrive/TrafficCameraData1/data/cam1/cam1_20260108_115111.jpg,0
2026-01-08T11:51:12.214951,cam2,/content/drive/MyDrive/TrafficCameraData1/data/cam2/cam2_20260108_115112.jpg,0
2026-01-08T11:51:12.893967,cam3,/content/drive/MyDrive/TrafficCameraData1/data/cam3/cam3_20260108_115112.jpg,0
2026-01-08T11:51:14.067518,cam4,/content/drive/MyDrive/TrafficCameraData1/data/cam4/cam4_20260108_115114.jpg,0
2026-01-08T11:51:14.754082,cam5,/content/drive/MyDrive/TrafficCameraData1/data/cam5/cam5_20260108_115114.jpg,0
2026-01-08T11:51:15.267157,cam6,/content/drive/MyDrive/TrafficCameraData1/data/cam6/cam6_20260108_115115.jpg,0
2026-01-08T11:51:15.969498,cam7,/content/drive/MyDrive/TrafficCameraData1/data/cam7/cam7_20260108_115115.jpg,0
2026-01-08T11:51:16.648640,cam8,/content/drive/MyDrive/TrafficCameraData1/data/cam8/cam8_20260108_115116.jpg,0
2026-01-08T11:56:11.373609,cam1,/content/drive/MyDrive/TrafficCameraData1/data/cam1/cam1_20260108_115611.jpg,0
2026-01-08T11:56:12.225999,cam2,/content/drive/MyDrive/TrafficCameraData1/data/cam2/cam2_20260108_115612.jpg,0
2026-01-08T11:56:12.904444,cam3,/content/drive/MyDrive/TrafficCameraData1/data/cam3/cam3_20260108_115612.jpg,0
2026-01-08T11:56:13.604852,cam4,/content/drive/MyDrive/TrafficCameraData1/data/cam4/cam4_20260108_115613.jpg,0
2026-01-08T11:56:14.285703,cam5,/content/drive/MyDrive/TrafficCameraData1/data/cam5/cam5_20260108_115614.jpg,0
2026-01-08T11:56:14.823596,cam6,/content/drive/MyDrive/TrafficCameraData1/data/cam6/cam6_20260108_115614.jpg,0
2026-01-08T11:56:15.557325,cam7,/content/drive/MyDrive/TrafficCameraData1/data/cam7/cam7_20260108_115615.jpg,0
2026-01-08T11:56:16.236594,cam8,/content/drive/MyDrive/TrafficCameraData1/data/cam8/cam8_20260108_115616.jpg,0
2026-01-08T12:01:11.374679,cam1,/content/drive/MyDrive/TrafficCameraData1/data/cam1/cam1_20260108_120111.jpg,0
2026-01-08T12:01:12.216489,cam2,/content/drive/MyDrive/TrafficCameraData1/data/cam2/cam2_20260108_120112.jpg,0
2026-01-08T12:01:12.907288,cam3,/content/drive/MyDrive/TrafficCameraData1/data/cam3/cam3_20260108_120112.jpg,0
2026-01-08T12:01:13.613037,cam4,/content/drive/MyDrive/TrafficCameraData1/data/cam4/cam4_20260108_120113.jpg,0
2026-01-08T12:01:14.294328,cam5,/content/drive/MyDrive/TrafficCameraData1/data/cam5/cam5_20260108_120114.jpg,0
2026-01-08T12:01:14.818871,cam6,/content/drive/MyDrive/TrafficCameraData1/data/cam6/cam6_20260108_120114.jpg,0
2026-01-08T12:01:15.504473,cam7,/content/drive/MyDrive/TrafficCameraData1/data/cam7/cam7_20260108_120115.jpg,0
2026-01-08T12:01:16.205596,cam8,/content/drive/MyDrive/TrafficCameraData1/data/cam8/cam8_20260108_120116.jpg,0
2026-01-08T12:06:11.374674,cam1,/content/drive/MyDrive/TrafficCameraData1/data/cam1/cam1_20260108_120611.jpg,0
2026-01-08T12:06:12.243640,cam2,/content/drive/MyDrive/TrafficCameraData1/data/cam2/cam2_20260108_120612.jpg,0
2026-01-08T12:06:12.951622,cam3,/content/drive/MyDrive/TrafficCameraData1/data/cam3/cam3_20260108_120612.jpg,0
2026-01-08T12:06:14.230320,cam4,/content/drive/MyDrive/TrafficCameraData1/data/cam4/cam4_20260108_120614.jpg,0
2026-01-08T12:06:14.988150,cam5,/content/drive/MyDrive/TrafficCameraData1/data/cam5/cam5_20260108_120614.jpg,0
2026-01-08T12:06:15.717010,cam6,/content/drive/MyDrive/TrafficCameraData1/data/cam6/cam6_20260108_120615.jpg,0
2026-01-08T12:06:16.415518,cam7,/content/drive/MyDrive/TrafficCameraData1/data/cam7/cam7_20260108_120616.jpg,0
2026-01-08T12:06:17.121773,cam8,/content/drive/MyDrive/TrafficCameraData1/data/cam8/cam8_20260108_120617.jpg,0
2026-01-08T12:11:11.374852,cam1,/content/drive/MyDrive/TrafficCameraData1/data/cam1/cam1_20260108_121111.jpg,0
2026-01-08T12:11:12.323663,cam2,/content/drive/MyDrive/TrafficCameraData1/data/cam2/cam2_20260108_121112.jpg,0
2026-01-08T12:11:13.000995,cam3,/content/drive/MyDrive/TrafficCameraData1/data/cam3/cam3_20260108_121113.jpg,0
2026-01-08T12:11:13.683603,cam4,/content/drive/MyDrive/TrafficCameraData1/data/cam4/cam4_20260108_121113.jpg,0
2026-01-08T12:11:14.381140,cam5,/content/drive/MyDrive/TrafficCameraData1/data/cam5/cam5_20260108_121114.jpg,0
2026-01-08T12:11:14.982832,cam6,/content/drive/MyDrive/TrafficCameraData1/data/cam6/cam6_20260108_121114.jpg,0
2026-01-08T12:11:15.750707,cam7,/content/drive/MyDrive/TrafficCameraData1/data/cam7/cam7_20260108_121115.jpg,0
2026-01-08T12:11:16.580279,cam8,/content/drive/MyDrive/TrafficCameraData1/data/cam8/cam8_20260108_121116.jpg,0
2026-01-08T12:16:11.375302,cam1,/content/drive/MyDrive/TrafficCameraData1/data/cam1/cam1_20260108_121611.jpg,0
2026-01-08T12:16:12.370640,cam2,/content/drive/MyDrive/TrafficCameraData1/data/cam2/cam2_20260108_121612.jpg,0
2026-01-08T12:16:13.058617,cam3,/content/drive/MyDrive/TrafficCameraData1/data/cam3/cam3_20260108_121613.jpg,0
2026-01-08T12:16:13.759443,cam4,/content/drive/MyDrive/TrafficCameraData1/data/cam4/cam4_20260108_121613.jpg,0
2026-01-08T12:16:14.557114,cam5,/content/drive/MyDrive/TrafficCameraData1/data/cam5/cam5_20260108_121614.jpg,0
2026-01-08T12:16:15.133034,cam6,/content/drive/MyDrive/TrafficCameraData1/data/cam6/cam6_20260108_121615.jpg,0
2026-01-08T12:16:15.806081,cam7,/content/drive/MyDrive/TrafficCameraData1/data/cam7/cam7_20260108_121615.jpg,0
2026-01-08T12:16:16.478497,cam8,/content/drive/MyDrive/TrafficCameraData1/data/cam8/cam8_20260108_121616.jpg,0
2026-01-08T12:21:11.375688,cam1,/content/drive/MyDrive/TrafficCameraData1/data/cam1/cam1_20260108_122111.jpg,0
2026-01-08T12:21:12.215266,cam2,/content/drive/MyDrive/TrafficCameraData1/data/cam2/cam2_20260108_122112.jpg,0
2026-01-08T12:21:12.891704,cam3,/content/drive/MyDrive/TrafficCameraData1/data/cam3/cam3_20260108_122112.jpg,0
2026-01-08T12:21:13.576402,cam4,/content/drive/MyDrive/TrafficCameraData1/data/cam4/cam4_20260108_122113.jpg,0
2026-01-08T12:21:14.273507,cam5,/content/drive/MyDrive/TrafficCameraData1/data/cam5/cam5_20260108_122114.jpg,0
2026-01-08T12:21:14.800435,cam6,/content/drive/MyDrive/TrafficCameraData1/data/cam6/cam6_20260108_122114.jpg,0
2026-01-08T12:21:15.484880,cam7,/content/drive/MyDrive/TrafficCameraData1/data/cam7/cam7_20260108_122115.jpg,0
2026-01-08T12:21:16.163338,cam8,/content/drive/MyDrive/TrafficCameraData1/data/cam8/cam8_20260108_122116.jpg,0
2026-01-08T12:26:11.377220,cam1,/content/drive/MyDrive/TrafficCameraData1/data/cam1/cam1_20260108_122611.jpg,0
2026-01-08T12:26:12.061362,cam2,/content/drive/MyDrive/TrafficCameraData1/data/cam2/cam2_20260108_122612.jpg,0
2026-01-08T12:26:12.792374,cam3,/content/drive/MyDrive/TrafficCameraData1/data/cam3/cam3_20260108_122612.jpg,0
2026-01-08T12:26:13.500553,cam4,/content/drive/MyDrive/TrafficCameraData1/data/cam4/cam4_20260108_122613.jpg,0
2026-01-08T12:26:14.189603,cam5,/content/drive/MyDrive/TrafficCameraData1/data/cam5/cam5_20260108_122614.jpg,0
2026-01-08T12:26:14.881629,cam6,/content/drive/MyDrive/TrafficCameraData1/data/cam6/cam6_20260108_122614.jpg,0
2026-01-08T12:26:15.571531,cam7,/content/drive/MyDrive/TrafficCameraData1/data/cam7/cam7_20260108_122615.jpg,0
2026-01-08T12:26:16.268776,cam8,/content/drive/MyDrive/TrafficCameraData1/data/cam8/cam8_20260108_122616.jpg,0
2026-01-08T12:31:11.377441,cam1,/content/drive/MyDrive/TrafficCameraData1/data/cam1/cam1_20260108_123111.jpg,0
2026-01-08T12:31:12.237370,cam2,/content/drive/MyDrive/TrafficCameraData1/data/cam2/cam2_20260108_123112.jpg,0
2026-01-08T12:31:12.944137,cam3,/content/drive/MyDrive/TrafficCameraData1/data/cam3/cam3_20260108_123112.jpg,0
2026-01-08T12:31:13.637215,cam4,/content/drive/MyDrive/TrafficCameraData1/data/cam4/cam4_20260108_123113.jpg,0
2026-01-08T12:31:14.317009,cam5,/content/drive/MyDrive/TrafficCameraData1/data/cam5/cam5_20260108_123114.jpg,0
2026-01-08T12:31:14.867591,cam6,/content/drive/MyDrive/TrafficCameraData1/data/cam6/cam6_20260108_123114.jpg,0
2026-01-08T12:31:15.547408,cam7,/content/drive/MyDrive/TrafficCameraData1/data/cam7/cam7_20260108_123115.jpg,0
2026-01-08T12:31:16.064250,cam8,/content/drive/MyDrive/TrafficCameraData1/data/cam8/cam8_20260108_123116.jpg,0
2026-01-08T12:36:11.378561,cam1,/content/drive/MyDrive/TrafficCameraData1/data/cam1/cam1_20260108_123611.jpg,0
2026-01-08T12:36:12.217384,cam2,/content/drive/MyDrive/TrafficCameraData1/data/cam2/cam2_20260108_123612.jpg,0
2026-01-08T12:36:12.904930,cam3,/content/drive/MyDrive/TrafficCameraData1/data/cam3/cam3_20260108_123612.jpg,0
2026-01-08T12:36:13.598828,cam4,/content/drive/MyDrive/TrafficCameraData1/data/cam4/cam4_20260108_123613.jpg,0
2026-01-08T12:36:14.859592,cam5,/content/drive/MyDrive/TrafficCameraData1/data/cam5/cam5_20260108_123614.jpg,0
2026-01-08T12:36:15.369982,cam6,/content/drive/MyDrive/TrafficCameraData1/data/cam6/cam6_20260108_123615.jpg,0
2026-01-08T12:36:16.055298,cam7,/content/drive/MyDrive/TrafficCameraData1/data/cam7/cam7_20260108_123616.jpg,0
2026-01-08T12:36:16.762546,cam8,/content/drive/MyDrive/TrafficCameraData1/data/cam8/cam8_20260108_123616.jpg,0
2026-01-08T12:41:11.378360,cam1,/content/drive/MyDrive/TrafficCameraData1/data/cam1/cam1_20260108_124111.jpg,0
2026-01-08T12:41:12.058797,cam2,/content/drive/MyDrive/TrafficCameraData1/data/cam2/cam2_20260108_124112.jpg,0
2026-01-08T12:41:12.738125,cam3,/content/drive/MyDrive/TrafficCameraData1/data/cam3/cam3_20260108_124112.jpg,0
2026-01-08T12:41:13.420172,cam4,/content/drive/MyDrive/TrafficCameraData1/data/cam4/cam4_20260108_124113.jpg,0
2026-01-08T12:41:14.101080,cam5,/content/drive/MyDrive/TrafficCameraData1/data/cam5/cam5_20260108_124114.jpg,0
2026-01-08T12:41:14.637127,cam6,/content/drive/MyDrive/TrafficCameraData1/data/cam6/cam6_20260108_124114.jpg,0
2026-01-08T12:41:15.318858,cam7,/content/drive/MyDrive/TrafficCameraData1/data/cam7/cam7_20260108_124115.jpg,0
2026-01-08T12:41:15.992882,cam8,/content/drive/MyDrive/TrafficCameraData1/data/cam8/cam8_20260108_124115.jpg,0
2026-01-08T12:46:11.378753,cam1,/content/drive/MyDrive/TrafficCameraData1/data/cam1/cam1_20260108_124611.jpg,0
2026-01-08T12:46:12.216573,cam2,/content/drive/MyDrive/TrafficCameraData1/data/cam2/cam2_20260108_124612.jpg,0
2026-01-08T12:46:12.891384,cam3,/content/drive/MyDrive/TrafficCameraData1/data/cam3/cam3_20260108_124612.jpg,0
2026-01-08T12:46:13.596954,cam4,/content/drive/MyDrive/TrafficCameraData1/data/cam4/cam4_20260108_124613.jpg,0
2026-01-08T12:46:14.275437,cam5,/content/drive/MyDrive/TrafficCameraData1/data/cam5/cam5_20260108_124614.jpg,0
2026-01-08T12:46:14.798444,cam6,/content/drive/MyDrive/TrafficCameraData1/data/cam6/cam6_20260108_124614.jpg,0
2026-01-08T12:46:15.476787,cam7,/content/drive/MyDrive/TrafficCameraData1/data/cam7/cam7_20260108_124615.jpg,0
2026-01-08T12:46:16.153942,cam8,/content/drive/MyDrive/TrafficCameraData1/data/cam8/cam8_20260108_124616.jpg,0
2026-01-08T12:51:11.379211,cam1,/content/drive/MyDrive/TrafficCameraData1/data/cam1/cam1_20260108_125111.jpg,0
2026-01-08T12:51:12.053795,cam2,/content/drive/MyDrive/TrafficCameraData1/data/cam2/cam2_20260108_125112.jpg,0
2026-01-08T12:51:12.749631,cam3,/content/drive/MyDrive/TrafficCameraData1/data/cam3/cam3_20260108_125112.jpg,0
2026-01-08T12:51:13.428922,cam4,/content/drive/MyDrive/TrafficCameraData1/data/cam4/cam4_20260108_125113.jpg,0
2026-01-08T12:51:14.103808,cam5,/content/drive/MyDrive/TrafficCameraData1/data/cam5/cam5_20260108_125114.jpg,0
2026-01-08T12:51:15.737132,cam6,/content/drive/MyDrive/TrafficCameraData1/data/cam6/cam6_20260108_125115.jpg,0
2026-01-08T12:51:16.416174,cam7,/content/drive/MyDrive/TrafficCameraData1/data/cam7/cam7_20260108_125116.jpg,0
2026-01-08T12:51:17.086223,cam8,/content/drive/MyDrive/TrafficCameraData1/data/cam8/cam8_20260108_125117.jpg,0
2026-01-08T12:56:11.379342,cam1,/content/drive/MyDrive/TrafficCameraData1/data/cam1/cam1_20260108_125611.jpg,0
2026-01-08T12:56:12.063262,cam2,/content/drive/MyDrive/TrafficCameraData1/data/cam2/cam2_20260108_125612.jpg,0
2026-01-08T12:56:12.743740,cam3,/content/drive/MyDrive/TrafficCameraData1/data/cam3/cam3_20260108_125612.jpg,0
2026-01-08T12:56:13.432682,cam4,/content/drive/MyDrive/TrafficCameraData1/data/cam4/cam4_20260108_125613.jpg,0
2026-01-08T12:56:14.114111,cam5,/content/drive/MyDrive/TrafficCameraData1/data/cam5/cam5_20260108_125614.jpg,0
2026-01-08T12:56:14.629532,cam6,/content/drive/MyDrive/TrafficCameraData1/data/cam6/cam6_20260108_125614.jpg,0
2026-01-08T12:56:15.313400,cam7,/content/drive/MyDrive/TrafficCameraData1/data/cam7/cam7_20260108_125615.jpg,0
2026-01-08T12:56:15.990754,cam8,/content/drive/MyDrive/TrafficCameraData1/data/cam8/cam8_20260108_125615.jpg,0
2026-01-08T13:01:11.379601,cam1,/content/drive/MyDrive/TrafficCameraData1/data/cam1/cam1_20260108_130111.jpg,0
2026-01-08T13:01:12.061612,cam2,/content/drive/MyDrive/TrafficCameraData1/data/cam2/cam2_20260108_130112.jpg,0
2026-01-08T13:01:12.746845,cam3,/content/drive/MyDrive/TrafficCameraData1/data/cam3/cam3_20260108_130112.jpg,0
2026-01-08T13:01:13.434373,cam4,/content/drive/MyDrive/TrafficCameraData1/data/cam4/cam4_20260108_130113.jpg,0
2026-01-08T13:01:14.112967,cam5,/content/drive/MyDrive/TrafficCameraData1/data/cam5/cam5_20260108_130114.jpg,0
2026-01-08T13:01:14.802729,cam6,/content/drive/MyDrive/TrafficCameraData1/data/cam6/cam6_20260108_130114.jpg,0
2026-01-08T13:01:15.484562,cam7,/content/drive/MyDrive/TrafficCameraData1/data/cam7/cam7_20260108_130115.jpg,0
2026-01-08T13:01:16.176520,cam8,/content/drive/MyDrive/TrafficCameraData1/data/cam8/cam8_20260108_130116.jpg,0
2026-01-08T13:06:11.379865,cam1,/content/drive/MyDrive/TrafficCameraData1/data/cam1/cam1_20260108_130611.jpg,0
2026-01-08T13:06:12.224688,cam2,/content/drive/MyDrive/TrafficCameraData1/data/cam2/cam2_20260108_130612.jpg,0
2026-01-08T13:06:12.932072,cam3,/content/drive/MyDrive/TrafficCameraData1/data/cam3/cam3_20260108_130612.jpg,0
2026-01-08T13:06:13.627511,cam4,/content/drive/MyDrive/TrafficCameraData1/data/cam4/cam4_20260108_130613.jpg,0
2026-01-08T13:06:14.311763,cam5,/content/drive/MyDrive/TrafficCameraData1/data/cam5/cam5_20260108_130614.jpg,0
2026-01-08T13:06:14.827947,cam6,/content/drive/MyDrive/TrafficCameraData1/data/cam6/cam6_20260108_130614.jpg,0
2026-01-08T13:06:15.512577,cam7,/content/drive/MyDrive/TrafficCameraData1/data/cam7/cam7_20260108_130615.jpg,0
2026-01-08T13:06:16.185502,cam8,/content/drive/MyDrive/TrafficCameraData1/data/cam8/cam8_20260108_130616.jpg,0
2026-01-08T13:11:11.380444,cam1,/content/drive/MyDrive/TrafficCameraData1/data/cam1/cam1_20260108_131111.jpg,0
2026-01-08T13:11:12.059964,cam2,/content/drive/MyDrive/TrafficCameraData1/data/cam2/cam2_20260108_131112.jpg,0
2026-01-08T13:11:12.757462,cam3,/content/drive/MyDrive/TrafficCameraData1/data/cam3/cam3_20260108_131112.jpg,0
2026-01-08T13:11:13.440150,cam4,/content/drive/MyDrive/TrafficCameraData1/data/cam4/cam4_20260108_131113.jpg,0
2026-01-08T13:11:14.110005,cam5,/content/drive/MyDrive/TrafficCameraData1/data/cam5/cam5_20260108_131114.jpg,0
2026-01-08T13:11:14.617273,cam6,/content/drive/MyDrive/TrafficCameraData1/data/cam6/cam6_20260108_131114.jpg,0
2026-01-08T13:11:15.290163,cam7,/content/drive/MyDrive/TrafficCameraData1/data/cam7/cam7_20260108_131115.jpg,0
2026-01-08T13:11:15.963003,cam8,/content/drive/MyDrive/TrafficCameraData1/data/cam8/cam8_20260108_131115.jpg,0
2026-01-08T13:16:11.380424,cam1,/content/drive/MyDrive/TrafficCameraData1/data/cam1/cam1_20260108_131611.jpg,0
2026-01-08T13:16:12.065450,cam2,/content/drive/MyDrive/TrafficCameraData1/data/cam2/cam2_20260108_131612.jpg,0
2026-01-08T13:16:12.742884,cam3,/content/drive/MyDrive/TrafficCameraData1/data/cam3/cam3_20260108_131612.jpg,0
2026-01-08T13:16:13.423435,cam4,/content/drive/MyDrive/TrafficCameraData1/data/cam4/cam4_20260108_131613.jpg,0
2026-01-08T13:16:14.098278,cam5,/content/drive/MyDrive/TrafficCameraData1/data/cam5/cam5_20260108_131614.jpg,0
2026-01-08T13:16:14.613504,cam6,/content/drive/MyDrive/TrafficCameraData1/data/cam6/cam6_20260108_131614.jpg,0
2026-01-08T13:16:15.292840,cam7,/content/drive/MyDrive/TrafficCameraData1/data/cam7/cam7_20260108_131615.jpg,0
2026-01-08T13:16:15.967247,cam8,/content/drive/MyDrive/TrafficCameraData1/data/cam8/cam8_20260108_131615.jpg,0
2026-01-08T13:21:11.381288,cam1,/content/drive/MyDrive/TrafficCameraData1/data/cam1/cam1_20260108_132111.jpg,0
2026-01-08T13:21:12.062471,cam2,/content/drive/MyDrive/TrafficCameraData1/data/cam2/cam2_20260108_132112.jpg,0
2026-01-08T13:21:12.746918,cam3,/content/drive/MyDrive/TrafficCameraData1/data/cam3/cam3_20260108_132112.jpg,0
2026-01-08T13:21:13.444772,cam4,/content/drive/MyDrive/TrafficCameraData1/data/cam4/cam4_20260108_132113.jpg,0
2026-01-08T13:21:14.126203,cam5,/content/drive/MyDrive/TrafficCameraData1/data/cam5/cam5_20260108_132114.jpg,0
2026-01-08T13:21:14.808311,cam6,/content/drive/MyDrive/TrafficCameraData1/data/cam6/cam6_20260108_132114.jpg,0
2026-01-08T13:21:15.509665,cam7,/content/drive/MyDrive/TrafficCameraData1/data/cam7/cam7_20260108_132115.jpg,0
2026-01-08T13:21:16.188241,cam8,/content/drive/MyDrive/TrafficCameraData1/data/cam8/cam8_20260108_132116.jpg,0
2026-01-08T13:26:11.381381,cam1,/content/drive/MyDrive/TrafficCameraData1/data/cam1/cam1_20260108_132611.jpg,0
2026-01-08T13:26:12.993258,cam2,/content/drive/MyDrive/TrafficCameraData1/data/cam2/cam2_20260108_132612.jpg,0
2026-01-08T13:26:15.929566,cam3,/content/drive/MyDrive/TrafficCameraData1/data/cam3/cam3_20260108_132615.jpg,0
2026-01-08T13:26:17.445534,cam4,/content/drive/MyDrive/TrafficCameraData1/data/cam4/cam4_20260108_132617.jpg,0
2026-01-08T13:26:19.678674,cam5,/content/drive/MyDrive/TrafficCameraData1/data/cam5/cam5_20260108_132619.jpg,0
2026-01-08T13:26:22.972839,cam6,/content/drive/MyDrive/TrafficCameraData1/data/cam6/cam6_20260108_132622.jpg,0
2026-01-08T13:26:25.999638,cam7,/content/drive/MyDrive/TrafficCameraData1/data/cam7/cam7_20260108_132625.jpg,0
2026-01-08T13:26:29.427258,cam8,/content/drive/MyDrive/TrafficCameraData1/data/cam8/cam8_20260108_132629.jpg,0
2026-01-08T13:31:11.381700,cam1,/content/drive/MyDrive/TrafficCameraData1/data/cam1/cam1_20260108_133111.jpg,0
2026-01-08T13:31:12.061784,cam2,/content/drive/MyDrive/TrafficCameraData1/data/cam2/cam2_20260108_133112.jpg,0
2026-01-08T13:31:12.736867,cam3,/content/drive/MyDrive/TrafficCameraData1/data/cam3/cam3_20260108_133112.jpg,0
2026-01-08T13:31:13.441856,cam4,/content/drive/MyDrive/TrafficCameraData1/data/cam4/cam4_20260108_133113.jpg,0
2026-01-08T13:31:14.123558,cam5,/content/drive/MyDrive/TrafficCameraData1/data/cam5/cam5_20260108_133114.jpg,0
2026-01-08T13:31:14.643848,cam6,/content/drive/MyDrive/TrafficCameraData1/data/cam6/cam6_20260108_133114.jpg,0
2026-01-08T13:31:15.335366,cam7,/content/drive/MyDrive/TrafficCameraData1/data/cam7/cam7_20260108_133115.jpg,0
2026-01-08T13:31:16.016020,cam8,/content/drive/MyDrive/TrafficCameraData1/data/cam8/cam8_20260108_133116.jpg,0
2026-01-08T13:36:11.382526,cam1,/content/drive/MyDrive/TrafficCameraData1/data/cam1/cam1_20260108_133611.jpg,0
2026-01-08T13:36:19.261553,cam2,/content/drive/MyDrive/TrafficCameraData1/data/cam2/cam2_20260108_133619.jpg,0
2026-01-08T13:36:20.230338,cam3,/content/drive/MyDrive/TrafficCameraData1/data/cam3/cam3_20260108_133620.jpg,0
2026-01-08T13:36:21.165732,cam4,/content/drive/MyDrive/TrafficCameraData1/data/cam4/cam4_20260108_133621.jpg,0
2026-01-08T13:36:21.855904,cam5,/content/drive/MyDrive/TrafficCameraData1/data/cam5/cam5_20260108_133621.jpg,0
2026-01-08T13:36:22.394801,cam6,/content/drive/MyDrive/TrafficCameraData1/data/cam6/cam6_20260108_133622.jpg,0
2026-01-08T13:36:23.103475,cam7,/content/drive/MyDrive/TrafficCameraData1/data/cam7/cam7_20260108_133623.jpg,0
2026-01-08T13:36:23.624612,cam8,/content/drive/MyDrive/TrafficCameraData1/data/cam8/cam8_20260108_133623.jpg,0
2026-01-08T13:41:11.383074,cam1,/content/drive/MyDrive/TrafficCameraData1/data/cam1/cam1_20260108_134111.jpg,0
2026-01-08T13:41:12.232486,cam2,/content/drive/MyDrive/TrafficCameraData1/data/cam2/cam2_20260108_134112.jpg,0
2026-01-08T13:41:12.915973,cam3,/content/drive/MyDrive/TrafficCameraData1/data/cam3/cam3_20260108_134112.jpg,0
2026-01-08T13:41:13.605071,cam4,/content/drive/MyDrive/TrafficCameraData1/data/cam4/cam4_20260108_134113.jpg,0
2026-01-08T13:41:14.680978,cam5,/content/drive/MyDrive/TrafficCameraData1/data/cam5/cam5_20260108_134114.jpg,0
2026-01-08T13:41:15.199923,cam6,/content/drive/MyDrive/TrafficCameraData1/data/cam6/cam6_20260108_134115.jpg,0
2026-01-08T13:41:15.882412,cam7,/content/drive/MyDrive/TrafficCameraData1/data/cam7/cam7_20260108_134115.jpg,0
2026-01-08T13:41:16.797466,cam8,/content/drive/MyDrive/TrafficCameraData1/data/cam8/cam8_20260108_134116.jpg,0
2026-01-08T13:46:11.383399,cam1,/content/drive/MyDrive/TrafficCameraData1/data/cam1/cam1_20260108_134611.jpg,0
2026-01-08T13:46:12.080543,cam2,/content/drive/MyDrive/TrafficCameraData1/data/cam2/cam2_20260108_134612.jpg,0
2026-01-08T13:46:13.010282,cam3,/content/drive/MyDrive/TrafficCameraData1/data/cam3/cam3_20260108_134613.jpg,0
2026-01-08T13:46:14.146283,cam4,/content/drive/MyDrive/TrafficCameraData1/data/cam4/cam4_20260108_134614.jpg,0
2026-01-08T13:46:15.237807,cam5,/content/drive/MyDrive/TrafficCameraData1/data/cam5/cam5_20260108_134615.jpg,0
2026-01-08T13:46:15.756387,cam6,/content/drive/MyDrive/TrafficCameraData1/data/cam6/cam6_20260108_134615.jpg,0
2026-01-08T13:46:16.868531,cam7,/content/drive/MyDrive/TrafficCameraData1/data/cam7/cam7_20260108_134616.jpg,0
2026-01-08T13:46:17.786147,cam8,/content/drive/MyDrive/TrafficCameraData1/data/cam8/cam8_20260108_134617.jpg,0
2026-01-08T13:53:54.566380,cam1,/content/drive/MyDrive/TrafficCameraData1/data/cam1/cam1_20260108_135354.jpg,0
2026-01-08T13:53:55.749259,cam2,/content/drive/MyDrive/TrafficCameraData1/data/cam2/cam2_20260108_135355.jpg,0
2026-01-08T13:53:56.424339,cam3,/content/drive/MyDrive/TrafficCameraData1/data/cam3/cam3_20260108_135356.jpg,0
2026-01-08T13:53:57.100735,cam4,/content/drive/MyDrive/TrafficCameraData1/data/cam4/cam4_20260108_135357.jpg,0
2026-01-08T13:53:57.797004,cam5,/content/drive/MyDrive/TrafficCameraData1/data/cam5/cam5_20260108_135357.jpg,0
2026-01-08T13:53:58.310554,cam6,/content/drive/MyDrive/TrafficCameraData1/data/cam6/cam6_20260108_135358.jpg,0
2026-01-08T13:53:58.982123,cam7,/content/drive/MyDrive/TrafficCameraData1/data/cam7/cam7_20260108_135358.jpg,0
2026-01-08T13:53:59.824189,cam8,/content/drive/MyDrive/TrafficCameraData1/data/cam8/cam8_20260108_135359.jpg,0
2026-01-08T13:58:54.567554,cam1,/content/drive/MyDrive/TrafficCameraData1/data/cam1/cam1_20260108_135854.jpg,0
2026-01-08T13:58:55.397227,cam2,/content/drive/MyDrive/TrafficCameraData1/data/cam2/cam2_20260108_135855.jpg,0
2026-01-08T13:58:56.090048,cam3,/content/drive/MyDrive/TrafficCameraData1/data/cam3/cam3_20260108_135856.jpg,0
2026-01-08T13:58:56.784925,cam4,/content/drive/MyDrive/TrafficCameraData1/data/cam4/cam4_20260108_135856.jpg,0
2026-01-08T13:58:57.465589,cam5,/content/drive/MyDrive/TrafficCameraData1/data/cam5/cam5_20260108_135857.jpg,0
2026-01-08T13:58:57.978754,cam6,/content/drive/MyDrive/TrafficCameraData1/data/cam6/cam6_20260108_135857.jpg,0
2026-01-08T13:58:58.651421,cam7,/content/drive/MyDrive/TrafficCameraData1/data/cam7/cam7_20260108_135858.jpg,0
2026-01-08T13:58:59.169529,cam8,/content/drive/MyDrive/TrafficCameraData1/data/cam8/cam8_20260108_135859.jpg,0
2026-01-08T14:03:54.567744,cam1,/content/drive/MyDrive/TrafficCameraData1/data/cam1/cam1_20260108_140354.jpg,0
2026-01-08T14:03:55.275966,cam2,/content/drive/MyDrive/TrafficCameraData1/data/cam2/cam2_20260108_140355.jpg,0
2026-01-08T14:03:55.969485,cam3,/content/drive/MyDrive/TrafficCameraData1/data/cam3/cam3_20260108_140355.jpg,0
2026-01-08T14:03:56.662618,cam4,/content/drive/MyDrive/TrafficCameraData1/data/cam4/cam4_20260108_140356.jpg,0
2026-01-08T14:03:57.349924,cam5,/content/drive/MyDrive/TrafficCameraData1/data/cam5/cam5_20260108_140357.jpg,0
2026-01-08T14:03:57.876241,cam6,/content/drive/MyDrive/TrafficCameraData1/data/cam6/cam6_20260108_140357.jpg,0
2026-01-08T14:03:58.560378,cam7,/content/drive/MyDrive/TrafficCameraData1/data/cam7/cam7_20260108_140358.jpg,0
2026-01-08T14:03:59.240491,cam8,/content/drive/MyDrive/TrafficCameraData1/data/cam8/cam8_20260108_140359.jpg,0
2026-01-08T14:08:54.568363,cam1,/content/drive/MyDrive/TrafficCameraData1/data/cam1/cam1_20260108_140854.jpg,0
2026-01-08T14:08:55.263160,cam2,/content/drive/MyDrive/TrafficCameraData1/data/cam2/cam2_20260108_140855.jpg,0
2026-01-08T14:08:55.947796,cam3,/content/drive/MyDrive/TrafficCameraData1/data/cam3/cam3_20260108_140855.jpg,0
2026-01-08T14:08:56.641793,cam4,/content/drive/MyDrive/TrafficCameraData1/data/cam4/cam4_20260108_140856.jpg,0
2026-01-08T14:08:57.323046,cam5,/content/drive/MyDrive/TrafficCameraData1/data/cam5/cam5_20260108_140857.jpg,0
2026-01-08T14:08:57.841780,cam6,/content/drive/MyDrive/TrafficCameraData1/data/cam6/cam6_20260108_140857.jpg,0
2026-01-08T14:08:58.591851,cam7,/content/drive/MyDrive/TrafficCameraData1/data/cam7/cam7_20260108_140858.jpg,0
2026-01-08T14:08:59.319416,cam8,/content/drive/MyDrive/TrafficCameraData1/data/cam8/cam8_20260108_140859.jpg,0
2026-01-08T14:13:54.568147,cam1,/content/drive/MyDrive/TrafficCameraData1/data/cam1/cam1_20260108_141354.jpg,0
2026-01-08T14:13:55.432395,cam2,/content/drive/MyDrive/TrafficCameraData1/data/cam2/cam2_20260108_141355.jpg,0
2026-01-08T14:13:56.118515,cam3,/content/drive/MyDrive/TrafficCameraData1/data/cam3/cam3_20260108_141356.jpg,0
2026-01-08T14:13:56.810833,cam4,/content/drive/MyDrive/TrafficCameraData1/data/cam4/cam4_20260108_141356.jpg,0
2026-01-08T14:13:57.488894,cam5,/content/drive/MyDrive/TrafficCameraData1/data/cam5/cam5_20260108_141357.jpg,0
2026-01-08T14:13:58.072095,cam6,/content/drive/MyDrive/TrafficCameraData1/data/cam6/cam6_20260108_141358.jpg,0
2026-01-08T14:13:58.748694,cam7,/content/drive/MyDrive/TrafficCameraData1/data/cam7/cam7_20260108_141358.jpg,0
2026-01-08T14:13:59.626622,cam8,/content/drive/MyDrive/TrafficCameraData1/data/cam8/cam8_20260108_141359.jpg,0
2026-01-08T14:18:54.568441,cam1,/content/drive/MyDrive/TrafficCameraData1/data/cam1/cam1_20260108_141854.jpg,0
2026-01-08T14:18:55.419065,cam2,/content/drive/MyDrive/TrafficCameraData1/data/cam2/cam2_20260108_141855.jpg,0
2026-01-08T14:18:56.095712,cam3,/content/drive/MyDrive/TrafficCameraData1/data/cam3/cam3_20260108_141856.jpg,0
2026-01-08T14:18:56.776076,cam4,/content/drive/MyDrive/TrafficCameraData1/data/cam4/cam4_20260108_141856.jpg,0
2026-01-08T14:18:57.473381,cam5,/content/drive/MyDrive/TrafficCameraData1/data/cam5/cam5_20260108_141857.jpg,0
2026-01-08T14:18:58.057325,cam6,/content/drive/MyDrive/TrafficCameraData1/data/cam6/cam6_20260108_141858.jpg,0
2026-01-08T14:18:58.738172,cam7,/content/drive/MyDrive/TrafficCameraData1/data/cam7/cam7_20260108_141858.jpg,0
2026-01-08T14:18:59.288699,cam8,/content/drive/MyDrive/TrafficCameraData1/data/cam8/cam8_20260108_141859.jpg,0
2026-01-08T14:23:54.569490,cam1,/content/drive/MyDrive/TrafficCameraData1/data/cam1/cam1_20260108_142354.jpg,0
2026-01-08T14:23:55.254839,cam2,/content/drive/MyDrive/TrafficCameraData1/data/cam2/cam2_20260108_142355.jpg,0
2026-01-08T14:23:55.948016,cam3,/content/drive/MyDrive/TrafficCameraData1/data/cam3/cam3_20260108_142355.jpg,0
2026-01-08T14:23:56.633061,cam4,/content/drive/MyDrive/TrafficCameraData1/data/cam4/cam4_20260108_142356.jpg,0
2026-01-08T14:23:57.303230,cam5,/content/drive/MyDrive/TrafficCameraData1/data/cam5/cam5_20260108_142357.jpg,0
2026-01-08T14:23:57.815382,cam6,/content/drive/MyDrive/TrafficCameraData1/data/cam6/cam6_20260108_142357.jpg,0
2026-01-08T14:23:58.495090,cam7,/content/drive/MyDrive/TrafficCameraData1/data/cam7/cam7_20260108_142358.jpg,0
2026-01-08T14:23:59.170599,cam8,/content/drive/MyDrive/TrafficCameraData1/data/cam8/cam8_20260108_142359.jpg,0
2026-01-08T14:28:54.569136,cam1,/content/drive/MyDrive/TrafficCameraData1/data/cam1/cam1_20260108_142854.jpg,0
2026-01-08T14:28:55.611919,cam2,/content/drive/MyDrive/TrafficCameraData1/data/cam2/cam2_20260108_142855.jpg,0
2026-01-08T14:28:56.292727,cam3,/content/drive/MyDrive/TrafficCameraData1/data/cam3/cam3_20260108_142856.jpg,0
2026-01-08T14:28:57.005170,cam4,/content/drive/MyDrive/TrafficCameraData1/data/cam4/cam4_20260108_142857.jpg,0
2026-01-08T14:28:57.681494,cam5,/content/drive/MyDrive/TrafficCameraData1/data/cam5/cam5_20260108_142857.jpg,0
2026-01-08T14:28:58.223798,cam6,/content/drive/MyDrive/TrafficCameraData1/data/cam6/cam6_20260108_142858.jpg,0
2026-01-08T14:28:58.902499,cam7,/content/drive/MyDrive/TrafficCameraData1/data/cam7/cam7_20260108_142858.jpg,0
2026-01-08T14:28:59.418753,cam8,/content/drive/MyDrive/TrafficCameraData1/data/cam8/cam8_20260108_142859.jpg,0
2026-01-08T14:33:54.569709,cam1,/content/drive/MyDrive/TrafficCameraData1/data/cam1/cam1_20260108_143354.jpg,0
2026-01-08T14:33:55.243276,cam2,/content/drive/MyDrive/TrafficCameraData1/data/cam2/cam2_20260108_143355.jpg,0
2026-01-08T14:33:55.916365,cam3,/content/drive/MyDrive/TrafficCameraData1/data/cam3/cam3_20260108_143355.jpg,0
2026-01-08T14:33:56.599777,cam4,/content/drive/MyDrive/TrafficCameraData1/data/cam4/cam4_20260108_143356.jpg,0
2026-01-08T14:33:57.264437,cam5,/content/drive/MyDrive/TrafficCameraData1/data/cam5/cam5_20260108_143357.jpg,0
2026-01-08T14:33:57.776172,cam6,/content/drive/MyDrive/TrafficCameraData1/data/cam6/cam6_20260108_143357.jpg,0
2026-01-08T14:33:58.443551,cam7,/content/drive/MyDrive/TrafficCameraData1/data/cam7/cam7_20260108_143358.jpg,0
2026-01-08T14:33:59.132333,cam8,/content/drive/MyDrive/TrafficCameraData1/data/cam8/cam8_20260108_143359.jpg,0
2026-01-08T14:38:54.570090,cam1,/content/drive/MyDrive/TrafficCameraData1/data/cam1/cam1_20260108_143854.jpg,0
2026-01-08T14:38:55.260402,cam2,/content/drive/MyDrive/TrafficCameraData1/data/cam2/cam2_20260108_143855.jpg,0
2026-01-08T14:38:55.942563,cam3,/content/drive/MyDrive/TrafficCameraData1/data/cam3/cam3_20260108_143855.jpg,0
2026-01-08T14:38:56.629576,cam4,/content/drive/MyDrive/TrafficCameraData1/data/cam4/cam4_20260108_143856.jpg,0
2026-01-08T14:38:57.320081,cam5,/content/drive/MyDrive/TrafficCameraData1/data/cam5/cam5_20260108_143857.jpg,0
2026-01-08T14:38:57.862830,cam6,/content/drive/MyDrive/TrafficCameraData1/data/cam6/cam6_20260108_143857.jpg,0
2026-01-08T14:38:58.579420,cam7,/content/drive/MyDrive/TrafficCameraData1/data/cam7/cam7_20260108_143858.jpg,0
2026-01-08T14:38:59.281268,cam8,/content/drive/MyDrive/TrafficCameraData1/data/cam8/cam8_20260108_143859.jpg,0
2026-01-08T14:43:54.570377,cam1,/content/drive/MyDrive/TrafficCameraData1/data/cam1/cam1_20260108_144354.jpg,0
2026-01-08T14:43:55.250945,cam2,/content/drive/MyDrive/TrafficCameraData1/data/cam2/cam2_20260108_144355.jpg,0
2026-01-08T14:43:55.926733,cam3,/content/drive/MyDrive/TrafficCameraData1/data/cam3/cam3_20260108_144355.jpg,0
2026-01-08T14:43:56.613212,cam4,/content/drive/MyDrive/TrafficCameraData1/data/cam4/cam4_20260108_144356.jpg,0
2026-01-08T14:43:57.315323,cam5,/content/drive/MyDrive/TrafficCameraData1/data/cam5/cam5_20260108_144357.jpg,0
2026-01-08T14:43:57.831041,cam6,/content/drive/MyDrive/TrafficCameraData1/data/cam6/cam6_20260108_144357.jpg,0
2026-01-08T14:43:58.508283,cam7,/content/drive/MyDrive/TrafficCameraData1/data/cam7/cam7_20260108_144358.jpg,0
2026-01-08T14:43:59.177959,cam8,/content/drive/MyDrive/TrafficCameraData1/data/cam8/cam8_20260108_144359.jpg,0
2026-01-08T14:48:54.570982,cam1,/content/drive/MyDrive/TrafficCameraData1/data/cam1/cam1_20260108_144854.jpg,0
2026-01-08T14:48:55.398235,cam2,/content/drive/MyDrive/TrafficCameraData1/data/cam2/cam2_20260108_144855.jpg,0
2026-01-08T14:48:56.067087,cam3,/content/drive/MyDrive/TrafficCameraData1/data/cam3/cam3_20260108_144856.jpg,0
2026-01-08T14:48:56.764129,cam4,/content/drive/MyDrive/TrafficCameraData1/data/cam4/cam4_20260108_144856.jpg,0
2026-01-08T14:48:57.437855,cam5,/content/drive/MyDrive/TrafficCameraData1/data/cam5/cam5_20260108_144857.jpg,0
2026-01-08T14:48:57.952275,cam6,/content/drive/MyDrive/TrafficCameraData1/data/cam6/cam6_20260108_144857.jpg,0
2026-01-08T14:48:58.632686,cam7,/content/drive/MyDrive/TrafficCameraData1/data/cam7/cam7_20260108_144858.jpg,0
2026-01-08T14:48:59.296714,cam8,/content/drive/MyDrive/TrafficCameraData1/data/cam8/cam8_20260108_144859.jpg,0
2026-01-08T14:53:54.570721,cam1,/content/drive/MyDrive/TrafficCameraData1/data/cam1/cam1_20260108_145354.jpg,0
2026-01-08T14:53:55.262362,cam2,/content/drive/MyDrive/TrafficCameraData1/data/cam2/cam2_20260108_145355.jpg,0
2026-01-08T14:53:55.938663,cam3,/content/drive/MyDrive/TrafficCameraData1/data/cam3/cam3_20260108_145355.jpg,0
2026-01-08T14:53:56.638841,cam4,/content/drive/MyDrive/TrafficCameraData1/data/cam4/cam4_20260108_145356.jpg,0
2026-01-08T14:53:57.405079,cam5,/content/drive/MyDrive/TrafficCameraData1/data/cam5/cam5_20260108_145357.jpg,0
2026-01-08T14:53:57.990391,cam6,/content/drive/MyDrive/TrafficCameraData1/data/cam6/cam6_20260108_145357.jpg,0
2026-01-08T14:53:58.666572,cam7,/content/drive/MyDrive/TrafficCameraData1/data/cam7/cam7_20260108_145358.jpg,0
2026-01-08T14:53:59.339398,cam8,/content/drive/MyDrive/TrafficCameraData1/data/cam8/cam8_20260108_145359.jpg,0
2026-01-08T14:58:54.571422,cam1,/content/drive/MyDrive/TrafficCameraData1/data/cam1/cam1_20260108_145854.jpg,0
2026-01-08T14:58:55.253006,cam2,/content/drive/MyDrive/TrafficCameraData1/data/cam2/cam2_20260108_145855.jpg,0
2026-01-08T14:58:55.925175,cam3,/content/drive/MyDrive/TrafficCameraData1/data/cam3/cam3_20260108_145855.jpg,0
2026-01-08T14:58:56.611878,cam4,/content/drive/MyDrive/TrafficCameraData1/data/cam4/cam4_20260108_145856.jpg,0
2026-01-08T14:58:57.287603,cam5,/content/drive/MyDrive/TrafficCameraData1/data/cam5/cam5_20260108_145857.jpg,0
2026-01-08T14:58:57.813604,cam6,/content/drive/MyDrive/TrafficCameraData1/data/cam6/cam6_20260108_145857.jpg,0
2026-01-08T14:58:58.585485,cam7,/content/drive/MyDrive/TrafficCameraData1/data/cam7/cam7_20260108_145858.jpg,0
2026-01-08T14:58:59.379868,cam8,/content/drive/MyDrive/TrafficCameraData1/data/cam8/cam8_20260108_145859.jpg,0
2026-01-08T15:03:54.571312,cam1,/content/drive/MyDrive/TrafficCameraData1/data/cam1/cam1_20260108_150354.jpg,0
2026-01-08T15:03:55.264469,cam2,/content/drive/MyDrive/TrafficCameraData1/data/cam2/cam2_20260108_150355.jpg,0
2026-01-08T15:03:55.937879,cam3,/content/drive/MyDrive/TrafficCameraData1/data/cam3/cam3_20260108_150355.jpg,0
2026-01-08T15:03:56.629324,cam4,/content/drive/MyDrive/TrafficCameraData1/data/cam4/cam4_20260108_150356.jpg,0
2026-01-08T15:03:57.313636,cam5,/content/drive/MyDrive/TrafficCameraData1/data/cam5/cam5_20260108_150357.jpg,0
2026-01-08T15:03:57.839077,cam6,/content/drive/MyDrive/TrafficCameraData1/data/cam6/cam6_20260108_150357.jpg,0
2026-01-08T15:03:58.588741,cam7,/content/drive/MyDrive/TrafficCameraData1/data/cam7/cam7_20260108_150358.jpg,0
2026-01-08T15:03:59.326980,cam8,/content/drive/MyDrive/TrafficCameraData1/data/cam8/cam8_20260108_150359.jpg,0
2026-01-08T15:08:54.571745,cam1,/content/drive/MyDrive/TrafficCameraData1/data/cam1/cam1_20260108_150854.jpg,0
2026-01-08T15:08:55.420902,cam2,/content/drive/MyDrive/TrafficCameraData1/data/cam2/cam2_20260108_150855.jpg,0
2026-01-08T15:08:56.093383,cam3,/content/drive/MyDrive/TrafficCameraData1/data/cam3/cam3_20260108_150856.jpg,0
2026-01-08T15:08:56.765488,cam4,/content/drive/MyDrive/TrafficCameraData1/data/cam4/cam4_20260108_150856.jpg,0
2026-01-08T15:08:57.458603,cam5,/content/drive/MyDrive/TrafficCameraData1/data/cam5/cam5_20260108_150857.jpg,0
2026-01-08T15:08:57.971816,cam6,/content/drive/MyDrive/TrafficCameraData1/data/cam6/cam6_20260108_150857.jpg,0
2026-01-08T15:08:58.642939,cam7,/content/drive/MyDrive/TrafficCameraData1/data/cam7/cam7_20260108_150858.jpg,0
2026-01-08T15:08:59.309827,cam8,/content/drive/MyDrive/TrafficCameraData1/data/cam8/cam8_20260108_150859.jpg,0
2026-01-08T15:13:54.572089,cam1,/content/drive/MyDrive/TrafficCameraData1/data/cam1/cam1_20260108_151354.jpg,0
2026-01-08T15:13:55.261945,cam2,/content/drive/MyDrive/TrafficCameraData1/data/cam2/cam2_20260108_151355.jpg,0
2026-01-08T15:13:55.937372,cam3,/content/drive/MyDrive/TrafficCameraData1/data/cam3/cam3_20260108_151355.jpg,0
2026-01-08T15:13:56.673412,cam4,/content/drive/MyDrive/TrafficCameraData1/data/cam4/cam4_20260108_151356.jpg,0
2026-01-08T15:13:57.349944,cam5,/content/drive/MyDrive/TrafficCameraData1/data/cam5/cam5_20260108_151357.jpg,0
2026-01-08T15:13:57.870484,cam6,/content/drive/MyDrive/TrafficCameraData1/data/cam6/cam6_20260108_151357.jpg,0
2026-01-08T15:13:58.549952,cam7,/content/drive/MyDrive/TrafficCameraData1/data/cam7/cam7_20260108_151358.jpg,0
2026-01-08T15:13:59.219547,cam8,/content/drive/MyDrive/TrafficCameraData1/data/cam8/cam8_20260108_151359.jpg,0
2026-01-08T15:18:54.572334,cam1,/content/drive/MyDrive/TrafficCameraData1/data/cam1/cam1_20260108_151854.jpg,0
2026-01-08T15:18:55.254183,cam2,/content/drive/MyDrive/TrafficCameraData1/data/cam2/cam2_20260108_151855.jpg,0
2026-01-08T15:18:55.932219,cam3,/content/drive/MyDrive/TrafficCameraData1/data/cam3/cam3_20260108_151855.jpg,0
2026-01-08T15:18:56.612536,cam4,/content/drive/MyDrive/TrafficCameraData1/data/cam4/cam4_20260108_151856.jpg,0
2026-01-08T15:18:57.290342,cam5,/content/drive/MyDrive/TrafficCameraData1/data/cam5/cam5_20260108_151857.jpg,0
2026-01-08T15:18:57.808023,cam6,/content/drive/MyDrive/TrafficCameraData1/data/cam6/cam6_20260108_151857.jpg,0
2026-01-08T15:18:58.479736,cam7,/content/drive/MyDrive/TrafficCameraData1/data/cam7/cam7_20260108_151858.jpg,0
2026-01-08T15:18:59.150852,cam8,/content/drive/MyDrive/TrafficCameraData1/data/cam8/cam8_20260108_151859.jpg,0
2026-01-08T15:23:54.572592,cam1,/content/drive/MyDrive/TrafficCameraData1/data/cam1/cam1_20260108_152354.jpg,0
2026-01-08T15:23:55.420413,cam2,/content/drive/MyDrive/TrafficCameraData1/data/cam2/cam2_20260108_152355.jpg,0
2026-01-08T15:23:56.109530,cam3,/content/drive/MyDrive/TrafficCameraData1/data/cam3/cam3_20260108_152356.jpg,0
2026-01-08T15:23:56.802475,cam4,/content/drive/MyDrive/TrafficCameraData1/data/cam4/cam4_20260108_152356.jpg,0
2026-01-08T15:23:57.484053,cam5,/content/drive/MyDrive/TrafficCameraData1/data/cam5/cam5_20260108_152357.jpg,0
2026-01-08T15:23:58.163774,cam6,/content/drive/MyDrive/TrafficCameraData1/data/cam6/cam6_20260108_152358.jpg,0
2026-01-08T15:23:58.856146,cam7,/content/drive/MyDrive/TrafficCameraData1/data/cam7/cam7_20260108_152358.jpg,0
2026-01-08T15:23:59.531454,cam8,/content/drive/MyDrive/TrafficCameraData1/data/cam8/cam8_20260108_152359.jpg,0
2026-01-08T15:28:54.573016,cam1,/content/drive/MyDrive/TrafficCameraData1/data/cam1/cam1_20260108_152854.jpg,0
2026-01-08T15:28:55.258779,cam2,/content/drive/MyDrive/TrafficCameraData1/data/cam2/cam2_20260108_152855.jpg,0
2026-01-08T15:28:55.936672,cam3,/content/drive/MyDrive/TrafficCameraData1/data/cam3/cam3_20260108_152855.jpg,0
2026-01-08T15:28:57.014667,cam4,/content/drive/MyDrive/TrafficCameraData1/data/cam4/cam4_20260108_152857.jpg,0
2026-01-08T15:28:57.693098,cam5,/content/drive/MyDrive/TrafficCameraData1/data/cam5/cam5_20260108_152857.jpg,0
2026-01-08T15:28:58.364280,cam6,/content/drive/MyDrive/TrafficCameraData1/data/cam6/cam6_20260108_152858.jpg,0
2026-01-08T15:28:59.063936,cam7,/content/drive/MyDrive/TrafficCameraData1/data/cam7/cam7_20260108_152859.jpg,0
2026-01-08T15:28:59.737525,cam8,/content/drive/MyDrive/TrafficCameraData1/data/cam8/cam8_20260108_152859.jpg,0
2026-01-08T15:33:54.573610,cam1,/content/drive/MyDrive/TrafficCameraData1/data/cam1/cam1_20260108_153354.jpg,0
2026-01-08T15:33:55.253110,cam2,/content/drive/MyDrive/TrafficCameraData1/data/cam2/cam2_20260108_153355.jpg,0
2026-01-08T15:33:55.927912,cam3,/content/drive/MyDrive/TrafficCameraData1/data/cam3/cam3_20260108_153355.jpg,0
2026-01-08T15:33:56.608319,cam4,/content/drive/MyDrive/TrafficCameraData1/data/cam4/cam4_20260108_153356.jpg,0
2026-01-08T15:33:57.290095,cam5,/content/drive/MyDrive/TrafficCameraData1/data/cam5/cam5_20260108_153357.jpg,0
2026-01-08T15:33:57.823809,cam6,/content/drive/MyDrive/TrafficCameraData1/data/cam6/cam6_20260108_153357.jpg,0
2026-01-08T15:33:58.498009,cam7,/content/drive/MyDrive/TrafficCameraData1/data/cam7/cam7_20260108_153358.jpg,0
2026-01-08T15:33:59.172517,cam8,/content/drive/MyDrive/TrafficCameraData1/data/cam8/cam8_20260108_153359.jpg,0
2026-01-08T15:38:54.574692,cam1,/content/drive/MyDrive/TrafficCameraData1/data/cam1/cam1_20260108_153854.jpg,0
2026-01-08T15:38:55.251351,cam2,/content/drive/MyDrive/TrafficCameraData1/data/cam2/cam2_20260108_153855.jpg,0
2026-01-08T15:38:55.934803,cam3,/content/drive/MyDrive/TrafficCameraData1/data/cam3/cam3_20260108_153855.jpg,0
2026-01-08T15:38:56.648593,cam4,/content/drive/MyDrive/TrafficCameraData1/data/cam4/cam4_20260108_153856.jpg,0
2026-01-08T15:38:57.324187,cam5,/content/drive/MyDrive/TrafficCameraData1/data/cam5/cam5_20260108_153857.jpg,0
2026-01-08T15:38:57.838207,cam6,/content/drive/MyDrive/TrafficCameraData1/data/cam6/cam6_20260108_153857.jpg,0
2026-01-08T15:38:58.512794,cam7,/content/drive/MyDrive/TrafficCameraData1/data/cam7/cam7_20260108_153858.jpg,0
2026-01-08T15:38:59.203360,cam8,/content/drive/MyDrive/TrafficCameraData1/data/cam8/cam8_20260108_153859.jpg,0
2026-01-08T15:43:54.573525,cam1,/content/drive/MyDrive/TrafficCameraData1/data/cam1/cam1_20260108_154354.jpg,0
2026-01-08T15:43:55.281595,cam2,/content/drive/MyDrive/TrafficCameraData1/data/cam2/cam2_20260108_154355.jpg,0
2026-01-08T15:43:55.978763,cam3,/content/drive/MyDrive/TrafficCameraData1/data/cam3/cam3_20260108_154355.jpg,0
2026-01-08T15:43:56.673347,cam4,/content/drive/MyDrive/TrafficCameraData1/data/cam4/cam4_20260108_154356.jpg,0
2026-01-08T15:43:57.349669,cam5,/content/drive/MyDrive/TrafficCameraData1/data/cam5/cam5_20260108_154357.jpg,0
2026-01-08T15:43:57.872361,cam6,/content/drive/MyDrive/TrafficCameraData1/data/cam6/cam6_20260108_154357.jpg,0
2026-01-08T15:43:58.557683,cam7,/content/drive/MyDrive/TrafficCameraData1/data/cam7/cam7_20260108_154358.jpg,0
2026-01-08T15:43:59.356276,cam8,/content/drive/MyDrive/TrafficCameraData1/data/cam8/cam8_20260108_154359.jpg,0
2026-01-08T15:48:54.574378,cam1,/content/drive/MyDrive/TrafficCameraData1/data/cam1/cam1_20260108_154854.jpg,0
2026-01-08T15:48:55.247996,cam2,/content/drive/MyDrive/TrafficCameraData1/data/cam2/cam2_20260108_154855.jpg,0
2026-01-08T15:48:55.923683,cam3,/content/drive/MyDrive/TrafficCameraData1/data/cam3/cam3_20260108_154855.jpg,0
2026-01-08T15:48:56.604853,cam4,/content/drive/MyDrive/TrafficCameraData1/data/cam4/cam4_20260108_154856.jpg,0
2026-01-08T15:48:57.280048,cam5,/content/drive/MyDrive/TrafficCameraData1/data/cam5/cam5_20260108_154857.jpg,0
2026-01-08T15:48:57.796203,cam6,/content/drive/MyDrive/TrafficCameraData1/data/cam6/cam6_20260108_154857.jpg,0
2026-01-08T15:48:58.483424,cam7,/content/drive/MyDrive/TrafficCameraData1/data/cam7/cam7_20260108_154858.jpg,0
2026-01-08T15:48:59.159385,cam8,/content/drive/MyDrive/TrafficCameraData1/data/cam8/cam8_20260108_154859.jpg,0
2026-01-08T15:53:54.574212,cam1,/content/drive/MyDrive/TrafficCameraData1/data/cam1/cam1_20260108_155354.jpg,0
2026-01-08T15:53:55.251126,cam2,/content/drive/MyDrive/TrafficCameraData1/data/cam2/cam2_20260108_155355.jpg,0
2026-01-08T15:53:55.928189,cam3,/content/drive/MyDrive/TrafficCameraData1/data/cam3/cam3_20260108_155355.jpg,0
2026-01-08T15:53:56.617568,cam4,/content/drive/MyDrive/TrafficCameraData1/data/cam4/cam4_20260108_155356.jpg,0
2026-01-08T15:53:57.296226,cam5,/content/drive/MyDrive/TrafficCameraData1/data/cam5/cam5_20260108_155357.jpg,0
2026-01-08T15:53:57.814310,cam6,/content/drive/MyDrive/TrafficCameraData1/data/cam6/cam6_20260108_155357.jpg,0
2026-01-08T15:53:58.509612,cam7,/content/drive/MyDrive/TrafficCameraData1/data/cam7/cam7_20260108_155358.jpg,0
2026-01-08T15:53:59.181554,cam8,/content/drive/MyDrive/TrafficCameraData1/data/cam8/cam8_20260108_155359.jpg,0
2026-01-08T15:58:54.574967,cam1,/content/drive/MyDrive/TrafficCameraData1/data/cam1/cam1_20260108_155854.jpg,0
2026-01-08T15:58:55.263957,cam2,/content/drive/MyDrive/TrafficCameraData1/data/cam2/cam2_20260108_155855.jpg,0
2026-01-08T15:58:55.934479,cam3,/content/drive/MyDrive/TrafficCameraData1/data/cam3/cam3_20260108_155855.jpg,0
2026-01-08T15:58:56.613617,cam4,/content/drive/MyDrive/TrafficCameraData1/data/cam4/cam4_20260108_155856.jpg,0
2026-01-08T15:58:57.287372,cam5,/content/drive/MyDrive/TrafficCameraData1/data/cam5/cam5_20260108_155857.jpg,0
2026-01-08T15:58:57.823046,cam6,/content/drive/MyDrive/TrafficCameraData1/data/cam6/cam6_20260108_155857.jpg,0
2026-01-08T15:58:58.494604,cam7,/content/drive/MyDrive/TrafficCameraData1/data/cam7/cam7_20260108_155858.jpg,0
2026-01-08T15:58:59.165528,cam8,/content/drive/MyDrive/TrafficCameraData1/data/cam8/cam8_20260108_155859.jpg,0
2026-01-08T16:03:54.575219,cam1,/content/drive/MyDrive/TrafficCameraData1/data/cam1/cam1_20260108_160354.jpg,0
2026-01-08T16:03:55.245876,cam2,/content/drive/MyDrive/TrafficCameraData1/data/cam2/cam2_20260108_160355.jpg,0
2026-01-08T16:03:55.917959,cam3,/content/drive/MyDrive/TrafficCameraData1/data/cam3/cam3_20260108_160355.jpg,0
2026-01-08T16:03:56.617375,cam4,/content/drive/MyDrive/TrafficCameraData1/data/cam4/cam4_20260108_160356.jpg,0
2026-01-08T16:03:57.289177,cam5,/content/drive/MyDrive/TrafficCameraData1/data/cam5/cam5_20260108_160357.jpg,0
2026-01-08T16:03:57.802466,cam6,/content/drive/MyDrive/TrafficCameraData1/data/cam6/cam6_20260108_160357.jpg,0
2026-01-08T16:03:58.470158,cam7,/content/drive/MyDrive/TrafficCameraData1/data/cam7/cam7_20260108_160358.jpg,0
2026-01-08T16:03:59.141851,cam8,/content/drive/MyDrive/TrafficCameraData1/data/cam8/cam8_20260108_160359.jpg,0
2026-01-08T16:08:54.574987,cam1,/content/drive/MyDrive/TrafficCameraData1/data/cam1/cam1_20260108_160854.jpg,0
2026-01-08T16:08:55.258450,cam2,/content/drive/MyDrive/TrafficCameraData1/data/cam2/cam2_20260108_160855.jpg,0
2026-01-08T16:08:55.932668,cam3,/content/drive/MyDrive/TrafficCameraData1/data/cam3/cam3_20260108_160855.jpg,0
2026-01-08T16:08:56.611503,cam4,/content/drive/MyDrive/TrafficCameraData1/data/cam4/cam4_20260108_160856.jpg,0
2026-01-08T16:08:57.289596,cam5,/content/drive/MyDrive/TrafficCameraData1/data/cam5/cam5_20260108_160857.jpg,0
2026-01-08T16:08:57.806728,cam6,/content/drive/MyDrive/TrafficCameraData1/data/cam6/cam6_20260108_160857.jpg,0
2026-01-08T16:08:58.485087,cam7,/content/drive/MyDrive/TrafficCameraData1/data/cam7/cam7_20260108_160858.jpg,0
2026-01-08T16:08:59.161450,cam8,/content/drive/MyDrive/TrafficCameraData1/data/cam8/cam8_20260108_160859.jpg,0
2026-01-08T16:13:54.575798,cam1,/content/drive/MyDrive/TrafficCameraData1/data/cam1/cam1_20260108_161354.jpg,0
2026-01-08T16:13:55.262177,cam2,/content/drive/MyDrive/TrafficCameraData1/data/cam2/cam2_20260108_161355.jpg,0
2026-01-08T16:13:55.931179,cam3,/content/drive/MyDrive/TrafficCameraData1/data/cam3/cam3_20260108_161355.jpg,0
2026-01-08T16:13:56.601814,cam4,/content/drive/MyDrive/TrafficCameraData1/data/cam4/cam4_20260108_161356.jpg,0
2026-01-08T16:13:57.271692,cam5,/content/drive/MyDrive/TrafficCameraData1/data/cam5/cam5_20260108_161357.jpg,0
2026-01-08T16:13:57.781939,cam6,/content/drive/MyDrive/TrafficCameraData1/data/cam6/cam6_20260108_161357.jpg,0
2026-01-08T16:13:58.451963,cam7,/content/drive/MyDrive/TrafficCameraData1/data/cam7/cam7_20260108_161358.jpg,0
2026-01-08T16:13:59.124099,cam8,/content/drive/MyDrive/TrafficCameraData1/data/cam8/cam8_20260108_161359.jpg,0
2026-01-08T16:18:54.575916,cam1,/content/drive/MyDrive/TrafficCameraData1/data/cam1/cam1_20260108_161854.jpg,0
2026-01-08T16:18:55.247174,cam2,/content/drive/MyDrive/TrafficCameraData1/data/cam2/cam2_20260108_161855.jpg,0
2026-01-08T16:18:55.913638,cam3,/content/drive/MyDrive/TrafficCameraData1/data/cam3/cam3_20260108_161855.jpg,0
2026-01-08T16:18:56.577252,cam4,/content/drive/MyDrive/TrafficCameraData1/data/cam4/cam4_20260108_161856.jpg,0
2026-01-08T16:18:57.245225,cam5,/content/drive/MyDrive/TrafficCameraData1/data/cam5/cam5_20260108_161857.jpg,0
2026-01-08T16:18:57.751482,cam6,/content/drive/MyDrive/TrafficCameraData1/data/cam6/cam6_20260108_161857.jpg,0
2026-01-08T16:18:58.449563,cam7,/content/drive/MyDrive/TrafficCameraData1/data/cam7/cam7_20260108_161858.jpg,0
2026-01-08T16:18:59.114474,cam8,/content/drive/MyDrive/TrafficCameraData1/data/cam8/cam8_20260108_161859.jpg,0
2026-01-08T16:23:54.576403,cam1,/content/drive/MyDrive/TrafficCameraData1/data/cam1/cam1_20260108_162354.jpg,0
2026-01-08T16:23:55.249471,cam2,/content/drive/MyDrive/TrafficCameraData1/data/cam2/cam2_20260108_162355.jpg,0
2026-01-08T16:23:55.918481,cam3,/content/drive/MyDrive/TrafficCameraData1/data/cam3/cam3_20260108_162355.jpg,0
2026-01-08T16:23:56.598009,cam4,/content/drive/MyDrive/TrafficCameraData1/data/cam4/cam4_20260108_162356.jpg,0
2026-01-08T16:23:57.264543,cam5,/content/drive/MyDrive/TrafficCameraData1/data/cam5/cam5_20260108_162357.jpg,0
2026-01-08T16:23:58.338511,cam6,/content/drive/MyDrive/TrafficCameraData1/data/cam6/cam6_20260108_162358.jpg,0
2026-01-08T16:23:59.173002,cam7,/content/drive/MyDrive/TrafficCameraData1/data/cam7/cam7_20260108_162359.jpg,0
2026-01-08T16:23:59.842198,cam8,/content/drive/MyDrive/TrafficCameraData1/data/cam8/cam8_20260108_162359.jpg,0
2026-01-08T16:28:54.576681,cam1,/content/drive/MyDrive/TrafficCameraData1/data/cam1/cam1_20260108_162854.jpg,0
2026-01-08T16:28:55.246571,cam2,/content/drive/MyDrive/TrafficCameraData1/data/cam2/cam2_20260108_162855.jpg,0
2026-01-08T16:28:55.927244,cam3,/content/drive/MyDrive/TrafficCameraData1/data/cam3/cam3_20260108_162855.jpg,0
2026-01-08T16:28:56.602739,cam4,/content/drive/MyDrive/TrafficCameraData1/data/cam4/cam4_20260108_162856.jpg,0
2026-01-08T16:28:57.291376,cam5,/content/drive/MyDrive/TrafficCameraData1/data/cam5/cam5_20260108_162857.jpg,0
2026-01-08T16:28:57.808843,cam6,/content/drive/MyDrive/TrafficCameraData1/data/cam6/cam6_20260108_162857.jpg,0
2026-01-08T16:28:58.471041,cam7,/content/drive/MyDrive/TrafficCameraData1/data/cam7/cam7_20260108_162858.jpg,0
2026-01-08T16:28:59.136260,cam8,/content/drive/MyDrive/TrafficCameraData1/data/cam8/cam8_20260108_162859.jpg,0
2026-01-08T16:33:54.577254,cam1,/content/drive/MyDrive/TrafficCameraData1/data/cam1/cam1_20260108_163354.jpg,0
2026-01-08T16:33:55.245852,cam2,/content/drive/MyDrive/TrafficCameraData1/data/cam2/cam2_20260108_163355.jpg,0
2026-01-08T16:33:55.911952,cam3,/content/drive/MyDrive/TrafficCameraData1/data/cam3/cam3_20260108_163355.jpg,0
2026-01-08T16:33:56.586520,cam4,/content/drive/MyDrive/TrafficCameraData1/data/cam4/cam4_20260108_163356.jpg,0
2026-01-08T16:33:57.251371,cam5,/content/drive/MyDrive/TrafficCameraData1/data/cam5/cam5_20260108_163357.jpg,0
2026-01-08T16:33:57.759852,cam6,/content/drive/MyDrive/TrafficCameraData1/data/cam6/cam6_20260108_163357.jpg,0
2026-01-08T16:33:58.429358,cam7,/content/drive/MyDrive/TrafficCameraData1/data/cam7/cam7_20260108_163358.jpg,0
2026-01-08T16:33:59.094268,cam8,/content/drive/MyDrive/TrafficCameraData1/data/cam8/cam8_20260108_163359.jpg,0
2026-01-08T16:38:54.577671,cam1,/content/drive/MyDrive/TrafficCameraData1/data/cam1/cam1_20260108_163854.jpg,0
2026-01-08T16:38:55.261239,cam2,/content/drive/MyDrive/TrafficCameraData1/data/cam2/cam2_20260108_163855.jpg,0
2026-01-08T16:38:55.944949,cam3,/content/drive/MyDrive/TrafficCameraData1/data/cam3/cam3_20260108_163855.jpg,0
2026-01-08T16:38:56.616385,cam4,/content/drive/MyDrive/TrafficCameraData1/data/cam4/cam4_20260108_163856.jpg,0
2026-01-08T16:38:57.290262,cam5,/content/drive/MyDrive/TrafficCameraData1/data/cam5/cam5_20260108_163857.jpg,0
2026-01-08T16:38:57.810933,cam6,/content/drive/MyDrive/TrafficCameraData1/data/cam6/cam6_20260108_163857.jpg,0
2026-01-08T16:38:58.478633,cam7,/content/drive/MyDrive/TrafficCameraData1/data/cam7/cam7_20260108_163858.jpg,0
2026-01-08T16:38:58.995991,cam8,/content/drive/MyDrive/TrafficCameraData1/data/cam8/cam8_20260108_163858.jpg,0
2026-01-08T16:43:54.578195,cam1,/content/drive/MyDrive/TrafficCameraData1/data/cam1/cam1_20260108_164354.jpg,0
2026-01-08T16:43:55.523387,cam2,/content/drive/MyDrive/TrafficCameraData1/data/cam2/cam2_20260108_164355.jpg,0
2026-01-08T16:43:56.197378,cam3,/content/drive/MyDrive/TrafficCameraData1/data/cam3/cam3_20260108_164356.jpg,0
2026-01-08T16:43:56.880159,cam4,/content/drive/MyDrive/TrafficCameraData1/data/cam4/cam4_20260108_164356.jpg,0
2026-01-08T16:43:57.549159,cam5,/content/drive/MyDrive/TrafficCameraData1/data/cam5/cam5_20260108_164357.jpg,0
2026-01-08T16:43:58.063183,cam6,/content/drive/MyDrive/TrafficCameraData1/data/cam6/cam6_20260108_164358.jpg,0
2026-01-08T16:43:58.736758,cam7,/content/drive/MyDrive/TrafficCameraData1/data/cam7/cam7_20260108_164358.jpg,0
2026-01-08T16:43:59.407807,cam8,/content/drive/MyDrive/TrafficCameraData1/data/cam8/cam8_20260108_164359.jpg,0
2026-01-08T16:48:54.578543,cam1,/content/drive/MyDrive/TrafficCameraData1/data/cam1/cam1_20260108_164854.jpg,0
2026-01-08T16:48:55.247016,cam2,/content/drive/MyDrive/TrafficCameraData1/data/cam2/cam2_20260108_164855.jpg,0
2026-01-08T16:48:55.918171,cam3,/content/drive/MyDrive/TrafficCameraData1/data/cam3/cam3_20260108_164855.jpg,0
2026-01-08T16:48:56.590070,cam4,/content/drive/MyDrive/TrafficCameraData1/data/cam4/cam4_20260108_164856.jpg,0
2026-01-08T16:48:57.258155,cam5,/content/drive/MyDrive/TrafficCameraData1/data/cam5/cam5_20260108_164857.jpg,0
2026-01-08T16:48:57.769301,cam6,/content/drive/MyDrive/TrafficCameraData1/data/cam6/cam6_20260108_164857.jpg,0
2026-01-08T16:48:58.885230,cam7,/content/drive/MyDrive/TrafficCameraData1/data/cam7/cam7_20260108_164858.jpg,0
2026-01-08T16:48:59.552735,cam8,/content/drive/MyDrive/TrafficCameraData1/data/cam8/cam8_20260108_164859.jpg,0
2026-01-08T23:50:18.133108,cam1,/content/drive/MyDrive/TrafficCameraData1/data/cam1/cam1_20260108_235018.jpg,0
2026-01-08T23:50:21.072195,cam2,/content/drive/MyDrive/TrafficCameraData1/data/cam2/cam2_20260108_235021.jpg,0
2026-01-08T23:50:23.271812,cam3,/content/drive/MyDrive/TrafficCameraData1/data/cam3/cam3_20260108_235023.jpg,0
2026-01-08T23:50:25.655223,cam4,/content/drive/MyDrive/TrafficCameraData1/data/cam4/cam4_20260108_235025.jpg,0
2026-01-08T23:50:27.897748,cam5,/content/drive/MyDrive/TrafficCameraData1/data/cam5/cam5_20260108_235027.jpg,0
2026-01-08T23:50:29.802442,cam6,/content/drive/MyDrive/TrafficCameraData1/data/cam6/cam6_20260108_235029.jpg,0
2026-01-08T23:50:32.050344,cam7,/content/drive/MyDrive/TrafficCameraData1/data/cam7/cam7_20260108_235032.jpg,0
2026-01-08T23:50:34.099179,cam8,/content/drive/MyDrive/TrafficCameraData1/data/cam8/cam8_20260108_235034.jpg,0
2026-01-08T23:55:18.133174,cam1,/content/drive/MyDrive/TrafficCameraData1/data/cam1/cam1_20260108_235518.jpg,0
2026-01-08T23:55:18.828918,cam2,/content/drive/MyDrive/TrafficCameraData1/data/cam2/cam2_20260108_235518.jpg,0
2026-01-08T23:55:19.523293,cam3,/content/drive/MyDrive/TrafficCameraData1/data/cam3/cam3_20260108_235519.jpg,0
2026-01-08T23:55:20.224172,cam4,/content/drive/MyDrive/TrafficCameraData1/data/cam4/cam4_20260108_235520.jpg,0
2026-01-08T23:55:20.919048,cam5,/content/drive/MyDrive/TrafficCameraData1/data/cam5/cam5_20260108_235520.jpg,0
2026-01-08T23:55:21.612236,cam6,/content/drive/MyDrive/TrafficCameraData1/data/cam6/cam6_20260108_235521.jpg,0
2026-01-08T23:55:22.309982,cam7,/content/drive/MyDrive/TrafficCameraData1/data/cam7/cam7_20260108_235522.jpg,0
2026-01-08T23:55:22.830854,cam8,/content/drive/MyDrive/TrafficCameraData1/data/cam8/cam8_20260108_235522.jpg,0
2026-01-09T00:00:18.133456,cam1,/content/drive/MyDrive/TrafficCameraData1/data/cam1/cam1_20260109_000018.jpg,0
2026-01-09T00:00:18.836339,cam2,/content/drive/MyDrive/TrafficCameraData1/data/cam2/cam2_20260109_000018.jpg,0
2026-01-09T00:00:19.529429,cam3,/content/drive/MyDrive/TrafficCameraData1/data/cam3/cam3_20260109_000019.jpg,0
2026-01-09T00:00:20.230523,cam4,/content/drive/MyDrive/TrafficCameraData1/data/cam4/cam4_20260109_000020.jpg,0
2026-01-09T00:00:20.925132,cam5,/content/drive/MyDrive/TrafficCameraData1/data/cam5/cam5_20260109_000020.jpg,0
2026-01-09T00:00:21.446619,cam6,/content/drive/MyDrive/TrafficCameraData1/data/cam6/cam6_20260109_000021.jpg,0
2026-01-09T00:00:22.144027,cam7,/content/drive/MyDrive/TrafficCameraData1/data/cam7/cam7_20260109_000022.jpg,0
2026-01-09T00:00:22.669242,cam8,/content/drive/MyDrive/TrafficCameraData1/data/cam8/cam8_20260109_000022.jpg,0
2026-01-09T00:05:18.133676,cam1,/content/drive/MyDrive/TrafficCameraData1/data/cam1/cam1_20260109_000518.jpg,0
2026-01-09T00:05:19.057809,cam2,/content/drive/MyDrive/TrafficCameraData1/data/cam2/cam2_20260109_000519.jpg,0
2026-01-09T00:05:19.989812,cam3,/content/drive/MyDrive/TrafficCameraData1/data/cam3/cam3_20260109_000519.jpg,0
2026-01-09T00:05:21.105663,cam4,/content/drive/MyDrive/TrafficCameraData1/data/cam4/cam4_20260109_000521.jpg,0
2026-01-09T00:05:24.999645,cam5,/content/drive/MyDrive/TrafficCameraData1/data/cam5/cam5_20260109_000524.jpg,0
2026-01-09T00:05:25.697800,cam6,/content/drive/MyDrive/TrafficCameraData1/data/cam6/cam6_20260109_000525.jpg,0
2026-01-09T00:05:26.400790,cam7,/content/drive/MyDrive/TrafficCameraData1/data/cam7/cam7_20260109_000526.jpg,0
2026-01-09T00:05:27.113064,cam8,/content/drive/MyDrive/TrafficCameraData1/data/cam8/cam8_20260109_000527.jpg,0
2026-01-09T00:10:18.133900,cam1,/content/drive/MyDrive/TrafficCameraData1/data/cam1/cam1_20260109_001018.jpg,0
2026-01-09T00:10:18.831287,cam2,/content/drive/MyDrive/TrafficCameraData1/data/cam2/cam2_20260109_001018.jpg,0
2026-01-09T00:10:19.530489,cam3,/content/drive/MyDrive/TrafficCameraData1/data/cam3/cam3_20260109_001019.jpg,0
2026-01-09T00:10:20.405381,cam4,/content/drive/MyDrive/TrafficCameraData1/data/cam4/cam4_20260109_001020.jpg,0
2026-01-09T00:10:21.105988,cam5,/content/drive/MyDrive/TrafficCameraData1/data/cam5/cam5_20260109_001021.jpg,0
2026-01-09T00:10:21.679639,cam6,/content/drive/MyDrive/TrafficCameraData1/data/cam6/cam6_20260109_001021.jpg,0
2026-01-09T00:10:22.787794,cam7,/content/drive/MyDrive/TrafficCameraData1/data/cam7/cam7_20260109_001022.jpg,0
2026-01-09T00:10:23.483458,cam8,/content/drive/MyDrive/TrafficCameraData1/data/cam8/cam8_20260109_001023.jpg,0
2026-01-09T00:15:18.134132,cam1,/content/drive/MyDrive/TrafficCameraData1/data/cam1/cam1_20260109_001518.jpg,0
2026-01-09T00:15:18.834426,cam2,/content/drive/MyDrive/TrafficCameraData1/data/cam2/cam2_20260109_001518.jpg,0
2026-01-09T00:15:19.764873,cam3,/content/drive/MyDrive/TrafficCameraData1/data/cam3/cam3_20260109_001519.jpg,0
2026-01-09T00:15:20.476192,cam4,/content/drive/MyDrive/TrafficCameraData1/data/cam4/cam4_20260109_001520.jpg,0
2026-01-09T00:15:21.189606,cam5,/content/drive/MyDrive/TrafficCameraData1/data/cam5/cam5_20260109_001521.jpg,0
2026-01-09T00:15:21.712752,cam6,/content/drive/MyDrive/TrafficCameraData1/data/cam6/cam6_20260109_001521.jpg,0
2026-01-09T00:15:22.412422,cam7,/content/drive/MyDrive/TrafficCameraData1/data/cam7/cam7_20260109_001522.jpg,0
2026-01-09T00:15:23.109574,cam8,/content/drive/MyDrive/TrafficCameraData1/data/cam8/cam8_20260109_001523.jpg,0
2026-01-09T00:20:18.134354,cam1,/content/drive/MyDrive/TrafficCameraData1/data/cam1/cam1_20260109_002018.jpg,0
2026-01-09T00:20:18.832910,cam2,/content/drive/MyDrive/TrafficCameraData1/data/cam2/cam2_20260109_002018.jpg,0
2026-01-09T00:20:19.541324,cam3,/content/drive/MyDrive/TrafficCameraData1/data/cam3/cam3_20260109_002019.jpg,0
2026-01-09T00:20:20.244046,cam4,/content/drive/MyDrive/TrafficCameraData1/data/cam4/cam4_20260109_002020.jpg,0
2026-01-09T00:20:21.349079,cam5,/content/drive/MyDrive/TrafficCameraData1/data/cam5/cam5_20260109_002021.jpg,0
2026-01-09T00:20:22.274934,cam6,/content/drive/MyDrive/TrafficCameraData1/data/cam6/cam6_20260109_002022.jpg,0
2026-01-09T00:20:23.442284,cam7,/content/drive/MyDrive/TrafficCameraData1/data/cam7/cam7_20260109_002023.jpg,0
2026-01-09T00:20:24.141611,cam8,/content/drive/MyDrive/TrafficCameraData1/data/cam8/cam8_20260109_002024.jpg,0
2026-01-09T00:25:18.134592,cam1,/content/drive/MyDrive/TrafficCameraData1/data/cam1/cam1_20260109_002518.jpg,0
2026-01-09T00:25:18.841287,cam2,/content/drive/MyDrive/TrafficCameraData1/data/cam2/cam2_20260109_002518.jpg,0
2026-01-09T00:25:19.824474,cam3,/content/drive/MyDrive/TrafficCameraData1/data/cam3/cam3_20260109_002519.jpg,0
2026-01-09T00:25:20.542184,cam4,/content/drive/MyDrive/TrafficCameraData1/data/cam4/cam4_20260109_002520.jpg,0
2026-01-09T00:25:21.245785,cam5,/content/drive/MyDrive/TrafficCameraData1/data/cam5/cam5_20260109_002521.jpg,0
2026-01-09T00:25:21.944526,cam6,/content/drive/MyDrive/TrafficCameraData1/data/cam6/cam6_20260109_002521.jpg,0
2026-01-09T00:25:22.655684,cam7,/content/drive/MyDrive/TrafficCameraData1/data/cam7/cam7_20260109_002522.jpg,0
2026-01-09T00:25:23.590000,cam8,/content/drive/MyDrive/TrafficCameraData1/data/cam8/cam8_20260109_002523.jpg,0
2026-01-09T00:30:18.134775,cam1,/content/drive/MyDrive/TrafficCameraData1/data/cam1/cam1_20260109_003018.jpg,0
2026-01-09T00:30:19.008481,cam2,/content/drive/MyDrive/TrafficCameraData1/data/cam2/cam2_20260109_003019.jpg,0
2026-01-09T00:30:19.710517,cam3,/content/drive/MyDrive/TrafficCameraData1/data/cam3/cam3_20260109_003019.jpg,0
2026-01-09T00:30:20.420805,cam4,/content/drive/MyDrive/TrafficCameraData1/data/cam4/cam4_20260109_003020.jpg,0
2026-01-09T00:30:21.127875,cam5,/content/drive/MyDrive/TrafficCameraData1/data/cam5/cam5_20260109_003021.jpg,0
2026-01-09T00:30:22.116745,cam6,/content/drive/MyDrive/TrafficCameraData1/data/cam6/cam6_20260109_003022.jpg,0
2026-01-09T00:30:23.238309,cam7,/content/drive/MyDrive/TrafficCameraData1/data/cam7/cam7_20260109_003023.jpg,0
2026-01-09T00:30:24.364184,cam8,/content/drive/MyDrive/TrafficCameraData1/data/cam8/cam8_20260109_003024.jpg,0
2026-01-09T00:35:18.135014,cam1,/content/drive/MyDrive/TrafficCameraData1/data/cam1/cam1_20260109_003518.jpg,0
2026-01-09T00:35:19.011666,cam2,/content/drive/MyDrive/TrafficCameraData1/data/cam2/cam2_20260109_003519.jpg,0
2026-01-09T00:35:19.960824,cam3,/content/drive/MyDrive/TrafficCameraData1/data/cam3/cam3_20260109_003519.jpg,0
2026-01-09T00:35:20.674551,cam4,/content/drive/MyDrive/TrafficCameraData1/data/cam4/cam4_20260109_003520.jpg,0
2026-01-09T00:35:21.389710,cam5,/content/drive/MyDrive/TrafficCameraData1/data/cam5/cam5_20260109_003521.jpg,0
2026-01-09T00:35:22.097966,cam6,/content/drive/MyDrive/TrafficCameraData1/data/cam6/cam6_20260109_003522.jpg,0
2026-01-09T00:35:22.800149,cam7,/content/drive/MyDrive/TrafficCameraData1/data/cam7/cam7_20260109_003522.jpg,0
2026-01-09T00:35:23.518225,cam8,/content/drive/MyDrive/TrafficCameraData1/data/cam8/cam8_20260109_003523.jpg,0
2026-01-09T00:40:18.135294,cam1,/content/drive/MyDrive/TrafficCameraData1/data/cam1/cam1_20260109_004018.jpg,0
2026-01-09T00:40:19.119546,cam2,/content/drive/MyDrive/TrafficCameraData1/data/cam2/cam2_20260109_004019.jpg,0
2026-01-09T00:40:19.823493,cam3,/content/drive/MyDrive/TrafficCameraData1/data/cam3/cam3_20260109_004019.jpg,0
2026-01-09T00:40:20.962186,cam4,/content/drive/MyDrive/TrafficCameraData1/data/cam4/cam4_20260109_004020.jpg,0
2026-01-09T00:40:21.683206,cam5,/content/drive/MyDrive/TrafficCameraData1/data/cam5/cam5_20260109_004021.jpg,0
2026-01-09T00:40:22.659046,cam6,/content/drive/MyDrive/TrafficCameraData1/data/cam6/cam6_20260109_004022.jpg,0
2026-01-09T00:40:23.820030,cam7,/content/drive/MyDrive/TrafficCameraData1/data/cam7/cam7_20260109_004023.jpg,0
2026-01-09T00:40:24.518747,cam8,/content/drive/MyDrive/TrafficCameraData1/data/cam8/cam8_20260109_004024.jpg,0
2026-01-09T00:45:18.135443,cam1,/content/drive/MyDrive/TrafficCameraData1/data/cam1/cam1_20260109_004518.jpg,0
2026-01-09T00:45:19.017668,cam2,/content/drive/MyDrive/TrafficCameraData1/data/cam2/cam2_20260109_004519.jpg,0
2026-01-09T00:45:20.129372,cam3,/content/drive/MyDrive/TrafficCameraData1/data/cam3/cam3_20260109_004520.jpg,0
2026-01-09T00:45:20.849938,cam4,/content/drive/MyDrive/TrafficCameraData1/data/cam4/cam4_20260109_004520.jpg,0
2026-01-09T00:45:21.579641,cam5,/content/drive/MyDrive/TrafficCameraData1/data/cam5/cam5_20260109_004521.jpg,0
2026-01-09T00:45:22.275246,cam6,/content/drive/MyDrive/TrafficCameraData1/data/cam6/cam6_20260109_004522.jpg,0
2026-01-09T00:45:22.982396,cam7,/content/drive/MyDrive/TrafficCameraData1/data/cam7/cam7_20260109_004522.jpg,0
2026-01-09T00:45:23.680833,cam8,/content/drive/MyDrive/TrafficCameraData1/data/cam8/cam8_20260109_004523.jpg,0
2026-01-09T00:50:18.135688,cam1,/content/drive/MyDrive/TrafficCameraData1/data/cam1/cam1_20260109_005018.jpg,0
2026-01-09T00:50:19.007634,cam2,/content/drive/MyDrive/TrafficCameraData1/data/cam2/cam2_20260109_005019.jpg,0
2026-01-09T00:50:19.707375,cam3,/content/drive/MyDrive/TrafficCameraData1/data/cam3/cam3_20260109_005019.jpg,0
2026-01-09T00:50:20.414597,cam4,/content/drive/MyDrive/TrafficCameraData1/data/cam4/cam4_20260109_005020.jpg,0
2026-01-09T00:50:21.117325,cam5,/content/drive/MyDrive/TrafficCameraData1/data/cam5/cam5_20260109_005021.jpg,0
2026-01-09T00:50:21.647376,cam6,/content/drive/MyDrive/TrafficCameraData1/data/cam6/cam6_20260109_005021.jpg,0
2026-01-09T00:50:22.754364,cam7,/content/drive/MyDrive/TrafficCameraData1/data/cam7/cam7_20260109_005022.jpg,0
2026-01-09T00:50:23.469780,cam8,/content/drive/MyDrive/TrafficCameraData1/data/cam8/cam8_20260109_005023.jpg,0
2026-01-09T00:55:18.136156,cam1,/content/drive/MyDrive/TrafficCameraData1/data/cam1/cam1_20260109_005518.jpg,0
2026-01-09T00:55:19.009162,cam2,/content/drive/MyDrive/TrafficCameraData1/data/cam2/cam2_20260109_005519.jpg,0
2026-01-09T00:55:20.111656,cam3,/content/drive/MyDrive/TrafficCameraData1/data/cam3/cam3_20260109_005520.jpg,0
2026-01-09T00:55:20.833205,cam4,/content/drive/MyDrive/TrafficCameraData1/data/cam4/cam4_20260109_005520.jpg,0
2026-01-09T00:55:21.540342,cam5,/content/drive/MyDrive/TrafficCameraData1/data/cam5/cam5_20260109_005521.jpg,0
2026-01-09T00:55:22.482526,cam6,/content/drive/MyDrive/TrafficCameraData1/data/cam6/cam6_20260109_005522.jpg,0
2026-01-09T00:55:23.588140,cam7,/content/drive/MyDrive/TrafficCameraData1/data/cam7/cam7_20260109_005523.jpg,0
2026-01-09T00:55:24.306052,cam8,/content/drive/MyDrive/TrafficCameraData1/data/cam8/cam8_20260109_005524.jpg,0
2026-01-09T01:00:18.136294,cam1,/content/drive/MyDrive/TrafficCameraData1/data/cam1/cam1_20260109_010018.jpg,0
2026-01-09T01:00:18.831341,cam2,/content/drive/MyDrive/TrafficCameraData1/data/cam2/cam2_20260109_010018.jpg,0
2026-01-09T01:00:19.618891,cam3,/content/drive/MyDrive/TrafficCameraData1/data/cam3/cam3_20260109_010019.jpg,0
2026-01-09T01:00:20.360767,cam4,/content/drive/MyDrive/TrafficCameraData1/data/cam4/cam4_20260109_010020.jpg,0
2026-01-09T01:00:21.067884,cam5,/content/drive/MyDrive/TrafficCameraData1/data/cam5/cam5_20260109_010021.jpg,0
2026-01-09T01:00:21.587409,cam6,/content/drive/MyDrive/TrafficCameraData1/data/cam6/cam6_20260109_010021.jpg,0
2026-01-09T01:00:22.285080,cam7,/content/drive/MyDrive/TrafficCameraData1/data/cam7/cam7_20260109_010022.jpg,0
2026-01-09T01:00:22.815479,cam8,/content/drive/MyDrive/TrafficCameraData1/data/cam8/cam8_20260109_010022.jpg,0
2026-01-09T01:05:18.136462,cam1,/content/drive/MyDrive/TrafficCameraData1/data/cam1/cam1_20260109_010518.jpg,0
2026-01-09T01:05:19.007568,cam2,/content/drive/MyDrive/TrafficCameraData1/data/cam2/cam2_20260109_010519.jpg,0
2026-01-09T01:05:19.716755,cam3,/content/drive/MyDrive/TrafficCameraData1/data/cam3/cam3_20260109_010519.jpg,0
2026-01-09T01:05:20.597506,cam4,/content/drive/MyDrive/TrafficCameraData1/data/cam4/cam4_20260109_010520.jpg,0
2026-01-09T01:05:21.359189,cam5,/content/drive/MyDrive/TrafficCameraData1/data/cam5/cam5_20260109_010521.jpg,0
2026-01-09T01:05:21.882559,cam6,/content/drive/MyDrive/TrafficCameraData1/data/cam6/cam6_20260109_010521.jpg,0
2026-01-09T01:05:22.583052,cam7,/content/drive/MyDrive/TrafficCameraData1/data/cam7/cam7_20260109_010522.jpg,0
2026-01-09T01:05:23.278157,cam8,/content/drive/MyDrive/TrafficCameraData1/data/cam8/cam8_20260109_010523.jpg,0
2026-01-09T01:10:18.136559,cam1,/content/drive/MyDrive/TrafficCameraData1/data/cam1/cam1_20260109_011018.jpg,0
2026-01-09T01:10:19.019106,cam2,/content/drive/MyDrive/TrafficCameraData1/data/cam2/cam2_20260109_011019.jpg,0
2026-01-09T01:10:19.780136,cam3,/content/drive/MyDrive/TrafficCameraData1/data/cam3/cam3_20260109_011019.jpg,0
2026-01-09T01:10:20.891132,cam4,/content/drive/MyDrive/TrafficCameraData1/data/cam4/cam4_20260109_011020.jpg,0
2026-01-09T01:10:21.593466,cam5,/content/drive/MyDrive/TrafficCameraData1/data/cam5/cam5_20260109_011021.jpg,0
2026-01-09T01:10:22.296358,cam6,/content/drive/MyDrive/TrafficCameraData1/data/cam6/cam6_20260109_011022.jpg,0
2026-01-09T01:10:23.004163,cam7,/content/drive/MyDrive/TrafficCameraData1/data/cam7/cam7_20260109_011023.jpg,0
2026-01-09T01:10:23.706552,cam8,/content/drive/MyDrive/TrafficCameraData1/data/cam8/cam8_20260109_011023.jpg,0
2026-01-09T01:15:18.136732,cam1,/content/drive/MyDrive/TrafficCameraData1/data/cam1/cam1_20260109_011518.jpg,0
2026-01-09T01:15:19.025016,cam2,/content/drive/MyDrive/TrafficCameraData1/data/cam2/cam2_20260109_011519.jpg,0
2026-01-09T01:15:19.721238,cam3,/content/drive/MyDrive/TrafficCameraData1/data/cam3/cam3_20260109_011519.jpg,0
2026-01-09T01:15:20.427309,cam4,/content/drive/MyDrive/TrafficCameraData1/data/cam4/cam4_20260109_011520.jpg,0
2026-01-09T01:15:21.125841,cam5,/content/drive/MyDrive/TrafficCameraData1/data/cam5/cam5_20260109_011521.jpg,0
2026-01-09T01:15:21.824343,cam6,/content/drive/MyDrive/TrafficCameraData1/data/cam6/cam6_20260109_011521.jpg,0
2026-01-09T01:15:22.709740,cam7,/content/drive/MyDrive/TrafficCameraData1/data/cam7/cam7_20260109_011522.jpg,0
2026-01-09T01:15:23.256633,cam8,/content/drive/MyDrive/TrafficCameraData1/data/cam8/cam8_20260109_011523.jpg,0
2026-01-09T01:20:18.136977,cam1,/content/drive/MyDrive/TrafficCameraData1/data/cam1/cam1_20260109_012018.jpg,0
2026-01-09T01:20:18.839469,cam2,/content/drive/MyDrive/TrafficCameraData1/data/cam2/cam2_20260109_012018.jpg,0
2026-01-09T01:20:19.542196,cam3,/content/drive/MyDrive/TrafficCameraData1/data/cam3/cam3_20260109_012019.jpg,0
2026-01-09T01:20:20.289268,cam4,/content/drive/MyDrive/TrafficCameraData1/data/cam4/cam4_20260109_012020.jpg,0
2026-01-09T01:20:21.021616,cam5,/content/drive/MyDrive/TrafficCameraData1/data/cam5/cam5_20260109_012021.jpg,0
2026-01-09T01:20:21.732120,cam6,/content/drive/MyDrive/TrafficCameraData1/data/cam6/cam6_20260109_012021.jpg,0
2026-01-09T01:20:22.437756,cam7,/content/drive/MyDrive/TrafficCameraData1/data/cam7/cam7_20260109_012022.jpg,0
2026-01-09T01:20:23.223936,cam8,/content/drive/MyDrive/TrafficCameraData1/data/cam8/cam8_20260109_012023.jpg,0
2026-01-09T01:25:18.137258,cam1,/content/drive/MyDrive/TrafficCameraData1/data/cam1/cam1_20260109_012518.jpg,0
2026-01-09T01:25:19.026320,cam2,/content/drive/MyDrive/TrafficCameraData1/data/cam2/cam2_20260109_012519.jpg,0
2026-01-09T01:25:20.148155,cam3,/content/drive/MyDrive/TrafficCameraData1/data/cam3/cam3_20260109_012520.jpg,0
2026-01-09T01:25:20.872348,cam4,/content/drive/MyDrive/TrafficCameraData1/data/cam4/cam4_20260109_012520.jpg,0
2026-01-09T01:25:21.584036,cam5,/content/drive/MyDrive/TrafficCameraData1/data/cam5/cam5_20260109_012521.jpg,0
2026-01-09T01:25:22.107257,cam6,/content/drive/MyDrive/TrafficCameraData1/data/cam6/cam6_20260109_012522.jpg,0
2026-01-09T01:25:22.808043,cam7,/content/drive/MyDrive/TrafficCameraData1/data/cam7/cam7_20260109_012522.jpg,0
2026-01-09T01:25:23.387708,cam8,/content/drive/MyDrive/TrafficCameraData1/data/cam8/cam8_20260109_012523.jpg,0
2026-01-09T01:28:43.411858,cam1,/content/drive/MyDrive/TrafficCameraData1/data/cam1/cam1_20260109_012843.jpg,0
2026-01-09T01:28:43.938858,cam2,/content/drive/MyDrive/TrafficCameraData1/data/cam2/cam2_20260109_012843.jpg,0
2026-01-09T01:28:44.494280,cam3,/content/drive/MyDrive/TrafficCameraData1/data/cam3/cam3_20260109_012844.jpg,0
2026-01-09T01:28:45.025734,cam4,/content/drive/MyDrive/TrafficCameraData1/data/cam4/cam4_20260109_012845.jpg,0
2026-01-09T01:28:45.737108,cam5,/content/drive/MyDrive/TrafficCameraData1/data/cam5/cam5_20260109_012845.jpg,0
2026-01-09T01:28:46.284697,cam6,/content/drive/MyDrive/TrafficCameraData1/data/cam6/cam6_20260109_012846.jpg,0
2026-01-09T01:28:47.022729,cam7,/content/drive/MyDrive/TrafficCameraData1/data/cam7/cam7_20260109_012847.jpg,0
2026-01-09T01:28:47.563842,cam8,/content/drive/MyDrive/TrafficCameraData1/data/cam8/cam8_20260109_012847.jpg,0
2026-01-09T01:33:43.412478,cam1,/content/drive/MyDrive/TrafficCameraData1/data/cam1/cam1_20260109_013343.jpg,0
2026-01-09T01:33:44.655984,cam2,/content/drive/MyDrive/TrafficCameraData1/data/cam2/cam2_20260109_013344.jpg,0
2026-01-09T01:33:45.379122,cam3,/content/drive/MyDrive/TrafficCameraData1/data/cam3/cam3_20260109_013345.jpg,0
2026-01-09T01:33:46.525698,cam4,/content/drive/MyDrive/TrafficCameraData1/data/cam4/cam4_20260109_013346.jpg,0
2026-01-09T01:33:47.250626,cam5,/content/drive/MyDrive/TrafficCameraData1/data/cam5/cam5_20260109_013347.jpg,0
2026-01-09T01:33:47.801846,cam6,/content/drive/MyDrive/TrafficCameraData1/data/cam6/cam6_20260109_013347.jpg,0
2026-01-09T01:33:48.554794,cam7,/content/drive/MyDrive/TrafficCameraData1/data/cam7/cam7_20260109_013348.jpg,0
2026-01-09T01:33:49.098692,cam8,/content/drive/MyDrive/TrafficCameraData1/data/cam8/cam8_20260109_013349.jpg,0
2026-01-09T01:38:43.412689,cam1,/content/drive/MyDrive/TrafficCameraData1/data/cam1/cam1_20260109_013843.jpg,0
2026-01-09T01:38:44.293590,cam2,/content/drive/MyDrive/TrafficCameraData1/data/cam2/cam2_20260109_013844.jpg,0
2026-01-09T01:38:44.997820,cam3,/content/drive/MyDrive/TrafficCameraData1/data/cam3/cam3_20260109_013844.jpg,0
2026-01-09T01:38:45.705413,cam4,/content/drive/MyDrive/TrafficCameraData1/data/cam4/cam4_20260109_013845.jpg,0
2026-01-09T01:38:46.879757,cam5,/content/drive/MyDrive/TrafficCameraData1/data/cam5/cam5_20260109_013846.jpg,0
2026-01-09T01:38:47.580088,cam6,/content/drive/MyDrive/TrafficCameraData1/data/cam6/cam6_20260109_013847.jpg,0
2026-01-09T01:38:48.401427,cam7,/content/drive/MyDrive/TrafficCameraData1/data/cam7/cam7_20260109_013848.jpg,0
2026-01-09T01:38:49.111766,cam8,/content/drive/MyDrive/TrafficCameraData1/data/cam8/cam8_20260109_013849.jpg,0
2026-01-09T01:43:43.412917,cam1,/content/drive/MyDrive/TrafficCameraData1/data/cam1/cam1_20260109_014343.jpg,0
2026-01-09T01:43:44.280134,cam2,/content/drive/MyDrive/TrafficCameraData1/data/cam2/cam2_20260109_014344.jpg,0
2026-01-09T01:43:45.417222,cam3,/content/drive/MyDrive/TrafficCameraData1/data/cam3/cam3_20260109_014345.jpg,0
2026-01-09T01:43:46.602239,cam4,/content/drive/MyDrive/TrafficCameraData1/data/cam4/cam4_20260109_014346.jpg,0
2026-01-09T01:43:47.317594,cam5,/content/drive/MyDrive/TrafficCameraData1/data/cam5/cam5_20260109_014347.jpg,0
2026-01-09T01:43:48.065353,cam6,/content/drive/MyDrive/TrafficCameraData1/data/cam6/cam6_20260109_014348.jpg,0
2026-01-09T01:43:48.761032,cam7,/content/drive/MyDrive/TrafficCameraData1/data/cam7/cam7_20260109_014348.jpg,0
2026-01-09T01:43:49.693875,cam8,/content/drive/MyDrive/TrafficCameraData1/data/cam8/cam8_20260109_014349.jpg,0
2026-01-09T01:48:43.413272,cam1,/content/drive/MyDrive/TrafficCameraData1/data/cam1/cam1_20260109_014843.jpg,0
2026-01-09T01:48:44.353793,cam2,/content/drive/MyDrive/TrafficCameraData1/data/cam2/cam2_20260109_014844.jpg,0
2026-01-09T01:48:45.124514,cam3,/content/drive/MyDrive/TrafficCameraData1/data/cam3/cam3_20260109_014845.jpg,0
2026-01-09T01:48:45.877798,cam4,/content/drive/MyDrive/TrafficCameraData1/data/cam4/cam4_20260109_014845.jpg,0
2026-01-09T01:48:46.576408,cam5,/content/drive/MyDrive/TrafficCameraData1/data/cam5/cam5_20260109_014846.jpg,0
2026-01-09T01:48:47.119768,cam6,/content/drive/MyDrive/TrafficCameraData1/data/cam6/cam6_20260109_014847.jpg,0
2026-01-09T01:48:47.833689,cam7,/content/drive/MyDrive/TrafficCameraData1/data/cam7/cam7_20260109_014847.jpg,0
2026-01-09T01:48:48.540032,cam8,/content/drive/MyDrive/TrafficCameraData1/data/cam8/cam8_20260109_014848.jpg,0
2026-01-09T03:39:44.829834,cam1,/content/drive/MyDrive/TrafficCameraData1/data/cam1/cam1_20260109_033944.jpg,0
2026-01-09T03:39:47.996369,cam2,/content/drive/MyDrive/TrafficCameraData1/data/cam2/cam2_20260109_033947.jpg,0
2026-01-09T03:39:51.011725,cam3,/content/drive/MyDrive/TrafficCameraData1/data/cam3/cam3_20260109_033951.jpg,0
2026-01-09T03:39:53.442948,cam4,/content/drive/MyDrive/TrafficCameraData1/data/cam4/cam4_20260109_033953.jpg,0
2026-01-09T03:39:55.840026,cam5,/content/drive/MyDrive/TrafficCameraData1/data/cam5/cam5_20260109_033955.jpg,0
2026-01-09T03:39:58.461688,cam6,/content/drive/MyDrive/TrafficCameraData1/data/cam6/cam6_20260109_033958.jpg,0
2026-01-09T03:40:00.763013,cam7,/content/drive/MyDrive/TrafficCameraData1/data/cam7/cam7_20260109_034000.jpg,0
2026-01-09T03:40:03.561686,cam8,/content/drive/MyDrive/TrafficCameraData1/data/cam8/cam8_20260109_034003.jpg,0
2026-01-09T03:44:44.830059,cam1,/content/drive/MyDrive/TrafficCameraData1/data/cam1/cam1_20260109_034444.jpg,0
2026-01-09T03:44:45.856770,cam2,/content/drive/MyDrive/TrafficCameraData1/data/cam2/cam2_20260109_034445.jpg,0
2026-01-09T03:44:46.679274,cam3,/content/drive/MyDrive/TrafficCameraData1/data/cam3/cam3_20260109_034446.jpg,0
2026-01-09T03:44:47.485596,cam4,/content/drive/MyDrive/TrafficCameraData1/data/cam4/cam4_20260109_034447.jpg,0
2026-01-09T03:44:48.314320,cam5,/content/drive/MyDrive/TrafficCameraData1/data/cam5/cam5_20260109_034448.jpg,0
2026-01-09T03:44:48.891622,cam6,/content/drive/MyDrive/TrafficCameraData1/data/cam6/cam6_20260109_034448.jpg,0
2026-01-09T03:44:49.690720,cam7,/content/drive/MyDrive/TrafficCameraData1/data/cam7/cam7_20260109_034449.jpg,0
2026-01-09T03:44:50.490113,cam8,/content/drive/MyDrive/TrafficCameraData1/data/cam8/cam8_20260109_034450.jpg,0
2026-01-09T03:49:44.830249,cam1,/content/drive/MyDrive/TrafficCameraData1/data/cam1/cam1_20260109_034944.jpg,0
2026-01-09T03:49:46.281523,cam2,/content/drive/MyDrive/TrafficCameraData1/data/cam2/cam2_20260109_034946.jpg,0
2026-01-09T03:49:47.085614,cam3,/content/drive/MyDrive/TrafficCameraData1/data/cam3/cam3_20260109_034947.jpg,0
2026-01-09T03:49:47.963936,cam4,/content/drive/MyDrive/TrafficCameraData1/data/cam4/cam4_20260109_034947.jpg,0
2026-01-09T03:49:48.771206,cam5,/content/drive/MyDrive/TrafficCameraData1/data/cam5/cam5_20260109_034948.jpg,0
2026-01-09T03:49:49.349089,cam6,/content/drive/MyDrive/TrafficCameraData1/data/cam6/cam6_20260109_034949.jpg,0
2026-01-09T03:49:50.311317,cam7,/content/drive/MyDrive/TrafficCameraData1/data/cam7/cam7_20260109_034950.jpg,0
2026-01-09T03:49:51.132839,cam8,/content/drive/MyDrive/TrafficCameraData1/data/cam8/cam8_20260109_034951.jpg,0
2026-01-09T03:54:44.830793,cam1,/content/drive/MyDrive/TrafficCameraData1/data/cam1/cam1_20260109_035444.jpg,0
2026-01-09T03:54:45.857963,cam2,/content/drive/MyDrive/TrafficCameraData1/data/cam2/cam2_20260109_035445.jpg,0
2026-01-09T03:54:46.681281,cam3,/content/drive/MyDrive/TrafficCameraData1/data/cam3/cam3_20260109_035446.jpg,0
2026-01-09T03:54:47.744586,cam4,/content/drive/MyDrive/TrafficCameraData1/data/cam4/cam4_20260109_035447.jpg,0
2026-01-09T03:54:48.572123,cam5,/content/drive/MyDrive/TrafficCameraData1/data/cam5/cam5_20260109_035448.jpg,0
2026-01-09T03:54:49.642702,cam6,/content/drive/MyDrive/TrafficCameraData1/data/cam6/cam6_20260109_035449.jpg,0
2026-01-09T03:54:50.686296,cam7,/content/drive/MyDrive/TrafficCameraData1/data/cam7/cam7_20260109_035450.jpg,0
2026-01-09T03:54:51.736632,cam8,/content/drive/MyDrive/TrafficCameraData1/data/cam8/cam8_20260109_035451.jpg,0
2026-01-09T03:59:44.831987,cam1,/content/drive/MyDrive/TrafficCameraData1/data/cam1/cam1_20260109_035944.jpg,0
2026-01-09T03:59:46.117372,cam2,/content/drive/MyDrive/TrafficCameraData1/data/cam2/cam2_20260109_035946.jpg,0
2026-01-09T03:59:46.946336,cam3,/content/drive/MyDrive/TrafficCameraData1/data/cam3/cam3_20260109_035946.jpg,0
2026-01-09T03:59:47.763044,cam4,/content/drive/MyDrive/TrafficCameraData1/data/cam4/cam4_20260109_035947.jpg,0
2026-01-09T03:59:48.572882,cam5,/content/drive/MyDrive/TrafficCameraData1/data/cam5/cam5_20260109_035948.jpg,0
2026-01-09T03:59:49.164784,cam6,/content/drive/MyDrive/TrafficCameraData1/data/cam6/cam6_20260109_035949.jpg,0
2026-01-09T03:59:49.971549,cam7,/content/drive/MyDrive/TrafficCameraData1/data/cam7/cam7_20260109_035949.jpg,0
2026-01-09T03:59:50.782585,cam8,/content/drive/MyDrive/TrafficCameraData1/data/cam8/cam8_20260109_035950.jpg,0
2026-01-09T04:04:44.832098,cam1,/content/drive/MyDrive/TrafficCameraData1/data/cam1/cam1_20260109_040444.jpg,0
2026-01-09T04:04:45.860951,cam2,/content/drive/MyDrive/TrafficCameraData1/data/cam2/cam2_20260109_040445.jpg,0
2026-01-09T04:04:46.894539,cam3,/content/drive/MyDrive/TrafficCameraData1/data/cam3/cam3_20260109_040446.jpg,0
2026-01-09T04:04:47.981349,cam4,/content/drive/MyDrive/TrafficCameraData1/data/cam4/cam4_20260109_040447.jpg,0
2026-01-09T04:04:49.264679,cam5,/content/drive/MyDrive/TrafficCameraData1/data/cam5/cam5_20260109_040449.jpg,0
2026-01-09T04:04:49.839810,cam6,/content/drive/MyDrive/TrafficCameraData1/data/cam6/cam6_20260109_040449.jpg,0
2026-01-09T04:04:50.648585,cam7,/content/drive/MyDrive/TrafficCameraData1/data/cam7/cam7_20260109_040450.jpg,0
2026-01-09T04:04:51.454704,cam8,/content/drive/MyDrive/TrafficCameraData1/data/cam8/cam8_20260109_040451.jpg,0
2026-01-09T04:09:44.832323,cam1,/content/drive/MyDrive/TrafficCameraData1/data/cam1/cam1_20260109_040944.jpg,0
2026-01-09T04:09:45.642316,cam2,/content/drive/MyDrive/TrafficCameraData1/data/cam2/cam2_20260109_040945.jpg,0
2026-01-09T04:09:46.445200,cam3,/content/drive/MyDrive/TrafficCameraData1/data/cam3/cam3_20260109_040946.jpg,0
2026-01-09T04:09:47.256537,cam4,/content/drive/MyDrive/TrafficCameraData1/data/cam4/cam4_20260109_040947.jpg,0
2026-01-09T04:09:48.281684,cam5,/content/drive/MyDrive/TrafficCameraData1/data/cam5/cam5_20260109_040948.jpg,0
2026-01-09T04:09:48.858118,cam6,/content/drive/MyDrive/TrafficCameraData1/data/cam6/cam6_20260109_040948.jpg,0
2026-01-09T04:09:49.663601,cam7,/content/drive/MyDrive/TrafficCameraData1/data/cam7/cam7_20260109_040949.jpg,0
2026-01-09T04:09:50.481646,cam8,/content/drive/MyDrive/TrafficCameraData1/data/cam8/cam8_20260109_040950.jpg,0
2026-01-09T04:14:44.832766,cam1,/content/drive/MyDrive/TrafficCameraData1/data/cam1/cam1_20260109_041444.jpg,0
2026-01-09T04:14:45.865223,cam2,/content/drive/MyDrive/TrafficCameraData1/data/cam2/cam2_20260109_041445.jpg,0
2026-01-09T04:14:46.668954,cam3,/content/drive/MyDrive/TrafficCameraData1/data/cam3/cam3_20260109_041446.jpg,0
2026-01-09T04:14:47.475598,cam4,/content/drive/MyDrive/TrafficCameraData1/data/cam4/cam4_20260109_041447.jpg,0
2026-01-09T04:14:48.318166,cam5,/content/drive/MyDrive/TrafficCameraData1/data/cam5/cam5_20260109_041448.jpg,0
2026-01-09T04:14:49.120783,cam6,/content/drive/MyDrive/TrafficCameraData1/data/cam6/cam6_20260109_041449.jpg,0
2026-01-09T04:14:49.932429,cam7,/content/drive/MyDrive/TrafficCameraData1/data/cam7/cam7_20260109_041449.jpg,0
2026-01-09T04:14:50.760950,cam8,/content/drive/MyDrive/TrafficCameraData1/data/cam8/cam8_20260109_041450.jpg,0
2026-01-09T04:19:44.832753,cam1,/content/drive/MyDrive/TrafficCameraData1/data/cam1/cam1_20260109_041944.jpg,0
2026-01-09T04:19:45.935688,cam2,/content/drive/MyDrive/TrafficCameraData1/data/cam2/cam2_20260109_041945.jpg,0
2026-01-09T04:19:46.738668,cam3,/content/drive/MyDrive/TrafficCameraData1/data/cam3/cam3_20260109_041946.jpg,0
2026-01-09T04:19:47.550263,cam4,/content/drive/MyDrive/TrafficCameraData1/data/cam4/cam4_20260109_041947.jpg,0
2026-01-09T04:19:48.353816,cam5,/content/drive/MyDrive/TrafficCameraData1/data/cam5/cam5_20260109_041948.jpg,0
2026-01-09T04:19:48.930985,cam6,/content/drive/MyDrive/TrafficCameraData1/data/cam6/cam6_20260109_041948.jpg,0
2026-01-09T04:19:49.753377,cam7,/content/drive/MyDrive/TrafficCameraData1/data/cam7/cam7_20260109_041949.jpg,0
2026-01-09T04:19:50.559223,cam8,/content/drive/MyDrive/TrafficCameraData1/data/cam8/cam8_20260109_041950.jpg,0
2026-01-09T04:24:44.833115,cam1,/content/drive/MyDrive/TrafficCameraData1/data/cam1/cam1_20260109_042444.jpg,0
2026-01-09T04:24:46.229650,cam2,/content/drive/MyDrive/TrafficCameraData1/data/cam2/cam2_20260109_042446.jpg,0
2026-01-09T04:24:47.036078,cam3,/content/drive/MyDrive/TrafficCameraData1/data/cam3/cam3_20260109_042447.jpg,0
2026-01-09T04:24:47.844301,cam4,/content/drive/MyDrive/TrafficCameraData1/data/cam4/cam4_20260109_042447.jpg,0
2026-01-09T04:24:48.731022,cam5,/content/drive/MyDrive/TrafficCameraData1/data/cam5/cam5_20260109_042448.jpg,0
2026-01-09T04:24:49.398411,cam6,/content/drive/MyDrive/TrafficCameraData1/data/cam6/cam6_20260109_042449.jpg,0
2026-01-09T04:24:50.218483,cam7,/content/drive/MyDrive/TrafficCameraData1/data/cam7/cam7_20260109_042450.jpg,0
2026-01-09T04:24:51.019555,cam8,/content/drive/MyDrive/TrafficCameraData1/data/cam8/cam8_20260109_042451.jpg,0
2026-01-09T04:29:44.833306,cam1,/content/drive/MyDrive/TrafficCameraData1/data/cam1/cam1_20260109_042944.jpg,0
2026-01-09T04:29:45.642548,cam2,/content/drive/MyDrive/TrafficCameraData1/data/cam2/cam2_20260109_042945.jpg,0
2026-01-09T04:29:47.005269,cam3,/content/drive/MyDrive/TrafficCameraData1/data/cam3/cam3_20260109_042947.jpg,0
2026-01-09T04:29:47.827780,cam4,/content/drive/MyDrive/TrafficCameraData1/data/cam4/cam4_20260109_042947.jpg,0
2026-01-09T04:29:48.637082,cam5,/content/drive/MyDrive/TrafficCameraData1/data/cam5/cam5_20260109_042948.jpg,0
2026-01-09T04:29:49.215293,cam6,/content/drive/MyDrive/TrafficCameraData1/data/cam6/cam6_20260109_042949.jpg,0
2026-01-09T04:29:50.017572,cam7,/content/drive/MyDrive/TrafficCameraData1/data/cam7/cam7_20260109_042950.jpg,0
2026-01-09T04:29:50.890559,cam8,/content/drive/MyDrive/TrafficCameraData1/data/cam8/cam8_20260109_042950.jpg,0
2026-01-09T04:34:44.834253,cam1,/content/drive/MyDrive/TrafficCameraData1/data/cam1/cam1_20260109_043444.jpg,0
2026-01-09T04:34:45.878841,cam2,/content/drive/MyDrive/TrafficCameraData1/data/cam2/cam2_20260109_043445.jpg,0
2026-01-09T04:34:46.916792,cam3,/content/drive/MyDrive/TrafficCameraData1/data/cam3/cam3_20260109_043446.jpg,0
2026-01-09T04:34:48.246288,cam4,/content/drive/MyDrive/TrafficCameraData1/data/cam4/cam4_20260109_043448.jpg,0
2026-01-09T04:34:49.070770,cam5,/content/drive/MyDrive/TrafficCameraData1/data/cam5/cam5_20260109_043449.jpg,0
2026-01-09T04:34:49.867436,cam6,/content/drive/MyDrive/TrafficCameraData1/data/cam6/cam6_20260109_043449.jpg,0
2026-01-09T04:34:50.667792,cam7,/content/drive/MyDrive/TrafficCameraData1/data/cam7/cam7_20260109_043450.jpg,0
2026-01-09T04:34:51.724316,cam8,/content/drive/MyDrive/TrafficCameraData1/data/cam8/cam8_20260109_043451.jpg,0
2026-01-09T04:39:44.833848,cam1,/content/drive/MyDrive/TrafficCameraData1/data/cam1/cam1_20260109_043944.jpg,0
2026-01-09T04:39:45.860583,cam2,/content/drive/MyDrive/TrafficCameraData1/data/cam2/cam2_20260109_043945.jpg,0
2026-01-09T04:39:46.894951,cam3,/content/drive/MyDrive/TrafficCameraData1/data/cam3/cam3_20260109_043946.jpg,0
2026-01-09T04:39:47.704248,cam4,/content/drive/MyDrive/TrafficCameraData1/data/cam4/cam4_20260109_043947.jpg,0
2026-01-09T04:39:48.501541,cam5,/content/drive/MyDrive/TrafficCameraData1/data/cam5/cam5_20260109_043948.jpg,0
2026-01-09T04:39:49.327284,cam6,/content/drive/MyDrive/TrafficCameraData1/data/cam6/cam6_20260109_043949.jpg,0
2026-01-09T04:39:50.128142,cam7,/content/drive/MyDrive/TrafficCameraData1/data/cam7/cam7_20260109_043950.jpg,0
2026-01-09T04:39:50.932545,cam8,/content/drive/MyDrive/TrafficCameraData1/data/cam8/cam8_20260109_043950.jpg,0
2026-01-09T04:44:44.834452,cam1,/content/drive/MyDrive/TrafficCameraData1/data/cam1/cam1_20260109_044444.jpg,0
2026-01-09T04:44:45.941843,cam2,/content/drive/MyDrive/TrafficCameraData1/data/cam2/cam2_20260109_044445.jpg,0
2026-01-09T04:44:47.030898,cam3,/content/drive/MyDrive/TrafficCameraData1/data/cam3/cam3_20260109_044447.jpg,0
2026-01-09T04:44:47.892831,cam4,/content/drive/MyDrive/TrafficCameraData1/data/cam4/cam4_20260109_044447.jpg,0
2026-01-09T04:44:48.749673,cam5,/content/drive/MyDrive/TrafficCameraData1/data/cam5/cam5_20260109_044448.jpg,0
2026-01-09T04:44:49.518251,cam6,/content/drive/MyDrive/TrafficCameraData1/data/cam6/cam6_20260109_044449.jpg,0
2026-01-09T04:44:50.519373,cam7,/content/drive/MyDrive/TrafficCameraData1/data/cam7/cam7_20260109_044450.jpg,0
2026-01-09T04:44:51.476424,cam8,/content/drive/MyDrive/TrafficCameraData1/data/cam8/cam8_20260109_044451.jpg,0
2026-01-09T04:49:44.834808,cam1,/content/drive/MyDrive/TrafficCameraData1/data/cam1/cam1_20260109_044944.jpg,0
2026-01-09T04:49:45.877253,cam2,/content/drive/MyDrive/TrafficCameraData1/data/cam2/cam2_20260109_044945.jpg,0
2026-01-09T04:49:46.680990,cam3,/content/drive/MyDrive/TrafficCameraData1/data/cam3/cam3_20260109_044946.jpg,0
2026-01-09T04:49:47.488418,cam4,/content/drive/MyDrive/TrafficCameraData1/data/cam4/cam4_20260109_044947.jpg,0
2026-01-09T04:49:48.531188,cam5,/content/drive/MyDrive/TrafficCameraData1/data/cam5/cam5_20260109_044948.jpg,0
2026-01-09T04:49:49.113237,cam6,/content/drive/MyDrive/TrafficCameraData1/data/cam6/cam6_20260109_044949.jpg,0
2026-01-09T04:49:49.955093,cam7,/content/drive/MyDrive/TrafficCameraData1/data/cam7/cam7_20260109_044949.jpg,0
2026-01-09T04:49:51.047336,cam8,/content/drive/MyDrive/TrafficCameraData1/data/cam8/cam8_20260109_044951.jpg,0
2026-01-09T04:53:10.194209,cam1,/content/drive/MyDrive/TrafficCameraData1/data/cam1/cam1_20260109_045310.jpg,0
2026-01-09T04:53:10.770207,cam2,/content/drive/MyDrive/TrafficCameraData1/data/cam2/cam2_20260109_045310.jpg,0
2026-01-09T04:53:11.360414,cam3,/content/drive/MyDrive/TrafficCameraData1/data/cam3/cam3_20260109_045311.jpg,0
2026-01-09T04:53:12.182593,cam4,/content/drive/MyDrive/TrafficCameraData1/data/cam4/cam4_20260109_045312.jpg,0
2026-01-09T04:53:12.764202,cam5,/content/drive/MyDrive/TrafficCameraData1/data/cam5/cam5_20260109_045312.jpg,0
2026-01-09T04:53:13.340731,cam6,/content/drive/MyDrive/TrafficCameraData1/data/cam6/cam6_20260109_045313.jpg,0
2026-01-09T04:53:14.256502,cam7,/content/drive/MyDrive/TrafficCameraData1/data/cam7/cam7_20260109_045314.jpg,0
2026-01-09T04:53:15.162718,cam8,/content/drive/MyDrive/TrafficCameraData1/data/cam8/cam8_20260109_045315.jpg,0
2026-01-09T04:58:10.194587,cam1,/content/drive/MyDrive/TrafficCameraData1/data/cam1/cam1_20260109_045810.jpg,0
2026-01-09T04:58:11.238182,cam2,/content/drive/MyDrive/TrafficCameraData1/data/cam2/cam2_20260109_045811.jpg,0
2026-01-09T04:58:12.070277,cam3,/content/drive/MyDrive/TrafficCameraData1/data/cam3/cam3_20260109_045812.jpg,0
2026-01-09T04:58:12.886663,cam4,/content/drive/MyDrive/TrafficCameraData1/data/cam4/cam4_20260109_045812.jpg,0
2026-01-09T04:58:13.697057,cam5,/content/drive/MyDrive/TrafficCameraData1/data/cam5/cam5_20260109_045813.jpg,0
2026-01-09T04:58:14.275673,cam6,/content/drive/MyDrive/TrafficCameraData1/data/cam6/cam6_20260109_045814.jpg,0
2026-01-09T04:58:15.092759,cam7,/content/drive/MyDrive/TrafficCameraData1/data/cam7/cam7_20260109_045815.jpg,0
2026-01-09T04:58:15.904776,cam8,/content/drive/MyDrive/TrafficCameraData1/data/cam8/cam8_20260109_045815.jpg,0
2026-01-09T05:03:10.194742,cam1,/content/drive/MyDrive/TrafficCameraData1/data/cam1/cam1_20260109_050310.jpg,0
2026-01-09T05:03:11.272545,cam2,/content/drive/MyDrive/TrafficCameraData1/data/cam2/cam2_20260109_050311.jpg,0
2026-01-09T05:03:12.089215,cam3,/content/drive/MyDrive/TrafficCameraData1/data/cam3/cam3_20260109_050312.jpg,0
2026-01-09T05:03:12.920277,cam4,/content/drive/MyDrive/TrafficCameraData1/data/cam4/cam4_20260109_050312.jpg,0
2026-01-09T05:03:13.745618,cam5,/content/drive/MyDrive/TrafficCameraData1/data/cam5/cam5_20260109_050313.jpg,0
2026-01-09T05:03:14.338176,cam6,/content/drive/MyDrive/TrafficCameraData1/data/cam6/cam6_20260109_050314.jpg,0
2026-01-09T05:03:15.181936,cam7,/content/drive/MyDrive/TrafficCameraData1/data/cam7/cam7_20260109_050315.jpg,0
2026-01-09T05:03:16.001449,cam8,/content/drive/MyDrive/TrafficCameraData1/data/cam8/cam8_20260109_050316.jpg,0
2026-01-09T05:08:10.196456,cam1,/content/drive/MyDrive/TrafficCameraData1/data/cam1/cam1_20260109_050810.jpg,0
2026-01-09T05:08:11.239085,cam2,/content/drive/MyDrive/TrafficCameraData1/data/cam2/cam2_20260109_050811.jpg,0
2026-01-09T05:08:12.053498,cam3,/content/drive/MyDrive/TrafficCameraData1/data/cam3/cam3_20260109_050812.jpg,0
2026-01-09T05:08:12.940322,cam4,/content/drive/MyDrive/TrafficCameraData1/data/cam4/cam4_20260109_050812.jpg,0
2026-01-09T05:08:13.802574,cam5,/content/drive/MyDrive/TrafficCameraData1/data/cam5/cam5_20260109_050813.jpg,0
2026-01-09T05:08:14.391235,cam6,/content/drive/MyDrive/TrafficCameraData1/data/cam6/cam6_20260109_050814.jpg,0
2026-01-09T05:08:15.209716,cam7,/content/drive/MyDrive/TrafficCameraData1/data/cam7/cam7_20260109_050815.jpg,0
2026-01-09T05:08:16.033478,cam8,/content/drive/MyDrive/TrafficCameraData1/data/cam8/cam8_20260109_050816.jpg,0
2026-01-09T05:13:10.195366,cam1,/content/drive/MyDrive/TrafficCameraData1/data/cam1/cam1_20260109_051310.jpg,0
2026-01-09T05:13:11.248203,cam2,/content/drive/MyDrive/TrafficCameraData1/data/cam2/cam2_20260109_051311.jpg,0
2026-01-09T05:13:12.070964,cam3,/content/drive/MyDrive/TrafficCameraData1/data/cam3/cam3_20260109_051312.jpg,0
2026-01-09T05:13:12.909424,cam4,/content/drive/MyDrive/TrafficCameraData1/data/cam4/cam4_20260109_051312.jpg,0
2026-01-09T05:13:13.728036,cam5,/content/drive/MyDrive/TrafficCameraData1/data/cam5/cam5_20260109_051313.jpg,0
2026-01-09T05:13:14.314006,cam6,/content/drive/MyDrive/TrafficCameraData1/data/cam6/cam6_20260109_051314.jpg,0
2026-01-09T05:13:15.132708,cam7,/content/drive/MyDrive/TrafficCameraData1/data/cam7/cam7_20260109_051315.jpg,0
2026-01-09T05:13:15.944216,cam8,/content/drive/MyDrive/TrafficCameraData1/data/cam8/cam8_20260109_051315.jpg,0
2026-01-09T05:18:10.195666,cam1,/content/drive/MyDrive/TrafficCameraData1/data/cam1/cam1_20260109_051810.jpg,0
2026-01-09T05:18:11.248307,cam2,/content/drive/MyDrive/TrafficCameraData1/data/cam2/cam2_20260109_051811.jpg,0
2026-01-09T05:18:12.077976,cam3,/content/drive/MyDrive/TrafficCameraData1/data/cam3/cam3_20260109_051812.jpg,0
2026-01-09T05:18:12.899667,cam4,/content/drive/MyDrive/TrafficCameraData1/data/cam4/cam4_20260109_051812.jpg,0
2026-01-09T05:18:13.716756,cam5,/content/drive/MyDrive/TrafficCameraData1/data/cam5/cam5_20260109_051813.jpg,0
2026-01-09T05:18:14.298626,cam6,/content/drive/MyDrive/TrafficCameraData1/data/cam6/cam6_20260109_051814.jpg,0
2026-01-09T05:18:15.112613,cam7,/content/drive/MyDrive/TrafficCameraData1/data/cam7/cam7_20260109_051815.jpg,0
2026-01-09T05:18:15.924685,cam8,/content/drive/MyDrive/TrafficCameraData1/data/cam8/cam8_20260109_051815.jpg,0
2026-01-09T05:23:10.196279,cam1,/content/drive/MyDrive/TrafficCameraData1/data/cam1/cam1_20260109_052310.jpg,0
2026-01-09T05:23:11.251432,cam2,/content/drive/MyDrive/TrafficCameraData1/data/cam2/cam2_20260109_052311.jpg,0
2026-01-09T05:23:12.233054,cam3,/content/drive/MyDrive/TrafficCameraData1/data/cam3/cam3_20260109_052312.jpg,0
2026-01-09T05:23:13.109909,cam4,/content/drive/MyDrive/TrafficCameraData1/data/cam4/cam4_20260109_052313.jpg,0
2026-01-09T05:23:13.926118,cam5,/content/drive/MyDrive/TrafficCameraData1/data/cam5/cam5_20260109_052313.jpg,0
2026-01-09T05:23:14.564239,cam6,/content/drive/MyDrive/TrafficCameraData1/data/cam6/cam6_20260109_052314.jpg,0
2026-01-09T05:23:15.377553,cam7,/content/drive/MyDrive/TrafficCameraData1/data/cam7/cam7_20260109_052315.jpg,0
2026-01-09T05:23:16.193606,cam8,/content/drive/MyDrive/TrafficCameraData1/data/cam8/cam8_20260109_052316.jpg,0
2026-01-09T05:28:10.196531,cam1,/content/drive/MyDrive/TrafficCameraData1/data/cam1/cam1_20260109_052810.jpg,0
2026-01-09T05:28:11.246538,cam2,/content/drive/MyDrive/TrafficCameraData1/data/cam2/cam2_20260109_052811.jpg,0
2026-01-09T05:28:12.060527,cam3,/content/drive/MyDrive/TrafficCameraData1/data/cam3/cam3_20260109_052812.jpg,0
2026-01-09T05:28:12.885019,cam4,/content/drive/MyDrive/TrafficCameraData1/data/cam4/cam4_20260109_052812.jpg,0
2026-01-09T05:28:13.698666,cam5,/content/drive/MyDrive/TrafficCameraData1/data/cam5/cam5_20260109_052813.jpg,0
2026-01-09T05:28:14.280179,cam6,/content/drive/MyDrive/TrafficCameraData1/data/cam6/cam6_20260109_052814.jpg,0
2026-01-09T05:28:15.111295,cam7,/content/drive/MyDrive/TrafficCameraData1/data/cam7/cam7_20260109_052815.jpg,0
2026-01-09T05:28:15.926317,cam8,/content/drive/MyDrive/TrafficCameraData1/data/cam8/cam8_20260109_052815.jpg,0
2026-01-09T05:33:10.196540,cam1,/content/drive/MyDrive/TrafficCameraData1/data/cam1/cam1_20260109_053310.jpg,0
2026-01-09T05:33:11.247882,cam2,/content/drive/MyDrive/TrafficCameraData1/data/cam2/cam2_20260109_053311.jpg,0
2026-01-09T05:33:12.064380,cam3,/content/drive/MyDrive/TrafficCameraData1/data/cam3/cam3_20260109_053312.jpg,0
2026-01-09T05:33:12.891576,cam4,/content/drive/MyDrive/TrafficCameraData1/data/cam4/cam4_20260109_053312.jpg,0
2026-01-09T05:33:13.708534,cam5,/content/drive/MyDrive/TrafficCameraData1/data/cam5/cam5_20260109_053313.jpg,0
2026-01-09T05:33:14.289156,cam6,/content/drive/MyDrive/TrafficCameraData1/data/cam6/cam6_20260109_053314.jpg,0
2026-01-09T05:33:15.436738,cam7,/content/drive/MyDrive/TrafficCameraData1/data/cam7/cam7_20260109_053315.jpg,0
2026-01-09T05:33:16.253075,cam8,/content/drive/MyDrive/TrafficCameraData1/data/cam8/cam8_20260109_053316.jpg,0
2026-01-09T05:38:10.197118,cam1,/content/drive/MyDrive/TrafficCameraData1/data/cam1/cam1_20260109_053810.jpg,0
2026-01-09T05:38:11.246514,cam2,/content/drive/MyDrive/TrafficCameraData1/data/cam2/cam2_20260109_053811.jpg,0
2026-01-09T05:38:12.064492,cam3,/content/drive/MyDrive/TrafficCameraData1/data/cam3/cam3_20260109_053812.jpg,0
2026-01-09T05:38:12.903852,cam4,/content/drive/MyDrive/TrafficCameraData1/data/cam4/cam4_20260109_053812.jpg,0
2026-01-09T05:38:13.721566,cam5,/content/drive/MyDrive/TrafficCameraData1/data/cam5/cam5_20260109_053813.jpg,0
2026-01-09T05:38:14.524097,cam6,/content/drive/MyDrive/TrafficCameraData1/data/cam6/cam6_20260109_053814.jpg,0
2026-01-09T05:38:15.342270,cam7,/content/drive/MyDrive/TrafficCameraData1/data/cam7/cam7_20260109_053815.jpg,0
2026-01-09T05:38:16.305658,cam8,/content/drive/MyDrive/TrafficCameraData1/data/cam8/cam8_20260109_053816.jpg,0
2026-01-09T05:43:10.196920,cam1,/content/drive/MyDrive/TrafficCameraData1/data/cam1/cam1_20260109_054310.jpg,0
2026-01-09T05:43:11.035618,cam2,/content/drive/MyDrive/TrafficCameraData1/data/cam2/cam2_20260109_054311.jpg,0
2026-01-09T05:43:11.853551,cam3,/content/drive/MyDrive/TrafficCameraData1/data/cam3/cam3_20260109_054311.jpg,0
2026-01-09T05:43:12.675691,cam4,/content/drive/MyDrive/TrafficCameraData1/data/cam4/cam4_20260109_054312.jpg,0
2026-01-09T05:43:13.502626,cam5,/content/drive/MyDrive/TrafficCameraData1/data/cam5/cam5_20260109_054313.jpg,0
2026-01-09T05:43:14.316181,cam6,/content/drive/MyDrive/TrafficCameraData1/data/cam6/cam6_20260109_054314.jpg,0
2026-01-09T05:43:15.924923,cam7,/content/drive/MyDrive/TrafficCameraData1/data/cam7/cam7_20260109_054315.jpg,0
2026-01-09T05:43:16.742768,cam8,/content/drive/MyDrive/TrafficCameraData1/data/cam8/cam8_20260109_054316.jpg,0
2026-01-09T05:48:10.197177,cam1,/content/drive/MyDrive/TrafficCameraData1/data/cam1/cam1_20260109_054810.jpg,0
2026-01-09T05:48:11.252427,cam2,/content/drive/MyDrive/TrafficCameraData1/data/cam2/cam2_20260109_054811.jpg,0
2026-01-09T05:48:12.082910,cam3,/content/drive/MyDrive/TrafficCameraData1/data/cam3/cam3_20260109_054812.jpg,0
2026-01-09T05:48:12.907180,cam4,/content/drive/MyDrive/TrafficCameraData1/data/cam4/cam4_20260109_054812.jpg,0
2026-01-09T05:48:13.723961,cam5,/content/drive/MyDrive/TrafficCameraData1/data/cam5/cam5_20260109_054813.jpg,0
2026-01-09T05:48:14.305994,cam6,/content/drive/MyDrive/TrafficCameraData1/data/cam6/cam6_20260109_054814.jpg,0
2026-01-09T05:48:15.121667,cam7,/content/drive/MyDrive/TrafficCameraData1/data/cam7/cam7_20260109_054815.jpg,0
2026-01-09T05:48:15.950932,cam8,/content/drive/MyDrive/TrafficCameraData1/data/cam8/cam8_20260109_054815.jpg,0
2026-01-09T05:53:10.197350,cam1,/content/drive/MyDrive/TrafficCameraData1/data/cam1/cam1_20260109_055310.jpg,0
2026-01-09T05:53:11.253643,cam2,/content/drive/MyDrive/TrafficCameraData1/data/cam2/cam2_20260109_055311.jpg,0
2026-01-09T05:53:12.069132,cam3,/content/drive/MyDrive/TrafficCameraData1/data/cam3/cam3_20260109_055312.jpg,0
2026-01-09T05:53:12.902802,cam4,/content/drive/MyDrive/TrafficCameraData1/data/cam4/cam4_20260109_055312.jpg,0
2026-01-09T05:53:13.726540,cam5,/content/drive/MyDrive/TrafficCameraData1/data/cam5/cam5_20260109_055313.jpg,0
2026-01-09T05:53:14.367290,cam6,/content/drive/MyDrive/TrafficCameraData1/data/cam6/cam6_20260109_055314.jpg,0
2026-01-09T05:53:15.180037,cam7,/content/drive/MyDrive/TrafficCameraData1/data/cam7/cam7_20260109_055315.jpg,0
2026-01-09T05:53:15.993184,cam8,/content/drive/MyDrive/TrafficCameraData1/data/cam8/cam8_20260109_055315.jpg,0
2026-01-09T05:58:10.197490,cam1,/content/drive/MyDrive/TrafficCameraData1/data/cam1/cam1_20260109_055810.jpg,0
2026-01-09T05:58:11.246704,cam2,/content/drive/MyDrive/TrafficCameraData1/data/cam2/cam2_20260109_055811.jpg,0
2026-01-09T05:58:12.068138,cam3,/content/drive/MyDrive/TrafficCameraData1/data/cam3/cam3_20260109_055812.jpg,0
2026-01-09T05:58:12.894149,cam4,/content/drive/MyDrive/TrafficCameraData1/data/cam4/cam4_20260109_055812.jpg,0
2026-01-09T05:58:13.724348,cam5,/content/drive/MyDrive/TrafficCameraData1/data/cam5/cam5_20260109_055813.jpg,0
2026-01-09T05:58:14.544891,cam6,/content/drive/MyDrive/TrafficCameraData1/data/cam6/cam6_20260109_055814.jpg,0
2026-01-09T05:58:15.361356,cam7,/content/drive/MyDrive/TrafficCameraData1/data/cam7/cam7_20260109_055815.jpg,0
2026-01-09T05:58:16.177607,cam8,/content/drive/MyDrive/TrafficCameraData1/data/cam8/cam8_20260109_055816.jpg,0
2026-01-09T06:03:10.197779,cam1,/content/drive/MyDrive/TrafficCameraData1/data/cam1/cam1_20260109_060310.jpg,0
2026-01-09T06:03:11.220766,cam2,/content/drive/MyDrive/TrafficCameraData1/data/cam2/cam2_20260109_060311.jpg,0
2026-01-09T06:03:12.035491,cam3,/content/drive/MyDrive/TrafficCameraData1/data/cam3/cam3_20260109_060312.jpg,0
2026-01-09T06:03:12.842018,cam4,/content/drive/MyDrive/TrafficCameraData1/data/cam4/cam4_20260109_060312.jpg,0
2026-01-09T06:03:13.644197,cam5,/content/drive/MyDrive/TrafficCameraData1/data/cam5/cam5_20260109_060313.jpg,0
2026-01-09T06:03:14.220896,cam6,/content/drive/MyDrive/TrafficCameraData1/data/cam6/cam6_20260109_060314.jpg,0
2026-01-09T06:03:15.347548,cam7,/content/drive/MyDrive/TrafficCameraData1/data/cam7/cam7_20260109_060315.jpg,0
2026-01-09T06:03:16.146272,cam8,/content/drive/MyDrive/TrafficCameraData1/data/cam8/cam8_20260109_060316.jpg,0
2026-01-09T06:08:10.197875,cam1,/content/drive/MyDrive/TrafficCameraData1/data/cam1/cam1_20260109_060810.jpg,0
2026-01-09T06:08:11.218210,cam2,/content/drive/MyDrive/TrafficCameraData1/data/cam2/cam2_20260109_060811.jpg,0
2026-01-09T06:08:12.017487,cam3,/content/drive/MyDrive/TrafficCameraData1/data/cam3/cam3_20260109_060812.jpg,0
2026-01-09T06:08:12.827017,cam4,/content/drive/MyDrive/TrafficCameraData1/data/cam4/cam4_20260109_060812.jpg,0
2026-01-09T06:08:13.633374,cam5,/content/drive/MyDrive/TrafficCameraData1/data/cam5/cam5_20260109_060813.jpg,0
2026-01-09T06:08:14.209043,cam6,/content/drive/MyDrive/TrafficCameraData1/data/cam6/cam6_20260109_060814.jpg,0
2026-01-09T06:08:15.006314,cam7,/content/drive/MyDrive/TrafficCameraData1/data/cam7/cam7_20260109_060815.jpg,0
2026-01-09T06:08:15.805333,cam8,/content/drive/MyDrive/TrafficCameraData1/data/cam8/cam8_20260109_060815.jpg,0
2026-01-09T06:13:10.198476,cam1,/content/drive/MyDrive/TrafficCameraData1/data/cam1/cam1_20260109_061310.jpg,0
2026-01-09T06:13:11.215233,cam2,/content/drive/MyDrive/TrafficCameraData1/data/cam2/cam2_20260109_061311.jpg,0
2026-01-09T06:13:12.014716,cam3,/content/drive/MyDrive/TrafficCameraData1/data/cam3/cam3_20260109_061312.jpg,0
2026-01-09T06:13:12.828186,cam4,/content/drive/MyDrive/TrafficCameraData1/data/cam4/cam4_20260109_061312.jpg,0
2026-01-09T06:13:13.646639,cam5,/content/drive/MyDrive/TrafficCameraData1/data/cam5/cam5_20260109_061313.jpg,0
2026-01-09T06:13:14.289026,cam6,/content/drive/MyDrive/TrafficCameraData1/data/cam6/cam6_20260109_061314.jpg,0
2026-01-09T06:13:15.103901,cam7,/content/drive/MyDrive/TrafficCameraData1/data/cam7/cam7_20260109_061315.jpg,0
2026-01-09T06:13:15.920375,cam8,/content/drive/MyDrive/TrafficCameraData1/data/cam8/cam8_20260109_061315.jpg,0
2026-01-09T06:18:10.198501,cam1,/content/drive/MyDrive/TrafficCameraData1/data/cam1/cam1_20260109_061810.jpg,0
2026-01-09T06:18:11.233420,cam2,/content/drive/MyDrive/TrafficCameraData1/data/cam2/cam2_20260109_061811.jpg,0
2026-01-09T06:18:12.042507,cam3,/content/drive/MyDrive/TrafficCameraData1/data/cam3/cam3_20260109_061812.jpg,0
2026-01-09T06:18:12.849503,cam4,/content/drive/MyDrive/TrafficCameraData1/data/cam4/cam4_20260109_061812.jpg,0
2026-01-09T06:18:13.663668,cam5,/content/drive/MyDrive/TrafficCameraData1/data/cam5/cam5_20260109_061813.jpg,0
2026-01-09T06:18:14.460537,cam6,/content/drive/MyDrive/TrafficCameraData1/data/cam6/cam6_20260109_061814.jpg,0
2026-01-09T06:18:15.260127,cam7,/content/drive/MyDrive/TrafficCameraData1/data/cam7/cam7_20260109_061815.jpg,0
2026-01-09T06:18:16.056531,cam8,/content/drive/MyDrive/TrafficCameraData1/data/cam8/cam8_20260109_061816.jpg,0
2026-01-09T06:23:10.198783,cam1,/content/drive/MyDrive/TrafficCameraData1/data/cam1/cam1_20260109_062310.jpg,0
2026-01-09T06:23:11.314063,cam2,/content/drive/MyDrive/TrafficCameraData1/data/cam2/cam2_20260109_062311.jpg,0
2026-01-09T06:23:12.122470,cam3,/content/drive/MyDrive/TrafficCameraData1/data/cam3/cam3_20260109_062312.jpg,0
2026-01-09T06:23:12.932776,cam4,/content/drive/MyDrive/TrafficCameraData1/data/cam4/cam4_20260109_062312.jpg,0
2026-01-09T06:23:13.738908,cam5,/content/drive/MyDrive/TrafficCameraData1/data/cam5/cam5_20260109_062313.jpg,0
2026-01-09T06:23:14.539788,cam6,/content/drive/MyDrive/TrafficCameraData1/data/cam6/cam6_20260109_062314.jpg,0
2026-01-09T06:23:15.479684,cam7,/content/drive/MyDrive/TrafficCameraData1/data/cam7/cam7_20260109_062315.jpg,0
2026-01-09T06:23:16.131700,cam8,/content/drive/MyDrive/TrafficCameraData1/data/cam8/cam8_20260109_062316.jpg,0
2026-01-09T06:28:10.199009,cam1,/content/drive/MyDrive/TrafficCameraData1/data/cam1/cam1_20260109_062810.jpg,0
2026-01-09T06:28:11.215262,cam2,/content/drive/MyDrive/TrafficCameraData1/data/cam2/cam2_20260109_062811.jpg,0
2026-01-09T06:28:12.033070,cam3,/content/drive/MyDrive/TrafficCameraData1/data/cam3/cam3_20260109_062812.jpg,0
2026-01-09T06:28:12.857670,cam4,/content/drive/MyDrive/TrafficCameraData1/data/cam4/cam4_20260109_062812.jpg,0
2026-01-09T06:28:13.654157,cam5,/content/drive/MyDrive/TrafficCameraData1/data/cam5/cam5_20260109_062813.jpg,0
2026-01-09T06:28:14.454728,cam6,/content/drive/MyDrive/TrafficCameraData1/data/cam6/cam6_20260109_062814.jpg,0
2026-01-09T06:28:15.267182,cam7,/content/drive/MyDrive/TrafficCameraData1/data/cam7/cam7_20260109_062815.jpg,0
2026-01-09T06:28:16.059787,cam8,/content/drive/MyDrive/TrafficCameraData1/data/cam8/cam8_20260109_062816.jpg,0
2026-01-09T06:33:10.199259,cam1,/content/drive/MyDrive/TrafficCameraData1/data/cam1/cam1_20260109_063310.jpg,0
2026-01-09T06:33:11.221525,cam2,/content/drive/MyDrive/TrafficCameraData1/data/cam2/cam2_20260109_063311.jpg,0
2026-01-09T06:33:12.251375,cam3,/content/drive/MyDrive/TrafficCameraData1/data/cam3/cam3_20260109_063312.jpg,0
2026-01-09T06:33:13.562434,cam4,/content/drive/MyDrive/TrafficCameraData1/data/cam4/cam4_20260109_063313.jpg,0
2026-01-09T06:33:14.605785,cam5,/content/drive/MyDrive/TrafficCameraData1/data/cam5/cam5_20260109_063314.jpg,0
2026-01-09T06:33:16.156481,cam6,/content/drive/MyDrive/TrafficCameraData1/data/cam6/cam6_20260109_063316.jpg,0
2026-01-09T06:33:16.952044,cam7,/content/drive/MyDrive/TrafficCameraData1/data/cam7/cam7_20260109_063316.jpg,0
2026-01-09T06:33:17.746687,cam8,/content/drive/MyDrive/TrafficCameraData1/data/cam8/cam8_20260109_063317.jpg,0
2026-01-09T06:38:10.199661,cam1,/content/drive/MyDrive/TrafficCameraData1/data/cam1/cam1_20260109_063810.jpg,0
2026-01-09T06:38:11.217463,cam2,/content/drive/MyDrive/TrafficCameraData1/data/cam2/cam2_20260109_063811.jpg,0
2026-01-09T06:38:12.018074,cam3,/content/drive/MyDrive/TrafficCameraData1/data/cam3/cam3_20260109_063812.jpg,0
2026-01-09T06:38:12.838931,cam4,/content/drive/MyDrive/TrafficCameraData1/data/cam4/cam4_20260109_063812.jpg,0
2026-01-09T06:38:13.826062,cam5,/content/drive/MyDrive/TrafficCameraData1/data/cam5/cam5_20260109_063813.jpg,0
2026-01-09T06:38:14.447278,cam6,/content/drive/MyDrive/TrafficCameraData1/data/cam6/cam6_20260109_063814.jpg,0
2026-01-09T06:38:15.269471,cam7,/content/drive/MyDrive/TrafficCameraData1/data/cam7/cam7_20260109_063815.jpg,0
2026-01-09T06:38:15.871058,cam8,/content/drive/MyDrive/TrafficCameraData1/data/cam8/cam8_20260109_063815.jpg,0
2026-01-09T06:43:10.199905,cam1,/content/drive/MyDrive/TrafficCameraData1/data/cam1/cam1_20260109_064310.jpg,0
2026-01-09T06:43:11.228176,cam2,/content/drive/MyDrive/TrafficCameraData1/data/cam2/cam2_20260109_064311.jpg,0
2026-01-09T06:43:12.279591,cam3,/content/drive/MyDrive/TrafficCameraData1/data/cam3/cam3_20260109_064312.jpg,0
2026-01-09T06:43:13.343646,cam4,/content/drive/MyDrive/TrafficCameraData1/data/cam4/cam4_20260109_064313.jpg,0
2026-01-09T06:43:14.150111,cam5,/content/drive/MyDrive/TrafficCameraData1/data/cam5/cam5_20260109_064314.jpg,0
2026-01-09T06:43:14.741855,cam6,/content/drive/MyDrive/TrafficCameraData1/data/cam6/cam6_20260109_064314.jpg,0
2026-01-09T06:43:15.549333,cam7,/content/drive/MyDrive/TrafficCameraData1/data/cam7/cam7_20260109_064315.jpg,0
2026-01-09T06:43:16.367809,cam8,/content/drive/MyDrive/TrafficCameraData1/data/cam8/cam8_20260109_064316.jpg,0
2026-01-09T06:48:10.200142,cam1,/content/drive/MyDrive/TrafficCameraData1/data/cam1/cam1_20260109_064810.jpg,0
2026-01-09T06:48:12.024583,cam2,/content/drive/MyDrive/TrafficCameraData1/data/cam2/cam2_20260109_064812.jpg,0
2026-01-09T06:48:13.948240,cam3,/content/drive/MyDrive/TrafficCameraData1/data/cam3/cam3_20260109_064813.jpg,0
2026-01-09T06:48:15.475352,cam4,/content/drive/MyDrive/TrafficCameraData1/data/cam4/cam4_20260109_064815.jpg,0
2026-01-09T06:48:16.326046,cam5,/content/drive/MyDrive/TrafficCameraData1/data/cam5/cam5_20260109_064816.jpg,0
2026-01-09T06:48:17.434770,cam6,/content/drive/MyDrive/TrafficCameraData1/data/cam6/cam6_20260109_064817.jpg,0
2026-01-09T06:48:18.463375,cam7,/content/drive/MyDrive/TrafficCameraData1/data/cam7/cam7_20260109_064818.jpg,0
2026-01-09T06:48:21.621458,cam8,/content/drive/MyDrive/TrafficCameraData1/data/cam8/cam8_20260109_064821.jpg,0
2026-01-09T06:53:10.200341,cam1,/content/drive/MyDrive/TrafficCameraData1/data/cam1/cam1_20260109_065310.jpg,0
2026-01-09T06:53:11.097174,cam2,/content/drive/MyDrive/TrafficCameraData1/data/cam2/cam2_20260109_065311.jpg,0
2026-01-09T06:53:11.901042,cam3,/content/drive/MyDrive/TrafficCameraData1/data/cam3/cam3_20260109_065311.jpg,0
2026-01-09T06:53:12.703551,cam4,/content/drive/MyDrive/TrafficCameraData1/data/cam4/cam4_20260109_065312.jpg,0
2026-01-09T06:53:13.517965,cam5,/content/drive/MyDrive/TrafficCameraData1/data/cam5/cam5_20260109_065313.jpg,0
2026-01-09T06:53:14.098315,cam6,/content/drive/MyDrive/TrafficCameraData1/data/cam6/cam6_20260109_065314.jpg,0
2026-01-09T06:53:14.908072,cam7,/content/drive/MyDrive/TrafficCameraData1/data/cam7/cam7_20260109_065314.jpg,0
2026-01-09T06:53:15.775149,cam8,/content/drive/MyDrive/TrafficCameraData1/data/cam8/cam8_20260109_065315.jpg,0
2026-01-09T06:58:10.201248,cam1,/content/drive/MyDrive/TrafficCameraData1/data/cam1/cam1_20260109_065810.jpg,0
2026-01-09T06:58:11.476592,cam2,/content/drive/MyDrive/TrafficCameraData1/data/cam2/cam2_20260109_065811.jpg,0
2026-01-09T06:58:13.409628,cam3,/content/drive/MyDrive/TrafficCameraData1/data/cam3/cam3_20260109_065813.jpg,0
2026-01-09T06:58:14.238959,cam4,/content/drive/MyDrive/TrafficCameraData1/data/cam4/cam4_20260109_065814.jpg,0
2026-01-09T06:58:15.040968,cam5,/content/drive/MyDrive/TrafficCameraData1/data/cam5/cam5_20260109_065815.jpg,0
2026-01-09T06:58:15.645906,cam6,/content/drive/MyDrive/TrafficCameraData1/data/cam6/cam6_20260109_065815.jpg,0
2026-01-09T06:58:16.446074,cam7,/content/drive/MyDrive/TrafficCameraData1/data/cam7/cam7_20260109_065816.jpg,0
2026-01-09T06:58:17.267512,cam8,/content/drive/MyDrive/TrafficCameraData1/data/cam8/cam8_20260109_065817.jpg,0
2026-01-09T07:03:10.201147,cam1,/content/drive/MyDrive/TrafficCameraData1/data/cam1/cam1_20260109_070310.jpg,0
2026-01-09T07:03:11.260836,cam2,/content/drive/MyDrive/TrafficCameraData1/data/cam2/cam2_20260109_070311.jpg,0
2026-01-09T07:03:12.320815,cam3,/content/drive/MyDrive/TrafficCameraData1/data/cam3/cam3_20260109_070312.jpg,0
2026-01-09T07:03:13.272848,cam4,/content/drive/MyDrive/TrafficCameraData1/data/cam4/cam4_20260109_070313.jpg,0
2026-01-09T07:03:14.634384,cam5,/content/drive/MyDrive/TrafficCameraData1/data/cam5/cam5_20260109_070314.jpg,0
2026-01-09T07:03:15.431354,cam6,/content/drive/MyDrive/TrafficCameraData1/data/cam6/cam6_20260109_070315.jpg,0
2026-01-09T07:03:16.233499,cam7,/content/drive/MyDrive/TrafficCameraData1/data/cam7/cam7_20260109_070316.jpg,0
2026-01-09T07:03:17.046654,cam8,/content/drive/MyDrive/TrafficCameraData1/data/cam8/cam8_20260109_070317.jpg,0
2026-01-09T07:08:10.201352,cam1,/content/drive/MyDrive/TrafficCameraData1/data/cam1/cam1_20260109_070810.jpg,0
2026-01-09T07:08:11.325117,cam2,/content/drive/MyDrive/TrafficCameraData1/data/cam2/cam2_20260109_070811.jpg,0
2026-01-09T07:08:12.447838,cam3,/content/drive/MyDrive/TrafficCameraData1/data/cam3/cam3_20260109_070812.jpg,0
2026-01-09T07:08:13.375783,cam4,/content/drive/MyDrive/TrafficCameraData1/data/cam4/cam4_20260109_070813.jpg,0
2026-01-09T07:08:15.325663,cam5,/content/drive/MyDrive/TrafficCameraData1/data/cam5/cam5_20260109_070815.jpg,0
2026-01-09T07:08:16.285511,cam6,/content/drive/MyDrive/TrafficCameraData1/data/cam6/cam6_20260109_070816.jpg,0
2026-01-09T07:08:17.197908,cam7,/content/drive/MyDrive/TrafficCameraData1/data/cam7/cam7_20260109_070817.jpg,0
2026-01-09T07:08:18.084051,cam8,/content/drive/MyDrive/TrafficCameraData1/data/cam8/cam8_20260109_070818.jpg,0
2026-01-09T07:13:10.201886,cam1,/content/drive/MyDrive/TrafficCameraData1/data/cam1/cam1_20260109_071310.jpg,0
2026-01-09T07:13:11.288104,cam2,/content/drive/MyDrive/TrafficCameraData1/data/cam2/cam2_20260109_071311.jpg,0
2026-01-09T07:13:12.091754,cam3,/content/drive/MyDrive/TrafficCameraData1/data/cam3/cam3_20260109_071312.jpg,0
2026-01-09T07:13:13.489626,cam4,/content/drive/MyDrive/TrafficCameraData1/data/cam4/cam4_20260109_071313.jpg,0
2026-01-09T07:13:14.340338,cam5,/content/drive/MyDrive/TrafficCameraData1/data/cam5/cam5_20260109_071314.jpg,0
2026-01-09T07:13:15.136248,cam6,/content/drive/MyDrive/TrafficCameraData1/data/cam6/cam6_20260109_071315.jpg,0
2026-01-09T07:13:16.045650,cam7,/content/drive/MyDrive/TrafficCameraData1/data/cam7/cam7_20260109_071316.jpg,0
2026-01-09T07:13:17.396418,cam8,/content/drive/MyDrive/TrafficCameraData1/data/cam8/cam8_20260109_071317.jpg,0
2026-01-09T07:18:10.201886,cam1,/content/drive/MyDrive/TrafficCameraData1/data/cam1/cam1_20260109_071810.jpg,0
2026-01-09T07:18:11.244776,cam2,/content/drive/MyDrive/TrafficCameraData1/data/cam2/cam2_20260109_071811.jpg,0
2026-01-09T07:18:12.053546,cam3,/content/drive/MyDrive/TrafficCameraData1/data/cam3/cam3_20260109_071812.jpg,0
2026-01-09T07:18:12.886632,cam4,/content/drive/MyDrive/TrafficCameraData1/data/cam4/cam4_20260109_071812.jpg,0
2026-01-09T07:18:13.723790,cam5,/content/drive/MyDrive/TrafficCameraData1/data/cam5/cam5_20260109_071813.jpg,0
2026-01-09T07:18:14.636478,cam6,/content/drive/MyDrive/TrafficCameraData1/data/cam6/cam6_20260109_071814.jpg,0
2026-01-09T07:18:15.979272,cam7,/content/drive/MyDrive/TrafficCameraData1/data/cam7/cam7_20260109_071815.jpg,0
2026-01-09T07:18:16.883276,cam8,/content/drive/MyDrive/TrafficCameraData1/data/cam8/cam8_20260109_071816.jpg,0
2026-01-09T07:23:10.202214,cam1,/content/drive/MyDrive/TrafficCameraData1/data/cam1/cam1_20260109_072310.jpg,0
2026-01-09T07:23:11.271960,cam2,/content/drive/MyDrive/TrafficCameraData1/data/cam2/cam2_20260109_072311.jpg,0
2026-01-09T07:23:12.301798,cam3,/content/drive/MyDrive/TrafficCameraData1/data/cam3/cam3_20260109_072312.jpg,0
2026-01-09T07:23:13.365278,cam4,/content/drive/MyDrive/TrafficCameraData1/data/cam4/cam4_20260109_072313.jpg,0
2026-01-09T07:23:14.892793,cam5,/content/drive/MyDrive/TrafficCameraData1/data/cam5/cam5_20260109_072314.jpg,0
2026-01-09T07:23:15.692082,cam6,/content/drive/MyDrive/TrafficCameraData1/data/cam6/cam6_20260109_072315.jpg,0
2026-01-09T07:23:16.504843,cam7,/content/drive/MyDrive/TrafficCameraData1/data/cam7/cam7_20260109_072316.jpg,0
2026-01-09T07:23:17.322352,cam8,/content/drive/MyDrive/TrafficCameraData1/data/cam8/cam8_20260109_072317.jpg,0
2026-01-09T07:28:10.202478,cam1,/content/drive/MyDrive/TrafficCameraData1/data/cam1/cam1_20260109_072810.jpg,0
2026-01-09T07:28:11.252498,cam2,/content/drive/MyDrive/TrafficCameraData1/data/cam2/cam2_20260109_072811.jpg,0
2026-01-09T07:28:12.048991,cam3,/content/drive/MyDrive/TrafficCameraData1/data/cam3/cam3_20260109_072812.jpg,0
2026-01-09T07:28:13.011595,cam4,/content/drive/MyDrive/TrafficCameraData1/data/cam4/cam4_20260109_072813.jpg,0
2026-01-09T07:28:14.295051,cam5,/content/drive/MyDrive/TrafficCameraData1/data/cam5/cam5_20260109_072814.jpg,0
2026-01-09T07:28:15.705634,cam6,/content/drive/MyDrive/TrafficCameraData1/data/cam6/cam6_20260109_072815.jpg,0
2026-01-09T07:28:17.347319,cam7,/content/drive/MyDrive/TrafficCameraData1/data/cam7/cam7_20260109_072817.jpg,0
2026-01-09T07:28:21.525306,cam8,/content/drive/MyDrive/TrafficCameraData1/data/cam8/cam8_20260109_072821.jpg,0
2026-01-09T07:33:10.202893,cam1,/content/drive/MyDrive/TrafficCameraData1/data/cam1/cam1_20260109_073310.jpg,0
2026-01-09T07:33:11.263187,cam2,/content/drive/MyDrive/TrafficCameraData1/data/cam2/cam2_20260109_073311.jpg,0
2026-01-09T07:33:12.317839,cam3,/content/drive/MyDrive/TrafficCameraData1/data/cam3/cam3_20260109_073312.jpg,0
2026-01-09T07:33:13.385716,cam4,/content/drive/MyDrive/TrafficCameraData1/data/cam4/cam4_20260109_073313.jpg,0
2026-01-09T07:33:14.435591,cam5,/content/drive/MyDrive/TrafficCameraData1/data/cam5/cam5_20260109_073314.jpg,0
2026-01-09T07:33:15.234787,cam6,/content/drive/MyDrive/TrafficCameraData1/data/cam6/cam6_20260109_073315.jpg,0
2026-01-09T07:33:16.035776,cam7,/content/drive/MyDrive/TrafficCameraData1/data/cam7/cam7_20260109_073316.jpg,0
2026-01-09T07:33:16.900245,cam8,/content/drive/MyDrive/TrafficCameraData1/data/cam8/cam8_20260109_073316.jpg,0
2026-01-09T07:38:10.202979,cam1,/content/drive/MyDrive/TrafficCameraData1/data/cam1/cam1_20260109_073810.jpg,0
2026-01-09T07:38:11.230766,cam2,/content/drive/MyDrive/TrafficCameraData1/data/cam2/cam2_20260109_073811.jpg,0
2026-01-09T07:38:12.031186,cam3,/content/drive/MyDrive/TrafficCameraData1/data/cam3/cam3_20260109_073812.jpg,0
2026-01-09T07:38:12.847034,cam4,/content/drive/MyDrive/TrafficCameraData1/data/cam4/cam4_20260109_073812.jpg,0
2026-01-09T07:38:13.675901,cam5,/content/drive/MyDrive/TrafficCameraData1/data/cam5/cam5_20260109_073813.jpg,0
2026-01-09T07:38:14.555482,cam6,/content/drive/MyDrive/TrafficCameraData1/data/cam6/cam6_20260109_073814.jpg,0
2026-01-09T07:38:15.364579,cam7,/content/drive/MyDrive/TrafficCameraData1/data/cam7/cam7_20260109_073815.jpg,0
2026-01-09T07:38:16.190155,cam8,/content/drive/MyDrive/TrafficCameraData1/data/cam8/cam8_20260109_073816.jpg,0
2026-01-09T07:43:10.204205,cam1,/content/drive/MyDrive/TrafficCameraData1/data/cam1/cam1_20260109_074310.jpg,0
2026-01-09T07:43:11.272059,cam2,/content/drive/MyDrive/TrafficCameraData1/data/cam2/cam2_20260109_074311.jpg,0
2026-01-09T07:43:12.589978,cam3,/content/drive/MyDrive/TrafficCameraData1/data/cam3/cam3_20260109_074312.jpg,0
2026-01-09T07:43:13.546932,cam4,/content/drive/MyDrive/TrafficCameraData1/data/cam4/cam4_20260109_074313.jpg,0
2026-01-09T07:43:14.892958,cam5,/content/drive/MyDrive/TrafficCameraData1/data/cam5/cam5_20260109_074314.jpg,0
2026-01-09T07:43:15.688571,cam6,/content/drive/MyDrive/TrafficCameraData1/data/cam6/cam6_20260109_074315.jpg,0
2026-01-09T07:43:16.522117,cam7,/content/drive/MyDrive/TrafficCameraData1/data/cam7/cam7_20260109_074316.jpg,0
2026-01-09T07:43:17.370821,cam8,/content/drive/MyDrive/TrafficCameraData1/data/cam8/cam8_20260109_074317.jpg,0
2026-01-09T07:48:10.203728,cam1,/content/drive/MyDrive/TrafficCameraData1/data/cam1/cam1_20260109_074810.jpg,0
2026-01-09T07:48:11.141491,cam2,/content/drive/MyDrive/TrafficCameraData1/data/cam2/cam2_20260109_074811.jpg,0
2026-01-09T07:48:11.940682,cam3,/content/drive/MyDrive/TrafficCameraData1/data/cam3/cam3_20260109_074811.jpg,0
2026-01-09T07:48:12.748341,cam4,/content/drive/MyDrive/TrafficCameraData1/data/cam4/cam4_20260109_074812.jpg,0
2026-01-09T07:48:13.790799,cam5,/content/drive/MyDrive/TrafficCameraData1/data/cam5/cam5_20260109_074813.jpg,0
2026-01-09T07:48:14.628539,cam6,/content/drive/MyDrive/TrafficCameraData1/data/cam6/cam6_20260109_074814.jpg,0
2026-01-09T07:48:15.446626,cam7,/content/drive/MyDrive/TrafficCameraData1/data/cam7/cam7_20260109_074815.jpg,0
2026-01-09T07:48:16.246193,cam8,/content/drive/MyDrive/TrafficCameraData1/data/cam8/cam8_20260109_074816.jpg,0
2026-01-09T08:24:44.922071,cam1,/content/drive/MyDrive/TrafficCameraData1/data/cam1/cam1_20260109_082444.jpg,0
2026-01-09T08:24:45.505190,cam2,/content/drive/MyDrive/TrafficCameraData1/data/cam2/cam2_20260109_082445.jpg,0
2026-01-09T08:24:46.085181,cam3,/content/drive/MyDrive/TrafficCameraData1/data/cam3/cam3_20260109_082446.jpg,0
2026-01-09T08:24:46.901481,cam4,/content/drive/MyDrive/TrafficCameraData1/data/cam4/cam4_20260109_082446.jpg,0
2026-01-09T08:24:47.718899,cam5,/content/drive/MyDrive/TrafficCameraData1/data/cam5/cam5_20260109_082447.jpg,0
2026-01-09T08:24:48.294323,cam6,/content/drive/MyDrive/TrafficCameraData1/data/cam6/cam6_20260109_082448.jpg,0
2026-01-09T08:24:49.093319,cam7,/content/drive/MyDrive/TrafficCameraData1/data/cam7/cam7_20260109_082449.jpg,0
2026-01-09T08:24:49.902727,cam8,/content/drive/MyDrive/TrafficCameraData1/data/cam8/cam8_20260109_082449.jpg,0
2026-01-09T08:29:44.922622,cam1,/content/drive/MyDrive/TrafficCameraData1/data/cam1/cam1_20260109_082944.jpg,0
2026-01-09T08:29:45.949527,cam2,/content/drive/MyDrive/TrafficCameraData1/data/cam2/cam2_20260109_082945.jpg,0
2026-01-09T08:29:46.775806,cam3,/content/drive/MyDrive/TrafficCameraData1/data/cam3/cam3_20260109_082946.jpg,0
2026-01-09T08:29:47.590548,cam4,/content/drive/MyDrive/TrafficCameraData1/data/cam4/cam4_20260109_082947.jpg,0
2026-01-09T08:29:48.410975,cam5,/content/drive/MyDrive/TrafficCameraData1/data/cam5/cam5_20260109_082948.jpg,0
2026-01-09T08:29:48.995184,cam6,/content/drive/MyDrive/TrafficCameraData1/data/cam6/cam6_20260109_082948.jpg,0
2026-01-09T08:29:49.794680,cam7,/content/drive/MyDrive/TrafficCameraData1/data/cam7/cam7_20260109_082949.jpg,0
2026-01-09T08:29:50.661288,cam8,/content/drive/MyDrive/TrafficCameraData1/data/cam8/cam8_20260109_082950.jpg,0
2026-01-09T08:34:44.922765,cam1,/content/drive/MyDrive/TrafficCameraData1/data/cam1/cam1_20260109_083444.jpg,0
2026-01-09T08:34:45.956939,cam2,/content/drive/MyDrive/TrafficCameraData1/data/cam2/cam2_20260109_083445.jpg,0
2026-01-09T08:34:46.755926,cam3,/content/drive/MyDrive/TrafficCameraData1/data/cam3/cam3_20260109_083446.jpg,0
2026-01-09T08:34:47.563126,cam4,/content/drive/MyDrive/TrafficCameraData1/data/cam4/cam4_20260109_083447.jpg,0
2026-01-09T08:34:48.376064,cam5,/content/drive/MyDrive/TrafficCameraData1/data/cam5/cam5_20260109_083448.jpg,0
2026-01-09T08:34:48.950553,cam6,/content/drive/MyDrive/TrafficCameraData1/data/cam6/cam6_20260109_083448.jpg,0
2026-01-09T08:34:49.854683,cam7,/content/drive/MyDrive/TrafficCameraData1/data/cam7/cam7_20260109_083449.jpg,0
2026-01-09T08:34:50.654597,cam8,/content/drive/MyDrive/TrafficCameraData1/data/cam8/cam8_20260109_083450.jpg,0
2026-01-09T08:39:44.923100,cam1,/content/drive/MyDrive/TrafficCameraData1/data/cam1/cam1_20260109_083944.jpg,0
2026-01-09T08:39:45.953418,cam2,/content/drive/MyDrive/TrafficCameraData1/data/cam2/cam2_20260109_083945.jpg,0
2026-01-09T08:39:46.762063,cam3,/content/drive/MyDrive/TrafficCameraData1/data/cam3/cam3_20260109_083946.jpg,0
2026-01-09T08:39:47.577829,cam4,/content/drive/MyDrive/TrafficCameraData1/data/cam4/cam4_20260109_083947.jpg,0
2026-01-09T08:39:48.380058,cam5,/content/drive/MyDrive/TrafficCameraData1/data/cam5/cam5_20260109_083948.jpg,0
2026-01-09T08:39:49.000985,cam6,/content/drive/MyDrive/TrafficCameraData1/data/cam6/cam6_20260109_083949.jpg,0
2026-01-09T08:39:49.802325,cam7,/content/drive/MyDrive/TrafficCameraData1/data/cam7/cam7_20260109_083949.jpg,0
2026-01-09T08:39:50.628506,cam8,/content/drive/MyDrive/TrafficCameraData1/data/cam8/cam8_20260109_083950.jpg,0
2026-01-09T08:44:44.925093,cam1,/content/drive/MyDrive/TrafficCameraData1/data/cam1/cam1_20260109_084444.jpg,0
2026-01-09T08:44:45.954887,cam2,/content/drive/MyDrive/TrafficCameraData1/data/cam2/cam2_20260109_084445.jpg,0
2026-01-09T08:44:46.760171,cam3,/content/drive/MyDrive/TrafficCameraData1/data/cam3/cam3_20260109_084446.jpg,0
2026-01-09T08:44:47.574314,cam4,/content/drive/MyDrive/TrafficCameraData1/data/cam4/cam4_20260109_084447.jpg,0
2026-01-09T08:44:48.370807,cam5,/content/drive/MyDrive/TrafficCameraData1/data/cam5/cam5_20260109_084448.jpg,0
2026-01-09T08:44:49.180263,cam6,/content/drive/MyDrive/TrafficCameraData1/data/cam6/cam6_20260109_084449.jpg,0
2026-01-09T08:44:49.978828,cam7,/content/drive/MyDrive/TrafficCameraData1/data/cam7/cam7_20260109_084449.jpg,0
2026-01-09T08:44:50.786662,cam8,/content/drive/MyDrive/TrafficCameraData1/data/cam8/cam8_20260109_084450.jpg,0
2026-01-09T08:49:44.923431,cam1,/content/drive/MyDrive/TrafficCameraData1/data/cam1/cam1_20260109_084944.jpg,0
2026-01-09T08:49:45.943161,cam2,/content/drive/MyDrive/TrafficCameraData1/data/cam2/cam2_20260109_084945.jpg,0
2026-01-09T08:49:46.760511,cam3,/content/drive/MyDrive/TrafficCameraData1/data/cam3/cam3_20260109_084946.jpg,0
2026-01-09T08:49:47.614135,cam4,/content/drive/MyDrive/TrafficCameraData1/data/cam4/cam4_20260109_084947.jpg,0
2026-01-09T08:49:48.429951,cam5,/content/drive/MyDrive/TrafficCameraData1/data/cam5/cam5_20260109_084948.jpg,0
2026-01-09T08:49:49.228417,cam6,/content/drive/MyDrive/TrafficCameraData1/data/cam6/cam6_20260109_084949.jpg,0
2026-01-09T08:49:50.028023,cam7,/content/drive/MyDrive/TrafficCameraData1/data/cam7/cam7_20260109_084950.jpg,0
2026-01-09T08:49:50.831179,cam8,/content/drive/MyDrive/TrafficCameraData1/data/cam8/cam8_20260109_084950.jpg,0
2026-01-09T08:54:44.923782,cam1,/content/drive/MyDrive/TrafficCameraData1/data/cam1/cam1_20260109_085444.jpg,0
2026-01-09T08:54:45.721244,cam2,/content/drive/MyDrive/TrafficCameraData1/data/cam2/cam2_20260109_085445.jpg,0
2026-01-09T08:54:46.558871,cam3,/content/drive/MyDrive/TrafficCameraData1/data/cam3/cam3_20260109_085446.jpg,0
2026-01-09T08:54:47.370067,cam4,/content/drive/MyDrive/TrafficCameraData1/data/cam4/cam4_20260109_085447.jpg,0
2026-01-09T08:54:48.169375,cam5,/content/drive/MyDrive/TrafficCameraData1/data/cam5/cam5_20260109_085448.jpg,0
2026-01-09T08:54:49.712522,cam6,/content/drive/MyDrive/TrafficCameraData1/data/cam6/cam6_20260109_085449.jpg,0
2026-01-09T08:54:50.508655,cam7,/content/drive/MyDrive/TrafficCameraData1/data/cam7/cam7_20260109_085450.jpg,0
2026-01-09T08:54:51.420328,cam8,/content/drive/MyDrive/TrafficCameraData1/data/cam8/cam8_20260109_085451.jpg,0
2026-01-09T08:59:44.924434,cam1,/content/drive/MyDrive/TrafficCameraData1/data/cam1/cam1_20260109_085944.jpg,0
2026-01-09T08:59:45.983898,cam2,/content/drive/MyDrive/TrafficCameraData1/data/cam2/cam2_20260109_085945.jpg,0
2026-01-09T08:59:46.789962,cam3,/content/drive/MyDrive/TrafficCameraData1/data/cam3/cam3_20260109_085946.jpg,0
2026-01-09T08:59:47.599610,cam4,/content/drive/MyDrive/TrafficCameraData1/data/cam4/cam4_20260109_085947.jpg,0
2026-01-09T08:59:48.603327,cam5,/content/drive/MyDrive/TrafficCameraData1/data/cam5/cam5_20260109_085948.jpg,0
2026-01-09T08:59:49.408048,cam6,/content/drive/MyDrive/TrafficCameraData1/data/cam6/cam6_20260109_085949.jpg,0
2026-01-09T08:59:50.210028,cam7,/content/drive/MyDrive/TrafficCameraData1/data/cam7/cam7_20260109_085950.jpg,0
2026-01-09T08:59:51.011745,cam8,/content/drive/MyDrive/TrafficCameraData1/data/cam8/cam8_20260109_085951.jpg,0
2026-01-09T09:04:44.924033,cam1,/content/drive/MyDrive/TrafficCameraData1/data/cam1/cam1_20260109_090444.jpg,0
2026-01-09T09:04:52.101715,cam2,/content/drive/MyDrive/TrafficCameraData1/data/cam2/cam2_20260109_090452.jpg,0
2026-01-09T09:04:52.937865,cam3,/content/drive/MyDrive/TrafficCameraData1/data/cam3/cam3_20260109_090452.jpg,0
2026-01-09T09:04:53.740316,cam4,/content/drive/MyDrive/TrafficCameraData1/data/cam4/cam4_20260109_090453.jpg,0
2026-01-09T09:04:54.597236,cam5,/content/drive/MyDrive/TrafficCameraData1/data/cam5/cam5_20260109_090454.jpg,0
2026-01-09T09:04:55.402747,cam6,/content/drive/MyDrive/TrafficCameraData1/data/cam6/cam6_20260109_090455.jpg,0
2026-01-09T09:04:56.236657,cam7,/content/drive/MyDrive/TrafficCameraData1/data/cam7/cam7_20260109_090456.jpg,0
2026-01-09T09:04:57.050979,cam8,/content/drive/MyDrive/TrafficCameraData1/data/cam8/cam8_20260109_090457.jpg,0
2026-01-09T09:09:44.924745,cam1,/content/drive/MyDrive/TrafficCameraData1/data/cam1/cam1_20260109_090944.jpg,0
2026-01-09T09:09:45.949258,cam2,/content/drive/MyDrive/TrafficCameraData1/data/cam2/cam2_20260109_090945.jpg,0
2026-01-09T09:09:46.833338,cam3,/content/drive/MyDrive/TrafficCameraData1/data/cam3/cam3_20260109_090946.jpg,0
2026-01-09T09:09:47.644455,cam4,/content/drive/MyDrive/TrafficCameraData1/data/cam4/cam4_20260109_090947.jpg,0
2026-01-09T09:09:48.686700,cam5,/content/drive/MyDrive/TrafficCameraData1/data/cam5/cam5_20260109_090948.jpg,0
2026-01-09T09:09:49.645075,cam6,/content/drive/MyDrive/TrafficCameraData1/data/cam6/cam6_20260109_090949.jpg,0
2026-01-09T09:09:50.443931,cam7,/content/drive/MyDrive/TrafficCameraData1/data/cam7/cam7_20260109_090950.jpg,0
2026-01-09T09:09:51.245005,cam8,/content/drive/MyDrive/TrafficCameraData1/data/cam8/cam8_20260109_090951.jpg,0
2026-01-09T09:14:44.925289,cam1,/content/drive/MyDrive/TrafficCameraData1/data/cam1/cam1_20260109_091444.jpg,0
2026-01-09T09:14:45.978664,cam2,/content/drive/MyDrive/TrafficCameraData1/data/cam2/cam2_20260109_091445.jpg,0
2026-01-09T09:14:46.779205,cam3,/content/drive/MyDrive/TrafficCameraData1/data/cam3/cam3_20260109_091446.jpg,0
2026-01-09T09:14:47.844586,cam4,/content/drive/MyDrive/TrafficCameraData1/data/cam4/cam4_20260109_091447.jpg,0
2026-01-09T09:14:48.658187,cam5,/content/drive/MyDrive/TrafficCameraData1/data/cam5/cam5_20260109_091448.jpg,0
2026-01-09T09:14:49.460852,cam6,/content/drive/MyDrive/TrafficCameraData1/data/cam6/cam6_20260109_091449.jpg,0
2026-01-09T09:14:50.366686,cam7,/content/drive/MyDrive/TrafficCameraData1/data/cam7/cam7_20260109_091450.jpg,0
2026-01-09T09:14:51.168181,cam8,/content/drive/MyDrive/TrafficCameraData1/data/cam8/cam8_20260109_091451.jpg,0
2026-01-09T09:19:44.925243,cam1,/content/drive/MyDrive/TrafficCameraData1/data/cam1/cam1_20260109_091944.jpg,0
2026-01-09T09:19:45.963794,cam2,/content/drive/MyDrive/TrafficCameraData1/data/cam2/cam2_20260109_091945.jpg,0
2026-01-09T09:19:46.791278,cam3,/content/drive/MyDrive/TrafficCameraData1/data/cam3/cam3_20260109_091946.jpg,0
2026-01-09T09:19:47.598119,cam4,/content/drive/MyDrive/TrafficCameraData1/data/cam4/cam4_20260109_091947.jpg,0
2026-01-09T09:19:48.399559,cam5,/content/drive/MyDrive/TrafficCameraData1/data/cam5/cam5_20260109_091948.jpg,0
2026-01-09T09:19:49.003240,cam6,/content/drive/MyDrive/TrafficCameraData1/data/cam6/cam6_20260109_091949.jpg,0
2026-01-09T09:19:49.800627,cam7,/content/drive/MyDrive/TrafficCameraData1/data/cam7/cam7_20260109_091949.jpg,0
2026-01-09T09:19:50.604264,cam8,/content/drive/MyDrive/TrafficCameraData1/data/cam8/cam8_20260109_091950.jpg,0
2026-01-09T09:24:44.925455,cam1,/content/drive/MyDrive/TrafficCameraData1/data/cam1/cam1_20260109_092444.jpg,0
2026-01-09T09:24:45.973853,cam2,/content/drive/MyDrive/TrafficCameraData1/data/cam2/cam2_20260109_092445.jpg,0
2026-01-09T09:24:46.766381,cam3,/content/drive/MyDrive/TrafficCameraData1/data/cam3/cam3_20260109_092446.jpg,0
2026-01-09T09:24:47.757223,cam4,/content/drive/MyDrive/TrafficCameraData1/data/cam4/cam4_20260109_092447.jpg,0
2026-01-09T09:24:48.594584,cam5,/content/drive/MyDrive/TrafficCameraData1/data/cam5/cam5_20260109_092448.jpg,0
2026-01-09T09:24:50.532250,cam6,/content/drive/MyDrive/TrafficCameraData1/data/cam6/cam6_20260109_092450.jpg,0
2026-01-09T09:24:51.377178,cam7,/content/drive/MyDrive/TrafficCameraData1/data/cam7/cam7_20260109_092451.jpg,0
2026-01-09T09:24:52.191426,cam8,/content/drive/MyDrive/TrafficCameraData1/data/cam8/cam8_20260109_092452.jpg,0
2026-01-09T09:29:44.925776,cam1,/content/drive/MyDrive/TrafficCameraData1/data/cam1/cam1_20260109_092944.jpg,0
2026-01-09T09:29:45.972098,cam2,/content/drive/MyDrive/TrafficCameraData1/data/cam2/cam2_20260109_092945.jpg,0
2026-01-09T09:29:46.769968,cam3,/content/drive/MyDrive/TrafficCameraData1/data/cam3/cam3_20260109_092946.jpg,0
2026-01-09T09:29:47.581093,cam4,/content/drive/MyDrive/TrafficCameraData1/data/cam4/cam4_20260109_092947.jpg,0
2026-01-09T09:29:48.406315,cam5,/content/drive/MyDrive/TrafficCameraData1/data/cam5/cam5_20260109_092948.jpg,0
2026-01-09T09:29:49.008258,cam6,/content/drive/MyDrive/TrafficCameraData1/data/cam6/cam6_20260109_092949.jpg,0
2026-01-09T09:29:49.814603,cam7,/content/drive/MyDrive/TrafficCameraData1/data/cam7/cam7_20260109_092949.jpg,0
2026-01-09T09:29:50.628887,cam8,/content/drive/MyDrive/TrafficCameraData1/data/cam8/cam8_20260109_092950.jpg,0
2026-01-09T09:34:44.925980,cam1,/content/drive/MyDrive/TrafficCameraData1/data/cam1/cam1_20260109_093444.jpg,0
2026-01-09T09:34:45.950631,cam2,/content/drive/MyDrive/TrafficCameraData1/data/cam2/cam2_20260109_093445.jpg,0
2026-01-09T09:34:46.833138,cam3,/content/drive/MyDrive/TrafficCameraData1/data/cam3/cam3_20260109_093446.jpg,0
2026-01-09T09:34:47.637727,cam4,/content/drive/MyDrive/TrafficCameraData1/data/cam4/cam4_20260109_093447.jpg,0
2026-01-09T09:34:48.441868,cam5,/content/drive/MyDrive/TrafficCameraData1/data/cam5/cam5_20260109_093448.jpg,0
2026-01-09T09:35:00.640782,cam6,/content/drive/MyDrive/TrafficCameraData1/data/cam6/cam6_20260109_093500.jpg,0
2026-01-09T09:35:09.936897,cam7,/content/drive/MyDrive/TrafficCameraData1/data/cam7/cam7_20260109_093509.jpg,0
2026-01-09T09:35:10.735296,cam8,/content/drive/MyDrive/TrafficCameraData1/data/cam8/cam8_20260109_093510.jpg,0
2026-01-09T09:39:44.926317,cam1,/content/drive/MyDrive/TrafficCameraData1/data/cam1/cam1_20260109_093944.jpg,0
2026-01-09T09:39:45.954459,cam2,/content/drive/MyDrive/TrafficCameraData1/data/cam2/cam2_20260109_093945.jpg,0
2026-01-09T09:39:46.768599,cam3,/content/drive/MyDrive/TrafficCameraData1/data/cam3/cam3_20260109_093946.jpg,0
2026-01-09T09:39:47.581434,cam4,/content/drive/MyDrive/TrafficCameraData1/data/cam4/cam4_20260109_093947.jpg,0
2026-01-09T09:39:52.576221,cam5,/content/drive/MyDrive/TrafficCameraData1/data/cam5/cam5_20260109_093952.jpg,0
2026-01-09T09:39:53.383547,cam6,/content/drive/MyDrive/TrafficCameraData1/data/cam6/cam6_20260109_093953.jpg,0
2026-01-09T09:39:55.251950,cam7,/content/drive/MyDrive/TrafficCameraData1/data/cam7/cam7_20260109_093955.jpg,0
2026-01-09T09:39:56.060152,cam8,/content/drive/MyDrive/TrafficCameraData1/data/cam8/cam8_20260109_093956.jpg,0
2026-01-09T09:44:44.926508,cam1,/content/drive/MyDrive/TrafficCameraData1/data/cam1/cam1_20260109_094444.jpg,0
2026-01-09T09:44:45.980754,cam2,/content/drive/MyDrive/TrafficCameraData1/data/cam2/cam2_20260109_094445.jpg,0
2026-01-09T09:44:46.799610,cam3,/content/drive/MyDrive/TrafficCameraData1/data/cam3/cam3_20260109_094446.jpg,0
2026-01-09T09:44:47.770779,cam4,/content/drive/MyDrive/TrafficCameraData1/data/cam4/cam4_20260109_094447.jpg,0
2026-01-09T09:44:48.588160,cam5,/content/drive/MyDrive/TrafficCameraData1/data/cam5/cam5_20260109_094448.jpg,0
2026-01-09T09:44:49.404660,cam6,/content/drive/MyDrive/TrafficCameraData1/data/cam6/cam6_20260109_094449.jpg,0
2026-01-09T09:44:50.226953,cam7,/content/drive/MyDrive/TrafficCameraData1/data/cam7/cam7_20260109_094450.jpg,0
2026-01-09T09:44:50.843151,cam8,/content/drive/MyDrive/TrafficCameraData1/data/cam8/cam8_20260109_094450.jpg,0
2026-01-09T09:49:44.926751,cam1,/content/drive/MyDrive/TrafficCameraData1/data/cam1/cam1_20260109_094944.jpg,0
2026-01-09T09:49:46.236370,cam2,/content/drive/MyDrive/TrafficCameraData1/data/cam2/cam2_20260109_094946.jpg,0
2026-01-09T09:49:48.054856,cam3,/content/drive/MyDrive/TrafficCameraData1/data/cam3/cam3_20260109_094948.jpg,0
2026-01-09T09:49:50.182791,cam4,/content/drive/MyDrive/TrafficCameraData1/data/cam4/cam4_20260109_094950.jpg,0
2026-01-09T09:49:51.239010,cam5,/content/drive/MyDrive/TrafficCameraData1/data/cam5/cam5_20260109_094951.jpg,0
2026-01-09T09:49:52.301457,cam6,/content/drive/MyDrive/TrafficCameraData1/data/cam6/cam6_20260109_094952.jpg,0
2026-01-09T09:49:53.620819,cam7,/content/drive/MyDrive/TrafficCameraData1/data/cam7/cam7_20260109_094953.jpg,0
2026-01-09T09:49:54.686607,cam8,/content/drive/MyDrive/TrafficCameraData1/data/cam8/cam8_20260109_094954.jpg,0
2026-01-09T09:54:44.927077,cam1,/content/drive/MyDrive/TrafficCameraData1/data/cam1/cam1_20260109_095444.jpg,0
2026-01-09T09:54:45.999917,cam2,/content/drive/MyDrive/TrafficCameraData1/data/cam2/cam2_20260109_095445.jpg,0
2026-01-09T09:54:46.925203,cam3,/content/drive/MyDrive/TrafficCameraData1/data/cam3/cam3_20260109_095446.jpg,0
2026-01-09T09:54:47.747502,cam4,/content/drive/MyDrive/TrafficCameraData1/data/cam4/cam4_20260109_095447.jpg,0
2026-01-09T09:54:48.562562,cam5,/content/drive/MyDrive/TrafficCameraData1/data/cam5/cam5_20260109_095448.jpg,0
2026-01-09T09:54:49.160297,cam6,/content/drive/MyDrive/TrafficCameraData1/data/cam6/cam6_20260109_095449.jpg,0
2026-01-09T09:54:49.971664,cam7,/content/drive/MyDrive/TrafficCameraData1/data/cam7/cam7_20260109_095449.jpg,0
2026-01-09T09:54:50.596118,cam8,/content/drive/MyDrive/TrafficCameraData1/data/cam8/cam8_20260109_095450.jpg,0
2026-01-09T09:59:44.927717,cam1,/content/drive/MyDrive/TrafficCameraData1/data/cam1/cam1_20260109_095944.jpg,0
2026-01-09T09:59:46.085769,cam2,/content/drive/MyDrive/TrafficCameraData1/data/cam2/cam2_20260109_095946.jpg,0
2026-01-09T09:59:48.008213,cam3,/content/drive/MyDrive/TrafficCameraData1/data/cam3/cam3_20260109_095948.jpg,0
2026-01-09T09:59:49.752147,cam4,/content/drive/MyDrive/TrafficCameraData1/data/cam4/cam4_20260109_095949.jpg,0
2026-01-09T09:59:50.595266,cam5,/content/drive/MyDrive/TrafficCameraData1/data/cam5/cam5_20260109_095950.jpg,0
2026-01-09T09:59:51.183775,cam6,/content/drive/MyDrive/TrafficCameraData1/data/cam6/cam6_20260109_095951.jpg,0
2026-01-09T09:59:51.996535,cam7,/content/drive/MyDrive/TrafficCameraData1/data/cam7/cam7_20260109_095951.jpg,0
2026-01-09T09:59:52.813177,cam8,/content/drive/MyDrive/TrafficCameraData1/data/cam8/cam8_20260109_095952.jpg,0
2026-01-09T10:04:44.927758,cam1,/content/drive/MyDrive/TrafficCameraData1/data/cam1/cam1_20260109_100444.jpg,0
2026-01-09T10:04:45.962743,cam2,/content/drive/MyDrive/TrafficCameraData1/data/cam2/cam2_20260109_100445.jpg,0
2026-01-09T10:04:46.774239,cam3,/content/drive/MyDrive/TrafficCameraData1/data/cam3/cam3_20260109_100446.jpg,0
2026-01-09T10:04:47.597346,cam4,/content/drive/MyDrive/TrafficCameraData1/data/cam4/cam4_20260109_100447.jpg,0
2026-01-09T10:04:48.400806,cam5,/content/drive/MyDrive/TrafficCameraData1/data/cam5/cam5_20260109_100448.jpg,0
2026-01-09T10:04:58.326221,cam6,/content/drive/MyDrive/TrafficCameraData1/data/cam6/cam6_20260109_100458.jpg,0
2026-01-09T10:04:59.128425,cam7,/content/drive/MyDrive/TrafficCameraData1/data/cam7/cam7_20260109_100459.jpg,0
2026-01-09T10:04:59.921288,cam8,/content/drive/MyDrive/TrafficCameraData1/data/cam8/cam8_20260109_100459.jpg,0
2026-01-09T10:09:44.927870,cam1,/content/drive/MyDrive/TrafficCameraData1/data/cam1/cam1_20260109_100944.jpg,0
2026-01-09T10:09:46.117363,cam2,/content/drive/MyDrive/TrafficCameraData1/data/cam2/cam2_20260109_100946.jpg,0
2026-01-09T10:09:46.927118,cam3,/content/drive/MyDrive/TrafficCameraData1/data/cam3/cam3_20260109_100946.jpg,0
2026-01-09T10:09:47.731092,cam4,/content/drive/MyDrive/TrafficCameraData1/data/cam4/cam4_20260109_100947.jpg,0
2026-01-09T10:09:48.534600,cam5,/content/drive/MyDrive/TrafficCameraData1/data/cam5/cam5_20260109_100948.jpg,0
2026-01-09T10:09:49.110534,cam6,/content/drive/MyDrive/TrafficCameraData1/data/cam6/cam6_20260109_100949.jpg,0
2026-01-09T10:09:49.915406,cam7,/content/drive/MyDrive/TrafficCameraData1/data/cam7/cam7_20260109_100949.jpg,0
2026-01-09T10:09:50.500993,cam8,/content/drive/MyDrive/TrafficCameraData1/data/cam8/cam8_20260109_100950.jpg,0
2026-01-09T10:14:44.927880,cam1,/content/drive/MyDrive/TrafficCameraData1/data/cam1/cam1_20260109_101444.jpg,0
2026-01-09T10:14:49.132131,cam2,/content/drive/MyDrive/TrafficCameraData1/data/cam2/cam2_20260109_101449.jpg,0
2026-01-09T10:14:49.931311,cam3,/content/drive/MyDrive/TrafficCameraData1/data/cam3/cam3_20260109_101449.jpg,0
2026-01-09T10:14:50.741128,cam4,/content/drive/MyDrive/TrafficCameraData1/data/cam4/cam4_20260109_101450.jpg,0
2026-01-09T10:14:51.538764,cam5,/content/drive/MyDrive/TrafficCameraData1/data/cam5/cam5_20260109_101451.jpg,0
2026-01-09T10:14:58.669677,cam6,/content/drive/MyDrive/TrafficCameraData1/data/cam6/cam6_20260109_101458.jpg,0
2026-01-09T10:15:02.657892,cam7,/content/drive/MyDrive/TrafficCameraData1/data/cam7/cam7_20260109_101502.jpg,0
2026-01-09T10:15:05.940570,cam8,/content/drive/MyDrive/TrafficCameraData1/data/cam8/cam8_20260109_101505.jpg,0
2026-01-09T10:19:44.928201,cam1,/content/drive/MyDrive/TrafficCameraData1/data/cam1/cam1_20260109_101944.jpg,0
2026-01-09T10:19:45.952964,cam2,/content/drive/MyDrive/TrafficCameraData1/data/cam2/cam2_20260109_101945.jpg,0
2026-01-09T10:19:46.763458,cam3,/content/drive/MyDrive/TrafficCameraData1/data/cam3/cam3_20260109_101946.jpg,0
2026-01-09T10:19:47.591845,cam4,/content/drive/MyDrive/TrafficCameraData1/data/cam4/cam4_20260109_101947.jpg,0
2026-01-09T10:19:48.672188,cam5,/content/drive/MyDrive/TrafficCameraData1/data/cam5/cam5_20260109_101948.jpg,0
2026-01-09T10:19:57.542805,cam6,/content/drive/MyDrive/TrafficCameraData1/data/cam6/cam6_20260109_101957.jpg,0
2026-01-09T10:19:58.766581,cam7,/content/drive/MyDrive/TrafficCameraData1/data/cam7/cam7_20260109_101958.jpg,0
2026-01-09T10:19:59.647774,cam8,/content/drive/MyDrive/TrafficCameraData1/data/cam8/cam8_20260109_101959.jpg,0
2026-01-09T10:24:44.929279,cam1,/content/drive/MyDrive/TrafficCameraData1/data/cam1/cam1_20260109_102444.jpg,0
2026-01-09T10:24:46.439473,cam2,/content/drive/MyDrive/TrafficCameraData1/data/cam2/cam2_20260109_102446.jpg,0
2026-01-09T10:24:47.281848,cam3,/content/drive/MyDrive/TrafficCameraData1/data/cam3/cam3_20260109_102447.jpg,0
2026-01-09T10:24:48.608297,cam4,/content/drive/MyDrive/TrafficCameraData1/data/cam4/cam4_20260109_102448.jpg,0
2026-01-09T10:24:52.778959,cam5,/content/drive/MyDrive/TrafficCameraData1/data/cam5/cam5_20260109_102452.jpg,0
2026-01-09T10:24:53.916166,cam6,/content/drive/MyDrive/TrafficCameraData1/data/cam6/cam6_20260109_102453.jpg,0
2026-01-09T10:24:55.385089,cam7,/content/drive/MyDrive/TrafficCameraData1/data/cam7/cam7_20260109_102455.jpg,0
2026-01-09T10:24:56.238461,cam8,/content/drive/MyDrive/TrafficCameraData1/data/cam8/cam8_20260109_102456.jpg,0
2026-01-09T10:29:44.929259,cam1,/content/drive/MyDrive/TrafficCameraData1/data/cam1/cam1_20260109_102944.jpg,0
2026-01-09T10:29:46.929163,cam2,/content/drive/MyDrive/TrafficCameraData1/data/cam2/cam2_20260109_102946.jpg,0
2026-01-09T10:29:47.769943,cam3,/content/drive/MyDrive/TrafficCameraData1/data/cam3/cam3_20260109_102947.jpg,0
2026-01-09T10:29:48.572567,cam4,/content/drive/MyDrive/TrafficCameraData1/data/cam4/cam4_20260109_102948.jpg,0
2026-01-09T10:29:49.374886,cam5,/content/drive/MyDrive/TrafficCameraData1/data/cam5/cam5_20260109_102949.jpg,0
2026-01-09T10:29:50.178523,cam6,/content/drive/MyDrive/TrafficCameraData1/data/cam6/cam6_20260109_102950.jpg,0
2026-01-09T10:29:51.494724,cam7,/content/drive/MyDrive/TrafficCameraData1/data/cam7/cam7_20260109_102951.jpg,0
2026-01-09T10:29:52.308546,cam8,/content/drive/MyDrive/TrafficCameraData1/data/cam8/cam8_20260109_102952.jpg,0
2026-01-09T10:34:44.929593,cam1,/content/drive/MyDrive/TrafficCameraData1/data/cam1/cam1_20260109_103444.jpg,0
2026-01-09T10:34:45.961113,cam2,/content/drive/MyDrive/TrafficCameraData1/data/cam2/cam2_20260109_103445.jpg,0
2026-01-09T10:34:46.759793,cam3,/content/drive/MyDrive/TrafficCameraData1/data/cam3/cam3_20260109_103446.jpg,0
2026-01-09T10:34:47.578004,cam4,/content/drive/MyDrive/TrafficCameraData1/data/cam4/cam4_20260109_103447.jpg,0
2026-01-09T10:34:48.382401,cam5,/content/drive/MyDrive/TrafficCameraData1/data/cam5/cam5_20260109_103448.jpg,0
2026-01-09T10:34:49.449491,cam6,/content/drive/MyDrive/TrafficCameraData1/data/cam6/cam6_20260109_103449.jpg,0
2026-01-09T10:34:50.250701,cam7,/content/drive/MyDrive/TrafficCameraData1/data/cam7/cam7_20260109_103450.jpg,0
2026-01-09T10:34:51.080107,cam8,/content/drive/MyDrive/TrafficCameraData1/data/cam8/cam8_20260109_103451.jpg,0
2026-01-09T10:39:44.929966,cam1,/content/drive/MyDrive/TrafficCameraData1/data/cam1/cam1_20260109_103944.jpg,0
2026-01-09T10:39:55.213224,cam2,/content/drive/MyDrive/TrafficCameraData1/data/cam2/cam2_20260109_103955.jpg,0
2026-01-09T10:39:56.033297,cam3,/content/drive/MyDrive/TrafficCameraData1/data/cam3/cam3_20260109_103956.jpg,0
2026-01-09T10:39:56.842312,cam4,/content/drive/MyDrive/TrafficCameraData1/data/cam4/cam4_20260109_103956.jpg,0
2026-01-09T10:39:57.654829,cam5,/content/drive/MyDrive/TrafficCameraData1/data/cam5/cam5_20260109_103957.jpg,0
2026-01-09T10:39:58.472699,cam6,/content/drive/MyDrive/TrafficCameraData1/data/cam6/cam6_20260109_103958.jpg,0
2026-01-09T10:39:59.285593,cam7,/content/drive/MyDrive/TrafficCameraData1/data/cam7/cam7_20260109_103959.jpg,0
2026-01-09T10:40:00.083883,cam8,/content/drive/MyDrive/TrafficCameraData1/data/cam8/cam8_20260109_104000.jpg,0
2026-01-09T10:44:44.930140,cam1,/content/drive/MyDrive/TrafficCameraData1/data/cam1/cam1_20260109_104444.jpg,0
2026-01-09T10:44:45.952258,cam2,/content/drive/MyDrive/TrafficCameraData1/data/cam2/cam2_20260109_104445.jpg,0
2026-01-09T10:44:46.742568,cam3,/content/drive/MyDrive/TrafficCameraData1/data/cam3/cam3_20260109_104446.jpg,0
2026-01-09T10:44:47.568724,cam4,/content/drive/MyDrive/TrafficCameraData1/data/cam4/cam4_20260109_104447.jpg,0
2026-01-09T10:44:48.380443,cam5,/content/drive/MyDrive/TrafficCameraData1/data/cam5/cam5_20260109_104448.jpg,0
2026-01-09T10:44:49.174747,cam6,/content/drive/MyDrive/TrafficCameraData1/data/cam6/cam6_20260109_104449.jpg,0
2026-01-09T10:44:49.973638,cam7,/content/drive/MyDrive/TrafficCameraData1/data/cam7/cam7_20260109_104449.jpg,0
2026-01-09T10:44:50.863928,cam8,/content/drive/MyDrive/TrafficCameraData1/data/cam8/cam8_20260109_104450.jpg,0
2026-01-09T10:49:44.930238,cam1,/content/drive/MyDrive/TrafficCameraData1/data/cam1/cam1_20260109_104944.jpg,0
2026-01-09T10:49:45.724153,cam2,/content/drive/MyDrive/TrafficCameraData1/data/cam2/cam2_20260109_104945.jpg,0
2026-01-09T10:49:46.519358,cam3,/content/drive/MyDrive/TrafficCameraData1/data/cam3/cam3_20260109_104946.jpg,0
2026-01-09T10:49:47.336517,cam4,/content/drive/MyDrive/TrafficCameraData1/data/cam4/cam4_20260109_104947.jpg,0
2026-01-09T10:49:48.137732,cam5,/content/drive/MyDrive/TrafficCameraData1/data/cam5/cam5_20260109_104948.jpg,0
2026-01-09T10:49:48.950799,cam6,/content/drive/MyDrive/TrafficCameraData1/data/cam6/cam6_20260109_104948.jpg,0
2026-01-09T10:49:49.758085,cam7,/content/drive/MyDrive/TrafficCameraData1/data/cam7/cam7_20260109_104949.jpg,0
2026-01-09T10:49:50.557759,cam8,/content/drive/MyDrive/TrafficCameraData1/data/cam8/cam8_20260109_104950.jpg,0
2026-01-09T10:54:44.930528,cam1,/content/drive/MyDrive/TrafficCameraData1/data/cam1/cam1_20260109_105444.jpg,0
2026-01-09T10:54:45.950329,cam2,/content/drive/MyDrive/TrafficCameraData1/data/cam2/cam2_20260109_105445.jpg,0
2026-01-09T10:54:46.757566,cam3,/content/drive/MyDrive/TrafficCameraData1/data/cam3/cam3_20260109_105446.jpg,0
2026-01-09T10:54:47.558093,cam4,/content/drive/MyDrive/TrafficCameraData1/data/cam4/cam4_20260109_105447.jpg,0
2026-01-09T10:54:48.358580,cam5,/content/drive/MyDrive/TrafficCameraData1/data/cam5/cam5_20260109_105448.jpg,0
2026-01-09T10:54:48.934545,cam6,/content/drive/MyDrive/TrafficCameraData1/data/cam6/cam6_20260109_105448.jpg,0
2026-01-09T10:54:49.732384,cam7,/content/drive/MyDrive/TrafficCameraData1/data/cam7/cam7_20260109_105449.jpg,0
2026-01-09T10:54:50.528631,cam8,/content/drive/MyDrive/TrafficCameraData1/data/cam8/cam8_20260109_105450.jpg,0
2026-01-09T10:59:44.930822,cam1,/content/drive/MyDrive/TrafficCameraData1/data/cam1/cam1_20260109_105944.jpg,0
2026-01-09T10:59:45.948201,cam2,/content/drive/MyDrive/TrafficCameraData1/data/cam2/cam2_20260109_105945.jpg,0
2026-01-09T10:59:46.743657,cam3,/content/drive/MyDrive/TrafficCameraData1/data/cam3/cam3_20260109_105946.jpg,0
2026-01-09T10:59:47.542616,cam4,/content/drive/MyDrive/TrafficCameraData1/data/cam4/cam4_20260109_105947.jpg,0
2026-01-09T10:59:48.336552,cam5,/content/drive/MyDrive/TrafficCameraData1/data/cam5/cam5_20260109_105948.jpg,0
2026-01-09T10:59:48.922156,cam6,/content/drive/MyDrive/TrafficCameraData1/data/cam6/cam6_20260109_105948.jpg,0
2026-01-09T10:59:49.721676,cam7,/content/drive/MyDrive/TrafficCameraData1/data/cam7/cam7_20260109_105949.jpg,0
2026-01-09T10:59:50.551022,cam8,/content/drive/MyDrive/TrafficCameraData1/data/cam8/cam8_20260109_105950.jpg,0
2026-01-09T11:04:44.931003,cam1,/content/drive/MyDrive/TrafficCameraData1/data/cam1/cam1_20260109_110444.jpg,0
2026-01-09T11:04:45.946050,cam2,/content/drive/MyDrive/TrafficCameraData1/data/cam2/cam2_20260109_110445.jpg,0
2026-01-09T11:04:46.743880,cam3,/content/drive/MyDrive/TrafficCameraData1/data/cam3/cam3_20260109_110446.jpg,0
2026-01-09T11:04:47.543085,cam4,/content/drive/MyDrive/TrafficCameraData1/data/cam4/cam4_20260109_110447.jpg,0
2026-01-09T11:04:48.346021,cam5,/content/drive/MyDrive/TrafficCameraData1/data/cam5/cam5_20260109_110448.jpg,0
2026-01-09T11:04:48.922040,cam6,/content/drive/MyDrive/TrafficCameraData1/data/cam6/cam6_20260109_110448.jpg,0
2026-01-09T11:04:49.740213,cam7,/content/drive/MyDrive/TrafficCameraData1/data/cam7/cam7_20260109_110449.jpg,0
2026-01-09T11:04:50.535693,cam8,/content/drive/MyDrive/TrafficCameraData1/data/cam8/cam8_20260109_110450.jpg,0
2026-01-09T11:09:44.931328,cam1,/content/drive/MyDrive/TrafficCameraData1/data/cam1/cam1_20260109_110944.jpg,0
2026-01-09T11:09:45.947926,cam2,/content/drive/MyDrive/TrafficCameraData1/data/cam2/cam2_20260109_110945.jpg,0
2026-01-09T11:09:46.749461,cam3,/content/drive/MyDrive/TrafficCameraData1/data/cam3/cam3_20260109_110946.jpg,0
2026-01-09T11:09:47.553648,cam4,/content/drive/MyDrive/TrafficCameraData1/data/cam4/cam4_20260109_110947.jpg,0
2026-01-09T11:09:48.372113,cam5,/content/drive/MyDrive/TrafficCameraData1/data/cam5/cam5_20260109_110948.jpg,0
2026-01-09T11:09:48.947880,cam6,/content/drive/MyDrive/TrafficCameraData1/data/cam6/cam6_20260109_110948.jpg,0
2026-01-09T11:09:49.748737,cam7,/content/drive/MyDrive/TrafficCameraData1/data/cam7/cam7_20260109_110949.jpg,0
2026-01-09T11:09:50.542350,cam8,/content/drive/MyDrive/TrafficCameraData1/data/cam8/cam8_20260109_110950.jpg,0
2026-01-09T11:14:44.931912,cam1,/content/drive/MyDrive/TrafficCameraData1/data/cam1/cam1_20260109_111444.jpg,0
2026-01-09T11:14:45.952862,cam2,/content/drive/MyDrive/TrafficCameraData1/data/cam2/cam2_20260109_111445.jpg,0
2026-01-09T11:14:46.765611,cam3,/content/drive/MyDrive/TrafficCameraData1/data/cam3/cam3_20260109_111446.jpg,0
2026-01-09T11:14:47.580794,cam4,/content/drive/MyDrive/TrafficCameraData1/data/cam4/cam4_20260109_111447.jpg,0
2026-01-09T11:14:48.382526,cam5,/content/drive/MyDrive/TrafficCameraData1/data/cam5/cam5_20260109_111448.jpg,0
2026-01-09T11:14:48.954734,cam6,/content/drive/MyDrive/TrafficCameraData1/data/cam6/cam6_20260109_111448.jpg,0
2026-01-09T11:14:49.959209,cam7,/content/drive/MyDrive/TrafficCameraData1/data/cam7/cam7_20260109_111449.jpg,0
2026-01-09T11:14:50.776824,cam8,/content/drive/MyDrive/TrafficCameraData1/data/cam8/cam8_20260109_111450.jpg,0
2026-01-09T11:19:44.932137,cam1,/content/drive/MyDrive/TrafficCameraData1/data/cam1/cam1_20260109_111944.jpg,0
2026-01-09T11:19:45.959127,cam2,/content/drive/MyDrive/TrafficCameraData1/data/cam2/cam2_20260109_111945.jpg,0
2026-01-09T11:19:46.790656,cam3,/content/drive/MyDrive/TrafficCameraData1/data/cam3/cam3_20260109_111946.jpg,0
2026-01-09T11:19:47.600713,cam4,/content/drive/MyDrive/TrafficCameraData1/data/cam4/cam4_20260109_111947.jpg,0
2026-01-09T11:19:48.402010,cam5,/content/drive/MyDrive/TrafficCameraData1/data/cam5/cam5_20260109_111948.jpg,0
2026-01-09T11:19:48.971921,cam6,/content/drive/MyDrive/TrafficCameraData1/data/cam6/cam6_20260109_111948.jpg,0
2026-01-09T11:19:49.785739,cam7,/content/drive/MyDrive/TrafficCameraData1/data/cam7/cam7_20260109_111949.jpg,0
2026-01-09T11:19:50.576323,cam8,/content/drive/MyDrive/TrafficCameraData1/data/cam8/cam8_20260109_111950.jpg,0
2026-01-09T11:25:08.201470,cam1,/content/drive/MyDrive/TrafficCameraData1/data/cam1/cam1_20260109_112508.jpg,0
2026-01-09T11:25:08.801650,cam2,/content/drive/MyDrive/TrafficCameraData1/data/cam2/cam2_20260109_112508.jpg,0
2026-01-09T11:25:09.378096,cam3,/content/drive/MyDrive/TrafficCameraData1/data/cam3/cam3_20260109_112509.jpg,0
2026-01-09T11:25:10.191889,cam4,/content/drive/MyDrive/TrafficCameraData1/data/cam4/cam4_20260109_112510.jpg,0
2026-01-09T11:25:10.783053,cam5,/content/drive/MyDrive/TrafficCameraData1/data/cam5/cam5_20260109_112510.jpg,0
2026-01-09T11:25:11.386901,cam6,/content/drive/MyDrive/TrafficCameraData1/data/cam6/cam6_20260109_112511.jpg,0
2026-01-09T11:25:12.187806,cam7,/content/drive/MyDrive/TrafficCameraData1/data/cam7/cam7_20260109_112512.jpg,0
2026-01-09T11:25:13.005037,cam8,/content/drive/MyDrive/TrafficCameraData1/data/cam8/cam8_20260109_112513.jpg,0
2026-01-09T11:30:08.201910,cam1,/content/drive/MyDrive/TrafficCameraData1/data/cam1/cam1_20260109_113008.jpg,0
2026-01-09T11:30:09.224880,cam2,/content/drive/MyDrive/TrafficCameraData1/data/cam2/cam2_20260109_113009.jpg,0
2026-01-09T11:30:10.034439,cam3,/content/drive/MyDrive/TrafficCameraData1/data/cam3/cam3_20260109_113010.jpg,0
2026-01-09T11:30:10.844641,cam4,/content/drive/MyDrive/TrafficCameraData1/data/cam4/cam4_20260109_113010.jpg,0
2026-01-09T11:30:11.642376,cam5,/content/drive/MyDrive/TrafficCameraData1/data/cam5/cam5_20260109_113011.jpg,0
2026-01-09T11:30:12.232202,cam6,/content/drive/MyDrive/TrafficCameraData1/data/cam6/cam6_20260109_113012.jpg,0
2026-01-09T11:30:13.042327,cam7,/content/drive/MyDrive/TrafficCameraData1/data/cam7/cam7_20260109_113013.jpg,0
2026-01-09T11:30:13.849499,cam8,/content/drive/MyDrive/TrafficCameraData1/data/cam8/cam8_20260109_113013.jpg,0
2026-01-09T11:35:08.202170,cam1,/content/drive/MyDrive/TrafficCameraData1/data/cam1/cam1_20260109_113508.jpg,0
2026-01-09T11:35:09.237608,cam2,/content/drive/MyDrive/TrafficCameraData1/data/cam2/cam2_20260109_113509.jpg,0
2026-01-09T11:35:10.038124,cam3,/content/drive/MyDrive/TrafficCameraData1/data/cam3/cam3_20260109_113510.jpg,0
2026-01-09T11:35:10.859777,cam4,/content/drive/MyDrive/TrafficCameraData1/data/cam4/cam4_20260109_113510.jpg,0
2026-01-09T11:35:11.694211,cam5,/content/drive/MyDrive/TrafficCameraData1/data/cam5/cam5_20260109_113511.jpg,0
2026-01-09T11:35:12.272732,cam6,/content/drive/MyDrive/TrafficCameraData1/data/cam6/cam6_20260109_113512.jpg,0
2026-01-09T11:35:13.073662,cam7,/content/drive/MyDrive/TrafficCameraData1/data/cam7/cam7_20260109_113513.jpg,0
2026-01-09T11:35:13.923173,cam8,/content/drive/MyDrive/TrafficCameraData1/data/cam8/cam8_20260109_113513.jpg,0
2026-01-09T11:40:08.202769,cam1,/content/drive/MyDrive/TrafficCameraData1/data/cam1/cam1_20260109_114008.jpg,0
2026-01-09T11:40:09.011161,cam2,/content/drive/MyDrive/TrafficCameraData1/data/cam2/cam2_20260109_114009.jpg,0
2026-01-09T11:40:09.838904,cam3,/content/drive/MyDrive/TrafficCameraData1/data/cam3/cam3_20260109_114009.jpg,0
2026-01-09T11:40:10.644470,cam4,/content/drive/MyDrive/TrafficCameraData1/data/cam4/cam4_20260109_114010.jpg,0
2026-01-09T11:40:11.473847,cam5,/content/drive/MyDrive/TrafficCameraData1/data/cam5/cam5_20260109_114011.jpg,0
2026-01-09T11:40:12.080727,cam6,/content/drive/MyDrive/TrafficCameraData1/data/cam6/cam6_20260109_114012.jpg,0
2026-01-09T11:40:12.880590,cam7,/content/drive/MyDrive/TrafficCameraData1/data/cam7/cam7_20260109_114012.jpg,0
2026-01-09T11:40:13.688317,cam8,/content/drive/MyDrive/TrafficCameraData1/data/cam8/cam8_20260109_114013.jpg,0
2026-01-09T11:45:08.202951,cam1,/content/drive/MyDrive/TrafficCameraData1/data/cam1/cam1_20260109_114508.jpg,0
2026-01-09T11:45:09.246508,cam2,/content/drive/MyDrive/TrafficCameraData1/data/cam2/cam2_20260109_114509.jpg,0
2026-01-09T11:45:10.046289,cam3,/content/drive/MyDrive/TrafficCameraData1/data/cam3/cam3_20260109_114510.jpg,0
2026-01-09T11:45:10.865070,cam4,/content/drive/MyDrive/TrafficCameraData1/data/cam4/cam4_20260109_114510.jpg,0
2026-01-09T11:45:11.667436,cam5,/content/drive/MyDrive/TrafficCameraData1/data/cam5/cam5_20260109_114511.jpg,0
2026-01-09T11:45:12.248014,cam6,/content/drive/MyDrive/TrafficCameraData1/data/cam6/cam6_20260109_114512.jpg,0
2026-01-09T11:45:13.047831,cam7,/content/drive/MyDrive/TrafficCameraData1/data/cam7/cam7_20260109_114513.jpg,0
2026-01-09T11:45:13.865191,cam8,/content/drive/MyDrive/TrafficCameraData1/data/cam8/cam8_20260109_114513.jpg,0
2026-01-09T11:50:08.203197,cam1,/content/drive/MyDrive/TrafficCameraData1/data/cam1/cam1_20260109_115008.jpg,0
2026-01-09T11:50:09.228713,cam2,/content/drive/MyDrive/TrafficCameraData1/data/cam2/cam2_20260109_115009.jpg,0
2026-01-09T11:50:10.034194,cam3,/content/drive/MyDrive/TrafficCameraData1/data/cam3/cam3_20260109_115010.jpg,0
2026-01-09T11:50:10.838663,cam4,/content/drive/MyDrive/TrafficCameraData1/data/cam4/cam4_20260109_115010.jpg,0
2026-01-09T11:50:11.650809,cam5,/content/drive/MyDrive/TrafficCameraData1/data/cam5/cam5_20260109_115011.jpg,0
2026-01-09T11:50:12.233814,cam6,/content/drive/MyDrive/TrafficCameraData1/data/cam6/cam6_20260109_115012.jpg,0
2026-01-09T11:50:13.035421,cam7,/content/drive/MyDrive/TrafficCameraData1/data/cam7/cam7_20260109_115013.jpg,0
2026-01-09T11:50:13.848057,cam8,/content/drive/MyDrive/TrafficCameraData1/data/cam8/cam8_20260109_115013.jpg,0
2026-01-09T11:55:08.203686,cam1,/content/drive/MyDrive/TrafficCameraData1/data/cam1/cam1_20260109_115508.jpg,0
2026-01-09T11:55:10.087846,cam2,/content/drive/MyDrive/TrafficCameraData1/data/cam2/cam2_20260109_115510.jpg,0
2026-01-09T11:55:11.122785,cam3,/content/drive/MyDrive/TrafficCameraData1/data/cam3/cam3_20260109_115511.jpg,0
2026-01-09T11:55:11.966980,cam4,/content/drive/MyDrive/TrafficCameraData1/data/cam4/cam4_20260109_115511.jpg,0
2026-01-09T11:55:12.777357,cam5,/content/drive/MyDrive/TrafficCameraData1/data/cam5/cam5_20260109_115512.jpg,0
2026-01-09T11:55:13.598498,cam6,/content/drive/MyDrive/TrafficCameraData1/data/cam6/cam6_20260109_115513.jpg,0
2026-01-09T11:55:14.400383,cam7,/content/drive/MyDrive/TrafficCameraData1/data/cam7/cam7_20260109_115514.jpg,0
2026-01-09T11:55:15.225442,cam8,/content/drive/MyDrive/TrafficCameraData1/data/cam8/cam8_20260109_115515.jpg,0
2026-01-09T12:00:08.203906,cam1,/content/drive/MyDrive/TrafficCameraData1/data/cam1/cam1_20260109_120008.jpg,0
2026-01-09T12:00:09.231125,cam2,/content/drive/MyDrive/TrafficCameraData1/data/cam2/cam2_20260109_120009.jpg,0
2026-01-09T12:00:10.027158,cam3,/content/drive/MyDrive/TrafficCameraData1/data/cam3/cam3_20260109_120010.jpg,0
2026-01-09T12:00:10.835490,cam4,/content/drive/MyDrive/TrafficCameraData1/data/cam4/cam4_20260109_120010.jpg,0
2026-01-09T12:00:11.650545,cam5,/content/drive/MyDrive/TrafficCameraData1/data/cam5/cam5_20260109_120011.jpg,0
2026-01-09T12:00:12.255347,cam6,/content/drive/MyDrive/TrafficCameraData1/data/cam6/cam6_20260109_120012.jpg,0
2026-01-09T12:00:13.062695,cam7,/content/drive/MyDrive/TrafficCameraData1/data/cam7/cam7_20260109_120013.jpg,0
2026-01-09T12:00:13.886478,cam8,/content/drive/MyDrive/TrafficCameraData1/data/cam8/cam8_20260109_120013.jpg,0
2026-01-09T12:05:08.203783,cam1,/content/drive/MyDrive/TrafficCameraData1/data/cam1/cam1_20260109_120508.jpg,0
2026-01-09T12:05:09.230250,cam2,/content/drive/MyDrive/TrafficCameraData1/data/cam2/cam2_20260109_120509.jpg,0
2026-01-09T12:05:10.043348,cam3,/content/drive/MyDrive/TrafficCameraData1/data/cam3/cam3_20260109_120510.jpg,0
2026-01-09T12:05:10.852112,cam4,/content/drive/MyDrive/TrafficCameraData1/data/cam4/cam4_20260109_120510.jpg,0
2026-01-09T12:05:11.657728,cam5,/content/drive/MyDrive/TrafficCameraData1/data/cam5/cam5_20260109_120511.jpg,0
2026-01-09T12:05:12.234286,cam6,/content/drive/MyDrive/TrafficCameraData1/data/cam6/cam6_20260109_120512.jpg,0
2026-01-09T12:05:13.040835,cam7,/content/drive/MyDrive/TrafficCameraData1/data/cam7/cam7_20260109_120513.jpg,0
2026-01-09T12:05:13.848902,cam8,/content/drive/MyDrive/TrafficCameraData1/data/cam8/cam8_20260109_120513.jpg,0
2026-01-09T12:10:08.204003,cam1,/content/drive/MyDrive/TrafficCameraData1/data/cam1/cam1_20260109_121008.jpg,0
2026-01-09T12:10:09.015208,cam2,/content/drive/MyDrive/TrafficCameraData1/data/cam2/cam2_20260109_121009.jpg,0
2026-01-09T12:10:09.817458,cam3,/content/drive/MyDrive/TrafficCameraData1/data/cam3/cam3_20260109_121009.jpg,0
2026-01-09T12:10:10.625694,cam4,/content/drive/MyDrive/TrafficCameraData1/data/cam4/cam4_20260109_121010.jpg,0
2026-01-09T12:10:11.430824,cam5,/content/drive/MyDrive/TrafficCameraData1/data/cam5/cam5_20260109_121011.jpg,0
2026-01-09T12:10:12.229330,cam6,/content/drive/MyDrive/TrafficCameraData1/data/cam6/cam6_20260109_121012.jpg,0
2026-01-09T12:10:13.032114,cam7,/content/drive/MyDrive/TrafficCameraData1/data/cam7/cam7_20260109_121013.jpg,0
2026-01-09T12:10:13.845633,cam8,/content/drive/MyDrive/TrafficCameraData1/data/cam8/cam8_20260109_121013.jpg,0
2026-01-09T12:15:08.206223,cam1,/content/drive/MyDrive/TrafficCameraData1/data/cam1/cam1_20260109_121508.jpg,0
2026-01-09T12:15:09.032992,cam2,/content/drive/MyDrive/TrafficCameraData1/data/cam2/cam2_20260109_121509.jpg,0
2026-01-09T12:15:09.846899,cam3,/content/drive/MyDrive/TrafficCameraData1/data/cam3/cam3_20260109_121509.jpg,0
2026-01-09T12:15:10.656446,cam4,/content/drive/MyDrive/TrafficCameraData1/data/cam4/cam4_20260109_121510.jpg,0
2026-01-09T12:15:11.478260,cam5,/content/drive/MyDrive/TrafficCameraData1/data/cam5/cam5_20260109_121511.jpg,0
2026-01-09T12:15:12.062277,cam6,/content/drive/MyDrive/TrafficCameraData1/data/cam6/cam6_20260109_121512.jpg,0
2026-01-09T12:15:12.887558,cam7,/content/drive/MyDrive/TrafficCameraData1/data/cam7/cam7_20260109_121512.jpg,0
2026-01-09T12:15:13.701562,cam8,/content/drive/MyDrive/TrafficCameraData1/data/cam8/cam8_20260109_121513.jpg,0
2026-01-09T12:20:08.204740,cam1,/content/drive/MyDrive/TrafficCameraData1/data/cam1/cam1_20260109_122008.jpg,0
2026-01-09T12:20:09.235609,cam2,/content/drive/MyDrive/TrafficCameraData1/data/cam2/cam2_20260109_122009.jpg,0
2026-01-09T12:20:10.037165,cam3,/content/drive/MyDrive/TrafficCameraData1/data/cam3/cam3_20260109_122010.jpg,0
2026-01-09T12:20:10.844216,cam4,/content/drive/MyDrive/TrafficCameraData1/data/cam4/cam4_20260109_122010.jpg,0
2026-01-09T12:20:11.661992,cam5,/content/drive/MyDrive/TrafficCameraData1/data/cam5/cam5_20260109_122011.jpg,0
2026-01-09T12:20:12.257982,cam6,/content/drive/MyDrive/TrafficCameraData1/data/cam6/cam6_20260109_122012.jpg,0
2026-01-09T12:20:13.112777,cam7,/content/drive/MyDrive/TrafficCameraData1/data/cam7/cam7_20260109_122013.jpg,0
2026-01-09T12:20:13.923724,cam8,/content/drive/MyDrive/TrafficCameraData1/data/cam8/cam8_20260109_122013.jpg,0
2026-01-09T12:25:08.205114,cam1,/content/drive/MyDrive/TrafficCameraData1/data/cam1/cam1_20260109_122508.jpg,0
2026-01-09T12:25:09.568495,cam2,/content/drive/MyDrive/TrafficCameraData1/data/cam2/cam2_20260109_122509.jpg,0
2026-01-09T12:25:10.373202,cam3,/content/drive/MyDrive/TrafficCameraData1/data/cam3/cam3_20260109_122510.jpg,0
2026-01-09T12:25:11.207427,cam4,/content/drive/MyDrive/TrafficCameraData1/data/cam4/cam4_20260109_122511.jpg,0
2026-01-09T12:25:12.013370,cam5,/content/drive/MyDrive/TrafficCameraData1/data/cam5/cam5_20260109_122512.jpg,0
2026-01-09T12:25:12.588836,cam6,/content/drive/MyDrive/TrafficCameraData1/data/cam6/cam6_20260109_122512.jpg,0
2026-01-09T12:25:13.405098,cam7,/content/drive/MyDrive/TrafficCameraData1/data/cam7/cam7_20260109_122513.jpg,0
2026-01-09T12:25:14.206128,cam8,/content/drive/MyDrive/TrafficCameraData1/data/cam8/cam8_20260109_122514.jpg,0
2026-01-09T12:30:08.205482,cam1,/content/drive/MyDrive/TrafficCameraData1/data/cam1/cam1_20260109_123008.jpg,0
2026-01-09T12:30:12.367102,cam2,/content/drive/MyDrive/TrafficCameraData1/data/cam2/cam2_20260109_123012.jpg,0
2026-01-09T12:30:13.221131,cam3,/content/drive/MyDrive/TrafficCameraData1/data/cam3/cam3_20260109_123013.jpg,0
2026-01-09T12:30:14.024276,cam4,/content/drive/MyDrive/TrafficCameraData1/data/cam4/cam4_20260109_123014.jpg,0
2026-01-09T12:30:14.826752,cam5,/content/drive/MyDrive/TrafficCameraData1/data/cam5/cam5_20260109_123014.jpg,0
2026-01-09T12:30:15.419698,cam6,/content/drive/MyDrive/TrafficCameraData1/data/cam6/cam6_20260109_123015.jpg,0
2026-01-09T12:30:16.213428,cam7,/content/drive/MyDrive/TrafficCameraData1/data/cam7/cam7_20260109_123016.jpg,0
2026-01-09T12:30:17.010922,cam8,/content/drive/MyDrive/TrafficCameraData1/data/cam8/cam8_20260109_123017.jpg,0
2026-01-09T12:35:08.205774,cam1,/content/drive/MyDrive/TrafficCameraData1/data/cam1/cam1_20260109_123508.jpg,0
2026-01-09T12:35:09.242221,cam2,/content/drive/MyDrive/TrafficCameraData1/data/cam2/cam2_20260109_123509.jpg,0
2026-01-09T12:35:10.042173,cam3,/content/drive/MyDrive/TrafficCameraData1/data/cam3/cam3_20260109_123510.jpg,0
2026-01-09T12:35:10.848314,cam4,/content/drive/MyDrive/TrafficCameraData1/data/cam4/cam4_20260109_123510.jpg,0
2026-01-09T12:35:11.652541,cam5,/content/drive/MyDrive/TrafficCameraData1/data/cam5/cam5_20260109_123511.jpg,0
2026-01-09T12:35:12.233262,cam6,/content/drive/MyDrive/TrafficCameraData1/data/cam6/cam6_20260109_123512.jpg,0
2026-01-09T12:35:13.041092,cam7,/content/drive/MyDrive/TrafficCameraData1/data/cam7/cam7_20260109_123513.jpg,0
2026-01-09T12:35:13.857265,cam8,/content/drive/MyDrive/TrafficCameraData1/data/cam8/cam8_20260109_123513.jpg,0
2026-01-09T12:40:08.205872,cam1,/content/drive/MyDrive/TrafficCameraData1/data/cam1/cam1_20260109_124008.jpg,0
2026-01-09T12:40:09.002668,cam2,/content/drive/MyDrive/TrafficCameraData1/data/cam2/cam2_20260109_124009.jpg,0
2026-01-09T12:40:09.804041,cam3,/content/drive/MyDrive/TrafficCameraData1/data/cam3/cam3_20260109_124009.jpg,0
2026-01-09T12:40:10.612838,cam4,/content/drive/MyDrive/TrafficCameraData1/data/cam4/cam4_20260109_124010.jpg,0
2026-01-09T12:40:11.407073,cam5,/content/drive/MyDrive/TrafficCameraData1/data/cam5/cam5_20260109_124011.jpg,0
2026-01-09T12:40:11.986698,cam6,/content/drive/MyDrive/TrafficCameraData1/data/cam6/cam6_20260109_124011.jpg,0
2026-01-09T12:40:12.791085,cam7,/content/drive/MyDrive/TrafficCameraData1/data/cam7/cam7_20260109_124012.jpg,0
2026-01-09T12:40:13.587085,cam8,/content/drive/MyDrive/TrafficCameraData1/data/cam8/cam8_20260109_124013.jpg,0
2026-01-09T12:45:08.206193,cam1,/content/drive/MyDrive/TrafficCameraData1/data/cam1/cam1_20260109_124508.jpg,0
2026-01-09T12:45:09.245732,cam2,/content/drive/MyDrive/TrafficCameraData1/data/cam2/cam2_20260109_124509.jpg,0
2026-01-09T12:45:10.045866,cam3,/content/drive/MyDrive/TrafficCameraData1/data/cam3/cam3_20260109_124510.jpg,0
2026-01-09T12:45:10.880260,cam4,/content/drive/MyDrive/TrafficCameraData1/data/cam4/cam4_20260109_124510.jpg,0
2026-01-09T12:45:11.707782,cam5,/content/drive/MyDrive/TrafficCameraData1/data/cam5/cam5_20260109_124511.jpg,0
2026-01-09T12:45:12.288480,cam6,/content/drive/MyDrive/TrafficCameraData1/data/cam6/cam6_20260109_124512.jpg,0
2026-01-09T12:45:13.173091,cam7,/content/drive/MyDrive/TrafficCameraData1/data/cam7/cam7_20260109_124513.jpg,0
2026-01-09T12:45:13.980509,cam8,/content/drive/MyDrive/TrafficCameraData1/data/cam8/cam8_20260109_124513.jpg,0
2026-01-09T12:50:08.206720,cam1,/content/drive/MyDrive/TrafficCameraData1/data/cam1/cam1_20260109_125008.jpg,0
2026-01-09T12:50:09.014069,cam2,/content/drive/MyDrive/TrafficCameraData1/data/cam2/cam2_20260109_125009.jpg,0
2026-01-09T12:50:09.811212,cam3,/content/drive/MyDrive/TrafficCameraData1/data/cam3/cam3_20260109_125009.jpg,0
2026-01-09T12:50:10.624556,cam4,/content/drive/MyDrive/TrafficCameraData1/data/cam4/cam4_20260109_125010.jpg,0
2026-01-09T12:50:11.420926,cam5,/content/drive/MyDrive/TrafficCameraData1/data/cam5/cam5_20260109_125011.jpg,0
2026-01-09T12:50:11.992574,cam6,/content/drive/MyDrive/TrafficCameraData1/data/cam6/cam6_20260109_125011.jpg,0
2026-01-09T12:50:12.787641,cam7,/content/drive/MyDrive/TrafficCameraData1/data/cam7/cam7_20260109_125012.jpg,0
2026-01-09T12:50:13.581324,cam8,/content/drive/MyDrive/TrafficCameraData1/data/cam8/cam8_20260109_125013.jpg,0
2026-01-09T12:55:08.206570,cam1,/content/drive/MyDrive/TrafficCameraData1/data/cam1/cam1_20260109_125508.jpg,0
2026-01-09T12:55:09.238588,cam2,/content/drive/MyDrive/TrafficCameraData1/data/cam2/cam2_20260109_125509.jpg,0
2026-01-09T12:55:10.037159,cam3,/content/drive/MyDrive/TrafficCameraData1/data/cam3/cam3_20260109_125510.jpg,0
2026-01-09T12:55:10.850745,cam4,/content/drive/MyDrive/TrafficCameraData1/data/cam4/cam4_20260109_125510.jpg,0
2026-01-09T12:55:11.653008,cam5,/content/drive/MyDrive/TrafficCameraData1/data/cam5/cam5_20260109_125511.jpg,0
2026-01-09T12:55:12.247642,cam6,/content/drive/MyDrive/TrafficCameraData1/data/cam6/cam6_20260109_125512.jpg,0
2026-01-09T12:55:13.055230,cam7,/content/drive/MyDrive/TrafficCameraData1/data/cam7/cam7_20260109_125513.jpg,0
2026-01-09T12:55:13.852025,cam8,/content/drive/MyDrive/TrafficCameraData1/data/cam8/cam8_20260109_125513.jpg,0
2026-01-09T13:00:08.207136,cam1,/content/drive/MyDrive/TrafficCameraData1/data/cam1/cam1_20260109_130008.jpg,0
2026-01-09T13:00:09.233275,cam2,/content/drive/MyDrive/TrafficCameraData1/data/cam2/cam2_20260109_130009.jpg,0
2026-01-09T13:00:10.036320,cam3,/content/drive/MyDrive/TrafficCameraData1/data/cam3/cam3_20260109_130010.jpg,0
2026-01-09T13:00:10.849906,cam4,/content/drive/MyDrive/TrafficCameraData1/data/cam4/cam4_20260109_130010.jpg,0
2026-01-09T13:00:11.658977,cam5,/content/drive/MyDrive/TrafficCameraData1/data/cam5/cam5_20260109_130011.jpg,0
2026-01-09T13:00:12.233173,cam6,/content/drive/MyDrive/TrafficCameraData1/data/cam6/cam6_20260109_130012.jpg,0
2026-01-09T13:00:13.103326,cam7,/content/drive/MyDrive/TrafficCameraData1/data/cam7/cam7_20260109_130013.jpg,0
2026-01-09T13:00:13.927505,cam8,/content/drive/MyDrive/TrafficCameraData1/data/cam8/cam8_20260109_130013.jpg,0
2026-01-09T13:05:08.207123,cam1,/content/drive/MyDrive/TrafficCameraData1/data/cam1/cam1_20260109_130508.jpg,0
2026-01-09T13:05:09.246905,cam2,/content/drive/MyDrive/TrafficCameraData1/data/cam2/cam2_20260109_130509.jpg,0
2026-01-09T13:05:10.045411,cam3,/content/drive/MyDrive/TrafficCameraData1/data/cam3/cam3_20260109_130510.jpg,0
2026-01-09T13:05:10.861168,cam4,/content/drive/MyDrive/TrafficCameraData1/data/cam4/cam4_20260109_130510.jpg,0
2026-01-09T13:05:11.659113,cam5,/content/drive/MyDrive/TrafficCameraData1/data/cam5/cam5_20260109_130511.jpg,0
2026-01-09T13:05:12.238127,cam6,/content/drive/MyDrive/TrafficCameraData1/data/cam6/cam6_20260109_130512.jpg,0
2026-01-09T13:05:13.039365,cam7,/content/drive/MyDrive/TrafficCameraData1/data/cam7/cam7_20260109_130513.jpg,0
2026-01-09T13:05:13.845541,cam8,/content/drive/MyDrive/TrafficCameraData1/data/cam8/cam8_20260109_130513.jpg,0
2026-01-09T13:10:08.207501,cam1,/content/drive/MyDrive/TrafficCameraData1/data/cam1/cam1_20260109_131008.jpg,0
2026-01-09T13:10:09.260304,cam2,/content/drive/MyDrive/TrafficCameraData1/data/cam2/cam2_20260109_131009.jpg,0
2026-01-09T13:10:10.956878,cam3,/content/drive/MyDrive/TrafficCameraData1/data/cam3/cam3_20260109_131010.jpg,0
2026-01-09T13:10:11.774312,cam4,/content/drive/MyDrive/TrafficCameraData1/data/cam4/cam4_20260109_131011.jpg,0
2026-01-09T13:10:12.601851,cam5,/content/drive/MyDrive/TrafficCameraData1/data/cam5/cam5_20260109_131012.jpg,0
2026-01-09T13:10:13.185760,cam6,/content/drive/MyDrive/TrafficCameraData1/data/cam6/cam6_20260109_131013.jpg,0
2026-01-09T13:10:14.001499,cam7,/content/drive/MyDrive/TrafficCameraData1/data/cam7/cam7_20260109_131014.jpg,0
2026-01-09T13:10:17.008661,cam8,/content/drive/MyDrive/TrafficCameraData1/data/cam8/cam8_20260109_131017.jpg,0
2026-01-09T13:15:08.207833,cam1,/content/drive/MyDrive/TrafficCameraData1/data/cam1/cam1_20260109_131508.jpg,0
2026-01-09T13:15:09.027942,cam2,/content/drive/MyDrive/TrafficCameraData1/data/cam2/cam2_20260109_131509.jpg,0
2026-01-09T13:15:09.847200,cam3,/content/drive/MyDrive/TrafficCameraData1/data/cam3/cam3_20260109_131509.jpg,0
2026-01-09T13:15:10.652915,cam4,/content/drive/MyDrive/TrafficCameraData1/data/cam4/cam4_20260109_131510.jpg,0
2026-01-09T13:15:11.453297,cam5,/content/drive/MyDrive/TrafficCameraData1/data/cam5/cam5_20260109_131511.jpg,0
2026-01-09T13:15:12.030421,cam6,/content/drive/MyDrive/TrafficCameraData1/data/cam6/cam6_20260109_131512.jpg,0
2026-01-09T13:15:12.834099,cam7,/content/drive/MyDrive/TrafficCameraData1/data/cam7/cam7_20260109_131512.jpg,0
2026-01-09T13:15:13.638733,cam8,/content/drive/MyDrive/TrafficCameraData1/data/cam8/cam8_20260109_131513.jpg,0
2026-01-09T13:20:08.207840,cam1,/content/drive/MyDrive/TrafficCameraData1/data/cam1/cam1_20260109_132008.jpg,0
2026-01-09T13:20:09.030308,cam2,/content/drive/MyDrive/TrafficCameraData1/data/cam2/cam2_20260109_132009.jpg,0
2026-01-09T13:20:09.833018,cam3,/content/drive/MyDrive/TrafficCameraData1/data/cam3/cam3_20260109_132009.jpg,0
2026-01-09T13:20:10.660187,cam4,/content/drive/MyDrive/TrafficCameraData1/data/cam4/cam4_20260109_132010.jpg,0
2026-01-09T13:20:13.278819,cam5,/content/drive/MyDrive/TrafficCameraData1/data/cam5/cam5_20260109_132013.jpg,0
2026-01-09T13:20:14.079427,cam6,/content/drive/MyDrive/TrafficCameraData1/data/cam6/cam6_20260109_132014.jpg,0
2026-01-09T13:20:14.878216,cam7,/content/drive/MyDrive/TrafficCameraData1/data/cam7/cam7_20260109_132014.jpg,0
2026-01-09T13:20:15.680352,cam8,/content/drive/MyDrive/TrafficCameraData1/data/cam8/cam8_20260109_132015.jpg,0
2026-01-09T13:25:08.208515,cam1,/content/drive/MyDrive/TrafficCameraData1/data/cam1/cam1_20260109_132508.jpg,0
2026-01-09T13:25:09.012581,cam2,/content/drive/MyDrive/TrafficCameraData1/data/cam2/cam2_20260109_132509.jpg,0
2026-01-09T13:25:09.810190,cam3,/content/drive/MyDrive/TrafficCameraData1/data/cam3/cam3_20260109_132509.jpg,0
2026-01-09T13:25:10.613542,cam4,/content/drive/MyDrive/TrafficCameraData1/data/cam4/cam4_20260109_132510.jpg,0
2026-01-09T13:25:11.419603,cam5,/content/drive/MyDrive/TrafficCameraData1/data/cam5/cam5_20260109_132511.jpg,0
2026-01-09T13:25:11.995535,cam6,/content/drive/MyDrive/TrafficCameraData1/data/cam6/cam6_20260109_132511.jpg,0
2026-01-09T13:25:12.805755,cam7,/content/drive/MyDrive/TrafficCameraData1/data/cam7/cam7_20260109_132512.jpg,0
2026-01-09T13:25:13.622950,cam8,/content/drive/MyDrive/TrafficCameraData1/data/cam8/cam8_20260109_132513.jpg,0
2026-01-09T13:30:08.208871,cam1,/content/drive/MyDrive/TrafficCameraData1/data/cam1/cam1_20260109_133008.jpg,0
2026-01-09T13:30:09.244368,cam2,/content/drive/MyDrive/TrafficCameraData1/data/cam2/cam2_20260109_133009.jpg,0
2026-01-09T13:30:10.044326,cam3,/content/drive/MyDrive/TrafficCameraData1/data/cam3/cam3_20260109_133010.jpg,0
2026-01-09T13:30:10.855337,cam4,/content/drive/MyDrive/TrafficCameraData1/data/cam4/cam4_20260109_133010.jpg,0
2026-01-09T13:30:11.667894,cam5,/content/drive/MyDrive/TrafficCameraData1/data/cam5/cam5_20260109_133011.jpg,0
2026-01-09T13:30:12.298112,cam6,/content/drive/MyDrive/TrafficCameraData1/data/cam6/cam6_20260109_133012.jpg,0
2026-01-09T13:30:13.106715,cam7,/content/drive/MyDrive/TrafficCameraData1/data/cam7/cam7_20260109_133013.jpg,0
2026-01-09T13:30:13.932940,cam8,/content/drive/MyDrive/TrafficCameraData1/data/cam8/cam8_20260109_133013.jpg,0
2026-01-09T13:35:08.208796,cam1,/content/drive/MyDrive/TrafficCameraData1/data/cam1/cam1_20260109_133508.jpg,0
2026-01-09T13:35:09.021947,cam2,/content/drive/MyDrive/TrafficCameraData1/data/cam2/cam2_20260109_133509.jpg,0
2026-01-09T13:35:09.842038,cam3,/content/drive/MyDrive/TrafficCameraData1/data/cam3/cam3_20260109_133509.jpg,0
2026-01-09T13:35:10.682072,cam4,/content/drive/MyDrive/TrafficCameraData1/data/cam4/cam4_20260109_133510.jpg,0
2026-01-09T13:35:11.573089,cam5,/content/drive/MyDrive/TrafficCameraData1/data/cam5/cam5_20260109_133511.jpg,0
2026-01-09T13:35:12.178285,cam6,/content/drive/MyDrive/TrafficCameraData1/data/cam6/cam6_20260109_133512.jpg,0
2026-01-09T13:35:12.989300,cam7,/content/drive/MyDrive/TrafficCameraData1/data/cam7/cam7_20260109_133512.jpg,0
2026-01-09T13:35:13.817504,cam8,/content/drive/MyDrive/TrafficCameraData1/data/cam8/cam8_20260109_133513.jpg,0
2026-01-09T13:40:08.209157,cam1,/content/drive/MyDrive/TrafficCameraData1/data/cam1/cam1_20260109_134008.jpg,0
2026-01-09T13:40:09.020546,cam2,/content/drive/MyDrive/TrafficCameraData1/data/cam2/cam2_20260109_134009.jpg,0
2026-01-09T13:40:09.816585,cam3,/content/drive/MyDrive/TrafficCameraData1/data/cam3/cam3_20260109_134009.jpg,0
2026-01-09T13:40:10.620224,cam4,/content/drive/MyDrive/TrafficCameraData1/data/cam4/cam4_20260109_134010.jpg,0
2026-01-09T13:40:11.436304,cam5,/content/drive/MyDrive/TrafficCameraData1/data/cam5/cam5_20260109_134011.jpg,0
2026-01-09T13:40:12.017494,cam6,/content/drive/MyDrive/TrafficCameraData1/data/cam6/cam6_20260109_134012.jpg,0
2026-01-09T13:40:12.826640,cam7,/content/drive/MyDrive/TrafficCameraData1/data/cam7/cam7_20260109_134012.jpg,0
2026-01-09T13:40:13.629256,cam8,/content/drive/MyDrive/TrafficCameraData1/data/cam8/cam8_20260109_134013.jpg,0
2026-01-09T13:45:08.209708,cam1,/content/drive/MyDrive/TrafficCameraData1/data/cam1/cam1_20260109_134508.jpg,0
2026-01-09T13:45:09.030311,cam2,/content/drive/MyDrive/TrafficCameraData1/data/cam2/cam2_20260109_134509.jpg,0
2026-01-09T13:45:09.828029,cam3,/content/drive/MyDrive/TrafficCameraData1/data/cam3/cam3_20260109_134509.jpg,0
2026-01-09T13:45:10.677498,cam4,/content/drive/MyDrive/TrafficCameraData1/data/cam4/cam4_20260109_134510.jpg,0
2026-01-09T13:45:11.495673,cam5,/content/drive/MyDrive/TrafficCameraData1/data/cam5/cam5_20260109_134511.jpg,0
2026-01-09T13:45:12.099029,cam6,/content/drive/MyDrive/TrafficCameraData1/data/cam6/cam6_20260109_134512.jpg,0
2026-01-09T13:45:12.909853,cam7,/content/drive/MyDrive/TrafficCameraData1/data/cam7/cam7_20260109_134512.jpg,0
2026-01-09T13:45:13.719567,cam8,/content/drive/MyDrive/TrafficCameraData1/data/cam8/cam8_20260109_134513.jpg,0
2026-01-09T13:50:08.210219,cam1,/content/drive/MyDrive/TrafficCameraData1/data/cam1/cam1_20260109_135008.jpg,0
2026-01-09T13:50:09.516100,cam2,/content/drive/MyDrive/TrafficCameraData1/data/cam2/cam2_20260109_135009.jpg,0
2026-01-09T13:50:10.329726,cam3,/content/drive/MyDrive/TrafficCameraData1/data/cam3/cam3_20260109_135010.jpg,0
2026-01-09T13:50:11.138254,cam4,/content/drive/MyDrive/TrafficCameraData1/data/cam4/cam4_20260109_135011.jpg,0
2026-01-09T13:50:12.387179,cam5,/content/drive/MyDrive/TrafficCameraData1/data/cam5/cam5_20260109_135012.jpg,0
2026-01-09T13:50:12.970371,cam6,/content/drive/MyDrive/TrafficCameraData1/data/cam6/cam6_20260109_135012.jpg,0
2026-01-09T13:50:13.791814,cam7,/content/drive/MyDrive/TrafficCameraData1/data/cam7/cam7_20260109_135013.jpg,0
2026-01-09T13:50:14.642296,cam8,/content/drive/MyDrive/TrafficCameraData1/data/cam8/cam8_20260109_135014.jpg,0
2026-01-09T13:52:37.696968,cam1,/content/drive/MyDrive/TrafficCameraData1/data/cam1/cam1_20260109_135237.jpg,0
2026-01-09T13:52:38.973217,cam2,/content/drive/MyDrive/TrafficCameraData1/data/cam2/cam2_20260109_135238.jpg,0
2026-01-09T13:52:39.811766,cam3,/content/drive/MyDrive/TrafficCameraData1/data/cam3/cam3_20260109_135239.jpg,0
2026-01-09T13:52:40.620484,cam4,/content/drive/MyDrive/TrafficCameraData1/data/cam4/cam4_20260109_135240.jpg,0
2026-01-09T13:52:41.424189,cam5,/content/drive/MyDrive/TrafficCameraData1/data/cam5/cam5_20260109_135241.jpg,0
2026-01-09T13:52:42.006719,cam6,/content/drive/MyDrive/TrafficCameraData1/data/cam6/cam6_20260109_135242.jpg,0
2026-01-09T13:52:42.813070,cam7,/content/drive/MyDrive/TrafficCameraData1/data/cam7/cam7_20260109_135242.jpg,0
2026-01-09T13:52:43.636446,cam8,/content/drive/MyDrive/TrafficCameraData1/data/cam8/cam8_20260109_135243.jpg,0
2026-01-09T13:57:37.697527,cam1,/content/drive/MyDrive/TrafficCameraData1/data/cam1/cam1_20260109_135737.jpg,0
2026-01-09T13:57:38.730024,cam2,/content/drive/MyDrive/TrafficCameraData1/data/cam2/cam2_20260109_135738.jpg,0
2026-01-09T13:57:39.556924,cam3,/content/drive/MyDrive/TrafficCameraData1/data/cam3/cam3_20260109_135739.jpg,0
2026-01-09T13:57:40.370515,cam4,/content/drive/MyDrive/TrafficCameraData1/data/cam4/cam4_20260109_135740.jpg,0
2026-01-09T13:57:41.195838,cam5,/content/drive/MyDrive/TrafficCameraData1/data/cam5/cam5_20260109_135741.jpg,0
2026-01-09T13:57:41.794450,cam6,/content/drive/MyDrive/TrafficCameraData1/data/cam6/cam6_20260109_135741.jpg,0
2026-01-09T13:57:42.605458,cam7,/content/drive/MyDrive/TrafficCameraData1/data/cam7/cam7_20260109_135742.jpg,0
2026-01-09T13:57:43.411049,cam8,/content/drive/MyDrive/TrafficCameraData1/data/cam8/cam8_20260109_135743.jpg,0
2026-01-09T14:02:51.780062,cam2,/content/drive/MyDrive/TrafficCameraData1/data/cam2/cam2_20260109_140251.jpg,0
2026-01-09T14:02:54.410098,cam3,/content/drive/MyDrive/TrafficCameraData1/data/cam3/cam3_20260109_140254.jpg,0
2026-01-09T14:02:55.603697,cam4,/content/drive/MyDrive/TrafficCameraData1/data/cam4/cam4_20260109_140255.jpg,0
2026-01-09T14:02:56.428290,cam5,/content/drive/MyDrive/TrafficCameraData1/data/cam5/cam5_20260109_140256.jpg,0
2026-01-09T14:02:57.012407,cam6,/content/drive/MyDrive/TrafficCameraData1/data/cam6/cam6_20260109_140257.jpg,0
2026-01-09T14:02:58.913757,cam7,/content/drive/MyDrive/TrafficCameraData1/data/cam7/cam7_20260109_140258.jpg,0
2026-01-09T14:03:00.544912,cam8,/content/drive/MyDrive/TrafficCameraData1/data/cam8/cam8_20260109_140300.jpg,0
2026-01-09T14:07:37.697511,cam1,/content/drive/MyDrive/TrafficCameraData1/data/cam1/cam1_20260109_140737.jpg,0
2026-01-09T14:07:38.970375,cam2,/content/drive/MyDrive/TrafficCameraData1/data/cam2/cam2_20260109_140738.jpg,0
2026-01-09T14:07:39.784287,cam3,/content/drive/MyDrive/TrafficCameraData1/data/cam3/cam3_20260109_140739.jpg,0
2026-01-09T14:07:40.609300,cam4,/content/drive/MyDrive/TrafficCameraData1/data/cam4/cam4_20260109_140740.jpg,0
2026-01-09T14:07:41.408897,cam5,/content/drive/MyDrive/TrafficCameraData1/data/cam5/cam5_20260109_140741.jpg,0
2026-01-09T14:07:41.985108,cam6,/content/drive/MyDrive/TrafficCameraData1/data/cam6/cam6_20260109_140741.jpg,0
2026-01-09T14:07:42.831473,cam7,/content/drive/MyDrive/TrafficCameraData1/data/cam7/cam7_20260109_140742.jpg,0
2026-01-09T14:07:43.691567,cam8,/content/drive/MyDrive/TrafficCameraData1/data/cam8/cam8_20260109_140743.jpg,0
2026-01-09T14:12:37.697741,cam1,/content/drive/MyDrive/TrafficCameraData1/data/cam1/cam1_20260109_141237.jpg,0
2026-01-09T14:12:39.319085,cam2,/content/drive/MyDrive/TrafficCameraData1/data/cam2/cam2_20260109_141239.jpg,0
2026-01-09T14:12:40.122455,cam3,/content/drive/MyDrive/TrafficCameraData1/data/cam3/cam3_20260109_141240.jpg,0
2026-01-09T14:12:40.936268,cam4,/content/drive/MyDrive/TrafficCameraData1/data/cam4/cam4_20260109_141240.jpg,0
2026-01-09T14:12:41.767413,cam5,/content/drive/MyDrive/TrafficCameraData1/data/cam5/cam5_20260109_141241.jpg,0
2026-01-09T14:12:42.371692,cam6,/content/drive/MyDrive/TrafficCameraData1/data/cam6/cam6_20260109_141242.jpg,0
2026-01-09T14:12:43.226577,cam7,/content/drive/MyDrive/TrafficCameraData1/data/cam7/cam7_20260109_141243.jpg,0
2026-01-09T14:12:44.037700,cam8,/content/drive/MyDrive/TrafficCameraData1/data/cam8/cam8_20260109_141244.jpg,0
2026-01-09T14:17:37.698291,cam1,/content/drive/MyDrive/TrafficCameraData1/data/cam1/cam1_20260109_141737.jpg,0
2026-01-09T14:17:38.496813,cam2,/content/drive/MyDrive/TrafficCameraData1/data/cam2/cam2_20260109_141738.jpg,0
2026-01-09T14:17:39.302950,cam3,/content/drive/MyDrive/TrafficCameraData1/data/cam3/cam3_20260109_141739.jpg,0
2026-01-09T14:17:40.107993,cam4,/content/drive/MyDrive/TrafficCameraData1/data/cam4/cam4_20260109_141740.jpg,0
2026-01-09T14:17:40.911795,cam5,/content/drive/MyDrive/TrafficCameraData1/data/cam5/cam5_20260109_141740.jpg,0
2026-01-09T14:17:41.490418,cam6,/content/drive/MyDrive/TrafficCameraData1/data/cam6/cam6_20260109_141741.jpg,0
2026-01-09T14:17:42.310052,cam7,/content/drive/MyDrive/TrafficCameraData1/data/cam7/cam7_20260109_141742.jpg,0
2026-01-09T14:17:42.890589,cam8,/content/drive/MyDrive/TrafficCameraData1/data/cam8/cam8_20260109_141742.jpg,0
2026-01-09T14:22:37.698555,cam1,/content/drive/MyDrive/TrafficCameraData1/data/cam1/cam1_20260109_142237.jpg,0
2026-01-09T14:22:38.553093,cam2,/content/drive/MyDrive/TrafficCameraData1/data/cam2/cam2_20260109_142238.jpg,0
2026-01-09T14:22:39.357674,cam3,/content/drive/MyDrive/TrafficCameraData1/data/cam3/cam3_20260109_142239.jpg,0
2026-01-09T14:22:40.163457,cam4,/content/drive/MyDrive/TrafficCameraData1/data/cam4/cam4_20260109_142240.jpg,0
2026-01-09T14:22:40.967238,cam5,/content/drive/MyDrive/TrafficCameraData1/data/cam5/cam5_20260109_142240.jpg,0
2026-01-09T14:22:41.795253,cam6,/content/drive/MyDrive/TrafficCameraData1/data/cam6/cam6_20260109_142241.jpg,0
2026-01-09T14:22:42.600170,cam7,/content/drive/MyDrive/TrafficCameraData1/data/cam7/cam7_20260109_142242.jpg,0
2026-01-09T14:22:43.397048,cam8,/content/drive/MyDrive/TrafficCameraData1/data/cam8/cam8_20260109_142243.jpg,0
2026-01-09T14:27:37.698504,cam1,/content/drive/MyDrive/TrafficCameraData1/data/cam1/cam1_20260109_142737.jpg,0
2026-01-09T14:27:38.509001,cam2,/content/drive/MyDrive/TrafficCameraData1/data/cam2/cam2_20260109_142738.jpg,0
2026-01-09T14:27:39.552714,cam3,/content/drive/MyDrive/TrafficCameraData1/data/cam3/cam3_20260109_142739.jpg,0
2026-01-09T14:27:40.369200,cam4,/content/drive/MyDrive/TrafficCameraData1/data/cam4/cam4_20260109_142740.jpg,0
2026-01-09T14:27:41.175034,cam5,/content/drive/MyDrive/TrafficCameraData1/data/cam5/cam5_20260109_142741.jpg,0
2026-01-09T14:27:41.755331,cam6,/content/drive/MyDrive/TrafficCameraData1/data/cam6/cam6_20260109_142741.jpg,0
2026-01-09T14:27:42.557694,cam7,/content/drive/MyDrive/TrafficCameraData1/data/cam7/cam7_20260109_142742.jpg,0
2026-01-09T14:27:43.360984,cam8,/content/drive/MyDrive/TrafficCameraData1/data/cam8/cam8_20260109_142743.jpg,0
2026-01-09T14:32:37.698718,cam1,/content/drive/MyDrive/TrafficCameraData1/data/cam1/cam1_20260109_143237.jpg,0
2026-01-09T14:32:38.506369,cam2,/content/drive/MyDrive/TrafficCameraData1/data/cam2/cam2_20260109_143238.jpg,0
2026-01-09T14:32:40.597903,cam3,/content/drive/MyDrive/TrafficCameraData1/data/cam3/cam3_20260109_143240.jpg,0
2026-01-09T14:32:41.408554,cam4,/content/drive/MyDrive/TrafficCameraData1/data/cam4/cam4_20260109_143241.jpg,0
2026-01-09T14:32:42.210940,cam5,/content/drive/MyDrive/TrafficCameraData1/data/cam5/cam5_20260109_143242.jpg,0
2026-01-09T14:32:42.785630,cam6,/content/drive/MyDrive/TrafficCameraData1/data/cam6/cam6_20260109_143242.jpg,0
2026-01-09T14:32:43.695362,cam7,/content/drive/MyDrive/TrafficCameraData1/data/cam7/cam7_20260109_143243.jpg,0
2026-01-09T14:32:44.525322,cam8,/content/drive/MyDrive/TrafficCameraData1/data/cam8/cam8_20260109_143244.jpg,0
2026-01-09T14:37:37.699104,cam1,/content/drive/MyDrive/TrafficCameraData1/data/cam1/cam1_20260109_143737.jpg,0
2026-01-09T14:37:38.741984,cam2,/content/drive/MyDrive/TrafficCameraData1/data/cam2/cam2_20260109_143738.jpg,0
2026-01-09T14:37:39.543068,cam3,/content/drive/MyDrive/TrafficCameraData1/data/cam3/cam3_20260109_143739.jpg,0
2026-01-09T14:37:40.876691,cam4,/content/drive/MyDrive/TrafficCameraData1/data/cam4/cam4_20260109_143740.jpg,0
2026-01-09T14:37:41.681827,cam5,/content/drive/MyDrive/TrafficCameraData1/data/cam5/cam5_20260109_143741.jpg,0
2026-01-09T14:37:42.259516,cam6,/content/drive/MyDrive/TrafficCameraData1/data/cam6/cam6_20260109_143742.jpg,0
2026-01-09T14:37:43.060963,cam7,/content/drive/MyDrive/TrafficCameraData1/data/cam7/cam7_20260109_143743.jpg,0
2026-01-09T14:37:43.862161,cam8,/content/drive/MyDrive/TrafficCameraData1/data/cam8/cam8_20260109_143743.jpg,0
2026-01-09T14:42:37.699556,cam1,/content/drive/MyDrive/TrafficCameraData1/data/cam1/cam1_20260109_144237.jpg,0
2026-01-09T14:42:38.524503,cam2,/content/drive/MyDrive/TrafficCameraData1/data/cam2/cam2_20260109_144238.jpg,0
2026-01-09T14:42:39.334240,cam3,/content/drive/MyDrive/TrafficCameraData1/data/cam3/cam3_20260109_144239.jpg,0
2026-01-09T14:42:40.148262,cam4,/content/drive/MyDrive/TrafficCameraData1/data/cam4/cam4_20260109_144240.jpg,0
2026-01-09T14:42:40.955175,cam5,/content/drive/MyDrive/TrafficCameraData1/data/cam5/cam5_20260109_144240.jpg,0
2026-01-09T14:42:41.553911,cam6,/content/drive/MyDrive/TrafficCameraData1/data/cam6/cam6_20260109_144241.jpg,0
2026-01-09T14:42:42.359242,cam7,/content/drive/MyDrive/TrafficCameraData1/data/cam7/cam7_20260109_144242.jpg,0
2026-01-09T14:42:43.226888,cam8,/content/drive/MyDrive/TrafficCameraData1/data/cam8/cam8_20260109_144243.jpg,0
2026-01-09T14:47:37.699816,cam1,/content/drive/MyDrive/TrafficCameraData1/data/cam1/cam1_20260109_144737.jpg,0
2026-01-09T14:47:38.519742,cam2,/content/drive/MyDrive/TrafficCameraData1/data/cam2/cam2_20260109_144738.jpg,0
2026-01-09T14:47:39.320631,cam3,/content/drive/MyDrive/TrafficCameraData1/data/cam3/cam3_20260109_144739.jpg,0
2026-01-09T14:47:40.144364,cam4,/content/drive/MyDrive/TrafficCameraData1/data/cam4/cam4_20260109_144740.jpg,0
2026-01-09T14:47:40.951865,cam5,/content/drive/MyDrive/TrafficCameraData1/data/cam5/cam5_20260109_144740.jpg,0
2026-01-09T14:47:41.544912,cam6,/content/drive/MyDrive/TrafficCameraData1/data/cam6/cam6_20260109_144741.jpg,0
2026-01-09T14:47:42.347141,cam7,/content/drive/MyDrive/TrafficCameraData1/data/cam7/cam7_20260109_144742.jpg,0
2026-01-09T14:47:43.211842,cam8,/content/drive/MyDrive/TrafficCameraData1/data/cam8/cam8_20260109_144743.jpg,0
2026-01-09T14:52:37.699859,cam1,/content/drive/MyDrive/TrafficCameraData1/data/cam1/cam1_20260109_145237.jpg,0
2026-01-09T14:52:38.501454,cam2,/content/drive/MyDrive/TrafficCameraData1/data/cam2/cam2_20260109_145238.jpg,0
2026-01-09T14:52:39.296718,cam3,/content/drive/MyDrive/TrafficCameraData1/data/cam3/cam3_20260109_145239.jpg,0
2026-01-09T14:52:40.105208,cam4,/content/drive/MyDrive/TrafficCameraData1/data/cam4/cam4_20260109_145240.jpg,0
2026-01-09T14:52:40.915426,cam5,/content/drive/MyDrive/TrafficCameraData1/data/cam5/cam5_20260109_145240.jpg,0
2026-01-09T14:52:41.500093,cam6,/content/drive/MyDrive/TrafficCameraData1/data/cam6/cam6_20260109_145241.jpg,0
2026-01-09T14:52:42.303312,cam7,/content/drive/MyDrive/TrafficCameraData1/data/cam7/cam7_20260109_145242.jpg,0
2026-01-09T14:52:43.103175,cam8,/content/drive/MyDrive/TrafficCameraData1/data/cam8/cam8_20260109_145243.jpg,0
2026-01-09T14:57:37.700413,cam1,/content/drive/MyDrive/TrafficCameraData1/data/cam1/cam1_20260109_145737.jpg,0
2026-01-09T14:57:38.721210,cam2,/content/drive/MyDrive/TrafficCameraData1/data/cam2/cam2_20260109_145738.jpg,0
2026-01-09T14:57:39.560888,cam3,/content/drive/MyDrive/TrafficCameraData1/data/cam3/cam3_20260109_145739.jpg,0
2026-01-09T14:57:40.363217,cam4,/content/drive/MyDrive/TrafficCameraData1/data/cam4/cam4_20260109_145740.jpg,0
2026-01-09T14:57:41.157636,cam5,/content/drive/MyDrive/TrafficCameraData1/data/cam5/cam5_20260109_145741.jpg,0
2026-01-09T14:57:41.756282,cam6,/content/drive/MyDrive/TrafficCameraData1/data/cam6/cam6_20260109_145741.jpg,0
2026-01-09T14:57:42.551182,cam7,/content/drive/MyDrive/TrafficCameraData1/data/cam7/cam7_20260109_145742.jpg,0
2026-01-09T14:57:43.353381,cam8,/content/drive/MyDrive/TrafficCameraData1/data/cam8/cam8_20260109_145743.jpg,0
2026-01-09T15:02:37.702520,cam1,/content/drive/MyDrive/TrafficCameraData1/data/cam1/cam1_20260109_150237.jpg,0
2026-01-09T15:02:38.523892,cam2,/content/drive/MyDrive/TrafficCameraData1/data/cam2/cam2_20260109_150238.jpg,0
2026-01-09T15:02:39.327676,cam3,/content/drive/MyDrive/TrafficCameraData1/data/cam3/cam3_20260109_150239.jpg,0
2026-01-09T15:02:40.141903,cam4,/content/drive/MyDrive/TrafficCameraData1/data/cam4/cam4_20260109_150240.jpg,0
2026-01-09T15:02:40.944770,cam5,/content/drive/MyDrive/TrafficCameraData1/data/cam5/cam5_20260109_150240.jpg,0
2026-01-09T15:02:41.521738,cam6,/content/drive/MyDrive/TrafficCameraData1/data/cam6/cam6_20260109_150241.jpg,0
2026-01-09T15:02:42.325193,cam7,/content/drive/MyDrive/TrafficCameraData1/data/cam7/cam7_20260109_150242.jpg,0
2026-01-09T15:02:43.123730,cam8,/content/drive/MyDrive/TrafficCameraData1/data/cam8/cam8_20260109_150243.jpg,0
2026-01-09T15:07:37.700817,cam1,/content/drive/MyDrive/TrafficCameraData1/data/cam1/cam1_20260109_150737.jpg,0
2026-01-09T15:07:38.698522,cam2,/content/drive/MyDrive/TrafficCameraData1/data/cam2/cam2_20260109_150738.jpg,0
2026-01-09T15:07:39.571853,cam3,/content/drive/MyDrive/TrafficCameraData1/data/cam3/cam3_20260109_150739.jpg,0
2026-01-09T15:07:40.379037,cam4,/content/drive/MyDrive/TrafficCameraData1/data/cam4/cam4_20260109_150740.jpg,0
2026-01-09T15:07:41.179368,cam5,/content/drive/MyDrive/TrafficCameraData1/data/cam5/cam5_20260109_150741.jpg,0
2026-01-09T15:07:41.760227,cam6,/content/drive/MyDrive/TrafficCameraData1/data/cam6/cam6_20260109_150741.jpg,0
2026-01-09T15:07:42.591188,cam7,/content/drive/MyDrive/TrafficCameraData1/data/cam7/cam7_20260109_150742.jpg,0
2026-01-09T15:07:43.399313,cam8,/content/drive/MyDrive/TrafficCameraData1/data/cam8/cam8_20260109_150743.jpg,0
2026-01-09T15:12:37.701116,cam1,/content/drive/MyDrive/TrafficCameraData1/data/cam1/cam1_20260109_151237.jpg,0
2026-01-09T15:12:38.714172,cam2,/content/drive/MyDrive/TrafficCameraData1/data/cam2/cam2_20260109_151238.jpg,0
2026-01-09T15:12:39.508128,cam3,/content/drive/MyDrive/TrafficCameraData1/data/cam3/cam3_20260109_151239.jpg,0
2026-01-09T15:12:41.380637,cam4,/content/drive/MyDrive/TrafficCameraData1/data/cam4/cam4_20260109_151241.jpg,0
2026-01-09T15:12:42.181084,cam5,/content/drive/MyDrive/TrafficCameraData1/data/cam5/cam5_20260109_151242.jpg,0
2026-01-09T15:12:42.997318,cam6,/content/drive/MyDrive/TrafficCameraData1/data/cam6/cam6_20260109_151242.jpg,0
2026-01-09T15:12:43.792237,cam7,/content/drive/MyDrive/TrafficCameraData1/data/cam7/cam7_20260109_151243.jpg,0
2026-01-09T15:12:44.583237,cam8,/content/drive/MyDrive/TrafficCameraData1/data/cam8/cam8_20260109_151244.jpg,0
2026-01-09T15:17:37.701336,cam1,/content/drive/MyDrive/TrafficCameraData1/data/cam1/cam1_20260109_151737.jpg,0
2026-01-09T15:17:38.920724,cam2,/content/drive/MyDrive/TrafficCameraData1/data/cam2/cam2_20260109_151738.jpg,0
2026-01-09T15:17:39.713076,cam3,/content/drive/MyDrive/TrafficCameraData1/data/cam3/cam3_20260109_151739.jpg,0
2026-01-09T15:17:40.684821,cam4,/content/drive/MyDrive/TrafficCameraData1/data/cam4/cam4_20260109_151740.jpg,0
2026-01-09T15:17:41.507860,cam5,/content/drive/MyDrive/TrafficCameraData1/data/cam5/cam5_20260109_151741.jpg,0
2026-01-09T15:17:42.079168,cam6,/content/drive/MyDrive/TrafficCameraData1/data/cam6/cam6_20260109_151742.jpg,0
2026-01-09T15:17:42.874943,cam7,/content/drive/MyDrive/TrafficCameraData1/data/cam7/cam7_20260109_151742.jpg,0
2026-01-09T15:17:43.696378,cam8,/content/drive/MyDrive/TrafficCameraData1/data/cam8/cam8_20260109_151743.jpg,0
2026-01-09T15:22:37.701698,cam1,/content/drive/MyDrive/TrafficCameraData1/data/cam1/cam1_20260109_152237.jpg,0
2026-01-09T15:22:38.505788,cam2,/content/drive/MyDrive/TrafficCameraData1/data/cam2/cam2_20260109_152238.jpg,0
2026-01-09T15:22:39.313780,cam3,/content/drive/MyDrive/TrafficCameraData1/data/cam3/cam3_20260109_152239.jpg,0
2026-01-09T15:22:40.121894,cam4,/content/drive/MyDrive/TrafficCameraData1/data/cam4/cam4_20260109_152240.jpg,0
2026-01-09T15:22:40.924412,cam5,/content/drive/MyDrive/TrafficCameraData1/data/cam5/cam5_20260109_152240.jpg,0
2026-01-09T15:22:41.503305,cam6,/content/drive/MyDrive/TrafficCameraData1/data/cam6/cam6_20260109_152241.jpg,0
2026-01-09T15:22:42.303991,cam7,/content/drive/MyDrive/TrafficCameraData1/data/cam7/cam7_20260109_152242.jpg,0
2026-01-09T15:22:43.353747,cam8,/content/drive/MyDrive/TrafficCameraData1/data/cam8/cam8_20260109_152243.jpg,0
2026-01-09T15:27:37.702052,cam1,/content/drive/MyDrive/TrafficCameraData1/data/cam1/cam1_20260109_152737.jpg,0
2026-01-09T15:27:38.502016,cam2,/content/drive/MyDrive/TrafficCameraData1/data/cam2/cam2_20260109_152738.jpg,0
2026-01-09T15:27:39.301134,cam3,/content/drive/MyDrive/TrafficCameraData1/data/cam3/cam3_20260109_152739.jpg,0
2026-01-09T15:27:40.325596,cam4,/content/drive/MyDrive/TrafficCameraData1/data/cam4/cam4_20260109_152740.jpg,0
2026-01-09T15:27:41.346454,cam5,/content/drive/MyDrive/TrafficCameraData1/data/cam5/cam5_20260109_152741.jpg,0
2026-01-09T15:27:42.145347,cam6,/content/drive/MyDrive/TrafficCameraData1/data/cam6/cam6_20260109_152742.jpg,0
2026-01-09T15:27:43.167334,cam7,/content/drive/MyDrive/TrafficCameraData1/data/cam7/cam7_20260109_152743.jpg,0
2026-01-09T15:27:43.966993,cam8,/content/drive/MyDrive/TrafficCameraData1/data/cam8/cam8_20260109_152743.jpg,0
2026-01-09T15:32:37.703902,cam1,/content/drive/MyDrive/TrafficCameraData1/data/cam1/cam1_20260109_153237.jpg,0
2026-01-09T15:32:38.733451,cam2,/content/drive/MyDrive/TrafficCameraData1/data/cam2/cam2_20260109_153238.jpg,0
2026-01-09T15:32:39.529566,cam3,/content/drive/MyDrive/TrafficCameraData1/data/cam3/cam3_20260109_153239.jpg,0
2026-01-09T15:32:40.552417,cam4,/content/drive/MyDrive/TrafficCameraData1/data/cam4/cam4_20260109_153240.jpg,0
2026-01-09T15:32:42.274919,cam5,/content/drive/MyDrive/TrafficCameraData1/data/cam5/cam5_20260109_153242.jpg,0
2026-01-09T15:32:43.070799,cam6,/content/drive/MyDrive/TrafficCameraData1/data/cam6/cam6_20260109_153243.jpg,0
2026-01-09T15:32:44.790115,cam7,/content/drive/MyDrive/TrafficCameraData1/data/cam7/cam7_20260109_153244.jpg,0
2026-01-09T15:32:45.589056,cam8,/content/drive/MyDrive/TrafficCameraData1/data/cam8/cam8_20260109_153245.jpg,0
2026-01-09T15:37:37.703215,cam1,/content/drive/MyDrive/TrafficCameraData1/data/cam1/cam1_20260109_153737.jpg,0
2026-01-09T15:37:38.508859,cam2,/content/drive/MyDrive/TrafficCameraData1/data/cam2/cam2_20260109_153738.jpg,0
2026-01-09T15:37:39.306273,cam3,/content/drive/MyDrive/TrafficCameraData1/data/cam3/cam3_20260109_153739.jpg,0
2026-01-09T15:37:40.525141,cam4,/content/drive/MyDrive/TrafficCameraData1/data/cam4/cam4_20260109_153740.jpg,0
2026-01-09T15:37:41.546544,cam5,/content/drive/MyDrive/TrafficCameraData1/data/cam5/cam5_20260109_153741.jpg,0
2026-01-09T15:37:42.364344,cam6,/content/drive/MyDrive/TrafficCameraData1/data/cam6/cam6_20260109_153742.jpg,0
2026-01-09T15:37:43.388047,cam7,/content/drive/MyDrive/TrafficCameraData1/data/cam7/cam7_20260109_153743.jpg,0
2026-01-09T15:37:44.185283,cam8,/content/drive/MyDrive/TrafficCameraData1/data/cam8/cam8_20260109_153744.jpg,0
2026-01-09T15:55:29.035728,cam1,/content/drive/MyDrive/TrafficCameraData1/data/cam1/cam1_20260109_155529.jpg,0
2026-01-09T15:55:32.185532,cam2,/content/drive/MyDrive/TrafficCameraData1/data/cam2/cam2_20260109_155532.jpg,0
2026-01-09T15:55:35.702997,cam3,/content/drive/MyDrive/TrafficCameraData1/data/cam3/cam3_20260109_155535.jpg,0
2026-01-09T15:55:39.244012,cam4,/content/drive/MyDrive/TrafficCameraData1/data/cam4/cam4_20260109_155539.jpg,0
2026-01-09T15:55:42.220754,cam5,/content/drive/MyDrive/TrafficCameraData1/data/cam5/cam5_20260109_155542.jpg,0
2026-01-09T15:55:45.939414,cam6,/content/drive/MyDrive/TrafficCameraData1/data/cam6/cam6_20260109_155545.jpg,0
2026-01-09T15:55:49.433047,cam7,/content/drive/MyDrive/TrafficCameraData1/data/cam7/cam7_20260109_155549.jpg,0
2026-01-09T15:55:52.267653,cam8,/content/drive/MyDrive/TrafficCameraData1/data/cam8/cam8_20260109_155552.jpg,0
2026-01-09T16:00:29.036773,cam1,/content/drive/MyDrive/TrafficCameraData1/data/cam1/cam1_20260109_160029.jpg,0
2026-01-09T16:00:29.850025,cam2,/content/drive/MyDrive/TrafficCameraData1/data/cam2/cam2_20260109_160029.jpg,0
2026-01-09T16:00:30.659807,cam3,/content/drive/MyDrive/TrafficCameraData1/data/cam3/cam3_20260109_160030.jpg,0
2026-01-09T16:00:31.466734,cam4,/content/drive/MyDrive/TrafficCameraData1/data/cam4/cam4_20260109_160031.jpg,0
2026-01-09T16:00:32.289011,cam5,/content/drive/MyDrive/TrafficCameraData1/data/cam5/cam5_20260109_160032.jpg,0
2026-01-09T16:00:32.866427,cam6,/content/drive/MyDrive/TrafficCameraData1/data/cam6/cam6_20260109_160032.jpg,0
2026-01-09T16:00:33.686285,cam7,/content/drive/MyDrive/TrafficCameraData1/data/cam7/cam7_20260109_160033.jpg,0
2026-01-09T16:00:34.484062,cam8,/content/drive/MyDrive/TrafficCameraData1/data/cam8/cam8_20260109_160034.jpg,0
2026-01-09T16:05:29.036509,cam1,/content/drive/MyDrive/TrafficCameraData1/data/cam1/cam1_20260109_160529.jpg,0
2026-01-09T16:05:29.873924,cam2,/content/drive/MyDrive/TrafficCameraData1/data/cam2/cam2_20260109_160529.jpg,0
2026-01-09T16:05:30.669914,cam3,/content/drive/MyDrive/TrafficCameraData1/data/cam3/cam3_20260109_160530.jpg,0
2026-01-09T16:05:31.479548,cam4,/content/drive/MyDrive/TrafficCameraData1/data/cam4/cam4_20260109_160531.jpg,0
2026-01-09T16:05:32.289884,cam5,/content/drive/MyDrive/TrafficCameraData1/data/cam5/cam5_20260109_160532.jpg,0
2026-01-09T16:05:32.867699,cam6,/content/drive/MyDrive/TrafficCameraData1/data/cam6/cam6_20260109_160532.jpg,0
2026-01-09T16:05:33.676009,cam7,/content/drive/MyDrive/TrafficCameraData1/data/cam7/cam7_20260109_160533.jpg,0
2026-01-09T16:05:34.522599,cam8,/content/drive/MyDrive/TrafficCameraData1/data/cam8/cam8_20260109_160534.jpg,0
2026-01-09T16:10:29.037033,cam1,/content/drive/MyDrive/TrafficCameraData1/data/cam1/cam1_20260109_161029.jpg,0
2026-01-09T16:10:29.873833,cam2,/content/drive/MyDrive/TrafficCameraData1/data/cam2/cam2_20260109_161029.jpg,0
2026-01-09T16:10:30.675071,cam3,/content/drive/MyDrive/TrafficCameraData1/data/cam3/cam3_20260109_161030.jpg,0
2026-01-09T16:10:31.496751,cam4,/content/drive/MyDrive/TrafficCameraData1/data/cam4/cam4_20260109_161031.jpg,0
2026-01-09T16:10:32.297390,cam5,/content/drive/MyDrive/TrafficCameraData1/data/cam5/cam5_20260109_161032.jpg,0
2026-01-09T16:10:32.873774,cam6,/content/drive/MyDrive/TrafficCameraData1/data/cam6/cam6_20260109_161032.jpg,0
2026-01-09T16:10:33.675603,cam7,/content/drive/MyDrive/TrafficCameraData1/data/cam7/cam7_20260109_161033.jpg,0
2026-01-09T16:10:34.530356,cam8,/content/drive/MyDrive/TrafficCameraData1/data/cam8/cam8_20260109_161034.jpg,0
2026-01-09T16:15:29.037341,cam1,/content/drive/MyDrive/TrafficCameraData1/data/cam1/cam1_20260109_161529.jpg,0
2026-01-09T16:15:29.923508,cam2,/content/drive/MyDrive/TrafficCameraData1/data/cam2/cam2_20260109_161529.jpg,0
2026-01-09T16:15:30.743159,cam3,/content/drive/MyDrive/TrafficCameraData1/data/cam3/cam3_20260109_161530.jpg,0
2026-01-09T16:15:31.546059,cam4,/content/drive/MyDrive/TrafficCameraData1/data/cam4/cam4_20260109_161531.jpg,0
2026-01-09T16:15:32.353584,cam5,/content/drive/MyDrive/TrafficCameraData1/data/cam5/cam5_20260109_161532.jpg,0
2026-01-09T16:15:32.997195,cam6,/content/drive/MyDrive/TrafficCameraData1/data/cam6/cam6_20260109_161532.jpg,0
2026-01-09T16:15:33.797514,cam7,/content/drive/MyDrive/TrafficCameraData1/data/cam7/cam7_20260109_161533.jpg,0
2026-01-09T16:15:35.619696,cam8,/content/drive/MyDrive/TrafficCameraData1/data/cam8/cam8_20260109_161535.jpg,0
2026-01-09T16:20:29.037841,cam1,/content/drive/MyDrive/TrafficCameraData1/data/cam1/cam1_20260109_162029.jpg,0
2026-01-09T16:20:29.902417,cam2,/content/drive/MyDrive/TrafficCameraData1/data/cam2/cam2_20260109_162029.jpg,0
2026-01-09T16:20:30.732939,cam3,/content/drive/MyDrive/TrafficCameraData1/data/cam3/cam3_20260109_162030.jpg,0
2026-01-09T16:20:31.610106,cam4,/content/drive/MyDrive/TrafficCameraData1/data/cam4/cam4_20260109_162031.jpg,0
2026-01-09T16:20:32.434366,cam5,/content/drive/MyDrive/TrafficCameraData1/data/cam5/cam5_20260109_162032.jpg,0
2026-01-09T16:20:33.016568,cam6,/content/drive/MyDrive/TrafficCameraData1/data/cam6/cam6_20260109_162033.jpg,0
2026-01-09T16:20:33.814354,cam7,/content/drive/MyDrive/TrafficCameraData1/data/cam7/cam7_20260109_162033.jpg,0
2026-01-09T16:20:34.610777,cam8,/content/drive/MyDrive/TrafficCameraData1/data/cam8/cam8_20260109_162034.jpg,0
2026-01-09T16:25:29.038121,cam1,/content/drive/MyDrive/TrafficCameraData1/data/cam1/cam1_20260109_162529.jpg,0
2026-01-09T16:25:29.954876,cam2,/content/drive/MyDrive/TrafficCameraData1/data/cam2/cam2_20260109_162529.jpg,0
2026-01-09T16:25:30.797823,cam3,/content/drive/MyDrive/TrafficCameraData1/data/cam3/cam3_20260109_162530.jpg,0
2026-01-09T16:25:31.623246,cam4,/content/drive/MyDrive/TrafficCameraData1/data/cam4/cam4_20260109_162531.jpg,0
2026-01-09T16:25:32.436261,cam5,/content/drive/MyDrive/TrafficCameraData1/data/cam5/cam5_20260109_162532.jpg,0
2026-01-09T16:25:33.017992,cam6,/content/drive/MyDrive/TrafficCameraData1/data/cam6/cam6_20260109_162533.jpg,0
2026-01-09T16:25:33.856737,cam7,/content/drive/MyDrive/TrafficCameraData1/data/cam7/cam7_20260109_162533.jpg,0
2026-01-09T16:25:34.447653,cam8,/content/drive/MyDrive/TrafficCameraData1/data/cam8/cam8_20260109_162534.jpg,0
2026-01-09T16:30:29.038426,cam1,/content/drive/MyDrive/TrafficCameraData1/data/cam1/cam1_20260109_163029.jpg,0
2026-01-09T16:30:29.878897,cam2,/content/drive/MyDrive/TrafficCameraData1/data/cam2/cam2_20260109_163029.jpg,0
2026-01-09T16:30:30.681033,cam3,/content/drive/MyDrive/TrafficCameraData1/data/cam3/cam3_20260109_163030.jpg,0
2026-01-09T16:30:31.487424,cam4,/content/drive/MyDrive/TrafficCameraData1/data/cam4/cam4_20260109_163031.jpg,0
2026-01-09T16:30:32.297120,cam5,/content/drive/MyDrive/TrafficCameraData1/data/cam5/cam5_20260109_163032.jpg,0
2026-01-09T16:30:32.894177,cam6,/content/drive/MyDrive/TrafficCameraData1/data/cam6/cam6_20260109_163032.jpg,0
2026-01-09T16:30:33.698110,cam7,/content/drive/MyDrive/TrafficCameraData1/data/cam7/cam7_20260109_163033.jpg,0
2026-01-09T16:30:34.328395,cam8,/content/drive/MyDrive/TrafficCameraData1/data/cam8/cam8_20260109_163034.jpg,0
2026-01-09T16:35:29.038807,cam1,/content/drive/MyDrive/TrafficCameraData1/data/cam1/cam1_20260109_163529.jpg,0
2026-01-09T16:35:29.845678,cam2,/content/drive/MyDrive/TrafficCameraData1/data/cam2/cam2_20260109_163529.jpg,0
2026-01-09T16:35:30.648228,cam3,/content/drive/MyDrive/TrafficCameraData1/data/cam3/cam3_20260109_163530.jpg,0
2026-01-09T16:35:31.478214,cam4,/content/drive/MyDrive/TrafficCameraData1/data/cam4/cam4_20260109_163531.jpg,0
2026-01-09T16:35:32.285054,cam5,/content/drive/MyDrive/TrafficCameraData1/data/cam5/cam5_20260109_163532.jpg,0
2026-01-09T16:35:32.868692,cam6,/content/drive/MyDrive/TrafficCameraData1/data/cam6/cam6_20260109_163532.jpg,0
2026-01-09T16:35:33.671778,cam7,/content/drive/MyDrive/TrafficCameraData1/data/cam7/cam7_20260109_163533.jpg,0
2026-01-09T16:35:35.400898,cam8,/content/drive/MyDrive/TrafficCameraData1/data/cam8/cam8_20260109_163535.jpg,0
2026-01-09T16:40:29.039286,cam1,/content/drive/MyDrive/TrafficCameraData1/data/cam1/cam1_20260109_164029.jpg,0
2026-01-09T16:40:29.876862,cam2,/content/drive/MyDrive/TrafficCameraData1/data/cam2/cam2_20260109_164029.jpg,0
2026-01-09T16:40:30.732700,cam3,/content/drive/MyDrive/TrafficCameraData1/data/cam3/cam3_20260109_164030.jpg,0
2026-01-09T16:40:31.573950,cam4,/content/drive/MyDrive/TrafficCameraData1/data/cam4/cam4_20260109_164031.jpg,0
2026-01-09T16:40:32.400169,cam5,/content/drive/MyDrive/TrafficCameraData1/data/cam5/cam5_20260109_164032.jpg,0
2026-01-09T16:40:33.018700,cam6,/content/drive/MyDrive/TrafficCameraData1/data/cam6/cam6_20260109_164033.jpg,0
2026-01-09T16:40:33.822780,cam7,/content/drive/MyDrive/TrafficCameraData1/data/cam7/cam7_20260109_164033.jpg,0
2026-01-09T16:40:34.618893,cam8,/content/drive/MyDrive/TrafficCameraData1/data/cam8/cam8_20260109_164034.jpg,0
2026-01-09T16:45:29.039838,cam1,/content/drive/MyDrive/TrafficCameraData1/data/cam1/cam1_20260109_164529.jpg,0
2026-01-09T16:45:29.944269,cam2,/content/drive/MyDrive/TrafficCameraData1/data/cam2/cam2_20260109_164529.jpg,0
2026-01-09T16:45:30.755330,cam3,/content/drive/MyDrive/TrafficCameraData1/data/cam3/cam3_20260109_164530.jpg,0
2026-01-09T16:45:31.564923,cam4,/content/drive/MyDrive/TrafficCameraData1/data/cam4/cam4_20260109_164531.jpg,0
2026-01-09T16:45:32.393151,cam5,/content/drive/MyDrive/TrafficCameraData1/data/cam5/cam5_20260109_164532.jpg,0
2026-01-09T16:45:33.019717,cam6,/content/drive/MyDrive/TrafficCameraData1/data/cam6/cam6_20260109_164533.jpg,0
2026-01-09T16:45:33.822033,cam7,/content/drive/MyDrive/TrafficCameraData1/data/cam7/cam7_20260109_164533.jpg,0
2026-01-09T16:45:34.630655,cam8,/content/drive/MyDrive/TrafficCameraData1/data/cam8/cam8_20260109_164534.jpg,0
2026-01-09T16:50:29.039843,cam1,/content/drive/MyDrive/TrafficCameraData1/data/cam1/cam1_20260109_165029.jpg,0
2026-01-09T16:50:29.860480,cam2,/content/drive/MyDrive/TrafficCameraData1/data/cam2/cam2_20260109_165029.jpg,0
2026-01-09T16:50:30.666386,cam3,/content/drive/MyDrive/TrafficCameraData1/data/cam3/cam3_20260109_165030.jpg,0
2026-01-09T16:50:31.483423,cam4,/content/drive/MyDrive/TrafficCameraData1/data/cam4/cam4_20260109_165031.jpg,0
2026-01-09T16:50:32.287536,cam5,/content/drive/MyDrive/TrafficCameraData1/data/cam5/cam5_20260109_165032.jpg,0
2026-01-09T16:50:32.869102,cam6,/content/drive/MyDrive/TrafficCameraData1/data/cam6/cam6_20260109_165032.jpg,0
2026-01-09T16:50:33.713165,cam7,/content/drive/MyDrive/TrafficCameraData1/data/cam7/cam7_20260109_165033.jpg,0
2026-01-09T16:50:34.596183,cam8,/content/drive/MyDrive/TrafficCameraData1/data/cam8/cam8_20260109_165034.jpg,0
2026-01-09T16:55:29.040094,cam1,/content/drive/MyDrive/TrafficCameraData1/data/cam1/cam1_20260109_165529.jpg,0
2026-01-09T16:55:29.892333,cam2,/content/drive/MyDrive/TrafficCameraData1/data/cam2/cam2_20260109_165529.jpg,0
2026-01-09T16:55:30.725961,cam3,/content/drive/MyDrive/TrafficCameraData1/data/cam3/cam3_20260109_165530.jpg,0
2026-01-09T16:55:31.586380,cam4,/content/drive/MyDrive/TrafficCameraData1/data/cam4/cam4_20260109_165531.jpg,0
2026-01-09T16:55:32.432498,cam5,/content/drive/MyDrive/TrafficCameraData1/data/cam5/cam5_20260109_165532.jpg,0
2026-01-09T16:55:33.073878,cam6,/content/drive/MyDrive/TrafficCameraData1/data/cam6/cam6_20260109_165533.jpg,0
2026-01-09T16:55:33.909252,cam7,/content/drive/MyDrive/TrafficCameraData1/data/cam7/cam7_20260109_165533.jpg,0
2026-01-09T16:55:34.743997,cam8,/content/drive/MyDrive/TrafficCameraData1/data/cam8/cam8_20260109_165534.jpg,0
2026-01-09T17:00:29.040431,cam1,/content/drive/MyDrive/TrafficCameraData1/data/cam1/cam1_20260109_170029.jpg,0
2026-01-09T17:00:29.865016,cam2,/content/drive/MyDrive/TrafficCameraData1/data/cam2/cam2_20260109_170029.jpg,0
2026-01-09T17:00:30.680046,cam3,/content/drive/MyDrive/TrafficCameraData1/data/cam3/cam3_20260109_170030.jpg,0
2026-01-09T17:00:31.497745,cam4,/content/drive/MyDrive/TrafficCameraData1/data/cam4/cam4_20260109_170031.jpg,0
2026-01-09T17:00:32.320052,cam5,/content/drive/MyDrive/TrafficCameraData1/data/cam5/cam5_20260109_170032.jpg,0
2026-01-09T17:00:32.974603,cam6,/content/drive/MyDrive/TrafficCameraData1/data/cam6/cam6_20260109_170032.jpg,0
2026-01-09T17:00:33.770609,cam7,/content/drive/MyDrive/TrafficCameraData1/data/cam7/cam7_20260109_170033.jpg,0
2026-01-09T17:00:34.574164,cam8,/content/drive/MyDrive/TrafficCameraData1/data/cam8/cam8_20260109_170034.jpg,0
2026-01-09T17:05:29.041158,cam1,/content/drive/MyDrive/TrafficCameraData1/data/cam1/cam1_20260109_170529.jpg,0
2026-01-09T17:05:29.878162,cam2,/content/drive/MyDrive/TrafficCameraData1/data/cam2/cam2_20260109_170529.jpg,0
2026-01-09T17:05:30.683852,cam3,/content/drive/MyDrive/TrafficCameraData1/data/cam3/cam3_20260109_170530.jpg,0
2026-01-09T17:05:31.492775,cam4,/content/drive/MyDrive/TrafficCameraData1/data/cam4/cam4_20260109_170531.jpg,0
2026-01-09T17:05:32.315948,cam5,/content/drive/MyDrive/TrafficCameraData1/data/cam5/cam5_20260109_170532.jpg,0
2026-01-09T17:05:33.001290,cam6,/content/drive/MyDrive/TrafficCameraData1/data/cam6/cam6_20260109_170533.jpg,0
2026-01-09T17:05:33.861092,cam7,/content/drive/MyDrive/TrafficCameraData1/data/cam7/cam7_20260109_170533.jpg,0
2026-01-09T17:05:34.668414,cam8,/content/drive/MyDrive/TrafficCameraData1/data/cam8/cam8_20260109_170534.jpg,0
2026-01-09T17:10:29.041193,cam1,/content/drive/MyDrive/TrafficCameraData1/data/cam1/cam1_20260109_171029.jpg,0
2026-01-09T17:10:29.873164,cam2,/content/drive/MyDrive/TrafficCameraData1/data/cam2/cam2_20260109_171029.jpg,0
2026-01-09T17:10:30.685037,cam3,/content/drive/MyDrive/TrafficCameraData1/data/cam3/cam3_20260109_171030.jpg,0
2026-01-09T17:10:31.504554,cam4,/content/drive/MyDrive/TrafficCameraData1/data/cam4/cam4_20260109_171031.jpg,0
2026-01-09T17:10:32.309764,cam5,/content/drive/MyDrive/TrafficCameraData1/data/cam5/cam5_20260109_171032.jpg,0
2026-01-09T17:10:32.895229,cam6,/content/drive/MyDrive/TrafficCameraData1/data/cam6/cam6_20260109_171032.jpg,0
2026-01-09T17:10:33.706366,cam7,/content/drive/MyDrive/TrafficCameraData1/data/cam7/cam7_20260109_171033.jpg,0
2026-01-09T17:10:34.601300,cam8,/content/drive/MyDrive/TrafficCameraData1/data/cam8/cam8_20260109_171034.jpg,0
2026-01-09T17:15:29.041897,cam1,/content/drive/MyDrive/TrafficCameraData1/data/cam1/cam1_20260109_171529.jpg,0
2026-01-09T17:15:29.915494,cam2,/content/drive/MyDrive/TrafficCameraData1/data/cam2/cam2_20260109_171529.jpg,0
2026-01-09T17:15:30.729420,cam3,/content/drive/MyDrive/TrafficCameraData1/data/cam3/cam3_20260109_171530.jpg,0
2026-01-09T17:15:31.537293,cam4,/content/drive/MyDrive/TrafficCameraData1/data/cam4/cam4_20260109_171531.jpg,0
2026-01-09T17:15:32.353901,cam5,/content/drive/MyDrive/TrafficCameraData1/data/cam5/cam5_20260109_171532.jpg,0
2026-01-09T17:15:33.091491,cam6,/content/drive/MyDrive/TrafficCameraData1/data/cam6/cam6_20260109_171533.jpg,0
2026-01-09T17:15:33.894397,cam7,/content/drive/MyDrive/TrafficCameraData1/data/cam7/cam7_20260109_171533.jpg,0
2026-01-09T17:15:34.703914,cam8,/content/drive/MyDrive/TrafficCameraData1/data/cam8/cam8_20260109_171534.jpg,0
2026-01-09T17:20:29.042148,cam1,/content/drive/MyDrive/TrafficCameraData1/data/cam1/cam1_20260109_172029.jpg,0
2026-01-09T17:20:29.877100,cam2,/content/drive/MyDrive/TrafficCameraData1/data/cam2/cam2_20260109_172029.jpg,0
2026-01-09T17:20:30.681747,cam3,/content/drive/MyDrive/TrafficCameraData1/data/cam3/cam3_20260109_172030.jpg,0
2026-01-09T17:20:31.539868,cam4,/content/drive/MyDrive/TrafficCameraData1/data/cam4/cam4_20260109_172031.jpg,0
2026-01-09T17:20:32.363834,cam5,/content/drive/MyDrive/TrafficCameraData1/data/cam5/cam5_20260109_172032.jpg,0
2026-01-09T17:20:33.233864,cam6,/content/drive/MyDrive/TrafficCameraData1/data/cam6/cam6_20260109_172033.jpg,0
2026-01-09T17:20:34.033323,cam7,/content/drive/MyDrive/TrafficCameraData1/data/cam7/cam7_20260109_172034.jpg,0
2026-01-09T17:20:34.882737,cam8,/content/drive/MyDrive/TrafficCameraData1/data/cam8/cam8_20260109_172034.jpg,0
2026-01-09T17:25:29.042619,cam1,/content/drive/MyDrive/TrafficCameraData1/data/cam1/cam1_20260109_172529.jpg,0
2026-01-09T17:25:29.868914,cam2,/content/drive/MyDrive/TrafficCameraData1/data/cam2/cam2_20260109_172529.jpg,0
2026-01-09T17:25:30.685237,cam3,/content/drive/MyDrive/TrafficCameraData1/data/cam3/cam3_20260109_172530.jpg,0
2026-01-09T17:25:31.491648,cam4,/content/drive/MyDrive/TrafficCameraData1/data/cam4/cam4_20260109_172531.jpg,0
2026-01-09T17:25:32.294570,cam5,/content/drive/MyDrive/TrafficCameraData1/data/cam5/cam5_20260109_172532.jpg,0
2026-01-09T17:25:32.872639,cam6,/content/drive/MyDrive/TrafficCameraData1/data/cam6/cam6_20260109_172532.jpg,0
2026-01-09T17:25:33.677749,cam7,/content/drive/MyDrive/TrafficCameraData1/data/cam7/cam7_20260109_172533.jpg,0
2026-01-09T17:25:34.565822,cam8,/content/drive/MyDrive/TrafficCameraData1/data/cam8/cam8_20260109_172534.jpg,0
2026-01-09T17:30:29.042871,cam1,/content/drive/MyDrive/TrafficCameraData1/data/cam1/cam1_20260109_173029.jpg,0
2026-01-09T17:30:29.879770,cam2,/content/drive/MyDrive/TrafficCameraData1/data/cam2/cam2_20260109_173029.jpg,0
2026-01-09T17:30:30.687323,cam3,/content/drive/MyDrive/TrafficCameraData1/data/cam3/cam3_20260109_173030.jpg,0
2026-01-09T17:30:31.503929,cam4,/content/drive/MyDrive/TrafficCameraData1/data/cam4/cam4_20260109_173031.jpg,0
2026-01-09T17:30:32.302992,cam5,/content/drive/MyDrive/TrafficCameraData1/data/cam5/cam5_20260109_173032.jpg,0
2026-01-09T17:30:32.885919,cam6,/content/drive/MyDrive/TrafficCameraData1/data/cam6/cam6_20260109_173032.jpg,0
2026-01-09T17:30:33.692260,cam7,/content/drive/MyDrive/TrafficCameraData1/data/cam7/cam7_20260109_173033.jpg,0
2026-01-09T17:30:34.574416,cam8,/content/drive/MyDrive/TrafficCameraData1/data/cam8/cam8_20260109_173034.jpg,0
2026-01-09T17:35:29.043035,cam1,/content/drive/MyDrive/TrafficCameraData1/data/cam1/cam1_20260109_173529.jpg,0
2026-01-09T17:35:29.896686,cam2,/content/drive/MyDrive/TrafficCameraData1/data/cam2/cam2_20260109_173529.jpg,0
2026-01-09T17:35:30.692411,cam3,/content/drive/MyDrive/TrafficCameraData1/data/cam3/cam3_20260109_173530.jpg,0
2026-01-09T17:35:31.496503,cam4,/content/drive/MyDrive/TrafficCameraData1/data/cam4/cam4_20260109_173531.jpg,0
2026-01-09T17:35:32.300384,cam5,/content/drive/MyDrive/TrafficCameraData1/data/cam5/cam5_20260109_173532.jpg,0
2026-01-09T17:35:33.770045,cam6,/content/drive/MyDrive/TrafficCameraData1/data/cam6/cam6_20260109_173533.jpg,0
2026-01-09T17:35:34.570210,cam7,/content/drive/MyDrive/TrafficCameraData1/data/cam7/cam7_20260109_173534.jpg,0
2026-01-09T17:35:35.375893,cam8,/content/drive/MyDrive/TrafficCameraData1/data/cam8/cam8_20260109_173535.jpg,0
2026-01-09T17:40:29.043610,cam1,/content/drive/MyDrive/TrafficCameraData1/data/cam1/cam1_20260109_174029.jpg,0
2026-01-09T17:40:29.865140,cam2,/content/drive/MyDrive/TrafficCameraData1/data/cam2/cam2_20260109_174029.jpg,0
2026-01-09T17:40:30.670298,cam3,/content/drive/MyDrive/TrafficCameraData1/data/cam3/cam3_20260109_174030.jpg,0
2026-01-09T17:40:31.484658,cam4,/content/drive/MyDrive/TrafficCameraData1/data/cam4/cam4_20260109_174031.jpg,0
2026-01-09T17:40:32.298877,cam5,/content/drive/MyDrive/TrafficCameraData1/data/cam5/cam5_20260109_174032.jpg,0
2026-01-09T17:40:32.974098,cam6,/content/drive/MyDrive/TrafficCameraData1/data/cam6/cam6_20260109_174032.jpg,0
2026-01-09T17:40:33.780991,cam7,/content/drive/MyDrive/TrafficCameraData1/data/cam7/cam7_20260109_174033.jpg,0
2026-01-09T17:40:34.585265,cam8,/content/drive/MyDrive/TrafficCameraData1/data/cam8/cam8_20260109_174034.jpg,0
2026-01-09T17:45:29.043882,cam1,/content/drive/MyDrive/TrafficCameraData1/data/cam1/cam1_20260109_174529.jpg,0
2026-01-09T17:45:29.926274,cam2,/content/drive/MyDrive/TrafficCameraData1/data/cam2/cam2_20260109_174529.jpg,0
2026-01-09T17:45:30.727023,cam3,/content/drive/MyDrive/TrafficCameraData1/data/cam3/cam3_20260109_174530.jpg,0
2026-01-09T17:45:31.540850,cam4,/content/drive/MyDrive/TrafficCameraData1/data/cam4/cam4_20260109_174531.jpg,0
2026-01-09T17:45:32.348521,cam5,/content/drive/MyDrive/TrafficCameraData1/data/cam5/cam5_20260109_174532.jpg,0
2026-01-09T17:45:32.964130,cam6,/content/drive/MyDrive/TrafficCameraData1/data/cam6/cam6_20260109_174532.jpg,0
2026-01-09T17:45:33.771329,cam7,/content/drive/MyDrive/TrafficCameraData1/data/cam7/cam7_20260109_174533.jpg,0
2026-01-09T17:45:34.570782,cam8,/content/drive/MyDrive/TrafficCameraData1/data/cam8/cam8_20260109_174534.jpg,0
2026-01-09T17:50:29.044184,cam1,/content/drive/MyDrive/TrafficCameraData1/data/cam1/cam1_20260109_175029.jpg,0
2026-01-09T17:50:29.875758,cam2,/content/drive/MyDrive/TrafficCameraData1/data/cam2/cam2_20260109_175029.jpg,0
2026-01-09T17:50:30.695036,cam3,/content/drive/MyDrive/TrafficCameraData1/data/cam3/cam3_20260109_175030.jpg,0
2026-01-09T17:50:31.503311,cam4,/content/drive/MyDrive/TrafficCameraData1/data/cam4/cam4_20260109_175031.jpg,0
2026-01-09T17:50:32.307063,cam5,/content/drive/MyDrive/TrafficCameraData1/data/cam5/cam5_20260109_175032.jpg,0
2026-01-09T17:50:32.952303,cam6,/content/drive/MyDrive/TrafficCameraData1/data/cam6/cam6_20260109_175032.jpg,0
2026-01-09T17:50:33.766219,cam7,/content/drive/MyDrive/TrafficCameraData1/data/cam7/cam7_20260109_175033.jpg,0
2026-01-09T17:50:34.573929,cam8,/content/drive/MyDrive/TrafficCameraData1/data/cam8/cam8_20260109_175034.jpg,0
2026-01-09T17:55:29.044598,cam1,/content/drive/MyDrive/TrafficCameraData1/data/cam1/cam1_20260109_175529.jpg,0
2026-01-09T17:55:29.862626,cam2,/content/drive/MyDrive/TrafficCameraData1/data/cam2/cam2_20260109_175529.jpg,0
2026-01-09T17:55:30.673491,cam3,/content/drive/MyDrive/TrafficCameraData1/data/cam3/cam3_20260109_175530.jpg,0
2026-01-09T17:55:31.486921,cam4,/content/drive/MyDrive/TrafficCameraData1/data/cam4/cam4_20260109_175531.jpg,0
2026-01-09T17:55:32.300208,cam5,/content/drive/MyDrive/TrafficCameraData1/data/cam5/cam5_20260109_175532.jpg,0
2026-01-09T17:55:32.970756,cam6,/content/drive/MyDrive/TrafficCameraData1/data/cam6/cam6_20260109_175532.jpg,0
2026-01-09T17:55:33.791129,cam7,/content/drive/MyDrive/TrafficCameraData1/data/cam7/cam7_20260109_175533.jpg,0
2026-01-09T17:55:34.595005,cam8,/content/drive/MyDrive/TrafficCameraData1/data/cam8/cam8_20260109_175534.jpg,0
2026-01-09T18:00:29.045128,cam1,/content/drive/MyDrive/TrafficCameraData1/data/cam1/cam1_20260109_180029.jpg,0
2026-01-09T18:00:30.256503,cam2,/content/drive/MyDrive/TrafficCameraData1/data/cam2/cam2_20260109_180030.jpg,0
2026-01-09T18:00:31.056152,cam3,/content/drive/MyDrive/TrafficCameraData1/data/cam3/cam3_20260109_180031.jpg,0
2026-01-09T18:00:31.861428,cam4,/content/drive/MyDrive/TrafficCameraData1/data/cam4/cam4_20260109_180031.jpg,0
2026-01-09T18:00:32.680264,cam5,/content/drive/MyDrive/TrafficCameraData1/data/cam5/cam5_20260109_180032.jpg,0
2026-01-09T18:00:33.258409,cam6,/content/drive/MyDrive/TrafficCameraData1/data/cam6/cam6_20260109_180033.jpg,0
2026-01-09T18:00:34.061827,cam7,/content/drive/MyDrive/TrafficCameraData1/data/cam7/cam7_20260109_180034.jpg,0
2026-01-09T18:00:34.903295,cam8,/content/drive/MyDrive/TrafficCameraData1/data/cam8/cam8_20260109_180034.jpg,0
2026-01-09T18:05:29.044963,cam1,/content/drive/MyDrive/TrafficCameraData1/data/cam1/cam1_20260109_180529.jpg,0
2026-01-09T18:05:29.884190,cam2,/content/drive/MyDrive/TrafficCameraData1/data/cam2/cam2_20260109_180529.jpg,0
2026-01-09T18:05:30.684348,cam3,/content/drive/MyDrive/TrafficCameraData1/data/cam3/cam3_20260109_180530.jpg,0
2026-01-09T18:05:31.494416,cam4,/content/drive/MyDrive/TrafficCameraData1/data/cam4/cam4_20260109_180531.jpg,0
2026-01-09T18:05:32.306921,cam5,/content/drive/MyDrive/TrafficCameraData1/data/cam5/cam5_20260109_180532.jpg,0
2026-01-09T18:05:33.096365,cam6,/content/drive/MyDrive/TrafficCameraData1/data/cam6/cam6_20260109_180533.jpg,0
2026-01-09T18:05:33.894162,cam7,/content/drive/MyDrive/TrafficCameraData1/data/cam7/cam7_20260109_180533.jpg,0
2026-01-09T18:05:34.694858,cam8,/content/drive/MyDrive/TrafficCameraData1/data/cam8/cam8_20260109_180534.jpg,0
2026-01-09T23:07:52.342980,cam1,/content/drive/MyDrive/TrafficCameraData1/data/cam1/cam1_20260109_230752.jpg,0
2026-01-09T23:07:55.471461,cam2,/content/drive/MyDrive/TrafficCameraData1/data/cam2/cam2_20260109_230755.jpg,0
2026-01-09T23:07:58.361267,cam3,/content/drive/MyDrive/TrafficCameraData1/data/cam3/cam3_20260109_230758.jpg,0
2026-01-09T23:08:01.397268,cam4,/content/drive/MyDrive/TrafficCameraData1/data/cam4/cam4_20260109_230801.jpg,0
2026-01-09T23:08:04.611692,cam5,/content/drive/MyDrive/TrafficCameraData1/data/cam5/cam5_20260109_230804.jpg,0
2026-01-09T23:08:07.208180,cam6,/content/drive/MyDrive/TrafficCameraData1/data/cam6/cam6_20260109_230807.jpg,0
2026-01-09T23:08:10.915392,cam7,/content/drive/MyDrive/TrafficCameraData1/data/cam7/cam7_20260109_230810.jpg,0
2026-01-09T23:08:14.768661,cam8,/content/drive/MyDrive/TrafficCameraData1/data/cam8/cam8_20260109_230814.jpg,0
2026-01-09T23:12:52.343162,cam1,/content/drive/MyDrive/TrafficCameraData1/data/cam1/cam1_20260109_231252.jpg,0
2026-01-09T23:12:53.404098,cam2,/content/drive/MyDrive/TrafficCameraData1/data/cam2/cam2_20260109_231253.jpg,0
2026-01-09T23:12:54.188323,cam3,/content/drive/MyDrive/TrafficCameraData1/data/cam3/cam3_20260109_231254.jpg,0
2026-01-09T23:12:54.971880,cam4,/content/drive/MyDrive/TrafficCameraData1/data/cam4/cam4_20260109_231254.jpg,0
2026-01-09T23:12:55.779410,cam5,/content/drive/MyDrive/TrafficCameraData1/data/cam5/cam5_20260109_231255.jpg,0
2026-01-09T23:12:56.343539,cam6,/content/drive/MyDrive/TrafficCameraData1/data/cam6/cam6_20260109_231256.jpg,0
2026-01-09T23:12:57.144172,cam7,/content/drive/MyDrive/TrafficCameraData1/data/cam7/cam7_20260109_231257.jpg,0
2026-01-09T23:12:57.708951,cam8,/content/drive/MyDrive/TrafficCameraData1/data/cam8/cam8_20260109_231257.jpg,0
2026-01-09T23:17:52.343655,cam1,/content/drive/MyDrive/TrafficCameraData1/data/cam1/cam1_20260109_231752.jpg,0
2026-01-09T23:17:53.541980,cam2,/content/drive/MyDrive/TrafficCameraData1/data/cam2/cam2_20260109_231753.jpg,0
2026-01-09T23:17:54.339111,cam3,/content/drive/MyDrive/TrafficCameraData1/data/cam3/cam3_20260109_231754.jpg,0
2026-01-09T23:17:55.133796,cam4,/content/drive/MyDrive/TrafficCameraData1/data/cam4/cam4_20260109_231755.jpg,0
2026-01-09T23:17:55.931983,cam5,/content/drive/MyDrive/TrafficCameraData1/data/cam5/cam5_20260109_231755.jpg,0
2026-01-09T23:17:56.516405,cam6,/content/drive/MyDrive/TrafficCameraData1/data/cam6/cam6_20260109_231756.jpg,0
2026-01-09T23:17:57.301304,cam7,/content/drive/MyDrive/TrafficCameraData1/data/cam7/cam7_20260109_231757.jpg,0
2026-01-09T23:17:57.956358,cam8,/content/drive/MyDrive/TrafficCameraData1/data/cam8/cam8_20260109_231757.jpg,0
2026-01-09T23:20:14.496955,cam1,/content/drive/MyDrive/TrafficCameraData1/data/cam1/cam1_20260109_232014.jpg,0
2026-01-09T23:20:18.960438,cam2,/content/drive/MyDrive/TrafficCameraData1/data/cam2/cam2_20260109_232018.jpg,0
2026-01-09T23:20:21.699082,cam3,/content/drive/MyDrive/TrafficCameraData1/data/cam3/cam3_20260109_232021.jpg,0
2026-01-09T23:20:24.091219,cam4,/content/drive/MyDrive/TrafficCameraData1/data/cam4/cam4_20260109_232024.jpg,0
2026-01-09T23:20:26.742600,cam5,/content/drive/MyDrive/TrafficCameraData1/data/cam5/cam5_20260109_232026.jpg,0
2026-01-09T23:20:29.096703,cam6,/content/drive/MyDrive/TrafficCameraData1/data/cam6/cam6_20260109_232029.jpg,0
2026-01-09T23:20:32.261362,cam7,/content/drive/MyDrive/TrafficCameraData1/data/cam7/cam7_20260109_232032.jpg,0
2026-01-09T23:20:57.742559,cam8,/content/drive/MyDrive/TrafficCameraData1/data/cam8/cam8_20260109_232057.jpg,0
2026-01-09T23:22:52.344019,cam1,/content/drive/MyDrive/TrafficCameraData1/data/cam1/cam1_20260109_232252.jpg,0
2026-01-09T23:23:04.713256,cam2,/content/drive/MyDrive/TrafficCameraData1/data/cam2/cam2_20260109_232304.jpg,0
2026-01-09T23:23:07.928301,cam3,/content/drive/MyDrive/TrafficCameraData1/data/cam3/cam3_20260109_232307.jpg,0
2026-01-09T23:23:08.879583,cam4,/content/drive/MyDrive/TrafficCameraData1/data/cam4/cam4_20260109_232308.jpg,0
2026-01-09T23:23:10.302459,cam5,/content/drive/MyDrive/TrafficCameraData1/data/cam5/cam5_20260109_232310.jpg,0
2026-01-09T23:23:11.091691,cam6,/content/drive/MyDrive/TrafficCameraData1/data/cam6/cam6_20260109_232311.jpg,0
2026-01-09T23:23:11.869721,cam7,/content/drive/MyDrive/TrafficCameraData1/data/cam7/cam7_20260109_232311.jpg,0
2026-01-09T23:23:30.610611,cam8,/content/drive/MyDrive/TrafficCameraData1/data/cam8/cam8_20260109_232330.jpg,0
2026-01-09T23:25:14.497121,cam1,/content/drive/MyDrive/TrafficCameraData1/data/cam1/cam1_20260109_232514.jpg,0
2026-01-09T23:25:15.997950,cam2,/content/drive/MyDrive/TrafficCameraData1/data/cam2/cam2_20260109_232515.jpg,0
2026-01-09T23:25:16.698059,cam3,/content/drive/MyDrive/TrafficCameraData1/data/cam3/cam3_20260109_232516.jpg,0
2026-01-09T23:25:17.407217,cam4,/content/drive/MyDrive/TrafficCameraData1/data/cam4/cam4_20260109_232517.jpg,0
2026-01-09T23:25:18.107808,cam5,/content/drive/MyDrive/TrafficCameraData1/data/cam5/cam5_20260109_232518.jpg,0
2026-01-09T23:25:18.805647,cam6,/content/drive/MyDrive/TrafficCameraData1/data/cam6/cam6_20260109_232518.jpg,0
2026-01-09T23:25:19.591865,cam7,/content/drive/MyDrive/TrafficCameraData1/data/cam7/cam7_20260109_232519.jpg,0
2026-01-09T23:25:20.288924,cam8,/content/drive/MyDrive/TrafficCameraData1/data/cam8/cam8_20260109_232520.jpg,0
2026-01-09T23:27:52.344141,cam1,/content/drive/MyDrive/TrafficCameraData1/data/cam1/cam1_20260109_232752.jpg,0
2026-01-09T23:28:16.479633,cam2,/content/drive/MyDrive/TrafficCameraData1/data/cam2/cam2_20260109_232816.jpg,0
2026-01-09T23:28:17.258008,cam3,/content/drive/MyDrive/TrafficCameraData1/data/cam3/cam3_20260109_232817.jpg,0
2026-01-09T23:28:18.043873,cam4,/content/drive/MyDrive/TrafficCameraData1/data/cam4/cam4_20260109_232818.jpg,0
2026-01-09T23:28:18.827654,cam5,/content/drive/MyDrive/TrafficCameraData1/data/cam5/cam5_20260109_232818.jpg,0
2026-01-09T23:28:19.392153,cam6,/content/drive/MyDrive/TrafficCameraData1/data/cam6/cam6_20260109_232819.jpg,0
2026-01-09T23:28:20.174179,cam7,/content/drive/MyDrive/TrafficCameraData1/data/cam7/cam7_20260109_232820.jpg,0
2026-01-09T23:28:20.954539,cam8,/content/drive/MyDrive/TrafficCameraData1/data/cam8/cam8_20260109_232820.jpg,0
2026-01-09T23:30:14.497198,cam1,/content/drive/MyDrive/TrafficCameraData1/data/cam1/cam1_20260109_233014.jpg,0
2026-01-09T23:30:16.234162,cam2,/content/drive/MyDrive/TrafficCameraData1/data/cam2/cam2_20260109_233016.jpg,0
2026-01-09T23:30:16.933659,cam3,/content/drive/MyDrive/TrafficCameraData1/data/cam3/cam3_20260109_233016.jpg,0
2026-01-09T23:30:17.650386,cam4,/content/drive/MyDrive/TrafficCameraData1/data/cam4/cam4_20260109_233017.jpg,0
2026-01-09T23:30:18.350850,cam5,/content/drive/MyDrive/TrafficCameraData1/data/cam5/cam5_20260109_233018.jpg,0
2026-01-09T23:30:19.051188,cam6,/content/drive/MyDrive/TrafficCameraData1/data/cam6/cam6_20260109_233019.jpg,0
2026-01-09T23:30:19.749874,cam7,/content/drive/MyDrive/TrafficCameraData1/data/cam7/cam7_20260109_233019.jpg,0
2026-01-09T23:30:20.450056,cam8,/content/drive/MyDrive/TrafficCameraData1/data/cam8/cam8_20260109_233020.jpg,0
2026-01-09T23:32:52.344954,cam1,/content/drive/MyDrive/TrafficCameraData1/data/cam1/cam1_20260109_233252.jpg,0
2026-01-09T23:32:53.822066,cam2,/content/drive/MyDrive/TrafficCameraData1/data/cam2/cam2_20260109_233253.jpg,0
2026-01-09T23:32:54.595254,cam3,/content/drive/MyDrive/TrafficCameraData1/data/cam3/cam3_20260109_233254.jpg,0
2026-01-09T23:32:55.389482,cam4,/content/drive/MyDrive/TrafficCameraData1/data/cam4/cam4_20260109_233255.jpg,0
2026-01-09T23:32:56.206933,cam5,/content/drive/MyDrive/TrafficCameraData1/data/cam5/cam5_20260109_233256.jpg,0
2026-01-09T23:32:56.777045,cam6,/content/drive/MyDrive/TrafficCameraData1/data/cam6/cam6_20260109_233256.jpg,0
2026-01-09T23:32:57.553334,cam7,/content/drive/MyDrive/TrafficCameraData1/data/cam7/cam7_20260109_233257.jpg,0
2026-01-09T23:32:58.765920,cam8,/content/drive/MyDrive/TrafficCameraData1/data/cam8/cam8_20260109_233258.jpg,0
2026-01-09T23:35:14.497598,cam1,/content/drive/MyDrive/TrafficCameraData1/data/cam1/cam1_20260109_233514.jpg,0
2026-01-09T23:35:57.806632,cam2,/content/drive/MyDrive/TrafficCameraData1/data/cam2/cam2_20260109_233557.jpg,0
2026-01-09T23:35:58.732105,cam3,/content/drive/MyDrive/TrafficCameraData1/data/cam3/cam3_20260109_233558.jpg,0
2026-01-09T23:35:59.867767,cam4,/content/drive/MyDrive/TrafficCameraData1/data/cam4/cam4_20260109_233559.jpg,0
2026-01-09T23:36:00.975510,cam5,/content/drive/MyDrive/TrafficCameraData1/data/cam5/cam5_20260109_233600.jpg,0
2026-01-09T23:36:01.682562,cam6,/content/drive/MyDrive/TrafficCameraData1/data/cam6/cam6_20260109_233601.jpg,0
2026-01-09T23:36:02.812006,cam7,/content/drive/MyDrive/TrafficCameraData1/data/cam7/cam7_20260109_233602.jpg,0
2026-01-09T23:36:03.503443,cam8,/content/drive/MyDrive/TrafficCameraData1/data/cam8/cam8_20260109_233603.jpg,0
2026-01-09T23:37:52.344718,cam1,/content/drive/MyDrive/TrafficCameraData1/data/cam1/cam1_20260109_233752.jpg,0
2026-01-09T23:37:53.597864,cam2,/content/drive/MyDrive/TrafficCameraData1/data/cam2/cam2_20260109_233753.jpg,0
2026-01-09T23:37:54.368875,cam3,/content/drive/MyDrive/TrafficCameraData1/data/cam3/cam3_20260109_233754.jpg,0
2026-01-09T23:37:55.146964,cam4,/content/drive/MyDrive/TrafficCameraData1/data/cam4/cam4_20260109_233755.jpg,0
2026-01-09T23:37:55.933516,cam5,/content/drive/MyDrive/TrafficCameraData1/data/cam5/cam5_20260109_233755.jpg,0
2026-01-09T23:37:56.497974,cam6,/content/drive/MyDrive/TrafficCameraData1/data/cam6/cam6_20260109_233756.jpg,0
2026-01-09T23:37:57.270302,cam7,/content/drive/MyDrive/TrafficCameraData1/data/cam7/cam7_20260109_233757.jpg,0
2026-01-09T23:37:57.855624,cam8,/content/drive/MyDrive/TrafficCameraData1/data/cam8/cam8_20260109_233757.jpg,0
2026-01-09T23:40:14.497718,cam1,/content/drive/MyDrive/TrafficCameraData1/data/cam1/cam1_20260109_234014.jpg,0
2026-01-09T23:40:16.843140,cam2,/content/drive/MyDrive/TrafficCameraData1/data/cam2/cam2_20260109_234016.jpg,0
2026-01-09T23:40:17.663176,cam3,/content/drive/MyDrive/TrafficCameraData1/data/cam3/cam3_20260109_234017.jpg,0
2026-01-09T23:40:18.368382,cam4,/content/drive/MyDrive/TrafficCameraData1/data/cam4/cam4_20260109_234018.jpg,0
2026-01-09T23:40:19.067445,cam5,/content/drive/MyDrive/TrafficCameraData1/data/cam5/cam5_20260109_234019.jpg,0
2026-01-09T23:40:19.588792,cam6,/content/drive/MyDrive/TrafficCameraData1/data/cam6/cam6_20260109_234019.jpg,0
2026-01-09T23:40:20.283299,cam7,/content/drive/MyDrive/TrafficCameraData1/data/cam7/cam7_20260109_234020.jpg,0
2026-01-09T23:40:20.978226,cam8,/content/drive/MyDrive/TrafficCameraData1/data/cam8/cam8_20260109_234020.jpg,0
2026-01-09T23:42:52.345184,cam1,/content/drive/MyDrive/TrafficCameraData1/data/cam1/cam1_20260109_234252.jpg,0
2026-01-09T23:42:53.882249,cam2,/content/drive/MyDrive/TrafficCameraData1/data/cam2/cam2_20260109_234253.jpg,0
2026-01-09T23:42:54.700253,cam3,/content/drive/MyDrive/TrafficCameraData1/data/cam3/cam3_20260109_234254.jpg,0
2026-01-09T23:42:55.477045,cam4,/content/drive/MyDrive/TrafficCameraData1/data/cam4/cam4_20260109_234255.jpg,0
2026-01-09T23:42:56.252979,cam5,/content/drive/MyDrive/TrafficCameraData1/data/cam5/cam5_20260109_234256.jpg,0
2026-01-09T23:42:56.935160,cam6,/content/drive/MyDrive/TrafficCameraData1/data/cam6/cam6_20260109_234256.jpg,0
2026-01-09T23:42:57.766880,cam7,/content/drive/MyDrive/TrafficCameraData1/data/cam7/cam7_20260109_234257.jpg,0
2026-01-09T23:42:58.456270,cam8,/content/drive/MyDrive/TrafficCameraData1/data/cam8/cam8_20260109_234258.jpg,0
2026-01-09T23:45:14.498053,cam1,/content/drive/MyDrive/TrafficCameraData1/data/cam1/cam1_20260109_234514.jpg,0
2026-01-09T23:45:16.343921,cam2,/content/drive/MyDrive/TrafficCameraData1/data/cam2/cam2_20260109_234516.jpg,0
2026-01-09T23:45:17.291174,cam3,/content/drive/MyDrive/TrafficCameraData1/data/cam3/cam3_20260109_234517.jpg,0
2026-01-09T23:45:18.001469,cam4,/content/drive/MyDrive/TrafficCameraData1/data/cam4/cam4_20260109_234518.jpg,0
2026-01-09T23:45:18.714098,cam5,/content/drive/MyDrive/TrafficCameraData1/data/cam5/cam5_20260109_234518.jpg,0
2026-01-09T23:45:19.638427,cam6,/content/drive/MyDrive/TrafficCameraData1/data/cam6/cam6_20260109_234519.jpg,0
2026-01-09T23:45:20.765859,cam7,/content/drive/MyDrive/TrafficCameraData1/data/cam7/cam7_20260109_234520.jpg,0
2026-01-09T23:45:21.706718,cam8,/content/drive/MyDrive/TrafficCameraData1/data/cam8/cam8_20260109_234521.jpg,0
2026-01-09T23:47:52.345396,cam1,/content/drive/MyDrive/TrafficCameraData1/data/cam1/cam1_20260109_234752.jpg,0
2026-01-09T23:47:53.794843,cam2,/content/drive/MyDrive/TrafficCameraData1/data/cam2/cam2_20260109_234753.jpg,0
2026-01-09T23:47:54.584271,cam3,/content/drive/MyDrive/TrafficCameraData1/data/cam3/cam3_20260109_234754.jpg,0
2026-01-09T23:47:55.358824,cam4,/content/drive/MyDrive/TrafficCameraData1/data/cam4/cam4_20260109_234755.jpg,0
2026-01-09T23:47:56.192996,cam5,/content/drive/MyDrive/TrafficCameraData1/data/cam5/cam5_20260109_234756.jpg,0
2026-01-09T23:47:56.751280,cam6,/content/drive/MyDrive/TrafficCameraData1/data/cam6/cam6_20260109_234756.jpg,0
2026-01-09T23:47:57.538160,cam7,/content/drive/MyDrive/TrafficCameraData1/data/cam7/cam7_20260109_234757.jpg,0
2026-01-09T23:47:58.101086,cam8,/content/drive/MyDrive/TrafficCameraData1/data/cam8/cam8_20260109_234758.jpg,0
2026-01-09T23:50:14.498161,cam1,/content/drive/MyDrive/TrafficCameraData1/data/cam1/cam1_20260109_235014.jpg,0
2026-01-09T23:50:16.455207,cam2,/content/drive/MyDrive/TrafficCameraData1/data/cam2/cam2_20260109_235016.jpg,0
2026-01-09T23:50:17.161147,cam3,/content/drive/MyDrive/TrafficCameraData1/data/cam3/cam3_20260109_235017.jpg,0
2026-01-09T23:50:18.050062,cam4,/content/drive/MyDrive/TrafficCameraData1/data/cam4/cam4_20260109_235018.jpg,0
2026-01-09T23:50:18.828120,cam5,/content/drive/MyDrive/TrafficCameraData1/data/cam5/cam5_20260109_235018.jpg,0
2026-01-09T23:50:19.361318,cam6,/content/drive/MyDrive/TrafficCameraData1/data/cam6/cam6_20260109_235019.jpg,0
2026-01-09T23:50:20.077769,cam7,/content/drive/MyDrive/TrafficCameraData1/data/cam7/cam7_20260109_235020.jpg,0
2026-01-09T23:50:20.608287,cam8,/content/drive/MyDrive/TrafficCameraData1/data/cam8/cam8_20260109_235020.jpg,0
2026-01-09T23:52:52.346181,cam1,/content/drive/MyDrive/TrafficCameraData1/data/cam1/cam1_20260109_235252.jpg,0
2026-01-09T23:52:53.678736,cam2,/content/drive/MyDrive/TrafficCameraData1/data/cam2/cam2_20260109_235253.jpg,0
2026-01-09T23:52:54.504627,cam3,/content/drive/MyDrive/TrafficCameraData1/data/cam3/cam3_20260109_235254.jpg,0
2026-01-09T23:52:55.517682,cam4,/content/drive/MyDrive/TrafficCameraData1/data/cam4/cam4_20260109_235255.jpg,0
2026-01-09T23:52:56.293033,cam5,/content/drive/MyDrive/TrafficCameraData1/data/cam5/cam5_20260109_235256.jpg,0
2026-01-09T23:52:56.858040,cam6,/content/drive/MyDrive/TrafficCameraData1/data/cam6/cam6_20260109_235256.jpg,0
2026-01-09T23:52:57.633453,cam7,/content/drive/MyDrive/TrafficCameraData1/data/cam7/cam7_20260109_235257.jpg,0
2026-01-09T23:52:58.194948,cam8,/content/drive/MyDrive/TrafficCameraData1/data/cam8/cam8_20260109_235258.jpg,0
2026-01-09T23:55:14.498585,cam1,/content/drive/MyDrive/TrafficCameraData1/data/cam1/cam1_20260109_235514.jpg,0
2026-01-09T23:55:16.105222,cam2,/content/drive/MyDrive/TrafficCameraData1/data/cam2/cam2_20260109_235516.jpg,0
2026-01-09T23:55:17.046924,cam3,/content/drive/MyDrive/TrafficCameraData1/data/cam3/cam3_20260109_235517.jpg,0
2026-01-09T23:55:17.939792,cam4,/content/drive/MyDrive/TrafficCameraData1/data/cam4/cam4_20260109_235517.jpg,0
2026-01-09T23:55:18.649507,cam5,/content/drive/MyDrive/TrafficCameraData1/data/cam5/cam5_20260109_235518.jpg,0
2026-01-09T23:55:19.197470,cam6,/content/drive/MyDrive/TrafficCameraData1/data/cam6/cam6_20260109_235519.jpg,0
2026-01-09T23:55:20.321310,cam7,/content/drive/MyDrive/TrafficCameraData1/data/cam7/cam7_20260109_235520.jpg,0
2026-01-09T23:55:21.248101,cam8,/content/drive/MyDrive/TrafficCameraData1/data/cam8/cam8_20260109_235521.jpg,0
2026-01-09T23:57:52.346076,cam1,/content/drive/MyDrive/TrafficCameraData1/data/cam1/cam1_20260109_235752.jpg,0
2026-01-09T23:57:53.719285,cam2,/content/drive/MyDrive/TrafficCameraData1/data/cam2/cam2_20260109_235753.jpg,0
2026-01-09T23:57:54.519201,cam3,/content/drive/MyDrive/TrafficCameraData1/data/cam3/cam3_20260109_235754.jpg,0
2026-01-09T23:57:55.501761,cam4,/content/drive/MyDrive/TrafficCameraData1/data/cam4/cam4_20260109_235755.jpg,0
2026-01-09T23:57:56.281956,cam5,/content/drive/MyDrive/TrafficCameraData1/data/cam5/cam5_20260109_235756.jpg,0
2026-01-09T23:57:57.097279,cam6,/content/drive/MyDrive/TrafficCameraData1/data/cam6/cam6_20260109_235757.jpg,0
2026-01-09T23:57:57.984526,cam7,/content/drive/MyDrive/TrafficCameraData1/data/cam7/cam7_20260109_235757.jpg,0
2026-01-09T23:57:58.622338,cam8,/content/drive/MyDrive/TrafficCameraData1/data/cam8/cam8_20260109_235758.jpg,0
2026-01-10T00:00:14.498882,cam1,/content/drive/MyDrive/TrafficCameraData1/data/cam1/cam1_20260110_000014.jpg,0
2026-01-10T00:00:16.154754,cam2,/content/drive/MyDrive/TrafficCameraData1/data/cam2/cam2_20260110_000016.jpg,0
2026-01-10T00:00:16.859128,cam3,/content/drive/MyDrive/TrafficCameraData1/data/cam3/cam3_20260110_000016.jpg,0
2026-01-10T00:00:17.995387,cam4,/content/drive/MyDrive/TrafficCameraData1/data/cam4/cam4_20260110_000017.jpg,0
2026-01-10T00:00:19.092457,cam5,/content/drive/MyDrive/TrafficCameraData1/data/cam5/cam5_20260110_000019.jpg,0
2026-01-10T00:00:19.786688,cam6,/content/drive/MyDrive/TrafficCameraData1/data/cam6/cam6_20260110_000019.jpg,0
2026-01-10T00:00:20.914906,cam7,/content/drive/MyDrive/TrafficCameraData1/data/cam7/cam7_20260110_000020.jpg,0
2026-01-10T00:00:21.894121,cam8,/content/drive/MyDrive/TrafficCameraData1/data/cam8/cam8_20260110_000021.jpg,0
2026-01-10T00:02:52.346506,cam1,/content/drive/MyDrive/TrafficCameraData1/data/cam1/cam1_20260110_000252.jpg,0
2026-01-10T00:02:53.622368,cam2,/content/drive/MyDrive/TrafficCameraData1/data/cam2/cam2_20260110_000253.jpg,0
2026-01-10T00:02:54.398920,cam3,/content/drive/MyDrive/TrafficCameraData1/data/cam3/cam3_20260110_000254.jpg,0
2026-01-10T00:02:55.184007,cam4,/content/drive/MyDrive/TrafficCameraData1/data/cam4/cam4_20260110_000255.jpg,0
2026-01-10T00:02:55.974846,cam5,/content/drive/MyDrive/TrafficCameraData1/data/cam5/cam5_20260110_000255.jpg,0
2026-01-10T00:02:56.743619,cam6,/content/drive/MyDrive/TrafficCameraData1/data/cam6/cam6_20260110_000256.jpg,0
2026-01-10T00:02:57.516115,cam7,/content/drive/MyDrive/TrafficCameraData1/data/cam7/cam7_20260110_000257.jpg,0
2026-01-10T00:02:58.078315,cam8,/content/drive/MyDrive/TrafficCameraData1/data/cam8/cam8_20260110_000258.jpg,0
2026-01-10T00:05:14.499667,cam1,/content/drive/MyDrive/TrafficCameraData1/data/cam1/cam1_20260110_000514.jpg,0
2026-01-10T00:05:16.031552,cam2,/content/drive/MyDrive/TrafficCameraData1/data/cam2/cam2_20260110_000516.jpg,0
2026-01-10T00:05:16.967730,cam3,/content/drive/MyDrive/TrafficCameraData1/data/cam3/cam3_20260110_000516.jpg,0
2026-01-10T00:05:17.842008,cam4,/content/drive/MyDrive/TrafficCameraData1/data/cam4/cam4_20260110_000517.jpg,0
2026-01-10T00:05:18.534618,cam5,/content/drive/MyDrive/TrafficCameraData1/data/cam5/cam5_20260110_000518.jpg,0
2026-01-10T00:05:19.058704,cam6,/content/drive/MyDrive/TrafficCameraData1/data/cam6/cam6_20260110_000519.jpg,0
2026-01-10T00:05:19.819054,cam7,/content/drive/MyDrive/TrafficCameraData1/data/cam7/cam7_20260110_000519.jpg,0
2026-01-10T00:05:20.520977,cam8,/content/drive/MyDrive/TrafficCameraData1/data/cam8/cam8_20260110_000520.jpg,0
2026-01-10T00:07:52.346831,cam1,/content/drive/MyDrive/TrafficCameraData1/data/cam1/cam1_20260110_000752.jpg,0
2026-01-10T00:07:53.804619,cam2,/content/drive/MyDrive/TrafficCameraData1/data/cam2/cam2_20260110_000753.jpg,0
2026-01-10T00:07:54.581440,cam3,/content/drive/MyDrive/TrafficCameraData1/data/cam3/cam3_20260110_000754.jpg,0
2026-01-10T00:07:55.361395,cam4,/content/drive/MyDrive/TrafficCameraData1/data/cam4/cam4_20260110_000755.jpg,0
2026-01-10T00:07:56.205357,cam5,/content/drive/MyDrive/TrafficCameraData1/data/cam5/cam5_20260110_000756.jpg,0
2026-01-10T00:07:56.772481,cam6,/content/drive/MyDrive/TrafficCameraData1/data/cam6/cam6_20260110_000756.jpg,0
2026-01-10T00:07:57.552823,cam7,/content/drive/MyDrive/TrafficCameraData1/data/cam7/cam7_20260110_000757.jpg,0
2026-01-10T00:07:58.124891,cam8,/content/drive/MyDrive/TrafficCameraData1/data/cam8/cam8_20260110_000758.jpg,0
2026-01-10T00:10:14.499187,cam1,/content/drive/MyDrive/TrafficCameraData1/data/cam1/cam1_20260110_001014.jpg,0
2026-01-10T00:10:15.894200,cam2,/content/drive/MyDrive/TrafficCameraData1/data/cam2/cam2_20260110_001015.jpg,0
2026-01-10T00:10:16.585741,cam3,/content/drive/MyDrive/TrafficCameraData1/data/cam3/cam3_20260110_001016.jpg,0
2026-01-10T00:10:17.476331,cam4,/content/drive/MyDrive/TrafficCameraData1/data/cam4/cam4_20260110_001017.jpg,0
2026-01-10T00:10:18.601606,cam5,/content/drive/MyDrive/TrafficCameraData1/data/cam5/cam5_20260110_001018.jpg,0
2026-01-10T00:10:19.293541,cam6,/content/drive/MyDrive/TrafficCameraData1/data/cam6/cam6_20260110_001019.jpg,0
2026-01-10T00:10:20.017270,cam7,/content/drive/MyDrive/TrafficCameraData1/data/cam7/cam7_20260110_001020.jpg,0
2026-01-10T00:10:20.720338,cam8,/content/drive/MyDrive/TrafficCameraData1/data/cam8/cam8_20260110_001020.jpg,0
2026-01-10T00:12:52.347163,cam1,/content/drive/MyDrive/TrafficCameraData1/data/cam1/cam1_20260110_001252.jpg,0
2026-01-10T00:12:53.719168,cam2,/content/drive/MyDrive/TrafficCameraData1/data/cam2/cam2_20260110_001253.jpg,0
2026-01-10T00:12:54.494360,cam3,/content/drive/MyDrive/TrafficCameraData1/data/cam3/cam3_20260110_001254.jpg,0
2026-01-10T00:12:55.286041,cam4,/content/drive/MyDrive/TrafficCameraData1/data/cam4/cam4_20260110_001255.jpg,0
2026-01-10T00:12:56.090125,cam5,/content/drive/MyDrive/TrafficCameraData1/data/cam5/cam5_20260110_001256.jpg,0
2026-01-10T00:12:56.655252,cam6,/content/drive/MyDrive/TrafficCameraData1/data/cam6/cam6_20260110_001256.jpg,0
2026-01-10T00:12:57.439726,cam7,/content/drive/MyDrive/TrafficCameraData1/data/cam7/cam7_20260110_001257.jpg,0
2026-01-10T00:12:58.000778,cam8,/content/drive/MyDrive/TrafficCameraData1/data/cam8/cam8_20260110_001258.jpg,0
2026-01-10T00:15:14.499503,cam1,/content/drive/MyDrive/TrafficCameraData1/data/cam1/cam1_20260110_001514.jpg,0
2026-01-10T00:15:15.873024,cam2,/content/drive/MyDrive/TrafficCameraData1/data/cam2/cam2_20260110_001515.jpg,0
2026-01-10T00:15:16.588384,cam3,/content/drive/MyDrive/TrafficCameraData1/data/cam3/cam3_20260110_001516.jpg,0
2026-01-10T00:15:17.296715,cam4,/content/drive/MyDrive/TrafficCameraData1/data/cam4/cam4_20260110_001517.jpg,0
2026-01-10T00:15:18.006447,cam5,/content/drive/MyDrive/TrafficCameraData1/data/cam5/cam5_20260110_001518.jpg,0
2026-01-10T00:15:18.541240,cam6,/content/drive/MyDrive/TrafficCameraData1/data/cam6/cam6_20260110_001518.jpg,0
2026-01-10T00:15:19.236784,cam7,/content/drive/MyDrive/TrafficCameraData1/data/cam7/cam7_20260110_001519.jpg,0
2026-01-10T00:15:19.926877,cam8,/content/drive/MyDrive/TrafficCameraData1/data/cam8/cam8_20260110_001519.jpg,0
2026-01-10T00:20:14.499672,cam1,/content/drive/MyDrive/TrafficCameraData1/data/cam1/cam1_20260110_002014.jpg,0
2026-01-10T00:20:15.817500,cam2,/content/drive/MyDrive/TrafficCameraData1/data/cam2/cam2_20260110_002015.jpg,0
2026-01-10T00:20:16.567844,cam3,/content/drive/MyDrive/TrafficCameraData1/data/cam3/cam3_20260110_002016.jpg,0
2026-01-10T00:20:18.492641,cam4,/content/drive/MyDrive/TrafficCameraData1/data/cam4/cam4_20260110_002018.jpg,0
2026-01-10T00:20:20.276275,cam5,/content/drive/MyDrive/TrafficCameraData1/data/cam5/cam5_20260110_002020.jpg,0
2026-01-10T00:20:20.984825,cam6,/content/drive/MyDrive/TrafficCameraData1/data/cam6/cam6_20260110_002020.jpg,0
2026-01-10T00:20:21.696883,cam7,/content/drive/MyDrive/TrafficCameraData1/data/cam7/cam7_20260110_002021.jpg,0
2026-01-10T00:20:22.403805,cam8,/content/drive/MyDrive/TrafficCameraData1/data/cam8/cam8_20260110_002022.jpg,0
2026-01-10T00:25:14.500041,cam1,/content/drive/MyDrive/TrafficCameraData1/data/cam1/cam1_20260110_002514.jpg,0
2026-01-10T00:25:15.194856,cam2,/content/drive/MyDrive/TrafficCameraData1/data/cam2/cam2_20260110_002515.jpg,0
2026-01-10T00:25:16.141828,cam3,/content/drive/MyDrive/TrafficCameraData1/data/cam3/cam3_20260110_002516.jpg,0
2026-01-10T00:25:16.847847,cam4,/content/drive/MyDrive/TrafficCameraData1/data/cam4/cam4_20260110_002516.jpg,0
2026-01-10T00:25:17.561519,cam5,/content/drive/MyDrive/TrafficCameraData1/data/cam5/cam5_20260110_002517.jpg,0
2026-01-10T00:25:18.080859,cam6,/content/drive/MyDrive/TrafficCameraData1/data/cam6/cam6_20260110_002518.jpg,0
2026-01-10T00:25:18.771991,cam7,/content/drive/MyDrive/TrafficCameraData1/data/cam7/cam7_20260110_002518.jpg,0
2026-01-10T00:25:19.463128,cam8,/content/drive/MyDrive/TrafficCameraData1/data/cam8/cam8_20260110_002519.jpg,0
2026-01-10T00:30:14.500094,cam1,/content/drive/MyDrive/TrafficCameraData1/data/cam1/cam1_20260110_003014.jpg,0
2026-01-10T00:30:15.201796,cam2,/content/drive/MyDrive/TrafficCameraData1/data/cam2/cam2_20260110_003015.jpg,0
2026-01-10T00:30:15.901225,cam3,/content/drive/MyDrive/TrafficCameraData1/data/cam3/cam3_20260110_003015.jpg,0
2026-01-10T00:30:17.062029,cam4,/content/drive/MyDrive/TrafficCameraData1/data/cam4/cam4_20260110_003017.jpg,0
2026-01-10T00:30:18.257104,cam5,/content/drive/MyDrive/TrafficCameraData1/data/cam5/cam5_20260110_003018.jpg,0
2026-01-10T00:30:18.794721,cam6,/content/drive/MyDrive/TrafficCameraData1/data/cam6/cam6_20260110_003018.jpg,0
2026-01-10T00:30:19.491735,cam7,/content/drive/MyDrive/TrafficCameraData1/data/cam7/cam7_20260110_003019.jpg,0
2026-01-10T00:30:20.192578,cam8,/content/drive/MyDrive/TrafficCameraData1/data/cam8/cam8_20260110_003020.jpg,0
2026-01-10T00:35:14.500520,cam1,/content/drive/MyDrive/TrafficCameraData1/data/cam1/cam1_20260110_003514.jpg,0
2026-01-10T00:35:15.206421,cam2,/content/drive/MyDrive/TrafficCameraData1/data/cam2/cam2_20260110_003515.jpg,0
2026-01-10T00:35:16.135405,cam3,/content/drive/MyDrive/TrafficCameraData1/data/cam3/cam3_20260110_003516.jpg,0
2026-01-10T00:35:16.858018,cam4,/content/drive/MyDrive/TrafficCameraData1/data/cam4/cam4_20260110_003516.jpg,0
2026-01-10T00:35:17.550305,cam5,/content/drive/MyDrive/TrafficCameraData1/data/cam5/cam5_20260110_003517.jpg,0
2026-01-10T00:35:18.240198,cam6,/content/drive/MyDrive/TrafficCameraData1/data/cam6/cam6_20260110_003518.jpg,0
2026-01-10T00:35:18.942589,cam7,/content/drive/MyDrive/TrafficCameraData1/data/cam7/cam7_20260110_003518.jpg,0
2026-01-10T00:35:19.834502,cam8,/content/drive/MyDrive/TrafficCameraData1/data/cam8/cam8_20260110_003519.jpg,0
2026-01-10T00:40:14.500437,cam1,/content/drive/MyDrive/TrafficCameraData1/data/cam1/cam1_20260110_004014.jpg,0
2026-01-10T00:40:15.367393,cam2,/content/drive/MyDrive/TrafficCameraData1/data/cam2/cam2_20260110_004015.jpg,0
2026-01-10T00:40:16.157572,cam3,/content/drive/MyDrive/TrafficCameraData1/data/cam3/cam3_20260110_004016.jpg,0
2026-01-10T00:40:16.853331,cam4,/content/drive/MyDrive/TrafficCameraData1/data/cam4/cam4_20260110_004016.jpg,0
2026-01-10T00:40:17.815475,cam5,/content/drive/MyDrive/TrafficCameraData1/data/cam5/cam5_20260110_004017.jpg,0
2026-01-10T00:40:18.507885,cam6,/content/drive/MyDrive/TrafficCameraData1/data/cam6/cam6_20260110_004018.jpg,0
2026-01-10T00:40:19.204055,cam7,/content/drive/MyDrive/TrafficCameraData1/data/cam7/cam7_20260110_004019.jpg,0
2026-01-10T00:40:19.893276,cam8,/content/drive/MyDrive/TrafficCameraData1/data/cam8/cam8_20260110_004019.jpg,0
2026-01-10T00:45:14.500609,cam1,/content/drive/MyDrive/TrafficCameraData1/data/cam1/cam1_20260110_004514.jpg,0
2026-01-10T00:45:15.208102,cam2,/content/drive/MyDrive/TrafficCameraData1/data/cam2/cam2_20260110_004515.jpg,0
2026-01-10T00:45:15.897159,cam3,/content/drive/MyDrive/TrafficCameraData1/data/cam3/cam3_20260110_004515.jpg,0
2026-01-10T00:45:16.995361,cam4,/content/drive/MyDrive/TrafficCameraData1/data/cam4/cam4_20260110_004516.jpg,0
2026-01-10T00:45:17.693040,cam5,/content/drive/MyDrive/TrafficCameraData1/data/cam5/cam5_20260110_004517.jpg,0
2026-01-10T00:45:18.393124,cam6,/content/drive/MyDrive/TrafficCameraData1/data/cam6/cam6_20260110_004518.jpg,0
2026-01-10T00:45:19.085850,cam7,/content/drive/MyDrive/TrafficCameraData1/data/cam7/cam7_20260110_004519.jpg,0
2026-01-10T00:45:19.784753,cam8,/content/drive/MyDrive/TrafficCameraData1/data/cam8/cam8_20260110_004519.jpg,0
2026-01-10T00:50:14.500818,cam1,/content/drive/MyDrive/TrafficCameraData1/data/cam1/cam1_20260110_005014.jpg,0
2026-01-10T00:50:15.192221,cam2,/content/drive/MyDrive/TrafficCameraData1/data/cam2/cam2_20260110_005015.jpg,0
2026-01-10T00:50:15.893597,cam3,/content/drive/MyDrive/TrafficCameraData1/data/cam3/cam3_20260110_005015.jpg,0
2026-01-10T00:50:16.595960,cam4,/content/drive/MyDrive/TrafficCameraData1/data/cam4/cam4_20260110_005016.jpg,0
2026-01-10T00:50:17.701014,cam5,/content/drive/MyDrive/TrafficCameraData1/data/cam5/cam5_20260110_005017.jpg,0
2026-01-10T00:50:18.219183,cam6,/content/drive/MyDrive/TrafficCameraData1/data/cam6/cam6_20260110_005018.jpg,0
2026-01-10T00:50:18.918726,cam7,/content/drive/MyDrive/TrafficCameraData1/data/cam7/cam7_20260110_005018.jpg,0
2026-01-10T00:50:19.684092,cam8,/content/drive/MyDrive/TrafficCameraData1/data/cam8/cam8_20260110_005019.jpg,0
2026-01-10T00:55:14.501372,cam1,/content/drive/MyDrive/TrafficCameraData1/data/cam1/cam1_20260110_005514.jpg,0
2026-01-10T00:55:15.377020,cam2,/content/drive/MyDrive/TrafficCameraData1/data/cam2/cam2_20260110_005515.jpg,0
2026-01-10T00:55:16.092926,cam3,/content/drive/MyDrive/TrafficCameraData1/data/cam3/cam3_20260110_005516.jpg,0
2026-01-10T00:55:16.795136,cam4,/content/drive/MyDrive/TrafficCameraData1/data/cam4/cam4_20260110_005516.jpg,0
2026-01-10T00:55:17.499399,cam5,/content/drive/MyDrive/TrafficCameraData1/data/cam5/cam5_20260110_005517.jpg,0
2026-01-10T00:55:18.190278,cam6,/content/drive/MyDrive/TrafficCameraData1/data/cam6/cam6_20260110_005518.jpg,0
2026-01-10T00:55:18.889330,cam7,/content/drive/MyDrive/TrafficCameraData1/data/cam7/cam7_20260110_005518.jpg,0
2026-01-10T00:55:19.604700,cam8,/content/drive/MyDrive/TrafficCameraData1/data/cam8/cam8_20260110_005519.jpg,0
2026-01-10T01:00:14.501396,cam1,/content/drive/MyDrive/TrafficCameraData1/data/cam1/cam1_20260110_010014.jpg,0
2026-01-10T01:00:15.388528,cam2,/content/drive/MyDrive/TrafficCameraData1/data/cam2/cam2_20260110_010015.jpg,0
2026-01-10T01:00:16.141933,cam3,/content/drive/MyDrive/TrafficCameraData1/data/cam3/cam3_20260110_010016.jpg,0
2026-01-10T01:00:17.288530,cam4,/content/drive/MyDrive/TrafficCameraData1/data/cam4/cam4_20260110_010017.jpg,0
2026-01-10T01:00:17.980061,cam5,/content/drive/MyDrive/TrafficCameraData1/data/cam5/cam5_20260110_010017.jpg,0
2026-01-10T01:00:18.529045,cam6,/content/drive/MyDrive/TrafficCameraData1/data/cam6/cam6_20260110_010018.jpg,0
2026-01-10T01:00:19.223868,cam7,/content/drive/MyDrive/TrafficCameraData1/data/cam7/cam7_20260110_010019.jpg,0
2026-01-10T01:00:19.760364,cam8,/content/drive/MyDrive/TrafficCameraData1/data/cam8/cam8_20260110_010019.jpg,0
2026-01-10T01:05:14.501617,cam1,/content/drive/MyDrive/TrafficCameraData1/data/cam1/cam1_20260110_010514.jpg,0
2026-01-10T01:05:15.266267,cam2,/content/drive/MyDrive/TrafficCameraData1/data/cam2/cam2_20260110_010515.jpg,0
2026-01-10T01:05:16.195015,cam3,/content/drive/MyDrive/TrafficCameraData1/data/cam3/cam3_20260110_010516.jpg,0
2026-01-10T01:05:16.905148,cam4,/content/drive/MyDrive/TrafficCameraData1/data/cam4/cam4_20260110_010516.jpg,0
2026-01-10T01:05:17.600724,cam5,/content/drive/MyDrive/TrafficCameraData1/data/cam5/cam5_20260110_010517.jpg,0
2026-01-10T01:05:18.143152,cam6,/content/drive/MyDrive/TrafficCameraData1/data/cam6/cam6_20260110_010518.jpg,0
2026-01-10T01:05:20.711948,cam7,/content/drive/MyDrive/TrafficCameraData1/data/cam7/cam7_20260110_010520.jpg,0
2026-01-10T01:05:21.404679,cam8,/content/drive/MyDrive/TrafficCameraData1/data/cam8/cam8_20260110_010521.jpg,0
2026-01-10T01:10:14.501746,cam1,/content/drive/MyDrive/TrafficCameraData1/data/cam1/cam1_20260110_011014.jpg,0
2026-01-10T01:10:15.377328,cam2,/content/drive/MyDrive/TrafficCameraData1/data/cam2/cam2_20260110_011015.jpg,0
2026-01-10T01:10:16.141475,cam3,/content/drive/MyDrive/TrafficCameraData1/data/cam3/cam3_20260110_011016.jpg,0
2026-01-10T01:10:16.904776,cam4,/content/drive/MyDrive/TrafficCameraData1/data/cam4/cam4_20260110_011016.jpg,0
2026-01-10T01:10:18.052524,cam5,/content/drive/MyDrive/TrafficCameraData1/data/cam5/cam5_20260110_011018.jpg,0
2026-01-10T01:10:18.757705,cam6,/content/drive/MyDrive/TrafficCameraData1/data/cam6/cam6_20260110_011018.jpg,0
2026-01-10T01:10:19.489108,cam7,/content/drive/MyDrive/TrafficCameraData1/data/cam7/cam7_20260110_011019.jpg,0
2026-01-10T01:10:20.198555,cam8,/content/drive/MyDrive/TrafficCameraData1/data/cam8/cam8_20260110_011020.jpg,0
2026-01-10T01:15:14.502155,cam1,/content/drive/MyDrive/TrafficCameraData1/data/cam1/cam1_20260110_011514.jpg,0
2026-01-10T01:15:15.534442,cam2,/content/drive/MyDrive/TrafficCameraData1/data/cam2/cam2_20260110_011515.jpg,0
2026-01-10T01:15:16.224373,cam3,/content/drive/MyDrive/TrafficCameraData1/data/cam3/cam3_20260110_011516.jpg,0
2026-01-10T01:15:16.941239,cam4,/content/drive/MyDrive/TrafficCameraData1/data/cam4/cam4_20260110_011516.jpg,0
2026-01-10T01:15:17.651183,cam5,/content/drive/MyDrive/TrafficCameraData1/data/cam5/cam5_20260110_011517.jpg,0
2026-01-10T01:15:18.345834,cam6,/content/drive/MyDrive/TrafficCameraData1/data/cam6/cam6_20260110_011518.jpg,0
2026-01-10T01:15:19.074944,cam7,/content/drive/MyDrive/TrafficCameraData1/data/cam7/cam7_20260110_011519.jpg,0
2026-01-10T01:15:19.794472,cam8,/content/drive/MyDrive/TrafficCameraData1/data/cam8/cam8_20260110_011519.jpg,0
2026-01-10T01:18:46.911815,cam1,/content/drive/MyDrive/TrafficCameraData1/data/cam1/cam1_20260110_011846.jpg,0
2026-01-10T01:18:47.437988,cam2,/content/drive/MyDrive/TrafficCameraData1/data/cam2/cam2_20260110_011847.jpg,0
2026-01-10T01:18:48.275369,cam3,/content/drive/MyDrive/TrafficCameraData1/data/cam3/cam3_20260110_011848.jpg,0
2026-01-10T01:18:49.233367,cam4,/content/drive/MyDrive/TrafficCameraData1/data/cam4/cam4_20260110_011849.jpg,0
2026-01-10T01:18:50.156216,cam5,/content/drive/MyDrive/TrafficCameraData1/data/cam5/cam5_20260110_011850.jpg,0
2026-01-10T01:18:50.676588,cam6,/content/drive/MyDrive/TrafficCameraData1/data/cam6/cam6_20260110_011850.jpg,0
2026-01-10T01:18:51.391608,cam7,/content/drive/MyDrive/TrafficCameraData1/data/cam7/cam7_20260110_011851.jpg,0
2026-01-10T01:18:52.096701,cam8,/content/drive/MyDrive/TrafficCameraData1/data/cam8/cam8_20260110_011852.jpg,0
2026-01-10T01:25:00.801984,cam1,/content/drive/MyDrive/TrafficCameraData1/data/cam1/cam1_20260110_012500.jpg,0
2026-01-10T01:25:03.686561,cam2,/content/drive/MyDrive/TrafficCameraData1/data/cam2/cam2_20260110_012503.jpg,0
2026-01-10T01:25:07.088783,cam3,/content/drive/MyDrive/TrafficCameraData1/data/cam3/cam3_20260110_012507.jpg,0
2026-01-10T01:25:10.588404,cam4,/content/drive/MyDrive/TrafficCameraData1/data/cam4/cam4_20260110_012510.jpg,0
2026-01-10T01:25:14.123202,cam5,/content/drive/MyDrive/TrafficCameraData1/data/cam5/cam5_20260110_012514.jpg,0
2026-01-10T01:25:17.287348,cam6,/content/drive/MyDrive/TrafficCameraData1/data/cam6/cam6_20260110_012517.jpg,0
2026-01-10T01:25:20.623439,cam7,/content/drive/MyDrive/TrafficCameraData1/data/cam7/cam7_20260110_012520.jpg,0
2026-01-10T01:25:23.484017,cam8,/content/drive/MyDrive/TrafficCameraData1/data/cam8/cam8_20260110_012523.jpg,0
2026-01-10T01:30:00.802128,cam1,/content/drive/MyDrive/TrafficCameraData1/data/cam1/cam1_20260110_013000.jpg,0
2026-01-10T01:30:01.584417,cam2,/content/drive/MyDrive/TrafficCameraData1/data/cam2/cam2_20260110_013001.jpg,0
2026-01-10T01:30:02.375543,cam3,/content/drive/MyDrive/TrafficCameraData1/data/cam3/cam3_20260110_013002.jpg,0
2026-01-10T01:30:03.188071,cam4,/content/drive/MyDrive/TrafficCameraData1/data/cam4/cam4_20260110_013003.jpg,0
2026-01-10T01:30:03.988871,cam5,/content/drive/MyDrive/TrafficCameraData1/data/cam5/cam5_20260110_013003.jpg,0
2026-01-10T01:30:04.769518,cam6,/content/drive/MyDrive/TrafficCameraData1/data/cam6/cam6_20260110_013004.jpg,0
2026-01-10T01:30:05.573331,cam7,/content/drive/MyDrive/TrafficCameraData1/data/cam7/cam7_20260110_013005.jpg,0
2026-01-10T01:30:06.363690,cam8,/content/drive/MyDrive/TrafficCameraData1/data/cam8/cam8_20260110_013006.jpg,0
2026-01-10T01:35:00.802911,cam1,/content/drive/MyDrive/TrafficCameraData1/data/cam1/cam1_20260110_013500.jpg,0
2026-01-10T01:35:01.799727,cam2,/content/drive/MyDrive/TrafficCameraData1/data/cam2/cam2_20260110_013501.jpg,0
2026-01-10T01:35:02.588785,cam3,/content/drive/MyDrive/TrafficCameraData1/data/cam3/cam3_20260110_013502.jpg,0
2026-01-10T01:35:03.383344,cam4,/content/drive/MyDrive/TrafficCameraData1/data/cam4/cam4_20260110_013503.jpg,0
2026-01-10T01:35:04.342204,cam5,/content/drive/MyDrive/TrafficCameraData1/data/cam5/cam5_20260110_013504.jpg,0
2026-01-10T01:35:04.943074,cam6,/content/drive/MyDrive/TrafficCameraData1/data/cam6/cam6_20260110_013504.jpg,0
2026-01-10T01:35:05.721714,cam7,/content/drive/MyDrive/TrafficCameraData1/data/cam7/cam7_20260110_013505.jpg,0
2026-01-10T01:35:06.320392,cam8,/content/drive/MyDrive/TrafficCameraData1/data/cam8/cam8_20260110_013506.jpg,0
2026-01-10T01:40:00.803049,cam1,/content/drive/MyDrive/TrafficCameraData1/data/cam1/cam1_20260110_014000.jpg,0
2026-01-10T01:40:01.820335,cam2,/content/drive/MyDrive/TrafficCameraData1/data/cam2/cam2_20260110_014001.jpg,0
2026-01-10T01:40:02.601710,cam3,/content/drive/MyDrive/TrafficCameraData1/data/cam3/cam3_20260110_014002.jpg,0
2026-01-10T01:40:03.402438,cam4,/content/drive/MyDrive/TrafficCameraData1/data/cam4/cam4_20260110_014003.jpg,0
2026-01-10T01:40:04.188545,cam5,/content/drive/MyDrive/TrafficCameraData1/data/cam5/cam5_20260110_014004.jpg,0
2026-01-10T01:40:04.972656,cam6,/content/drive/MyDrive/TrafficCameraData1/data/cam6/cam6_20260110_014004.jpg,0
2026-01-10T01:40:05.784642,cam7,/content/drive/MyDrive/TrafficCameraData1/data/cam7/cam7_20260110_014005.jpg,0
2026-01-10T01:40:06.571355,cam8,/content/drive/MyDrive/TrafficCameraData1/data/cam8/cam8_20260110_014006.jpg,0
2026-01-10T01:45:00.803240,cam1,/content/drive/MyDrive/TrafficCameraData1/data/cam1/cam1_20260110_014500.jpg,0
2026-01-10T01:45:01.611475,cam2,/content/drive/MyDrive/TrafficCameraData1/data/cam2/cam2_20260110_014501.jpg,0
2026-01-10T01:45:02.425567,cam3,/content/drive/MyDrive/TrafficCameraData1/data/cam3/cam3_20260110_014502.jpg,0
2026-01-10T01:45:04.281162,cam5,/content/drive/MyDrive/TrafficCameraData1/data/cam5/cam5_20260110_014504.jpg,0
2026-01-10T01:45:05.080990,cam6,/content/drive/MyDrive/TrafficCameraData1/data/cam6/cam6_20260110_014505.jpg,0
2026-01-10T01:45:05.955767,cam7,/content/drive/MyDrive/TrafficCameraData1/data/cam7/cam7_20260110_014505.jpg,0
2026-01-10T01:45:06.742858,cam8,/content/drive/MyDrive/TrafficCameraData1/data/cam8/cam8_20260110_014506.jpg,0
2026-01-10T01:50:00.803747,cam1,/content/drive/MyDrive/TrafficCameraData1/data/cam1/cam1_20260110_015000.jpg,0
2026-01-10T01:50:01.821445,cam2,/content/drive/MyDrive/TrafficCameraData1/data/cam2/cam2_20260110_015001.jpg,0
2026-01-10T01:50:02.615923,cam3,/content/drive/MyDrive/TrafficCameraData1/data/cam3/cam3_20260110_015002.jpg,0
2026-01-10T01:50:03.658837,cam5,/content/drive/MyDrive/TrafficCameraData1/data/cam5/cam5_20260110_015003.jpg,0
2026-01-10T01:50:04.244607,cam6,/content/drive/MyDrive/TrafficCameraData1/data/cam6/cam6_20260110_015004.jpg,0
2026-01-10T01:50:05.033682,cam7,/content/drive/MyDrive/TrafficCameraData1/data/cam7/cam7_20260110_015005.jpg,0
2026-01-10T01:50:05.814904,cam8,/content/drive/MyDrive/TrafficCameraData1/data/cam8/cam8_20260110_015005.jpg,0
2026-01-10T01:55:00.804131,cam1,/content/drive/MyDrive/TrafficCameraData1/data/cam1/cam1_20260110_015500.jpg,0
2026-01-10T01:55:01.815035,cam2,/content/drive/MyDrive/TrafficCameraData1/data/cam2/cam2_20260110_015501.jpg,0
2026-01-10T01:55:02.612281,cam3,/content/drive/MyDrive/TrafficCameraData1/data/cam3/cam3_20260110_015502.jpg,0
2026-01-10T01:55:03.659238,cam5,/content/drive/MyDrive/TrafficCameraData1/data/cam5/cam5_20260110_015503.jpg,0
2026-01-10T01:55:04.468336,cam6,/content/drive/MyDrive/TrafficCameraData1/data/cam6/cam6_20260110_015504.jpg,0
2026-01-10T01:55:05.267955,cam7,/content/drive/MyDrive/TrafficCameraData1/data/cam7/cam7_20260110_015505.jpg,0
2026-01-10T01:55:06.063789,cam8,/content/drive/MyDrive/TrafficCameraData1/data/cam8/cam8_20260110_015506.jpg,0
2026-01-10T02:00:00.804230,cam1,/content/drive/MyDrive/TrafficCameraData1/data/cam1/cam1_20260110_020000.jpg,0
2026-01-10T02:00:01.595787,cam2,/content/drive/MyDrive/TrafficCameraData1/data/cam2/cam2_20260110_020001.jpg,0
2026-01-10T02:00:02.388581,cam3,/content/drive/MyDrive/TrafficCameraData1/data/cam3/cam3_20260110_020002.jpg,0
2026-01-10T02:00:03.439687,cam5,/content/drive/MyDrive/TrafficCameraData1/data/cam5/cam5_20260110_020003.jpg,0
2026-01-10T02:00:04.051354,cam6,/content/drive/MyDrive/TrafficCameraData1/data/cam6/cam6_20260110_020004.jpg,0
2026-01-10T02:00:04.860236,cam7,/content/drive/MyDrive/TrafficCameraData1/data/cam7/cam7_20260110_020004.jpg,0
2026-01-10T02:00:05.936921,cam8,/content/drive/MyDrive/TrafficCameraData1/data/cam8/cam8_20260110_020005.jpg,0
2026-01-10T02:05:00.804512,cam1,/content/drive/MyDrive/TrafficCameraData1/data/cam1/cam1_20260110_020500.jpg,0
2026-01-10T02:05:01.593548,cam2,/content/drive/MyDrive/TrafficCameraData1/data/cam2/cam2_20260110_020501.jpg,0
2026-01-10T02:05:02.385703,cam3,/content/drive/MyDrive/TrafficCameraData1/data/cam3/cam3_20260110_020502.jpg,0
2026-01-10T02:05:03.413207,cam5,/content/drive/MyDrive/TrafficCameraData1/data/cam5/cam5_20260110_020503.jpg,0
2026-01-10T02:05:03.996942,cam6,/content/drive/MyDrive/TrafficCameraData1/data/cam6/cam6_20260110_020503.jpg,0
2026-01-10T02:05:04.794410,cam7,/content/drive/MyDrive/TrafficCameraData1/data/cam7/cam7_20260110_020504.jpg,0
2026-01-10T02:05:05.373388,cam8,/content/drive/MyDrive/TrafficCameraData1/data/cam8/cam8_20260110_020505.jpg,0
2026-01-10T02:10:00.804652,cam1,/content/drive/MyDrive/TrafficCameraData1/data/cam1/cam1_20260110_021000.jpg,0
2026-01-10T02:10:01.806911,cam2,/content/drive/MyDrive/TrafficCameraData1/data/cam2/cam2_20260110_021001.jpg,0
2026-01-10T02:10:02.617660,cam3,/content/drive/MyDrive/TrafficCameraData1/data/cam3/cam3_20260110_021002.jpg,0
2026-01-10T02:10:03.644115,cam5,/content/drive/MyDrive/TrafficCameraData1/data/cam5/cam5_20260110_021003.jpg,0
2026-01-10T02:10:04.443146,cam6,/content/drive/MyDrive/TrafficCameraData1/data/cam6/cam6_20260110_021004.jpg,0
2026-01-10T02:10:05.227718,cam7,/content/drive/MyDrive/TrafficCameraData1/data/cam7/cam7_20260110_021005.jpg,0
2026-01-10T02:10:06.171909,cam8,/content/drive/MyDrive/TrafficCameraData1/data/cam8/cam8_20260110_021006.jpg,0
2026-01-10T02:15:00.805543,cam1,/content/drive/MyDrive/TrafficCameraData1/data/cam1/cam1_20260110_021500.jpg,0
2026-01-10T02:15:01.595714,cam2,/content/drive/MyDrive/TrafficCameraData1/data/cam2/cam2_20260110_021501.jpg,0
2026-01-10T02:15:02.380209,cam3,/content/drive/MyDrive/TrafficCameraData1/data/cam3/cam3_20260110_021502.jpg,0
2026-01-10T02:15:03.428388,cam5,/content/drive/MyDrive/TrafficCameraData1/data/cam5/cam5_20260110_021503.jpg,0
2026-01-10T02:15:04.019347,cam6,/content/drive/MyDrive/TrafficCameraData1/data/cam6/cam6_20260110_021504.jpg,0
2026-01-10T02:15:04.809197,cam7,/content/drive/MyDrive/TrafficCameraData1/data/cam7/cam7_20260110_021504.jpg,0
2026-01-10T02:15:05.397717,cam8,/content/drive/MyDrive/TrafficCameraData1/data/cam8/cam8_20260110_021505.jpg,0
2026-01-10T02:20:00.805100,cam1,/content/drive/MyDrive/TrafficCameraData1/data/cam1/cam1_20260110_022000.jpg,0
2026-01-10T02:20:01.802991,cam2,/content/drive/MyDrive/TrafficCameraData1/data/cam2/cam2_20260110_022001.jpg,0
2026-01-10T02:20:02.591984,cam3,/content/drive/MyDrive/TrafficCameraData1/data/cam3/cam3_20260110_022002.jpg,0
2026-01-10T02:20:03.617980,cam5,/content/drive/MyDrive/TrafficCameraData1/data/cam5/cam5_20260110_022003.jpg,0
2026-01-10T02:20:04.215568,cam6,/content/drive/MyDrive/TrafficCameraData1/data/cam6/cam6_20260110_022004.jpg,0
2026-01-10T02:20:05.018706,cam7,/content/drive/MyDrive/TrafficCameraData1/data/cam7/cam7_20260110_022005.jpg,0
2026-01-10T02:20:05.585670,cam8,/content/drive/MyDrive/TrafficCameraData1/data/cam8/cam8_20260110_022005.jpg,0
2026-01-10T02:25:00.805524,cam1,/content/drive/MyDrive/TrafficCameraData1/data/cam1/cam1_20260110_022500.jpg,0
2026-01-10T02:25:01.597500,cam2,/content/drive/MyDrive/TrafficCameraData1/data/cam2/cam2_20260110_022501.jpg,0
2026-01-10T02:25:02.396269,cam3,/content/drive/MyDrive/TrafficCameraData1/data/cam3/cam3_20260110_022502.jpg,0
2026-01-10T02:25:03.430569,cam5,/content/drive/MyDrive/TrafficCameraData1/data/cam5/cam5_20260110_022503.jpg,0
2026-01-10T02:25:04.225268,cam6,/content/drive/MyDrive/TrafficCameraData1/data/cam6/cam6_20260110_022504.jpg,0
2026-01-10T02:25:05.045188,cam7,/content/drive/MyDrive/TrafficCameraData1/data/cam7/cam7_20260110_022505.jpg,0
2026-01-10T02:25:05.836748,cam8,/content/drive/MyDrive/TrafficCameraData1/data/cam8/cam8_20260110_022505.jpg,0
2026-01-10T02:30:00.805723,cam1,/content/drive/MyDrive/TrafficCameraData1/data/cam1/cam1_20260110_023000.jpg,0
2026-01-10T02:30:01.911573,cam2,/content/drive/MyDrive/TrafficCameraData1/data/cam2/cam2_20260110_023001.jpg,0
2026-01-10T02:30:02.722531,cam3,/content/drive/MyDrive/TrafficCameraData1/data/cam3/cam3_20260110_023002.jpg,0
2026-01-10T02:30:03.756424,cam5,/content/drive/MyDrive/TrafficCameraData1/data/cam5/cam5_20260110_023003.jpg,0
2026-01-10T02:30:04.368284,cam6,/content/drive/MyDrive/TrafficCameraData1/data/cam6/cam6_20260110_023004.jpg,0
2026-01-10T02:30:05.162695,cam7,/content/drive/MyDrive/TrafficCameraData1/data/cam7/cam7_20260110_023005.jpg,0
2026-01-10T02:30:05.977999,cam8,/content/drive/MyDrive/TrafficCameraData1/data/cam8/cam8_20260110_023005.jpg,0
2026-01-10T02:35:00.806032,cam1,/content/drive/MyDrive/TrafficCameraData1/data/cam1/cam1_20260110_023500.jpg,0
2026-01-10T02:35:01.818961,cam2,/content/drive/MyDrive/TrafficCameraData1/data/cam2/cam2_20260110_023501.jpg,0
2026-01-10T02:35:02.619624,cam3,/content/drive/MyDrive/TrafficCameraData1/data/cam3/cam3_20260110_023502.jpg,0
2026-01-10T02:35:03.420749,cam4,/content/drive/MyDrive/TrafficCameraData1/data/cam4/cam4_20260110_023503.jpg,0
2026-01-10T02:35:04.214264,cam5,/content/drive/MyDrive/TrafficCameraData1/data/cam5/cam5_20260110_023504.jpg,0
2026-01-10T02:35:05.006521,cam6,/content/drive/MyDrive/TrafficCameraData1/data/cam6/cam6_20260110_023505.jpg,0
2026-01-10T02:35:05.803104,cam7,/content/drive/MyDrive/TrafficCameraData1/data/cam7/cam7_20260110_023505.jpg,0
2026-01-10T02:35:06.376999,cam8,/content/drive/MyDrive/TrafficCameraData1/data/cam8/cam8_20260110_023506.jpg,0
2026-01-10T02:40:00.806486,cam1,/content/drive/MyDrive/TrafficCameraData1/data/cam1/cam1_20260110_024000.jpg,0
2026-01-10T02:40:01.645035,cam2,/content/drive/MyDrive/TrafficCameraData1/data/cam2/cam2_20260110_024001.jpg,0
2026-01-10T02:40:02.470442,cam3,/content/drive/MyDrive/TrafficCameraData1/data/cam3/cam3_20260110_024002.jpg,0
2026-01-10T02:40:03.273105,cam4,/content/drive/MyDrive/TrafficCameraData1/data/cam4/cam4_20260110_024003.jpg,0
2026-01-10T02:40:04.119338,cam5,/content/drive/MyDrive/TrafficCameraData1/data/cam5/cam5_20260110_024004.jpg,0
2026-01-10T02:40:04.695569,cam6,/content/drive/MyDrive/TrafficCameraData1/data/cam6/cam6_20260110_024004.jpg,0
2026-01-10T02:40:05.514871,cam7,/content/drive/MyDrive/TrafficCameraData1/data/cam7/cam7_20260110_024005.jpg,0
2026-01-10T02:40:06.087229,cam8,/content/drive/MyDrive/TrafficCameraData1/data/cam8/cam8_20260110_024006.jpg,0
2026-01-10T02:45:00.806543,cam1,/content/drive/MyDrive/TrafficCameraData1/data/cam1/cam1_20260110_024500.jpg,0
2026-01-10T02:45:01.822091,cam2,/content/drive/MyDrive/TrafficCameraData1/data/cam2/cam2_20260110_024501.jpg,0
2026-01-10T02:45:02.626605,cam3,/content/drive/MyDrive/TrafficCameraData1/data/cam3/cam3_20260110_024502.jpg,0
2026-01-10T02:45:03.431767,cam4,/content/drive/MyDrive/TrafficCameraData1/data/cam4/cam4_20260110_024503.jpg,0
2026-01-10T02:45:04.223339,cam5,/content/drive/MyDrive/TrafficCameraData1/data/cam5/cam5_20260110_024504.jpg,0
2026-01-10T02:45:04.795093,cam6,/content/drive/MyDrive/TrafficCameraData1/data/cam6/cam6_20260110_024504.jpg,0
2026-01-10T02:45:06.086291,cam7,/content/drive/MyDrive/TrafficCameraData1/data/cam7/cam7_20260110_024506.jpg,0
2026-01-10T02:45:06.670445,cam8,/content/drive/MyDrive/TrafficCameraData1/data/cam8/cam8_20260110_024506.jpg,0
2026-01-10T02:50:00.806708,cam1,/content/drive/MyDrive/TrafficCameraData1/data/cam1/cam1_20260110_025000.jpg,0
2026-01-10T02:50:01.813167,cam2,/content/drive/MyDrive/TrafficCameraData1/data/cam2/cam2_20260110_025001.jpg,0
2026-01-10T02:50:02.608715,cam3,/content/drive/MyDrive/TrafficCameraData1/data/cam3/cam3_20260110_025002.jpg,0
2026-01-10T02:50:03.428187,cam4,/content/drive/MyDrive/TrafficCameraData1/data/cam4/cam4_20260110_025003.jpg,0
2026-01-10T02:50:04.223798,cam5,/content/drive/MyDrive/TrafficCameraData1/data/cam5/cam5_20260110_025004.jpg,0
2026-01-10T02:50:04.797254,cam6,/content/drive/MyDrive/TrafficCameraData1/data/cam6/cam6_20260110_025004.jpg,0
2026-01-10T02:50:05.612975,cam7,/content/drive/MyDrive/TrafficCameraData1/data/cam7/cam7_20260110_025005.jpg,0
2026-01-10T02:50:06.398428,cam8,/content/drive/MyDrive/TrafficCameraData1/data/cam8/cam8_20260110_025006.jpg,0
2026-01-10T02:55:00.807170,cam1,/content/drive/MyDrive/TrafficCameraData1/data/cam1/cam1_20260110_025500.jpg,0
2026-01-10T02:55:01.823450,cam2,/content/drive/MyDrive/TrafficCameraData1/data/cam2/cam2_20260110_025501.jpg,0
2026-01-10T02:55:02.616174,cam3,/content/drive/MyDrive/TrafficCameraData1/data/cam3/cam3_20260110_025502.jpg,0
2026-01-10T02:55:03.598034,cam4,/content/drive/MyDrive/TrafficCameraData1/data/cam4/cam4_20260110_025503.jpg,0
2026-01-10T02:55:04.383267,cam5,/content/drive/MyDrive/TrafficCameraData1/data/cam5/cam5_20260110_025504.jpg,0
2026-01-10T02:55:04.993918,cam6,/content/drive/MyDrive/TrafficCameraData1/data/cam6/cam6_20260110_025504.jpg,0
2026-01-10T02:55:05.787518,cam7,/content/drive/MyDrive/TrafficCameraData1/data/cam7/cam7_20260110_025505.jpg,0
2026-01-10T02:55:06.502744,cam8,/content/drive/MyDrive/TrafficCameraData1/data/cam8/cam8_20260110_025506.jpg,0
2026-01-10T03:00:00.807579,cam1,/content/drive/MyDrive/TrafficCameraData1/data/cam1/cam1_20260110_030000.jpg,0
2026-01-10T03:00:01.818453,cam2,/content/drive/MyDrive/TrafficCameraData1/data/cam2/cam2_20260110_030001.jpg,0
2026-01-10T03:00:02.620398,cam3,/content/drive/MyDrive/TrafficCameraData1/data/cam3/cam3_20260110_030002.jpg,0
2026-01-10T03:00:03.552564,cam4,/content/drive/MyDrive/TrafficCameraData1/data/cam4/cam4_20260110_030003.jpg,0
2026-01-10T03:00:04.350981,cam5,/content/drive/MyDrive/TrafficCameraData1/data/cam5/cam5_20260110_030004.jpg,0
2026-01-10T03:00:04.926651,cam6,/content/drive/MyDrive/TrafficCameraData1/data/cam6/cam6_20260110_030004.jpg,0
2026-01-10T03:00:05.732519,cam7,/content/drive/MyDrive/TrafficCameraData1/data/cam7/cam7_20260110_030005.jpg,0
2026-01-10T03:00:06.534512,cam8,/content/drive/MyDrive/TrafficCameraData1/data/cam8/cam8_20260110_030006.jpg,0
2026-01-10T03:05:00.807785,cam1,/content/drive/MyDrive/TrafficCameraData1/data/cam1/cam1_20260110_030500.jpg,0
2026-01-10T03:05:01.860266,cam2,/content/drive/MyDrive/TrafficCameraData1/data/cam2/cam2_20260110_030501.jpg,0
2026-01-10T03:05:02.666533,cam3,/content/drive/MyDrive/TrafficCameraData1/data/cam3/cam3_20260110_030502.jpg,0
2026-01-10T03:05:03.499128,cam4,/content/drive/MyDrive/TrafficCameraData1/data/cam4/cam4_20260110_030503.jpg,0
2026-01-10T03:05:04.292601,cam5,/content/drive/MyDrive/TrafficCameraData1/data/cam5/cam5_20260110_030504.jpg,0
2026-01-10T03:05:04.863115,cam6,/content/drive/MyDrive/TrafficCameraData1/data/cam6/cam6_20260110_030504.jpg,0
2026-01-10T03:05:05.646845,cam7,/content/drive/MyDrive/TrafficCameraData1/data/cam7/cam7_20260110_030505.jpg,0
2026-01-10T03:05:06.446614,cam8,/content/drive/MyDrive/TrafficCameraData1/data/cam8/cam8_20260110_030506.jpg,0
2026-01-10T03:10:00.808110,cam1,/content/drive/MyDrive/TrafficCameraData1/data/cam1/cam1_20260110_031000.jpg,0
2026-01-10T03:10:01.842705,cam2,/content/drive/MyDrive/TrafficCameraData1/data/cam2/cam2_20260110_031001.jpg,0
2026-01-10T03:10:02.628306,cam3,/content/drive/MyDrive/TrafficCameraData1/data/cam3/cam3_20260110_031002.jpg,0
2026-01-10T03:10:03.416892,cam4,/content/drive/MyDrive/TrafficCameraData1/data/cam4/cam4_20260110_031003.jpg,0
2026-01-10T03:10:04.207850,cam5,/content/drive/MyDrive/TrafficCameraData1/data/cam5/cam5_20260110_031004.jpg,0
2026-01-10T03:10:04.842587,cam6,/content/drive/MyDrive/TrafficCameraData1/data/cam6/cam6_20260110_031004.jpg,0
2026-01-10T03:10:05.628384,cam7,/content/drive/MyDrive/TrafficCameraData1/data/cam7/cam7_20260110_031005.jpg,0
2026-01-10T03:10:06.427875,cam8,/content/drive/MyDrive/TrafficCameraData1/data/cam8/cam8_20260110_031006.jpg,0
2026-01-10T03:15:00.808097,cam1,/content/drive/MyDrive/TrafficCameraData1/data/cam1/cam1_20260110_031500.jpg,0
2026-01-10T03:15:01.809722,cam2,/content/drive/MyDrive/TrafficCameraData1/data/cam2/cam2_20260110_031501.jpg,0
2026-01-10T03:15:02.604710,cam3,/content/drive/MyDrive/TrafficCameraData1/data/cam3/cam3_20260110_031502.jpg,0
2026-01-10T03:15:03.424767,cam4,/content/drive/MyDrive/TrafficCameraData1/data/cam4/cam4_20260110_031503.jpg,0
2026-01-10T03:15:04.208287,cam5,/content/drive/MyDrive/TrafficCameraData1/data/cam5/cam5_20260110_031504.jpg,0
2026-01-10T03:15:04.777421,cam6,/content/drive/MyDrive/TrafficCameraData1/data/cam6/cam6_20260110_031504.jpg,0
2026-01-10T03:15:05.586299,cam7,/content/drive/MyDrive/TrafficCameraData1/data/cam7/cam7_20260110_031505.jpg,0
2026-01-10T03:15:06.383705,cam8,/content/drive/MyDrive/TrafficCameraData1/data/cam8/cam8_20260110_031506.jpg,0
2026-01-10T03:20:00.808576,cam1,/content/drive/MyDrive/TrafficCameraData1/data/cam1/cam1_20260110_032000.jpg,0
2026-01-10T03:20:01.812430,cam2,/content/drive/MyDrive/TrafficCameraData1/data/cam2/cam2_20260110_032001.jpg,0
2026-01-10T03:20:02.601941,cam3,/content/drive/MyDrive/TrafficCameraData1/data/cam3/cam3_20260110_032002.jpg,0
2026-01-10T03:20:03.389125,cam4,/content/drive/MyDrive/TrafficCameraData1/data/cam4/cam4_20260110_032003.jpg,0
2026-01-10T03:20:11.926522,cam5,/content/drive/MyDrive/TrafficCameraData1/data/cam5/cam5_20260110_032011.jpg,0
2026-01-10T03:20:12.504010,cam6,/content/drive/MyDrive/TrafficCameraData1/data/cam6/cam6_20260110_032012.jpg,0
2026-01-10T03:20:13.289501,cam7,/content/drive/MyDrive/TrafficCameraData1/data/cam7/cam7_20260110_032013.jpg,0
2026-01-10T03:20:14.065542,cam8,/content/drive/MyDrive/TrafficCameraData1/data/cam8/cam8_20260110_032014.jpg,0
2026-01-10T03:25:00.808929,cam1,/content/drive/MyDrive/TrafficCameraData1/data/cam1/cam1_20260110_032500.jpg,0
2026-01-10T03:25:01.817619,cam2,/content/drive/MyDrive/TrafficCameraData1/data/cam2/cam2_20260110_032501.jpg,0
2026-01-10T03:25:02.691484,cam3,/content/drive/MyDrive/TrafficCameraData1/data/cam3/cam3_20260110_032502.jpg,0
2026-01-10T03:25:03.644742,cam4,/content/drive/MyDrive/TrafficCameraData1/data/cam4/cam4_20260110_032503.jpg,0
2026-01-10T03:25:04.559245,cam5,/content/drive/MyDrive/TrafficCameraData1/data/cam5/cam5_20260110_032504.jpg,0
2026-01-10T03:25:05.196018,cam6,/content/drive/MyDrive/TrafficCameraData1/data/cam6/cam6_20260110_032505.jpg,0
2026-01-10T03:25:06.025129,cam7,/content/drive/MyDrive/TrafficCameraData1/data/cam7/cam7_20260110_032506.jpg,0
2026-01-10T03:25:06.810563,cam8,/content/drive/MyDrive/TrafficCameraData1/data/cam8/cam8_20260110_032506.jpg,0
2026-01-10T03:30:00.809510,cam1,/content/drive/MyDrive/TrafficCameraData1/data/cam1/cam1_20260110_033000.jpg,0
2026-01-10T03:30:01.863677,cam2,/content/drive/MyDrive/TrafficCameraData1/data/cam2/cam2_20260110_033001.jpg,0
2026-01-10T03:30:02.646690,cam3,/content/drive/MyDrive/TrafficCameraData1/data/cam3/cam3_20260110_033002.jpg,0
2026-01-10T03:30:03.440470,cam4,/content/drive/MyDrive/TrafficCameraData1/data/cam4/cam4_20260110_033003.jpg,0
2026-01-10T03:30:04.220779,cam5,/content/drive/MyDrive/TrafficCameraData1/data/cam5/cam5_20260110_033004.jpg,0
2026-01-10T03:30:04.834918,cam6,/content/drive/MyDrive/TrafficCameraData1/data/cam6/cam6_20260110_033004.jpg,0
2026-01-10T03:30:05.616677,cam7,/content/drive/MyDrive/TrafficCameraData1/data/cam7/cam7_20260110_033005.jpg,0
2026-01-10T03:30:06.401222,cam8,/content/drive/MyDrive/TrafficCameraData1/data/cam8/cam8_20260110_033006.jpg,0
2026-01-10T03:35:00.809614,cam1,/content/drive/MyDrive/TrafficCameraData1/data/cam1/cam1_20260110_033500.jpg,0
2026-01-10T03:35:01.807178,cam2,/content/drive/MyDrive/TrafficCameraData1/data/cam2/cam2_20260110_033501.jpg,0
2026-01-10T03:35:02.611393,cam3,/content/drive/MyDrive/TrafficCameraData1/data/cam3/cam3_20260110_033502.jpg,0
2026-01-10T03:35:03.390431,cam4,/content/drive/MyDrive/TrafficCameraData1/data/cam4/cam4_20260110_033503.jpg,0
2026-01-10T03:35:04.292033,cam5,/content/drive/MyDrive/TrafficCameraData1/data/cam5/cam5_20260110_033504.jpg,0
2026-01-10T03:35:04.884986,cam6,/content/drive/MyDrive/TrafficCameraData1/data/cam6/cam6_20260110_033504.jpg,0
2026-01-10T03:35:05.665337,cam7,/content/drive/MyDrive/TrafficCameraData1/data/cam7/cam7_20260110_033505.jpg,0
2026-01-10T03:35:06.454282,cam8,/content/drive/MyDrive/TrafficCameraData1/data/cam8/cam8_20260110_033506.jpg,0
2026-01-10T03:40:00.809639,cam1,/content/drive/MyDrive/TrafficCameraData1/data/cam1/cam1_20260110_034000.jpg,0
2026-01-10T03:40:01.795415,cam2,/content/drive/MyDrive/TrafficCameraData1/data/cam2/cam2_20260110_034001.jpg,0
2026-01-10T03:40:02.791646,cam3,/content/drive/MyDrive/TrafficCameraData1/data/cam3/cam3_20260110_034002.jpg,0
2026-01-10T03:40:03.687923,cam4,/content/drive/MyDrive/TrafficCameraData1/data/cam4/cam4_20260110_034003.jpg,0
2026-01-10T03:40:04.486799,cam5,/content/drive/MyDrive/TrafficCameraData1/data/cam5/cam5_20260110_034004.jpg,0
2026-01-10T03:40:05.281785,cam6,/content/drive/MyDrive/TrafficCameraData1/data/cam6/cam6_20260110_034005.jpg,0
2026-01-10T03:40:06.056477,cam7,/content/drive/MyDrive/TrafficCameraData1/data/cam7/cam7_20260110_034006.jpg,0
2026-01-10T03:40:06.833442,cam8,/content/drive/MyDrive/TrafficCameraData1/data/cam8/cam8_20260110_034006.jpg,0
2026-01-10T03:45:00.809890,cam1,/content/drive/MyDrive/TrafficCameraData1/data/cam1/cam1_20260110_034500.jpg,0
2026-01-10T03:45:01.805544,cam2,/content/drive/MyDrive/TrafficCameraData1/data/cam2/cam2_20260110_034501.jpg,0
2026-01-10T03:45:02.593482,cam3,/content/drive/MyDrive/TrafficCameraData1/data/cam3/cam3_20260110_034502.jpg,0
2026-01-10T03:45:03.401371,cam4,/content/drive/MyDrive/TrafficCameraData1/data/cam4/cam4_20260110_034503.jpg,0
2026-01-10T03:45:04.186589,cam5,/content/drive/MyDrive/TrafficCameraData1/data/cam5/cam5_20260110_034504.jpg,0
2026-01-10T03:45:04.761176,cam6,/content/drive/MyDrive/TrafficCameraData1/data/cam6/cam6_20260110_034504.jpg,0
2026-01-10T03:45:05.547584,cam7,/content/drive/MyDrive/TrafficCameraData1/data/cam7/cam7_20260110_034505.jpg,0
2026-01-10T03:45:06.332907,cam8,/content/drive/MyDrive/TrafficCameraData1/data/cam8/cam8_20260110_034506.jpg,0
2026-01-10T03:50:00.810254,cam1,/content/drive/MyDrive/TrafficCameraData1/data/cam1/cam1_20260110_035000.jpg,0
2026-01-10T03:50:01.810643,cam2,/content/drive/MyDrive/TrafficCameraData1/data/cam2/cam2_20260110_035001.jpg,0
2026-01-10T03:50:02.590472,cam3,/content/drive/MyDrive/TrafficCameraData1/data/cam3/cam3_20260110_035002.jpg,0
2026-01-10T03:50:03.386475,cam4,/content/drive/MyDrive/TrafficCameraData1/data/cam4/cam4_20260110_035003.jpg,0
2026-01-10T03:50:04.752403,cam5,/content/drive/MyDrive/TrafficCameraData1/data/cam5/cam5_20260110_035004.jpg,0
2026-01-10T03:50:05.320096,cam6,/content/drive/MyDrive/TrafficCameraData1/data/cam6/cam6_20260110_035005.jpg,0
2026-01-10T03:50:06.103414,cam7,/content/drive/MyDrive/TrafficCameraData1/data/cam7/cam7_20260110_035006.jpg,0
2026-01-10T03:50:06.896755,cam8,/content/drive/MyDrive/TrafficCameraData1/data/cam8/cam8_20260110_035006.jpg,0
2026-01-10T03:55:00.810406,cam1,/content/drive/MyDrive/TrafficCameraData1/data/cam1/cam1_20260110_035500.jpg,0
2026-01-10T03:55:01.828749,cam2,/content/drive/MyDrive/TrafficCameraData1/data/cam2/cam2_20260110_035501.jpg,0
2026-01-10T03:55:02.849106,cam3,/content/drive/MyDrive/TrafficCameraData1/data/cam3/cam3_20260110_035502.jpg,0
2026-01-10T03:55:03.672978,cam4,/content/drive/MyDrive/TrafficCameraData1/data/cam4/cam4_20260110_035503.jpg,0
2026-01-10T03:55:04.976369,cam5,/content/drive/MyDrive/TrafficCameraData1/data/cam5/cam5_20260110_035504.jpg,0
2026-01-10T03:55:05.776261,cam6,/content/drive/MyDrive/TrafficCameraData1/data/cam6/cam6_20260110_035505.jpg,0
2026-01-10T03:55:06.563544,cam7,/content/drive/MyDrive/TrafficCameraData1/data/cam7/cam7_20260110_035506.jpg,0
2026-01-10T03:55:07.371312,cam8,/content/drive/MyDrive/TrafficCameraData1/data/cam8/cam8_20260110_035507.jpg,0
2026-01-10T04:00:00.810781,cam1,/content/drive/MyDrive/TrafficCameraData1/data/cam1/cam1_20260110_040000.jpg,0
2026-01-10T04:00:01.805549,cam2,/content/drive/MyDrive/TrafficCameraData1/data/cam2/cam2_20260110_040001.jpg,0
2026-01-10T04:00:02.588516,cam3,/content/drive/MyDrive/TrafficCameraData1/data/cam3/cam3_20260110_040002.jpg,0
2026-01-10T04:00:03.894048,cam4,/content/drive/MyDrive/TrafficCameraData1/data/cam4/cam4_20260110_040003.jpg,0
2026-01-10T04:00:04.761857,cam5,/content/drive/MyDrive/TrafficCameraData1/data/cam5/cam5_20260110_040004.jpg,0
2026-01-10T04:00:06.207234,cam6,/content/drive/MyDrive/TrafficCameraData1/data/cam6/cam6_20260110_040006.jpg,0
2026-01-10T04:00:09.767421,cam7,/content/drive/MyDrive/TrafficCameraData1/data/cam7/cam7_20260110_040009.jpg,0
2026-01-10T04:00:11.457035,cam8,/content/drive/MyDrive/TrafficCameraData1/data/cam8/cam8_20260110_040011.jpg,0
2026-01-10T04:05:00.811153,cam1,/content/drive/MyDrive/TrafficCameraData1/data/cam1/cam1_20260110_040500.jpg,0
2026-01-10T04:05:01.823489,cam2,/content/drive/MyDrive/TrafficCameraData1/data/cam2/cam2_20260110_040501.jpg,0
2026-01-10T04:05:02.656666,cam3,/content/drive/MyDrive/TrafficCameraData1/data/cam3/cam3_20260110_040502.jpg,0
2026-01-10T04:05:03.508652,cam4,/content/drive/MyDrive/TrafficCameraData1/data/cam4/cam4_20260110_040503.jpg,0
2026-01-10T04:05:04.331272,cam5,/content/drive/MyDrive/TrafficCameraData1/data/cam5/cam5_20260110_040504.jpg,0
2026-01-10T04:05:04.897940,cam6,/content/drive/MyDrive/TrafficCameraData1/data/cam6/cam6_20260110_040504.jpg,0
2026-01-10T04:05:05.689906,cam7,/content/drive/MyDrive/TrafficCameraData1/data/cam7/cam7_20260110_040505.jpg,0
2026-01-10T04:05:06.489210,cam8,/content/drive/MyDrive/TrafficCameraData1/data/cam8/cam8_20260110_040506.jpg,0
2026-01-10T04:10:00.811358,cam1,/content/drive/MyDrive/TrafficCameraData1/data/cam1/cam1_20260110_041000.jpg,0
2026-01-10T04:10:01.609308,cam2,/content/drive/MyDrive/TrafficCameraData1/data/cam2/cam2_20260110_041001.jpg,0
2026-01-10T04:10:02.408289,cam3,/content/drive/MyDrive/TrafficCameraData1/data/cam3/cam3_20260110_041002.jpg,0
2026-01-10T04:10:03.211538,cam4,/content/drive/MyDrive/TrafficCameraData1/data/cam4/cam4_20260110_041003.jpg,0
2026-01-10T04:10:03.995886,cam5,/content/drive/MyDrive/TrafficCameraData1/data/cam5/cam5_20260110_041003.jpg,0
2026-01-10T04:10:04.558254,cam6,/content/drive/MyDrive/TrafficCameraData1/data/cam6/cam6_20260110_041004.jpg,0
2026-01-10T04:10:05.345121,cam7,/content/drive/MyDrive/TrafficCameraData1/data/cam7/cam7_20260110_041005.jpg,0
2026-01-10T04:10:06.128863,cam8,/content/drive/MyDrive/TrafficCameraData1/data/cam8/cam8_20260110_041006.jpg,0
2026-01-10T04:15:00.811640,cam1,/content/drive/MyDrive/TrafficCameraData1/data/cam1/cam1_20260110_041500.jpg,0
2026-01-10T04:15:01.816766,cam2,/content/drive/MyDrive/TrafficCameraData1/data/cam2/cam2_20260110_041501.jpg,0
2026-01-10T04:15:02.627288,cam3,/content/drive/MyDrive/TrafficCameraData1/data/cam3/cam3_20260110_041502.jpg,0
2026-01-10T04:15:03.424286,cam4,/content/drive/MyDrive/TrafficCameraData1/data/cam4/cam4_20260110_041503.jpg,0
2026-01-10T04:15:04.296878,cam5,/content/drive/MyDrive/TrafficCameraData1/data/cam5/cam5_20260110_041504.jpg,0
2026-01-10T04:15:04.864396,cam6,/content/drive/MyDrive/TrafficCameraData1/data/cam6/cam6_20260110_041504.jpg,0
2026-01-10T04:15:05.665753,cam7,/content/drive/MyDrive/TrafficCameraData1/data/cam7/cam7_20260110_041505.jpg,0
2026-01-10T04:15:06.447814,cam8,/content/drive/MyDrive/TrafficCameraData1/data/cam8/cam8_20260110_041506.jpg,0
2026-01-10T04:20:00.811904,cam1,/content/drive/MyDrive/TrafficCameraData1/data/cam1/cam1_20260110_042000.jpg,0
2026-01-10T04:20:01.813046,cam2,/content/drive/MyDrive/TrafficCameraData1/data/cam2/cam2_20260110_042001.jpg,0
2026-01-10T04:20:02.625403,cam3,/content/drive/MyDrive/TrafficCameraData1/data/cam3/cam3_20260110_042002.jpg,0
2026-01-10T04:20:03.638219,cam4,/content/drive/MyDrive/TrafficCameraData1/data/cam4/cam4_20260110_042003.jpg,0
2026-01-10T04:20:04.427084,cam5,/content/drive/MyDrive/TrafficCameraData1/data/cam5/cam5_20260110_042004.jpg,0
2026-01-10T04:20:05.244605,cam6,/content/drive/MyDrive/TrafficCameraData1/data/cam6/cam6_20260110_042005.jpg,0
2026-01-10T04:20:06.146495,cam7,/content/drive/MyDrive/TrafficCameraData1/data/cam7/cam7_20260110_042006.jpg,0
2026-01-10T04:20:06.930940,cam8,/content/drive/MyDrive/TrafficCameraData1/data/cam8/cam8_20260110_042006.jpg,0
2026-01-10T04:28:44.819524,cam1,/content/drive/MyDrive/TrafficCameraData1/data/cam1/cam1_20260110_042844.jpg,0
2026-01-10T04:28:45.614777,cam2,/content/drive/MyDrive/TrafficCameraData1/data/cam2/cam2_20260110_042845.jpg,0
2026-01-10T04:28:46.414439,cam3,/content/drive/MyDrive/TrafficCameraData1/data/cam3/cam3_20260110_042846.jpg,0
2026-01-10T04:28:47.203387,cam4,/content/drive/MyDrive/TrafficCameraData1/data/cam4/cam4_20260110_042847.jpg,0
2026-01-10T04:28:48.238285,cam5,/content/drive/MyDrive/TrafficCameraData1/data/cam5/cam5_20260110_042848.jpg,0
2026-01-10T04:28:48.804707,cam6,/content/drive/MyDrive/TrafficCameraData1/data/cam6/cam6_20260110_042848.jpg,0
2026-01-10T04:28:49.595418,cam7,/content/drive/MyDrive/TrafficCameraData1/data/cam7/cam7_20260110_042849.jpg,0
2026-01-10T04:28:50.628170,cam8,/content/drive/MyDrive/TrafficCameraData1/data/cam8/cam8_20260110_042850.jpg,0
2026-01-10T04:33:44.819796,cam1,/content/drive/MyDrive/TrafficCameraData1/data/cam1/cam1_20260110_043344.jpg,0
2026-01-10T04:33:45.816010,cam2,/content/drive/MyDrive/TrafficCameraData1/data/cam2/cam2_20260110_043345.jpg,0
2026-01-10T04:33:46.828838,cam3,/content/drive/MyDrive/TrafficCameraData1/data/cam3/cam3_20260110_043346.jpg,0
2026-01-10T04:33:47.646746,cam4,/content/drive/MyDrive/TrafficCameraData1/data/cam4/cam4_20260110_043347.jpg,0
2026-01-10T04:33:48.461757,cam5,/content/drive/MyDrive/TrafficCameraData1/data/cam5/cam5_20260110_043348.jpg,0
2026-01-10T04:33:49.029833,cam6,/content/drive/MyDrive/TrafficCameraData1/data/cam6/cam6_20260110_043349.jpg,0
2026-01-10T04:33:49.867569,cam7,/content/drive/MyDrive/TrafficCameraData1/data/cam7/cam7_20260110_043349.jpg,0
2026-01-10T04:33:50.654000,cam8,/content/drive/MyDrive/TrafficCameraData1/data/cam8/cam8_20260110_043350.jpg,0
2026-01-10T04:38:44.820235,cam1,/content/drive/MyDrive/TrafficCameraData1/data/cam1/cam1_20260110_043844.jpg,0
2026-01-10T04:38:45.834369,cam2,/content/drive/MyDrive/TrafficCameraData1/data/cam2/cam2_20260110_043845.jpg,0
2026-01-10T04:38:46.640578,cam3,/content/drive/MyDrive/TrafficCameraData1/data/cam3/cam3_20260110_043846.jpg,0
2026-01-10T04:38:47.432131,cam4,/content/drive/MyDrive/TrafficCameraData1/data/cam4/cam4_20260110_043847.jpg,0
2026-01-10T04:38:48.212636,cam5,/content/drive/MyDrive/TrafficCameraData1/data/cam5/cam5_20260110_043848.jpg,0
2026-01-10T04:38:48.997263,cam6,/content/drive/MyDrive/TrafficCameraData1/data/cam6/cam6_20260110_043848.jpg,0
2026-01-10T04:38:49.784909,cam7,/content/drive/MyDrive/TrafficCameraData1/data/cam7/cam7_20260110_043849.jpg,0
2026-01-10T04:38:50.575713,cam8,/content/drive/MyDrive/TrafficCameraData1/data/cam8/cam8_20260110_043850.jpg,0
2026-01-10T04:43:44.820182,cam1,/content/drive/MyDrive/TrafficCameraData1/data/cam1/cam1_20260110_044344.jpg,0
2026-01-10T04:43:45.802654,cam2,/content/drive/MyDrive/TrafficCameraData1/data/cam2/cam2_20260110_044345.jpg,0
2026-01-10T04:43:46.573911,cam3,/content/drive/MyDrive/TrafficCameraData1/data/cam3/cam3_20260110_044346.jpg,0
2026-01-10T04:43:47.361603,cam4,/content/drive/MyDrive/TrafficCameraData1/data/cam4/cam4_20260110_044347.jpg,0
2026-01-10T04:43:48.138575,cam5,/content/drive/MyDrive/TrafficCameraData1/data/cam5/cam5_20260110_044348.jpg,0
2026-01-10T04:43:48.701310,cam6,/content/drive/MyDrive/TrafficCameraData1/data/cam6/cam6_20260110_044348.jpg,0
2026-01-10T04:43:49.474689,cam7,/content/drive/MyDrive/TrafficCameraData1/data/cam7/cam7_20260110_044349.jpg,0
2026-01-10T04:43:50.270109,cam8,/content/drive/MyDrive/TrafficCameraData1/data/cam8/cam8_20260110_044350.jpg,0
2026-01-10T04:48:44.820369,cam1,/content/drive/MyDrive/TrafficCameraData1/data/cam1/cam1_20260110_044844.jpg,0
2026-01-10T04:48:45.810139,cam2,/content/drive/MyDrive/TrafficCameraData1/data/cam2/cam2_20260110_044845.jpg,0
2026-01-10T04:48:47.933400,cam3,/content/drive/MyDrive/TrafficCameraData1/data/cam3/cam3_20260110_044847.jpg,0
2026-01-10T04:48:48.734039,cam4,/content/drive/MyDrive/TrafficCameraData1/data/cam4/cam4_20260110_044848.jpg,0
2026-01-10T04:48:51.463941,cam5,/content/drive/MyDrive/TrafficCameraData1/data/cam5/cam5_20260110_044851.jpg,0
2026-01-10T04:48:53.560250,cam6,/content/drive/MyDrive/TrafficCameraData1/data/cam6/cam6_20260110_044853.jpg,0
2026-01-10T04:48:54.872660,cam7,/content/drive/MyDrive/TrafficCameraData1/data/cam7/cam7_20260110_044854.jpg,0
2026-01-10T04:48:57.377236,cam8,/content/drive/MyDrive/TrafficCameraData1/data/cam8/cam8_20260110_044857.jpg,0
2026-01-10T04:53:44.820776,cam1,/content/drive/MyDrive/TrafficCameraData1/data/cam1/cam1_20260110_045344.jpg,0
2026-01-10T04:53:48.145478,cam2,/content/drive/MyDrive/TrafficCameraData1/data/cam2/cam2_20260110_045348.jpg,0
2026-01-10T04:53:51.421086,cam3,/content/drive/MyDrive/TrafficCameraData1/data/cam3/cam3_20260110_045351.jpg,0
2026-01-10T04:53:52.854332,cam4,/content/drive/MyDrive/TrafficCameraData1/data/cam4/cam4_20260110_045352.jpg,0
2026-01-10T04:53:54.746519,cam5,/content/drive/MyDrive/TrafficCameraData1/data/cam5/cam5_20260110_045354.jpg,0
2026-01-10T04:53:57.103203,cam6,/content/drive/MyDrive/TrafficCameraData1/data/cam6/cam6_20260110_045357.jpg,0
2026-01-10T04:54:03.274189,cam7,/content/drive/MyDrive/TrafficCameraData1/data/cam7/cam7_20260110_045403.jpg,0
2026-01-10T04:54:05.290532,cam8,/content/drive/MyDrive/TrafficCameraData1/data/cam8/cam8_20260110_045405.jpg,0
2026-01-10T04:58:44.821163,cam1,/content/drive/MyDrive/TrafficCameraData1/data/cam1/cam1_20260110_045844.jpg,0
2026-01-10T04:58:45.902314,cam2,/content/drive/MyDrive/TrafficCameraData1/data/cam2/cam2_20260110_045845.jpg,0
2026-01-10T04:58:49.846847,cam3,/content/drive/MyDrive/TrafficCameraData1/data/cam3/cam3_20260110_045849.jpg,0
2026-01-10T04:58:50.646515,cam4,/content/drive/MyDrive/TrafficCameraData1/data/cam4/cam4_20260110_045850.jpg,0
2026-01-10T04:58:51.438519,cam5,/content/drive/MyDrive/TrafficCameraData1/data/cam5/cam5_20260110_045851.jpg,0
2026-01-10T04:58:52.714572,cam6,/content/drive/MyDrive/TrafficCameraData1/data/cam6/cam6_20260110_045852.jpg,0
2026-01-10T04:58:54.312897,cam7,/content/drive/MyDrive/TrafficCameraData1/data/cam7/cam7_20260110_045854.jpg,0
2026-01-10T04:58:55.121913,cam8,/content/drive/MyDrive/TrafficCameraData1/data/cam8/cam8_20260110_045855.jpg,0
2026-01-10T05:03:44.821332,cam1,/content/drive/MyDrive/TrafficCameraData1/data/cam1/cam1_20260110_050344.jpg,0
2026-01-10T05:03:46.920115,cam2,/content/drive/MyDrive/TrafficCameraData1/data/cam2/cam2_20260110_050346.jpg,0
2026-01-10T05:03:47.700729,cam3,/content/drive/MyDrive/TrafficCameraData1/data/cam3/cam3_20260110_050347.jpg,0
2026-01-10T05:03:49.506939,cam4,/content/drive/MyDrive/TrafficCameraData1/data/cam4/cam4_20260110_050349.jpg,0
2026-01-10T05:03:50.304966,cam5,/content/drive/MyDrive/TrafficCameraData1/data/cam5/cam5_20260110_050350.jpg,0
2026-01-10T05:03:51.355016,cam6,/content/drive/MyDrive/TrafficCameraData1/data/cam6/cam6_20260110_050351.jpg,0
2026-01-10T05:03:54.956882,cam7,/content/drive/MyDrive/TrafficCameraData1/data/cam7/cam7_20260110_050354.jpg,0
2026-01-10T05:03:55.955678,cam8,/content/drive/MyDrive/TrafficCameraData1/data/cam8/cam8_20260110_050355.jpg,0
2026-01-10T05:08:44.821316,cam1,/content/drive/MyDrive/TrafficCameraData1/data/cam1/cam1_20260110_050844.jpg,0
2026-01-10T05:08:45.812781,cam2,/content/drive/MyDrive/TrafficCameraData1/data/cam2/cam2_20260110_050845.jpg,0
2026-01-10T05:08:47.822725,cam3,/content/drive/MyDrive/TrafficCameraData1/data/cam3/cam3_20260110_050847.jpg,0
2026-01-10T05:08:50.421813,cam4,/content/drive/MyDrive/TrafficCameraData1/data/cam4/cam4_20260110_050850.jpg,0
2026-01-10T05:08:51.660930,cam5,/content/drive/MyDrive/TrafficCameraData1/data/cam5/cam5_20260110_050851.jpg,0
2026-01-10T05:08:52.649043,cam6,/content/drive/MyDrive/TrafficCameraData1/data/cam6/cam6_20260110_050852.jpg,0
2026-01-10T05:08:53.912638,cam7,/content/drive/MyDrive/TrafficCameraData1/data/cam7/cam7_20260110_050853.jpg,0
2026-01-10T05:08:54.900089,cam8,/content/drive/MyDrive/TrafficCameraData1/data/cam8/cam8_20260110_050854.jpg,0
2026-01-10T05:13:44.821846,cam1,/content/drive/MyDrive/TrafficCameraData1/data/cam1/cam1_20260110_051344.jpg,0
2026-01-10T05:13:47.280866,cam2,/content/drive/MyDrive/TrafficCameraData1/data/cam2/cam2_20260110_051347.jpg,0
2026-01-10T05:13:48.584451,cam3,/content/drive/MyDrive/TrafficCameraData1/data/cam3/cam3_20260110_051348.jpg,0
2026-01-10T05:13:50.763141,cam4,/content/drive/MyDrive/TrafficCameraData1/data/cam4/cam4_20260110_051350.jpg,0
2026-01-10T05:13:52.470704,cam5,/content/drive/MyDrive/TrafficCameraData1/data/cam5/cam5_20260110_051352.jpg,0
2026-01-10T05:13:56.029795,cam6,/content/drive/MyDrive/TrafficCameraData1/data/cam6/cam6_20260110_051356.jpg,0
2026-01-10T05:13:57.736164,cam7,/content/drive/MyDrive/TrafficCameraData1/data/cam7/cam7_20260110_051357.jpg,0
2026-01-10T05:14:00.722860,cam8,/content/drive/MyDrive/TrafficCameraData1/data/cam8/cam8_20260110_051400.jpg,0
2026-01-10T05:18:44.822106,cam1,/content/drive/MyDrive/TrafficCameraData1/data/cam1/cam1_20260110_051844.jpg,0
2026-01-10T05:18:46.898668,cam2,/content/drive/MyDrive/TrafficCameraData1/data/cam2/cam2_20260110_051846.jpg,0
2026-01-10T05:18:47.889825,cam3,/content/drive/MyDrive/TrafficCameraData1/data/cam3/cam3_20260110_051847.jpg,0
2026-01-10T05:18:48.892806,cam4,/content/drive/MyDrive/TrafficCameraData1/data/cam4/cam4_20260110_051848.jpg,0
2026-01-10T05:18:49.884419,cam5,/content/drive/MyDrive/TrafficCameraData1/data/cam5/cam5_20260110_051849.jpg,0
2026-01-10T05:18:51.459886,cam6,/content/drive/MyDrive/TrafficCameraData1/data/cam6/cam6_20260110_051851.jpg,0
2026-01-10T05:18:52.461353,cam7,/content/drive/MyDrive/TrafficCameraData1/data/cam7/cam7_20260110_051852.jpg,0
2026-01-10T05:18:53.455952,cam8,/content/drive/MyDrive/TrafficCameraData1/data/cam8/cam8_20260110_051853.jpg,0
2026-01-10T05:23:44.822428,cam1,/content/drive/MyDrive/TrafficCameraData1/data/cam1/cam1_20260110_052344.jpg,0
2026-01-10T05:23:46.351378,cam2,/content/drive/MyDrive/TrafficCameraData1/data/cam2/cam2_20260110_052346.jpg,0
2026-01-10T05:23:47.347472,cam3,/content/drive/MyDrive/TrafficCameraData1/data/cam3/cam3_20260110_052347.jpg,0
2026-01-10T05:23:48.534959,cam4,/content/drive/MyDrive/TrafficCameraData1/data/cam4/cam4_20260110_052348.jpg,0
2026-01-10T05:23:49.532731,cam5,/content/drive/MyDrive/TrafficCameraData1/data/cam5/cam5_20260110_052349.jpg,0
2026-01-10T05:23:51.674738,cam6,/content/drive/MyDrive/TrafficCameraData1/data/cam6/cam6_20260110_052351.jpg,0
2026-01-10T05:23:52.670108,cam7,/content/drive/MyDrive/TrafficCameraData1/data/cam7/cam7_20260110_052352.jpg,0
2026-01-10T05:23:53.880837,cam8,/content/drive/MyDrive/TrafficCameraData1/data/cam8/cam8_20260110_052353.jpg,0
2026-01-10T05:28:44.822639,cam1,/content/drive/MyDrive/TrafficCameraData1/data/cam1/cam1_20260110_052844.jpg,0
2026-01-10T05:28:45.821793,cam2,/content/drive/MyDrive/TrafficCameraData1/data/cam2/cam2_20260110_052845.jpg,0
2026-01-10T05:28:46.876937,cam3,/content/drive/MyDrive/TrafficCameraData1/data/cam3/cam3_20260110_052846.jpg,0
2026-01-10T05:28:48.086179,cam4,/content/drive/MyDrive/TrafficCameraData1/data/cam4/cam4_20260110_052848.jpg,0
2026-01-10T05:28:49.077429,cam5,/content/drive/MyDrive/TrafficCameraData1/data/cam5/cam5_20260110_052849.jpg,0
2026-01-10T05:28:50.657542,cam6,/content/drive/MyDrive/TrafficCameraData1/data/cam6/cam6_20260110_052850.jpg,0
2026-01-10T05:28:52.978382,cam7,/content/drive/MyDrive/TrafficCameraData1/data/cam7/cam7_20260110_052852.jpg,0
2026-01-10T05:28:53.967930,cam8,/content/drive/MyDrive/TrafficCameraData1/data/cam8/cam8_20260110_052853.jpg,0
2026-01-10T05:33:44.823086,cam1,/content/drive/MyDrive/TrafficCameraData1/data/cam1/cam1_20260110_053344.jpg,0
2026-01-10T05:33:45.957977,cam2,/content/drive/MyDrive/TrafficCameraData1/data/cam2/cam2_20260110_053345.jpg,0
2026-01-10T05:33:47.914956,cam3,/content/drive/MyDrive/TrafficCameraData1/data/cam3/cam3_20260110_053347.jpg,0
2026-01-10T05:33:49.234635,cam4,/content/drive/MyDrive/TrafficCameraData1/data/cam4/cam4_20260110_053349.jpg,0
2026-01-10T05:33:51.175864,cam5,/content/drive/MyDrive/TrafficCameraData1/data/cam5/cam5_20260110_053351.jpg,0
2026-01-10T05:33:52.594216,cam6,/content/drive/MyDrive/TrafficCameraData1/data/cam6/cam6_20260110_053352.jpg,0
2026-01-10T05:33:54.482334,cam7,/content/drive/MyDrive/TrafficCameraData1/data/cam7/cam7_20260110_053354.jpg,0
2026-01-10T05:33:55.642259,cam8,/content/drive/MyDrive/TrafficCameraData1/data/cam8/cam8_20260110_053355.jpg,0
2026-01-10T05:38:44.823502,cam1,/content/drive/MyDrive/TrafficCameraData1/data/cam1/cam1_20260110_053844.jpg,0
2026-01-10T05:38:46.955494,cam2,/content/drive/MyDrive/TrafficCameraData1/data/cam2/cam2_20260110_053846.jpg,0
2026-01-10T05:38:48.082825,cam3,/content/drive/MyDrive/TrafficCameraData1/data/cam3/cam3_20260110_053848.jpg,0
2026-01-10T05:38:50.062494,cam4,/content/drive/MyDrive/TrafficCameraData1/data/cam4/cam4_20260110_053850.jpg,0
2026-01-10T05:38:52.424845,cam5,/content/drive/MyDrive/TrafficCameraData1/data/cam5/cam5_20260110_053852.jpg,0
2026-01-10T05:38:54.324701,cam6,/content/drive/MyDrive/TrafficCameraData1/data/cam6/cam6_20260110_053854.jpg,0
2026-01-10T05:38:56.439029,cam7,/content/drive/MyDrive/TrafficCameraData1/data/cam7/cam7_20260110_053856.jpg,0
2026-01-10T05:38:57.916599,cam8,/content/drive/MyDrive/TrafficCameraData1/data/cam8/cam8_20260110_053857.jpg,0
2026-01-10T05:43:44.823738,cam1,/content/drive/MyDrive/TrafficCameraData1/data/cam1/cam1_20260110_054344.jpg,0
2026-01-10T05:43:46.685111,cam2,/content/drive/MyDrive/TrafficCameraData1/data/cam2/cam2_20260110_054346.jpg,0
2026-01-10T05:43:48.132559,cam3,/content/drive/MyDrive/TrafficCameraData1/data/cam3/cam3_20260110_054348.jpg,0
2026-01-10T05:43:49.289288,cam4,/content/drive/MyDrive/TrafficCameraData1/data/cam4/cam4_20260110_054349.jpg,0
2026-01-10T05:43:50.737228,cam5,/content/drive/MyDrive/TrafficCameraData1/data/cam5/cam5_20260110_054350.jpg,0
2026-01-10T05:43:53.260667,cam6,/content/drive/MyDrive/TrafficCameraData1/data/cam6/cam6_20260110_054353.jpg,0
2026-01-10T05:43:55.611710,cam7,/content/drive/MyDrive/TrafficCameraData1/data/cam7/cam7_20260110_054355.jpg,0
2026-01-10T05:43:56.904146,cam8,/content/drive/MyDrive/TrafficCameraData1/data/cam8/cam8_20260110_054356.jpg,0
2026-01-10T05:48:44.824097,cam1,/content/drive/MyDrive/TrafficCameraData1/data/cam1/cam1_20260110_054844.jpg,0
2026-01-10T05:48:46.346038,cam2,/content/drive/MyDrive/TrafficCameraData1/data/cam2/cam2_20260110_054846.jpg,0
2026-01-10T05:48:48.915923,cam3,/content/drive/MyDrive/TrafficCameraData1/data/cam3/cam3_20260110_054848.jpg,0
2026-01-10T05:48:50.240240,cam4,/content/drive/MyDrive/TrafficCameraData1/data/cam4/cam4_20260110_054850.jpg,0
2026-01-10T05:48:52.413767,cam5,/content/drive/MyDrive/TrafficCameraData1/data/cam5/cam5_20260110_054852.jpg,0
2026-01-10T05:48:53.505702,cam6,/content/drive/MyDrive/TrafficCameraData1/data/cam6/cam6_20260110_054853.jpg,0
2026-01-10T05:48:55.232355,cam7,/content/drive/MyDrive/TrafficCameraData1/data/cam7/cam7_20260110_054855.jpg,0
2026-01-10T05:48:56.332520,cam8,/content/drive/MyDrive/TrafficCameraData1/data/cam8/cam8_20260110_054856.jpg,0
2026-01-10T05:53:44.824261,cam1,/content/drive/MyDrive/TrafficCameraData1/data/cam1/cam1_20260110_055344.jpg,0
2026-01-10T05:53:46.166153,cam2,/content/drive/MyDrive/TrafficCameraData1/data/cam2/cam2_20260110_055346.jpg,0
2026-01-10T05:53:47.568279,cam3,/content/drive/MyDrive/TrafficCameraData1/data/cam3/cam3_20260110_055347.jpg,0
2026-01-10T05:53:49.878630,cam4,/content/drive/MyDrive/TrafficCameraData1/data/cam4/cam4_20260110_055349.jpg,0
2026-01-10T05:53:50.889310,cam5,/content/drive/MyDrive/TrafficCameraData1/data/cam5/cam5_20260110_055350.jpg,0
2026-01-10T05:53:53.098233,cam6,/content/drive/MyDrive/TrafficCameraData1/data/cam6/cam6_20260110_055353.jpg,0
2026-01-10T05:53:55.191356,cam7,/content/drive/MyDrive/TrafficCameraData1/data/cam7/cam7_20260110_055355.jpg,0
2026-01-10T05:53:57.023219,cam8,/content/drive/MyDrive/TrafficCameraData1/data/cam8/cam8_20260110_055357.jpg,0
2026-01-10T05:58:44.824421,cam1,/content/drive/MyDrive/TrafficCameraData1/data/cam1/cam1_20260110_055844.jpg,0
2026-01-10T05:58:46.166178,cam2,/content/drive/MyDrive/TrafficCameraData1/data/cam2/cam2_20260110_055846.jpg,0
2026-01-10T05:58:48.604273,cam3,/content/drive/MyDrive/TrafficCameraData1/data/cam3/cam3_20260110_055848.jpg,0
2026-01-10T05:58:53.252306,cam4,/content/drive/MyDrive/TrafficCameraData1/data/cam4/cam4_20260110_055853.jpg,0
2026-01-10T05:58:55.150672,cam5,/content/drive/MyDrive/TrafficCameraData1/data/cam5/cam5_20260110_055855.jpg,0
2026-01-10T05:58:56.887725,cam6,/content/drive/MyDrive/TrafficCameraData1/data/cam6/cam6_20260110_055856.jpg,0
2026-01-10T05:58:58.517793,cam7,/content/drive/MyDrive/TrafficCameraData1/data/cam7/cam7_20260110_055858.jpg,0
2026-01-10T05:58:59.623590,cam8,/content/drive/MyDrive/TrafficCameraData1/data/cam8/cam8_20260110_055859.jpg,0
2026-01-10T06:03:44.824743,cam1,/content/drive/MyDrive/TrafficCameraData1/data/cam1/cam1_20260110_060344.jpg,0
2026-01-10T06:03:47.216371,cam2,/content/drive/MyDrive/TrafficCameraData1/data/cam2/cam2_20260110_060347.jpg,0
2026-01-10T06:03:50.611805,cam3,/content/drive/MyDrive/TrafficCameraData1/data/cam3/cam3_20260110_060350.jpg,0
2026-01-10T06:03:54.714426,cam4,/content/drive/MyDrive/TrafficCameraData1/data/cam4/cam4_20260110_060354.jpg,0
2026-01-10T06:03:57.674645,cam5,/content/drive/MyDrive/TrafficCameraData1/data/cam5/cam5_20260110_060357.jpg,0
2026-01-10T06:03:59.395092,cam6,/content/drive/MyDrive/TrafficCameraData1/data/cam6/cam6_20260110_060359.jpg,0
2026-01-10T06:04:01.269930,cam7,/content/drive/MyDrive/TrafficCameraData1/data/cam7/cam7_20260110_060401.jpg,0
2026-01-10T06:04:04.375771,cam8,/content/drive/MyDrive/TrafficCameraData1/data/cam8/cam8_20260110_060404.jpg,0
2026-01-10T06:08:44.825360,cam1,/content/drive/MyDrive/TrafficCameraData1/data/cam1/cam1_20260110_060844.jpg,0
2026-01-10T06:08:46.384133,cam2,/content/drive/MyDrive/TrafficCameraData1/data/cam2/cam2_20260110_060846.jpg,0
2026-01-10T06:08:48.644879,cam3,/content/drive/MyDrive/TrafficCameraData1/data/cam3/cam3_20260110_060848.jpg,0
2026-01-10T06:08:49.927842,cam4,/content/drive/MyDrive/TrafficCameraData1/data/cam4/cam4_20260110_060849.jpg,0
2026-01-10T06:08:51.113710,cam5,/content/drive/MyDrive/TrafficCameraData1/data/cam5/cam5_20260110_060851.jpg,0
2026-01-10T06:08:52.925268,cam6,/content/drive/MyDrive/TrafficCameraData1/data/cam6/cam6_20260110_060852.jpg,0
2026-01-10T06:08:53.921943,cam7,/content/drive/MyDrive/TrafficCameraData1/data/cam7/cam7_20260110_060853.jpg,0
2026-01-10T06:08:54.912803,cam8,/content/drive/MyDrive/TrafficCameraData1/data/cam8/cam8_20260110_060854.jpg,0
2026-01-10T06:13:44.825281,cam1,/content/drive/MyDrive/TrafficCameraData1/data/cam1/cam1_20260110_061344.jpg,0
2026-01-10T06:13:48.629121,cam2,/content/drive/MyDrive/TrafficCameraData1/data/cam2/cam2_20260110_061348.jpg,0
2026-01-10T06:13:49.856619,cam3,/content/drive/MyDrive/TrafficCameraData1/data/cam3/cam3_20260110_061349.jpg,0
2026-01-10T06:13:50.858442,cam4,/content/drive/MyDrive/TrafficCameraData1/data/cam4/cam4_20260110_061350.jpg,0
2026-01-10T06:13:52.565336,cam5,/content/drive/MyDrive/TrafficCameraData1/data/cam5/cam5_20260110_061352.jpg,0
2026-01-10T06:13:53.342782,cam6,/content/drive/MyDrive/TrafficCameraData1/data/cam6/cam6_20260110_061353.jpg,0
2026-01-10T06:13:55.963019,cam7,/content/drive/MyDrive/TrafficCameraData1/data/cam7/cam7_20260110_061355.jpg,0
2026-01-10T06:13:58.979883,cam8,/content/drive/MyDrive/TrafficCameraData1/data/cam8/cam8_20260110_061358.jpg,0
2026-01-10T06:18:44.825834,cam1,/content/drive/MyDrive/TrafficCameraData1/data/cam1/cam1_20260110_061844.jpg,0
2026-01-10T06:18:45.835613,cam2,/content/drive/MyDrive/TrafficCameraData1/data/cam2/cam2_20260110_061845.jpg,0
2026-01-10T06:18:48.285702,cam3,/content/drive/MyDrive/TrafficCameraData1/data/cam3/cam3_20260110_061848.jpg,0
2026-01-10T06:18:49.286570,cam4,/content/drive/MyDrive/TrafficCameraData1/data/cam4/cam4_20260110_061849.jpg,0
2026-01-10T06:18:50.781960,cam5,/content/drive/MyDrive/TrafficCameraData1/data/cam5/cam5_20260110_061850.jpg,0
2026-01-10T06:18:51.767777,cam6,/content/drive/MyDrive/TrafficCameraData1/data/cam6/cam6_20260110_061851.jpg,0
2026-01-10T06:18:53.551149,cam7,/content/drive/MyDrive/TrafficCameraData1/data/cam7/cam7_20260110_061853.jpg,0
2026-01-10T06:18:54.540700,cam8,/content/drive/MyDrive/TrafficCameraData1/data/cam8/cam8_20260110_061854.jpg,0
2026-01-10T06:23:44.826071,cam1,/content/drive/MyDrive/TrafficCameraData1/data/cam1/cam1_20260110_062344.jpg,0
2026-01-10T06:23:46.275493,cam2,/content/drive/MyDrive/TrafficCameraData1/data/cam2/cam2_20260110_062346.jpg,0
2026-01-10T06:23:47.268274,cam3,/content/drive/MyDrive/TrafficCameraData1/data/cam3/cam3_20260110_062347.jpg,0
2026-01-10T06:23:48.674674,cam4,/content/drive/MyDrive/TrafficCameraData1/data/cam4/cam4_20260110_062348.jpg,0
2026-01-10T06:23:49.670822,cam5,/content/drive/MyDrive/TrafficCameraData1/data/cam5/cam5_20260110_062349.jpg,0
2026-01-10T06:23:50.694647,cam6,/content/drive/MyDrive/TrafficCameraData1/data/cam6/cam6_20260110_062350.jpg,0
2026-01-10T06:23:51.706802,cam7,/content/drive/MyDrive/TrafficCameraData1/data/cam7/cam7_20260110_062351.jpg,0
2026-01-10T06:23:53.214322,cam8,/content/drive/MyDrive/TrafficCameraData1/data/cam8/cam8_20260110_062353.jpg,0
2026-01-10T06:28:44.826373,cam1,/content/drive/MyDrive/TrafficCameraData1/data/cam1/cam1_20260110_062844.jpg,0
2026-01-10T06:28:46.774555,cam2,/content/drive/MyDrive/TrafficCameraData1/data/cam2/cam2_20260110_062846.jpg,0
2026-01-10T06:28:47.806724,cam3,/content/drive/MyDrive/TrafficCameraData1/data/cam3/cam3_20260110_062847.jpg,0
2026-01-10T06:28:50.173457,cam4,/content/drive/MyDrive/TrafficCameraData1/data/cam4/cam4_20260110_062850.jpg,0
2026-01-10T06:28:51.264262,cam5,/content/drive/MyDrive/TrafficCameraData1/data/cam5/cam5_20260110_062851.jpg,0
2026-01-10T06:28:52.423758,cam6,/content/drive/MyDrive/TrafficCameraData1/data/cam6/cam6_20260110_062852.jpg,0
2026-01-10T06:28:58.458842,cam7,/content/drive/MyDrive/TrafficCameraData1/data/cam7/cam7_20260110_062858.jpg,0
2026-01-10T06:29:01.733073,cam8,/content/drive/MyDrive/TrafficCameraData1/data/cam8/cam8_20260110_062901.jpg,0
2026-01-10T06:33:44.826509,cam1,/content/drive/MyDrive/TrafficCameraData1/data/cam1/cam1_20260110_063344.jpg,0
2026-01-10T06:33:45.961287,cam2,/content/drive/MyDrive/TrafficCameraData1/data/cam2/cam2_20260110_063345.jpg,0
2026-01-10T06:33:47.835275,cam3,/content/drive/MyDrive/TrafficCameraData1/data/cam3/cam3_20260110_063347.jpg,0
2026-01-10T06:33:50.994985,cam4,/content/drive/MyDrive/TrafficCameraData1/data/cam4/cam4_20260110_063350.jpg,0
2026-01-10T06:33:52.394072,cam5,/content/drive/MyDrive/TrafficCameraData1/data/cam5/cam5_20260110_063352.jpg,0
2026-01-10T06:33:53.770209,cam6,/content/drive/MyDrive/TrafficCameraData1/data/cam6/cam6_20260110_063353.jpg,0
2026-01-10T06:33:55.327016,cam7,/content/drive/MyDrive/TrafficCameraData1/data/cam7/cam7_20260110_063355.jpg,0
2026-01-10T06:33:56.699089,cam8,/content/drive/MyDrive/TrafficCameraData1/data/cam8/cam8_20260110_063356.jpg,0
2026-01-10T06:38:44.826776,cam1,/content/drive/MyDrive/TrafficCameraData1/data/cam1/cam1_20260110_063844.jpg,0
2026-01-10T06:38:46.588291,cam2,/content/drive/MyDrive/TrafficCameraData1/data/cam2/cam2_20260110_063846.jpg,0
2026-01-10T06:38:47.877022,cam3,/content/drive/MyDrive/TrafficCameraData1/data/cam3/cam3_20260110_063847.jpg,0
2026-01-10T06:38:49.309227,cam4,/content/drive/MyDrive/TrafficCameraData1/data/cam4/cam4_20260110_063849.jpg,0
2026-01-10T06:38:50.669374,cam5,/content/drive/MyDrive/TrafficCameraData1/data/cam5/cam5_20260110_063850.jpg,0
2026-01-10T06:38:52.238290,cam6,/content/drive/MyDrive/TrafficCameraData1/data/cam6/cam6_20260110_063852.jpg,0
2026-01-10T06:38:53.923542,cam7,/content/drive/MyDrive/TrafficCameraData1/data/cam7/cam7_20260110_063853.jpg,0
2026-01-10T06:38:54.715598,cam8,/content/drive/MyDrive/TrafficCameraData1/data/cam8/cam8_20260110_063854.jpg,0
2026-01-10T06:40:28.948688,cam1,/content/drive/MyDrive/TrafficCameraData1/data/cam1/cam1_20260110_064028.jpg,0
2026-01-10T06:40:29.559356,cam2,/content/drive/MyDrive/TrafficCameraData1/data/cam2/cam2_20260110_064029.jpg,0
2026-01-10T06:40:32.462266,cam3,/content/drive/MyDrive/TrafficCameraData1/data/cam3/cam3_20260110_064032.jpg,0
2026-01-10T06:40:34.390979,cam4,/content/drive/MyDrive/TrafficCameraData1/data/cam4/cam4_20260110_064034.jpg,0
2026-01-10T06:40:34.976843,cam5,/content/drive/MyDrive/TrafficCameraData1/data/cam5/cam5_20260110_064034.jpg,0
2026-01-10T06:40:37.161592,cam6,/content/drive/MyDrive/TrafficCameraData1/data/cam6/cam6_20260110_064037.jpg,0
2026-01-10T06:40:38.383527,cam7,/content/drive/MyDrive/TrafficCameraData1/data/cam7/cam7_20260110_064038.jpg,0
2026-01-10T06:40:40.184016,cam8,/content/drive/MyDrive/TrafficCameraData1/data/cam8/cam8_20260110_064040.jpg,0
2026-01-10T06:45:28.949467,cam1,/content/drive/MyDrive/TrafficCameraData1/data/cam1/cam1_20260110_064528.jpg,0
2026-01-10T06:45:30.723079,cam2,/content/drive/MyDrive/TrafficCameraData1/data/cam2/cam2_20260110_064530.jpg,0
2026-01-10T06:45:31.513795,cam3,/content/drive/MyDrive/TrafficCameraData1/data/cam3/cam3_20260110_064531.jpg,0
2026-01-10T06:45:32.303815,cam4,/content/drive/MyDrive/TrafficCameraData1/data/cam4/cam4_20260110_064532.jpg,0
2026-01-10T06:45:34.340506,cam5,/content/drive/MyDrive/TrafficCameraData1/data/cam5/cam5_20260110_064534.jpg,0
2026-01-10T06:45:36.197655,cam6,/content/drive/MyDrive/TrafficCameraData1/data/cam6/cam6_20260110_064536.jpg,0
2026-01-10T06:45:37.252257,cam7,/content/drive/MyDrive/TrafficCameraData1/data/cam7/cam7_20260110_064537.jpg,0
2026-01-10T06:45:39.402508,cam8,/content/drive/MyDrive/TrafficCameraData1/data/cam8/cam8_20260110_064539.jpg,0
2026-01-10T06:50:28.949518,cam1,/content/drive/MyDrive/TrafficCameraData1/data/cam1/cam1_20260110_065028.jpg,0
2026-01-10T06:50:32.803412,cam2,/content/drive/MyDrive/TrafficCameraData1/data/cam2/cam2_20260110_065032.jpg,0
2026-01-10T06:50:33.595179,cam3,/content/drive/MyDrive/TrafficCameraData1/data/cam3/cam3_20260110_065033.jpg,0
2026-01-10T06:50:34.380148,cam4,/content/drive/MyDrive/TrafficCameraData1/data/cam4/cam4_20260110_065034.jpg,0
2026-01-10T06:50:37.677860,cam5,/content/drive/MyDrive/TrafficCameraData1/data/cam5/cam5_20260110_065037.jpg,0
2026-01-10T06:50:40.590501,cam6,/content/drive/MyDrive/TrafficCameraData1/data/cam6/cam6_20260110_065040.jpg,0
2026-01-10T06:50:42.604512,cam7,/content/drive/MyDrive/TrafficCameraData1/data/cam7/cam7_20260110_065042.jpg,0
2026-01-10T06:50:45.402760,cam8,/content/drive/MyDrive/TrafficCameraData1/data/cam8/cam8_20260110_065045.jpg,0
2026-01-10T06:55:28.949802,cam1,/content/drive/MyDrive/TrafficCameraData1/data/cam1/cam1_20260110_065528.jpg,0
2026-01-10T06:55:30.457347,cam2,/content/drive/MyDrive/TrafficCameraData1/data/cam2/cam2_20260110_065530.jpg,0
2026-01-10T06:55:31.462795,cam3,/content/drive/MyDrive/TrafficCameraData1/data/cam3/cam3_20260110_065531.jpg,0
2026-01-10T06:55:34.402370,cam4,/content/drive/MyDrive/TrafficCameraData1/data/cam4/cam4_20260110_065534.jpg,0
2026-01-10T06:55:37.598625,cam5,/content/drive/MyDrive/TrafficCameraData1/data/cam5/cam5_20260110_065537.jpg,0
2026-01-10T06:55:39.577216,cam6,/content/drive/MyDrive/TrafficCameraData1/data/cam6/cam6_20260110_065539.jpg,0
2026-01-10T06:55:41.419942,cam7,/content/drive/MyDrive/TrafficCameraData1/data/cam7/cam7_20260110_065541.jpg,0
2026-01-10T06:55:42.203767,cam8,/content/drive/MyDrive/TrafficCameraData1/data/cam8/cam8_20260110_065542.jpg,0
2026-01-10T07:00:28.950208,cam1,/content/drive/MyDrive/TrafficCameraData1/data/cam1/cam1_20260110_070028.jpg,0
2026-01-10T07:04:22.891915,cam5,/content/drive/MyDrive/TrafficCameraData1/data/cam5/cam5_20260110_070422.jpg,0
2026-01-10T07:05:17.026477,cam6,/content/drive/MyDrive/TrafficCameraData1/data/cam6/cam6_20260110_070517.jpg,0
2026-01-10T07:05:17.924223,cam7,/content/drive/MyDrive/TrafficCameraData1/data/cam7/cam7_20260110_070517.jpg,0
2026-01-10T07:05:19.793391,cam8,/content/drive/MyDrive/TrafficCameraData1/data/cam8/cam8_20260110_070519.jpg,0
2026-01-10T07:05:28.950154,cam1,/content/drive/MyDrive/TrafficCameraData1/data/cam1/cam1_20260110_070528.jpg,0
2026-01-10T07:05:30.700319,cam2,/content/drive/MyDrive/TrafficCameraData1/data/cam2/cam2_20260110_070530.jpg,0
2026-01-10T07:05:32.234595,cam3,/content/drive/MyDrive/TrafficCameraData1/data/cam3/cam3_20260110_070532.jpg,0
2026-01-10T07:05:33.028213,cam4,/content/drive/MyDrive/TrafficCameraData1/data/cam4/cam4_20260110_070533.jpg,0
2026-01-10T07:05:35.226174,cam5,/content/drive/MyDrive/TrafficCameraData1/data/cam5/cam5_20260110_070535.jpg,0
2026-01-10T07:05:36.101281,cam6,/content/drive/MyDrive/TrafficCameraData1/data/cam6/cam6_20260110_070536.jpg,0
2026-01-10T07:05:37.806243,cam7,/content/drive/MyDrive/TrafficCameraData1/data/cam7/cam7_20260110_070537.jpg,0
2026-01-10T07:05:38.593230,cam8,/content/drive/MyDrive/TrafficCameraData1/data/cam8/cam8_20260110_070538.jpg,0
2026-01-10T07:10:28.950855,cam1,/content/drive/MyDrive/TrafficCameraData1/data/cam1/cam1_20260110_071028.jpg,0
2026-01-10T07:10:30.486395,cam2,/content/drive/MyDrive/TrafficCameraData1/data/cam2/cam2_20260110_071030.jpg,0
2026-01-10T07:10:32.233443,cam3,/content/drive/MyDrive/TrafficCameraData1/data/cam3/cam3_20260110_071032.jpg,0
2026-01-10T07:10:33.778670,cam4,/content/drive/MyDrive/TrafficCameraData1/data/cam4/cam4_20260110_071033.jpg,0
2026-01-10T07:10:34.637906,cam5,/content/drive/MyDrive/TrafficCameraData1/data/cam5/cam5_20260110_071034.jpg,0
2026-01-10T07:10:35.424848,cam6,/content/drive/MyDrive/TrafficCameraData1/data/cam6/cam6_20260110_071035.jpg,0
2026-01-10T07:10:36.349081,cam7,/content/drive/MyDrive/TrafficCameraData1/data/cam7/cam7_20260110_071036.jpg,0
2026-01-10T07:10:36.921578,cam8,/content/drive/MyDrive/TrafficCameraData1/data/cam8/cam8_20260110_071036.jpg,0
2026-01-10T07:15:28.951627,cam1,/content/drive/MyDrive/TrafficCameraData1/data/cam1/cam1_20260110_071528.jpg,0
2026-01-10T07:15:32.318712,cam2,/content/drive/MyDrive/TrafficCameraData1/data/cam2/cam2_20260110_071532.jpg,0
2026-01-10T07:15:34.978951,cam3,/content/drive/MyDrive/TrafficCameraData1/data/cam3/cam3_20260110_071534.jpg,0
2026-01-10T07:15:37.585315,cam4,/content/drive/MyDrive/TrafficCameraData1/data/cam4/cam4_20260110_071537.jpg,0
2026-01-10T07:15:39.440081,cam5,/content/drive/MyDrive/TrafficCameraData1/data/cam5/cam5_20260110_071539.jpg,0
2026-01-10T07:15:41.820760,cam6,/content/drive/MyDrive/TrafficCameraData1/data/cam6/cam6_20260110_071541.jpg,0
2026-01-10T07:15:42.960850,cam7,/content/drive/MyDrive/TrafficCameraData1/data/cam7/cam7_20260110_071542.jpg,0
2026-01-10T07:15:45.141467,cam8,/content/drive/MyDrive/TrafficCameraData1/data/cam8/cam8_20260110_071545.jpg,0
2026-01-10T07:20:28.951634,cam1,/content/drive/MyDrive/TrafficCameraData1/data/cam1/cam1_20260110_072028.jpg,0
2026-01-10T07:20:30.263093,cam2,/content/drive/MyDrive/TrafficCameraData1/data/cam2/cam2_20260110_072030.jpg,0
2026-01-10T07:20:37.174613,cam3,/content/drive/MyDrive/TrafficCameraData1/data/cam3/cam3_20260110_072037.jpg,0
2026-01-10T07:20:40.052709,cam4,/content/drive/MyDrive/TrafficCameraData1/data/cam4/cam4_20260110_072040.jpg,0
2026-01-10T07:20:43.182209,cam5,/content/drive/MyDrive/TrafficCameraData1/data/cam5/cam5_20260110_072043.jpg,0
2026-01-10T07:20:43.973935,cam6,/content/drive/MyDrive/TrafficCameraData1/data/cam6/cam6_20260110_072043.jpg,0
2026-01-10T07:20:45.861181,cam7,/content/drive/MyDrive/TrafficCameraData1/data/cam7/cam7_20260110_072045.jpg,0
2026-01-10T07:20:47.256773,cam8,/content/drive/MyDrive/TrafficCameraData1/data/cam8/cam8_20260110_072047.jpg,0
2026-01-10T07:25:28.951858,cam1,/content/drive/MyDrive/TrafficCameraData1/data/cam1/cam1_20260110_072528.jpg,0
2026-01-10T07:25:30.921535,cam2,/content/drive/MyDrive/TrafficCameraData1/data/cam2/cam2_20260110_072530.jpg,0
2026-01-10T07:25:33.153931,cam3,/content/drive/MyDrive/TrafficCameraData1/data/cam3/cam3_20260110_072533.jpg,0
2026-01-10T07:25:33.993250,cam4,/content/drive/MyDrive/TrafficCameraData1/data/cam4/cam4_20260110_072533.jpg,0
2026-01-10T07:25:36.460459,cam5,/content/drive/MyDrive/TrafficCameraData1/data/cam5/cam5_20260110_072536.jpg,0
2026-01-10T07:25:38.111799,cam6,/content/drive/MyDrive/TrafficCameraData1/data/cam6/cam6_20260110_072538.jpg,0
2026-01-10T07:25:40.128431,cam7,/content/drive/MyDrive/TrafficCameraData1/data/cam7/cam7_20260110_072540.jpg,0
2026-01-10T07:25:42.383657,cam8,/content/drive/MyDrive/TrafficCameraData1/data/cam8/cam8_20260110_072542.jpg,0
2026-01-10T07:30:28.951995,cam1,/content/drive/MyDrive/TrafficCameraData1/data/cam1/cam1_20260110_073028.jpg,0
2026-01-10T07:30:30.052740,cam2,/content/drive/MyDrive/TrafficCameraData1/data/cam2/cam2_20260110_073030.jpg,0
2026-01-10T07:30:30.840044,cam3,/content/drive/MyDrive/TrafficCameraData1/data/cam3/cam3_20260110_073030.jpg,0
2026-01-10T07:30:32.671483,cam4,/content/drive/MyDrive/TrafficCameraData1/data/cam4/cam4_20260110_073032.jpg,0
2026-01-10T07:30:34.124640,cam5,/content/drive/MyDrive/TrafficCameraData1/data/cam5/cam5_20260110_073034.jpg,0
2026-01-10T07:30:36.678404,cam6,/content/drive/MyDrive/TrafficCameraData1/data/cam6/cam6_20260110_073036.jpg,0
2026-01-10T07:30:38.013639,cam7,/content/drive/MyDrive/TrafficCameraData1/data/cam7/cam7_20260110_073038.jpg,0
2026-01-10T07:30:39.260453,cam8,/content/drive/MyDrive/TrafficCameraData1/data/cam8/cam8_20260110_073039.jpg,0
2026-01-10T07:35:28.952287,cam1,/content/drive/MyDrive/TrafficCameraData1/data/cam1/cam1_20260110_073528.jpg,0
2026-01-10T07:35:42.711594,cam2,/content/drive/MyDrive/TrafficCameraData1/data/cam2/cam2_20260110_073542.jpg,0
2026-01-10T07:35:57.053782,cam3,/content/drive/MyDrive/TrafficCameraData1/data/cam3/cam3_20260110_073557.jpg,0
2026-01-10T07:36:00.512030,cam4,/content/drive/MyDrive/TrafficCameraData1/data/cam4/cam4_20260110_073600.jpg,0
2026-01-10T07:36:05.714668,cam5,/content/drive/MyDrive/TrafficCameraData1/data/cam5/cam5_20260110_073605.jpg,0
2026-01-10T07:36:07.354463,cam6,/content/drive/MyDrive/TrafficCameraData1/data/cam6/cam6_20260110_073607.jpg,0
2026-01-10T07:36:09.464918,cam7,/content/drive/MyDrive/TrafficCameraData1/data/cam7/cam7_20260110_073609.jpg,0
2026-01-10T07:36:10.246475,cam8,/content/drive/MyDrive/TrafficCameraData1/data/cam8/cam8_20260110_073610.jpg,0
2026-01-10T07:40:28.952968,cam1,/content/drive/MyDrive/TrafficCameraData1/data/cam1/cam1_20260110_074028.jpg,0
2026-01-10T07:40:33.520255,cam2,/content/drive/MyDrive/TrafficCameraData1/data/cam2/cam2_20260110_074033.jpg,0
2026-01-10T07:40:35.237924,cam3,/content/drive/MyDrive/TrafficCameraData1/data/cam3/cam3_20260110_074035.jpg,0
2026-01-10T07:40:36.500970,cam4,/content/drive/MyDrive/TrafficCameraData1/data/cam4/cam4_20260110_074036.jpg,0
2026-01-10T07:40:38.325849,cam5,/content/drive/MyDrive/TrafficCameraData1/data/cam5/cam5_20260110_074038.jpg,0
2026-01-10T07:40:39.918843,cam6,/content/drive/MyDrive/TrafficCameraData1/data/cam6/cam6_20260110_074039.jpg,0
2026-01-10T07:40:45.499551,cam7,/content/drive/MyDrive/TrafficCameraData1/data/cam7/cam7_20260110_074045.jpg,0
2026-01-10T07:45:28.952833,cam1,/content/drive/MyDrive/TrafficCameraData1/data/cam1/cam1_20260110_074528.jpg,0
2026-01-10T07:45:33.694256,cam2,/content/drive/MyDrive/TrafficCameraData1/data/cam2/cam2_20260110_074533.jpg,0
2026-01-10T07:45:34.514003,cam3,/content/drive/MyDrive/TrafficCameraData1/data/cam3/cam3_20260110_074534.jpg,0
2026-01-10T07:45:35.316015,cam4,/content/drive/MyDrive/TrafficCameraData1/data/cam4/cam4_20260110_074535.jpg,0
2026-01-10T07:45:36.350993,cam5,/content/drive/MyDrive/TrafficCameraData1/data/cam5/cam5_20260110_074536.jpg,0
2026-01-10T07:45:38.355374,cam6,/content/drive/MyDrive/TrafficCameraData1/data/cam6/cam6_20260110_074538.jpg,0
2026-01-10T07:45:39.130995,cam7,/content/drive/MyDrive/TrafficCameraData1/data/cam7/cam7_20260110_074539.jpg,0
2026-01-10T07:45:41.026697,cam8,/content/drive/MyDrive/TrafficCameraData1/data/cam8/cam8_20260110_074541.jpg,0
2026-01-10T07:50:28.952987,cam1,/content/drive/MyDrive/TrafficCameraData1/data/cam1/cam1_20260110_075028.jpg,0
2026-01-10T07:50:31.333179,cam2,/content/drive/MyDrive/TrafficCameraData1/data/cam2/cam2_20260110_075031.jpg,0
2026-01-10T07:50:34.277907,cam3,/content/drive/MyDrive/TrafficCameraData1/data/cam3/cam3_20260110_075034.jpg,0
2026-01-10T07:50:36.827120,cam4,/content/drive/MyDrive/TrafficCameraData1/data/cam4/cam4_20260110_075036.jpg,0
2026-01-10T07:50:38.440393,cam5,/content/drive/MyDrive/TrafficCameraData1/data/cam5/cam5_20260110_075038.jpg,0
2026-01-10T07:50:39.218013,cam6,/content/drive/MyDrive/TrafficCameraData1/data/cam6/cam6_20260110_075039.jpg,0
2026-01-10T07:50:40.135362,cam7,/content/drive/MyDrive/TrafficCameraData1/data/cam7/cam7_20260110_075040.jpg,0
2026-01-10T07:50:41.343291,cam8,/content/drive/MyDrive/TrafficCameraData1/data/cam8/cam8_20260110_075041.jpg,0
2026-01-10T07:55:28.953784,cam1,/content/drive/MyDrive/TrafficCameraData1/data/cam1/cam1_20260110_075528.jpg,0
2026-01-10T07:55:30.109278,cam2,/content/drive/MyDrive/TrafficCameraData1/data/cam2/cam2_20260110_075530.jpg,0
2026-01-10T07:55:32.074975,cam3,/content/drive/MyDrive/TrafficCameraData1/data/cam3/cam3_20260110_075532.jpg,0
2026-01-10T07:55:32.937514,cam4,/content/drive/MyDrive/TrafficCameraData1/data/cam4/cam4_20260110_075532.jpg,0
2026-01-10T07:55:35.331468,cam5,/content/drive/MyDrive/TrafficCameraData1/data/cam5/cam5_20260110_075535.jpg,0
2026-01-10T07:55:36.977778,cam6,/content/drive/MyDrive/TrafficCameraData1/data/cam6/cam6_20260110_075536.jpg,0
2026-01-10T07:55:38.476447,cam7,/content/drive/MyDrive/TrafficCameraData1/data/cam7/cam7_20260110_075538.jpg,0
2026-01-10T07:55:39.979476,cam8,/content/drive/MyDrive/TrafficCameraData1/data/cam8/cam8_20260110_075539.jpg,0
2026-01-10T08:00:28.953639,cam1,/content/drive/MyDrive/TrafficCameraData1/data/cam1/cam1_20260110_080028.jpg,0
2026-01-10T08:00:30.652470,cam2,/content/drive/MyDrive/TrafficCameraData1/data/cam2/cam2_20260110_080030.jpg,0
2026-01-10T08:00:32.118425,cam3,/content/drive/MyDrive/TrafficCameraData1/data/cam3/cam3_20260110_080032.jpg,0
2026-01-10T08:00:34.100162,cam4,/content/drive/MyDrive/TrafficCameraData1/data/cam4/cam4_20260110_080034.jpg,0
2026-01-10T08:00:35.638000,cam5,/content/drive/MyDrive/TrafficCameraData1/data/cam5/cam5_20260110_080035.jpg,0
2026-01-10T08:00:37.084472,cam6,/content/drive/MyDrive/TrafficCameraData1/data/cam6/cam6_20260110_080037.jpg,0
2026-01-10T08:00:37.894326,cam7,/content/drive/MyDrive/TrafficCameraData1/data/cam7/cam7_20260110_080037.jpg,0
2026-01-10T08:00:39.582097,cam8,/content/drive/MyDrive/TrafficCameraData1/data/cam8/cam8_20260110_080039.jpg,0
2026-01-10T08:05:28.954404,cam1,/content/drive/MyDrive/TrafficCameraData1/data/cam1/cam1_20260110_080528.jpg,0
2026-01-10T08:05:29.957169,cam2,/content/drive/MyDrive/TrafficCameraData1/data/cam2/cam2_20260110_080529.jpg,0
2026-01-10T08:05:30.739887,cam3,/content/drive/MyDrive/TrafficCameraData1/data/cam3/cam3_20260110_080530.jpg,0
2026-01-10T08:05:31.548711,cam4,/content/drive/MyDrive/TrafficCameraData1/data/cam4/cam4_20260110_080531.jpg,0
2026-01-10T08:05:32.343938,cam5,/content/drive/MyDrive/TrafficCameraData1/data/cam5/cam5_20260110_080532.jpg,0
2026-01-10T08:05:32.915652,cam6,/content/drive/MyDrive/TrafficCameraData1/data/cam6/cam6_20260110_080532.jpg,0
2026-01-10T08:05:33.699813,cam7,/content/drive/MyDrive/TrafficCameraData1/data/cam7/cam7_20260110_080533.jpg,0
2026-01-10T08:05:34.482079,cam8,/content/drive/MyDrive/TrafficCameraData1/data/cam8/cam8_20260110_080534.jpg,0
2026-01-10T08:10:28.955251,cam1,/content/drive/MyDrive/TrafficCameraData1/data/cam1/cam1_20260110_081028.jpg,0
2026-01-10T08:10:30.216594,cam2,/content/drive/MyDrive/TrafficCameraData1/data/cam2/cam2_20260110_081030.jpg,0
2026-01-10T08:10:32.070631,cam3,/content/drive/MyDrive/TrafficCameraData1/data/cam3/cam3_20260110_081032.jpg,0
2026-01-10T08:10:33.733440,cam4,/content/drive/MyDrive/TrafficCameraData1/data/cam4/cam4_20260110_081033.jpg,0
2026-01-10T08:10:35.818170,cam5,/content/drive/MyDrive/TrafficCameraData1/data/cam5/cam5_20260110_081035.jpg,0
2026-01-10T08:10:36.831675,cam6,/content/drive/MyDrive/TrafficCameraData1/data/cam6/cam6_20260110_081036.jpg,0
2026-01-10T08:10:37.820788,cam7,/content/drive/MyDrive/TrafficCameraData1/data/cam7/cam7_20260110_081037.jpg,0
2026-01-10T08:10:38.866975,cam8,/content/drive/MyDrive/TrafficCameraData1/data/cam8/cam8_20260110_081038.jpg,0
2026-01-10T08:15:28.955159,cam1,/content/drive/MyDrive/TrafficCameraData1/data/cam1/cam1_20260110_081528.jpg,0
2026-01-10T08:15:30.313701,cam2,/content/drive/MyDrive/TrafficCameraData1/data/cam2/cam2_20260110_081530.jpg,0
2026-01-10T08:15:32.125802,cam3,/content/drive/MyDrive/TrafficCameraData1/data/cam3/cam3_20260110_081532.jpg,0
2026-01-10T08:15:33.909768,cam4,/content/drive/MyDrive/TrafficCameraData1/data/cam4/cam4_20260110_081533.jpg,0
2026-01-10T08:15:35.839963,cam5,/content/drive/MyDrive/TrafficCameraData1/data/cam5/cam5_20260110_081535.jpg,0
2026-01-10T08:15:37.675762,cam6,/content/drive/MyDrive/TrafficCameraData1/data/cam6/cam6_20260110_081537.jpg,0
2026-01-10T08:15:39.901497,cam7,/content/drive/MyDrive/TrafficCameraData1/data/cam7/cam7_20260110_081539.jpg,0
2026-01-10T08:15:40.858155,cam8,/content/drive/MyDrive/TrafficCameraData1/data/cam8/cam8_20260110_081540.jpg,0
2026-01-10T08:20:28.954879,cam1,/content/drive/MyDrive/TrafficCameraData1/data/cam1/cam1_20260110_082028.jpg,0
2026-01-10T08:20:30.079242,cam2,/content/drive/MyDrive/TrafficCameraData1/data/cam2/cam2_20260110_082030.jpg,0
2026-01-10T08:20:30.888137,cam3,/content/drive/MyDrive/TrafficCameraData1/data/cam3/cam3_20260110_082030.jpg,0
2026-01-10T08:20:31.681478,cam4,/content/drive/MyDrive/TrafficCameraData1/data/cam4/cam4_20260110_082031.jpg,0
2026-01-10T08:20:33.041786,cam5,/content/drive/MyDrive/TrafficCameraData1/data/cam5/cam5_20260110_082033.jpg,0
2026-01-10T08:20:33.809421,cam6,/content/drive/MyDrive/TrafficCameraData1/data/cam6/cam6_20260110_082033.jpg,0
2026-01-10T08:20:34.719442,cam7,/content/drive/MyDrive/TrafficCameraData1/data/cam7/cam7_20260110_082034.jpg,0
2026-01-10T08:20:36.125618,cam8,/content/drive/MyDrive/TrafficCameraData1/data/cam8/cam8_20260110_082036.jpg,0
2026-01-10T08:25:28.955809,cam1,/content/drive/MyDrive/TrafficCameraData1/data/cam1/cam1_20260110_082528.jpg,0
2026-01-10T08:25:30.041319,cam2,/content/drive/MyDrive/TrafficCameraData1/data/cam2/cam2_20260110_082530.jpg,0
2026-01-10T08:25:30.833526,cam3,/content/drive/MyDrive/TrafficCameraData1/data/cam3/cam3_20260110_082530.jpg,0
2026-01-10T08:25:32.238088,cam4,/content/drive/MyDrive/TrafficCameraData1/data/cam4/cam4_20260110_082532.jpg,0
2026-01-10T08:25:33.185485,cam5,/content/drive/MyDrive/TrafficCameraData1/data/cam5/cam5_20260110_082533.jpg,0
2026-01-10T08:25:33.874654,cam6,/content/drive/MyDrive/TrafficCameraData1/data/cam6/cam6_20260110_082533.jpg,0
2026-01-10T08:25:35.588978,cam7,/content/drive/MyDrive/TrafficCameraData1/data/cam7/cam7_20260110_082535.jpg,0
2026-01-10T08:25:36.969230,cam8,/content/drive/MyDrive/TrafficCameraData1/data/cam8/cam8_20260110_082536.jpg,0
2026-01-10T08:30:28.956233,cam1,/content/drive/MyDrive/TrafficCameraData1/data/cam1/cam1_20260110_083028.jpg,0
2026-01-10T08:30:30.060204,cam2,/content/drive/MyDrive/TrafficCameraData1/data/cam2/cam2_20260110_083030.jpg,0
2026-01-10T08:30:31.662217,cam3,/content/drive/MyDrive/TrafficCameraData1/data/cam3/cam3_20260110_083031.jpg,0
2026-01-10T08:30:32.946759,cam4,/content/drive/MyDrive/TrafficCameraData1/data/cam4/cam4_20260110_083032.jpg,0
2026-01-10T08:30:33.740687,cam5,/content/drive/MyDrive/TrafficCameraData1/data/cam5/cam5_20260110_083033.jpg,0
2026-01-10T08:30:34.557156,cam6,/content/drive/MyDrive/TrafficCameraData1/data/cam6/cam6_20260110_083034.jpg,0
2026-01-10T08:30:35.795874,cam7,/content/drive/MyDrive/TrafficCameraData1/data/cam7/cam7_20260110_083035.jpg,0
2026-01-10T08:30:37.867175,cam8,/content/drive/MyDrive/TrafficCameraData1/data/cam8/cam8_20260110_083037.jpg,0
2026-01-10T08:35:28.956341,cam1,/content/drive/MyDrive/TrafficCameraData1/data/cam1/cam1_20260110_083528.jpg,0
2026-01-10T08:35:30.561632,cam2,/content/drive/MyDrive/TrafficCameraData1/data/cam2/cam2_20260110_083530.jpg,0
2026-01-10T08:35:31.343136,cam3,/content/drive/MyDrive/TrafficCameraData1/data/cam3/cam3_20260110_083531.jpg,0
2026-01-10T08:35:32.854649,cam4,/content/drive/MyDrive/TrafficCameraData1/data/cam4/cam4_20260110_083532.jpg,0
2026-01-10T08:35:33.652716,cam5,/content/drive/MyDrive/TrafficCameraData1/data/cam5/cam5_20260110_083533.jpg,0
2026-01-10T08:35:34.818856,cam6,/content/drive/MyDrive/TrafficCameraData1/data/cam6/cam6_20260110_083534.jpg,0
2026-01-10T08:35:37.925911,cam7,/content/drive/MyDrive/TrafficCameraData1/data/cam7/cam7_20260110_083537.jpg,0
2026-01-10T08:35:40.659123,cam8,/content/drive/MyDrive/TrafficCameraData1/data/cam8/cam8_20260110_083540.jpg,0
2026-01-10T08:40:28.956456,cam1,/content/drive/MyDrive/TrafficCameraData1/data/cam1/cam1_20260110_084028.jpg,0
2026-01-10T08:40:31.263478,cam2,/content/drive/MyDrive/TrafficCameraData1/data/cam2/cam2_20260110_084031.jpg,0
2026-01-10T08:40:32.045248,cam3,/content/drive/MyDrive/TrafficCameraData1/data/cam3/cam3_20260110_084032.jpg,0
2026-01-10T08:40:35.124676,cam4,/content/drive/MyDrive/TrafficCameraData1/data/cam4/cam4_20260110_084035.jpg,0
2026-01-10T08:40:36.572875,cam5,/content/drive/MyDrive/TrafficCameraData1/data/cam5/cam5_20260110_084036.jpg,0
2026-01-10T08:40:37.516164,cam6,/content/drive/MyDrive/TrafficCameraData1/data/cam6/cam6_20260110_084037.jpg,0
2026-01-10T08:40:38.319930,cam7,/content/drive/MyDrive/TrafficCameraData1/data/cam7/cam7_20260110_084038.jpg,0
2026-01-10T08:40:39.984235,cam8,/content/drive/MyDrive/TrafficCameraData1/data/cam8/cam8_20260110_084039.jpg,0
2026-01-10T08:45:28.956899,cam1,/content/drive/MyDrive/TrafficCameraData1/data/cam1/cam1_20260110_084528.jpg,0
2026-01-10T08:45:30.665300,cam2,/content/drive/MyDrive/TrafficCameraData1/data/cam2/cam2_20260110_084530.jpg,0
2026-01-10T08:45:32.273588,cam3,/content/drive/MyDrive/TrafficCameraData1/data/cam3/cam3_20260110_084532.jpg,0
2026-01-10T08:45:33.059607,cam4,/content/drive/MyDrive/TrafficCameraData1/data/cam4/cam4_20260110_084533.jpg,0
2026-01-10T08:45:33.924965,cam5,/content/drive/MyDrive/TrafficCameraData1/data/cam5/cam5_20260110_084533.jpg,0
2026-01-10T08:45:34.657105,cam6,/content/drive/MyDrive/TrafficCameraData1/data/cam6/cam6_20260110_084534.jpg,0
2026-01-10T08:45:35.883954,cam7,/content/drive/MyDrive/TrafficCameraData1/data/cam7/cam7_20260110_084535.jpg,0
2026-01-10T08:45:36.772300,cam8,/content/drive/MyDrive/TrafficCameraData1/data/cam8/cam8_20260110_084536.jpg,0
2026-01-10T08:50:28.956820,cam1,/content/drive/MyDrive/TrafficCameraData1/data/cam1/cam1_20260110_085028.jpg,0
2026-01-10T08:50:31.713919,cam2,/content/drive/MyDrive/TrafficCameraData1/data/cam2/cam2_20260110_085031.jpg,0
2026-01-10T08:50:33.004907,cam3,/content/drive/MyDrive/TrafficCameraData1/data/cam3/cam3_20260110_085033.jpg,0
2026-01-10T08:50:33.803299,cam4,/content/drive/MyDrive/TrafficCameraData1/data/cam4/cam4_20260110_085033.jpg,0
2026-01-10T08:50:34.606954,cam5,/content/drive/MyDrive/TrafficCameraData1/data/cam5/cam5_20260110_085034.jpg,0
2026-01-10T08:50:35.840644,cam6,/content/drive/MyDrive/TrafficCameraData1/data/cam6/cam6_20260110_085035.jpg,0
2026-01-10T08:50:37.164933,cam7,/content/drive/MyDrive/TrafficCameraData1/data/cam7/cam7_20260110_085037.jpg,0
2026-01-10T08:50:38.447965,cam8,/content/drive/MyDrive/TrafficCameraData1/data/cam8/cam8_20260110_085038.jpg,0
2026-01-10T08:55:28.957239,cam1,/content/drive/MyDrive/TrafficCameraData1/data/cam1/cam1_20260110_085528.jpg,0
2026-01-10T08:55:30.222644,cam2,/content/drive/MyDrive/TrafficCameraData1/data/cam2/cam2_20260110_085530.jpg,0
2026-01-10T08:55:31.010595,cam3,/content/drive/MyDrive/TrafficCameraData1/data/cam3/cam3_20260110_085531.jpg,0
2026-01-10T08:55:32.000951,cam4,/content/drive/MyDrive/TrafficCameraData1/data/cam4/cam4_20260110_085532.jpg,0
2026-01-10T08:55:33.191771,cam5,/content/drive/MyDrive/TrafficCameraData1/data/cam5/cam5_20260110_085533.jpg,0
2026-01-10T08:55:33.992932,cam6,/content/drive/MyDrive/TrafficCameraData1/data/cam6/cam6_20260110_085533.jpg,0
2026-01-10T08:55:35.783266,cam7,/content/drive/MyDrive/TrafficCameraData1/data/cam7/cam7_20260110_085535.jpg,0
2026-01-10T08:55:37.422715,cam8,/content/drive/MyDrive/TrafficCameraData1/data/cam8/cam8_20260110_085537.jpg,0
2026-01-10T08:56:21.542307,cam1,/content/drive/MyDrive/TrafficCameraData1/data/cam1/cam1_20260110_085621.jpg,0
2026-01-10T08:56:22.159085,cam2,/content/drive/MyDrive/TrafficCameraData1/data/cam2/cam2_20260110_085622.jpg,0
2026-01-10T08:56:23.261978,cam3,/content/drive/MyDrive/TrafficCameraData1/data/cam3/cam3_20260110_085623.jpg,0
2026-01-10T08:56:24.050823,cam4,/content/drive/MyDrive/TrafficCameraData1/data/cam4/cam4_20260110_085624.jpg,0
2026-01-10T08:56:26.241906,cam5,/content/drive/MyDrive/TrafficCameraData1/data/cam5/cam5_20260110_085626.jpg,0
2026-01-10T08:56:27.022022,cam6,/content/drive/MyDrive/TrafficCameraData1/data/cam6/cam6_20260110_085627.jpg,0
2026-01-10T08:56:27.881516,cam7,/content/drive/MyDrive/TrafficCameraData1/data/cam7/cam7_20260110_085627.jpg,0
2026-01-10T08:56:28.678696,cam8,/content/drive/MyDrive/TrafficCameraData1/data/cam8/cam8_20260110_085628.jpg,0
2026-01-10T09:03:36.010005,cam5,/content/drive/MyDrive/TrafficCameraData1/data/cam5/cam5_20260110_090336.jpg,0
2026-01-10T09:03:37.453309,cam6,/content/drive/MyDrive/TrafficCameraData1/data/cam6/cam6_20260110_090337.jpg,0
2026-01-10T09:03:39.093229,cam7,/content/drive/MyDrive/TrafficCameraData1/data/cam7/cam7_20260110_090339.jpg,0
2026-01-10T09:03:39.896745,cam8,/content/drive/MyDrive/TrafficCameraData1/data/cam8/cam8_20260110_090339.jpg,0
2026-01-10T09:06:21.543415,cam1,/content/drive/MyDrive/TrafficCameraData1/data/cam1/cam1_20260110_090621.jpg,0
2026-01-10T09:06:23.165683,cam2,/content/drive/MyDrive/TrafficCameraData1/data/cam2/cam2_20260110_090623.jpg,0
2026-01-10T09:06:24.644293,cam3,/content/drive/MyDrive/TrafficCameraData1/data/cam3/cam3_20260110_090624.jpg,0
2026-01-10T09:06:25.468027,cam4,/content/drive/MyDrive/TrafficCameraData1/data/cam4/cam4_20260110_090625.jpg,0
2026-01-10T09:06:26.793729,cam5,/content/drive/MyDrive/TrafficCameraData1/data/cam5/cam5_20260110_090626.jpg,0
2026-01-10T09:06:27.414574,cam6,/content/drive/MyDrive/TrafficCameraData1/data/cam6/cam6_20260110_090627.jpg,0
2026-01-10T09:06:29.121040,cam7,/content/drive/MyDrive/TrafficCameraData1/data/cam7/cam7_20260110_090629.jpg,0
2026-01-10T09:06:29.920980,cam8,/content/drive/MyDrive/TrafficCameraData1/data/cam8/cam8_20260110_090629.jpg,0
2026-01-10T09:11:21.544087,cam1,/content/drive/MyDrive/TrafficCameraData1/data/cam1/cam1_20260110_091121.jpg,0
2026-01-10T09:11:22.598940,cam2,/content/drive/MyDrive/TrafficCameraData1/data/cam2/cam2_20260110_091122.jpg,0
2026-01-10T09:11:23.386202,cam3,/content/drive/MyDrive/TrafficCameraData1/data/cam3/cam3_20260110_091123.jpg,0
2026-01-10T09:11:25.024685,cam4,/content/drive/MyDrive/TrafficCameraData1/data/cam4/cam4_20260110_091125.jpg,0
2026-01-10T09:11:26.524102,cam5,/content/drive/MyDrive/TrafficCameraData1/data/cam5/cam5_20260110_091126.jpg,0
2026-01-10T09:11:27.330771,cam6,/content/drive/MyDrive/TrafficCameraData1/data/cam6/cam6_20260110_091127.jpg,0
2026-01-10T09:11:28.495772,cam7,/content/drive/MyDrive/TrafficCameraData1/data/cam7/cam7_20260110_091128.jpg,0
2026-01-10T09:11:30.028604,cam8,/content/drive/MyDrive/TrafficCameraData1/data/cam8/cam8_20260110_091130.jpg,0
2026-01-10T09:16:21.544192,cam1,/content/drive/MyDrive/TrafficCameraData1/data/cam1/cam1_20260110_091621.jpg,0
2026-01-10T09:16:22.547504,cam2,/content/drive/MyDrive/TrafficCameraData1/data/cam2/cam2_20260110_091622.jpg,0
2026-01-10T09:16:23.327968,cam3,/content/drive/MyDrive/TrafficCameraData1/data/cam3/cam3_20260110_091623.jpg,0
2026-01-10T09:16:24.119038,cam4,/content/drive/MyDrive/TrafficCameraData1/data/cam4/cam4_20260110_091624.jpg,0
2026-01-10T09:16:25.503092,cam5,/content/drive/MyDrive/TrafficCameraData1/data/cam5/cam5_20260110_091625.jpg,0
2026-01-10T09:16:26.864115,cam6,/content/drive/MyDrive/TrafficCameraData1/data/cam6/cam6_20260110_091626.jpg,0
2026-01-10T09:16:28.237338,cam7,/content/drive/MyDrive/TrafficCameraData1/data/cam7/cam7_20260110_091628.jpg,0
2026-01-10T09:16:29.034968,cam8,/content/drive/MyDrive/TrafficCameraData1/data/cam8/cam8_20260110_091629.jpg,0
2026-01-10T09:21:21.544774,cam1,/content/drive/MyDrive/TrafficCameraData1/data/cam1/cam1_20260110_092121.jpg,0
2026-01-10T09:21:26.660666,cam2,/content/drive/MyDrive/TrafficCameraData1/data/cam2/cam2_20260110_092126.jpg,0
2026-01-10T09:21:28.809926,cam3,/content/drive/MyDrive/TrafficCameraData1/data/cam3/cam3_20260110_092128.jpg,0
2026-01-10T09:21:29.633915,cam4,/content/drive/MyDrive/TrafficCameraData1/data/cam4/cam4_20260110_092129.jpg,0
2026-01-10T09:21:31.263186,cam5,/content/drive/MyDrive/TrafficCameraData1/data/cam5/cam5_20260110_092131.jpg,0
2026-01-10T09:21:32.060505,cam6,/content/drive/MyDrive/TrafficCameraData1/data/cam6/cam6_20260110_092132.jpg,0
2026-01-10T09:21:34.581393,cam7,/content/drive/MyDrive/TrafficCameraData1/data/cam7/cam7_20260110_092134.jpg,0
2026-01-10T09:21:36.119439,cam8,/content/drive/MyDrive/TrafficCameraData1/data/cam8/cam8_20260110_092136.jpg,0
2026-01-10T09:26:21.544808,cam1,/content/drive/MyDrive/TrafficCameraData1/data/cam1/cam1_20260110_092621.jpg,0
2026-01-10T09:26:23.376309,cam2,/content/drive/MyDrive/TrafficCameraData1/data/cam2/cam2_20260110_092623.jpg,0
2026-01-10T09:26:24.182960,cam3,/content/drive/MyDrive/TrafficCameraData1/data/cam3/cam3_20260110_092624.jpg,0
2026-01-10T09:26:25.867409,cam4,/content/drive/MyDrive/TrafficCameraData1/data/cam4/cam4_20260110_092625.jpg,0
2026-01-10T09:26:28.537409,cam5,/content/drive/MyDrive/TrafficCameraData1/data/cam5/cam5_20260110_092628.jpg,0
2026-01-10T09:26:30.749256,cam6,/content/drive/MyDrive/TrafficCameraData1/data/cam6/cam6_20260110_092630.jpg,0
2026-01-10T09:26:32.384924,cam7,/content/drive/MyDrive/TrafficCameraData1/data/cam7/cam7_20260110_092632.jpg,0
2026-01-10T09:26:33.564969,cam8,/content/drive/MyDrive/TrafficCameraData1/data/cam8/cam8_20260110_092633.jpg,0
2026-01-10T09:31:21.545225,cam1,/content/drive/MyDrive/TrafficCameraData1/data/cam1/cam1_20260110_093121.jpg,0
2026-01-10T09:31:22.677944,cam2,/content/drive/MyDrive/TrafficCameraData1/data/cam2/cam2_20260110_093122.jpg,0
2026-01-10T09:31:24.776458,cam3,/content/drive/MyDrive/TrafficCameraData1/data/cam3/cam3_20260110_093124.jpg,0
2026-01-10T09:31:26.902267,cam4,/content/drive/MyDrive/TrafficCameraData1/data/cam4/cam4_20260110_093126.jpg,0
2026-01-10T09:31:28.594717,cam5,/content/drive/MyDrive/TrafficCameraData1/data/cam5/cam5_20260110_093128.jpg,0
2026-01-10T09:31:30.062867,cam6,/content/drive/MyDrive/TrafficCameraData1/data/cam6/cam6_20260110_093130.jpg,0
2026-01-10T09:31:32.089470,cam7,/content/drive/MyDrive/TrafficCameraData1/data/cam7/cam7_20260110_093132.jpg,0
2026-01-10T09:31:32.877666,cam8,/content/drive/MyDrive/TrafficCameraData1/data/cam8/cam8_20260110_093132.jpg,0
2026-01-10T09:36:21.545650,cam1,/content/drive/MyDrive/TrafficCameraData1/data/cam1/cam1_20260110_093621.jpg,0
2026-01-10T09:36:22.581505,cam2,/content/drive/MyDrive/TrafficCameraData1/data/cam2/cam2_20260110_093622.jpg,0
2026-01-10T09:36:23.616945,cam3,/content/drive/MyDrive/TrafficCameraData1/data/cam3/cam3_20260110_093623.jpg,0
2026-01-10T09:36:24.614118,cam4,/content/drive/MyDrive/TrafficCameraData1/data/cam4/cam4_20260110_093624.jpg,0
2026-01-10T09:36:25.678263,cam5,/content/drive/MyDrive/TrafficCameraData1/data/cam5/cam5_20260110_093625.jpg,0
2026-01-10T09:36:27.886991,cam6,/content/drive/MyDrive/TrafficCameraData1/data/cam6/cam6_20260110_093627.jpg,0
2026-01-10T09:36:28.680228,cam7,/content/drive/MyDrive/TrafficCameraData1/data/cam7/cam7_20260110_093628.jpg,0
2026-01-10T09:36:29.721346,cam8,/content/drive/MyDrive/TrafficCameraData1/data/cam8/cam8_20260110_093629.jpg,0
2026-01-10T09:41:21.545704,cam1,/content/drive/MyDrive/TrafficCameraData1/data/cam1/cam1_20260110_094121.jpg,0
2026-01-10T09:41:22.561588,cam2,/content/drive/MyDrive/TrafficCameraData1/data/cam2/cam2_20260110_094122.jpg,0
2026-01-10T09:41:23.596577,cam3,/content/drive/MyDrive/TrafficCameraData1/data/cam3/cam3_20260110_094123.jpg,0
2026-01-10T09:41:24.439690,cam4,/content/drive/MyDrive/TrafficCameraData1/data/cam4/cam4_20260110_094124.jpg,0
2026-01-10T09:41:25.795661,cam5,/content/drive/MyDrive/TrafficCameraData1/data/cam5/cam5_20260110_094125.jpg,0
2026-01-10T09:41:26.613294,cam6,/content/drive/MyDrive/TrafficCameraData1/data/cam6/cam6_20260110_094126.jpg,0
2026-01-10T09:41:27.959240,cam7,/content/drive/MyDrive/TrafficCameraData1/data/cam7/cam7_20260110_094127.jpg,0
2026-01-10T09:41:30.181123,cam8,/content/drive/MyDrive/TrafficCameraData1/data/cam8/cam8_20260110_094130.jpg,0
2026-01-10T09:46:21.546091,cam1,/content/drive/MyDrive/TrafficCameraData1/data/cam1/cam1_20260110_094621.jpg,0
2026-01-10T09:46:23.725815,cam2,/content/drive/MyDrive/TrafficCameraData1/data/cam2/cam2_20260110_094623.jpg,0
2026-01-10T09:46:25.531833,cam3,/content/drive/MyDrive/TrafficCameraData1/data/cam3/cam3_20260110_094625.jpg,0
2026-01-10T09:46:26.335510,cam4,/content/drive/MyDrive/TrafficCameraData1/data/cam4/cam4_20260110_094626.jpg,0
2026-01-10T09:46:27.371695,cam5,/content/drive/MyDrive/TrafficCameraData1/data/cam5/cam5_20260110_094627.jpg,0
2026-01-10T09:46:28.217107,cam6,/content/drive/MyDrive/TrafficCameraData1/data/cam6/cam6_20260110_094628.jpg,0
2026-01-10T09:46:30.364789,cam7,/content/drive/MyDrive/TrafficCameraData1/data/cam7/cam7_20260110_094630.jpg,0
2026-01-10T09:46:31.691980,cam8,/content/drive/MyDrive/TrafficCameraData1/data/cam8/cam8_20260110_094631.jpg,0
2026-01-10T09:51:21.546485,cam1,/content/drive/MyDrive/TrafficCameraData1/data/cam1/cam1_20260110_095121.jpg,0
2026-01-10T09:51:23.728673,cam2,/content/drive/MyDrive/TrafficCameraData1/data/cam2/cam2_20260110_095123.jpg,0
2026-01-10T09:51:24.524768,cam3,/content/drive/MyDrive/TrafficCameraData1/data/cam3/cam3_20260110_095124.jpg,0
2026-01-10T09:51:26.044326,cam4,/content/drive/MyDrive/TrafficCameraData1/data/cam4/cam4_20260110_095126.jpg,0
2026-01-10T09:51:27.736796,cam5,/content/drive/MyDrive/TrafficCameraData1/data/cam5/cam5_20260110_095127.jpg,0
2026-01-10T09:51:30.004091,cam6,/content/drive/MyDrive/TrafficCameraData1/data/cam6/cam6_20260110_095130.jpg,0
2026-01-10T09:51:31.432648,cam7,/content/drive/MyDrive/TrafficCameraData1/data/cam7/cam7_20260110_095131.jpg,0
2026-01-10T09:51:33.383675,cam8,/content/drive/MyDrive/TrafficCameraData1/data/cam8/cam8_20260110_095133.jpg,0
2026-01-10T09:56:21.546419,cam1,/content/drive/MyDrive/TrafficCameraData1/data/cam1/cam1_20260110_095621.jpg,0
2026-01-10T09:56:22.549526,cam2,/content/drive/MyDrive/TrafficCameraData1/data/cam2/cam2_20260110_095622.jpg,0
2026-01-10T09:56:24.133098,cam3,/content/drive/MyDrive/TrafficCameraData1/data/cam3/cam3_20260110_095624.jpg,0
2026-01-10T09:56:25.792048,cam4,/content/drive/MyDrive/TrafficCameraData1/data/cam4/cam4_20260110_095625.jpg,0
2026-01-10T09:56:27.825949,cam5,/content/drive/MyDrive/TrafficCameraData1/data/cam5/cam5_20260110_095627.jpg,0
2026-01-10T09:56:30.086182,cam6,/content/drive/MyDrive/TrafficCameraData1/data/cam6/cam6_20260110_095630.jpg,0
2026-01-10T09:56:32.579345,cam7,/content/drive/MyDrive/TrafficCameraData1/data/cam7/cam7_20260110_095632.jpg,0
2026-01-10T09:56:34.484836,cam8,/content/drive/MyDrive/TrafficCameraData1/data/cam8/cam8_20260110_095634.jpg,0
2026-01-10T09:59:29.533485,cam1,/content/drive/MyDrive/TrafficCameraData1/data/cam1/cam1_20260110_095929.jpg,0
2026-01-10T09:59:30.131691,cam2,/content/drive/MyDrive/TrafficCameraData1/data/cam2/cam2_20260110_095930.jpg,0
2026-01-10T09:59:31.098452,cam3,/content/drive/MyDrive/TrafficCameraData1/data/cam3/cam3_20260110_095931.jpg,0
2026-01-10T09:59:32.374429,cam4,/content/drive/MyDrive/TrafficCameraData1/data/cam4/cam4_20260110_095932.jpg,0
2026-01-10T09:59:34.490880,cam5,/content/drive/MyDrive/TrafficCameraData1/data/cam5/cam5_20260110_095934.jpg,0
2026-01-10T09:59:37.102960,cam6,/content/drive/MyDrive/TrafficCameraData1/data/cam6/cam6_20260110_095937.jpg,0
2026-01-10T09:59:37.942945,cam7,/content/drive/MyDrive/TrafficCameraData1/data/cam7/cam7_20260110_095937.jpg,0
2026-01-10T09:59:38.866659,cam8,/content/drive/MyDrive/TrafficCameraData1/data/cam8/cam8_20260110_095938.jpg,0
2026-01-10T10:04:29.531494,cam1,/content/drive/MyDrive/TrafficCameraData1/data/cam1/cam1_20260110_100429.jpg,0
2026-01-10T10:04:30.794803,cam2,/content/drive/MyDrive/TrafficCameraData1/data/cam2/cam2_20260110_100430.jpg,0
2026-01-10T10:04:31.693213,cam3,/content/drive/MyDrive/TrafficCameraData1/data/cam3/cam3_20260110_100431.jpg,0
2026-01-10T10:04:33.417856,cam4,/content/drive/MyDrive/TrafficCameraData1/data/cam4/cam4_20260110_100433.jpg,0
2026-01-10T10:04:34.240557,cam5,/content/drive/MyDrive/TrafficCameraData1/data/cam5/cam5_20260110_100434.jpg,0
2026-01-10T10:04:35.460309,cam6,/content/drive/MyDrive/TrafficCameraData1/data/cam6/cam6_20260110_100435.jpg,0
2026-01-10T10:04:37.883798,cam7,/content/drive/MyDrive/TrafficCameraData1/data/cam7/cam7_20260110_100437.jpg,0
2026-01-10T10:04:38.922618,cam8,/content/drive/MyDrive/TrafficCameraData1/data/cam8/cam8_20260110_100438.jpg,0
2026-01-10T10:09:29.531864,cam1,/content/drive/MyDrive/TrafficCameraData1/data/cam1/cam1_20260110_100929.jpg,0
2026-01-10T10:09:30.546910,cam2,/content/drive/MyDrive/TrafficCameraData1/data/cam2/cam2_20260110_100930.jpg,0
2026-01-10T10:09:31.442514,cam3,/content/drive/MyDrive/TrafficCameraData1/data/cam3/cam3_20260110_100931.jpg,0
2026-01-10T10:09:33.254024,cam4,/content/drive/MyDrive/TrafficCameraData1/data/cam4/cam4_20260110_100933.jpg,0
2026-01-10T10:09:34.548497,cam5,/content/drive/MyDrive/TrafficCameraData1/data/cam5/cam5_20260110_100934.jpg,0
2026-01-10T10:09:35.975992,cam6,/content/drive/MyDrive/TrafficCameraData1/data/cam6/cam6_20260110_100935.jpg,0
2026-01-10T10:09:39.879243,cam7,/content/drive/MyDrive/TrafficCameraData1/data/cam7/cam7_20260110_100939.jpg,0
2026-01-10T10:09:40.996948,cam8,/content/drive/MyDrive/TrafficCameraData1/data/cam8/cam8_20260110_100940.jpg,0
2026-01-10T10:14:29.531982,cam1,/content/drive/MyDrive/TrafficCameraData1/data/cam1/cam1_20260110_101429.jpg,0
2026-01-10T10:14:30.602326,cam2,/content/drive/MyDrive/TrafficCameraData1/data/cam2/cam2_20260110_101430.jpg,0
2026-01-10T10:14:31.896337,cam3,/content/drive/MyDrive/TrafficCameraData1/data/cam3/cam3_20260110_101431.jpg,0
2026-01-10T10:14:32.742279,cam4,/content/drive/MyDrive/TrafficCameraData1/data/cam4/cam4_20260110_101432.jpg,0
2026-01-10T10:14:34.494085,cam5,/content/drive/MyDrive/TrafficCameraData1/data/cam5/cam5_20260110_101434.jpg,0
2026-01-10T10:14:37.116775,cam6,/content/drive/MyDrive/TrafficCameraData1/data/cam6/cam6_20260110_101437.jpg,0
2026-01-10T10:14:38.658430,cam7,/content/drive/MyDrive/TrafficCameraData1/data/cam7/cam7_20260110_101438.jpg,0
2026-01-10T10:14:40.019126,cam8,/content/drive/MyDrive/TrafficCameraData1/data/cam8/cam8_20260110_101440.jpg,0
2026-01-10T10:19:29.532540,cam1,/content/drive/MyDrive/TrafficCameraData1/data/cam1/cam1_20260110_101929.jpg,0
2026-01-10T10:19:30.550906,cam2,/content/drive/MyDrive/TrafficCameraData1/data/cam2/cam2_20260110_101930.jpg,0
2026-01-10T10:19:33.915413,cam3,/content/drive/MyDrive/TrafficCameraData1/data/cam3/cam3_20260110_101933.jpg,0
2026-01-10T10:19:35.745358,cam4,/content/drive/MyDrive/TrafficCameraData1/data/cam4/cam4_20260110_101935.jpg,0
2026-01-10T10:19:36.660309,cam5,/content/drive/MyDrive/TrafficCameraData1/data/cam5/cam5_20260110_101936.jpg,0
2026-01-10T10:19:37.451773,cam6,/content/drive/MyDrive/TrafficCameraData1/data/cam6/cam6_20260110_101937.jpg,0
2026-01-10T10:19:38.255305,cam7,/content/drive/MyDrive/TrafficCameraData1/data/cam7/cam7_20260110_101938.jpg,0
2026-01-10T10:19:39.612878,cam8,/content/drive/MyDrive/TrafficCameraData1/data/cam8/cam8_20260110_101939.jpg,0
2026-01-10T10:24:29.532544,cam1,/content/drive/MyDrive/TrafficCameraData1/data/cam1/cam1_20260110_102429.jpg,0
2026-01-10T10:24:30.762953,cam2,/content/drive/MyDrive/TrafficCameraData1/data/cam2/cam2_20260110_102430.jpg,0
2026-01-10T10:24:32.694409,cam3,/content/drive/MyDrive/TrafficCameraData1/data/cam3/cam3_20260110_102432.jpg,0
2026-01-10T10:24:34.783108,cam4,/content/drive/MyDrive/TrafficCameraData1/data/cam4/cam4_20260110_102434.jpg,0
2026-01-10T10:24:37.115713,cam5,/content/drive/MyDrive/TrafficCameraData1/data/cam5/cam5_20260110_102437.jpg,0
2026-01-10T10:24:39.318562,cam6,/content/drive/MyDrive/TrafficCameraData1/data/cam6/cam6_20260110_102439.jpg,0
2026-01-10T10:24:40.648990,cam7,/content/drive/MyDrive/TrafficCameraData1/data/cam7/cam7_20260110_102440.jpg,0
2026-01-10T10:24:42.936644,cam8,/content/drive/MyDrive/TrafficCameraData1/data/cam8/cam8_20260110_102442.jpg,0
2026-01-10T10:29:29.532915,cam1,/content/drive/MyDrive/TrafficCameraData1/data/cam1/cam1_20260110_102929.jpg,0
2026-01-10T10:29:30.980963,cam2,/content/drive/MyDrive/TrafficCameraData1/data/cam2/cam2_20260110_102930.jpg,0
2026-01-10T10:29:32.459628,cam3,/content/drive/MyDrive/TrafficCameraData1/data/cam3/cam3_20260110_102932.jpg,0
2026-01-10T10:29:33.262108,cam4,/content/drive/MyDrive/TrafficCameraData1/data/cam4/cam4_20260110_102933.jpg,0
2026-01-10T10:29:35.074968,cam5,/content/drive/MyDrive/TrafficCameraData1/data/cam5/cam5_20260110_102935.jpg,0
2026-01-10T10:29:37.349564,cam6,/content/drive/MyDrive/TrafficCameraData1/data/cam6/cam6_20260110_102937.jpg,0
2026-01-10T10:29:38.297453,cam7,/content/drive/MyDrive/TrafficCameraData1/data/cam7/cam7_20260110_102938.jpg,0
2026-01-10T10:29:39.083108,cam8,/content/drive/MyDrive/TrafficCameraData1/data/cam8/cam8_20260110_102939.jpg,0
2026-01-10T10:34:29.533223,cam1,/content/drive/MyDrive/TrafficCameraData1/data/cam1/cam1_20260110_103429.jpg,0
2026-01-10T10:34:35.023898,cam2,/content/drive/MyDrive/TrafficCameraData1/data/cam2/cam2_20260110_103435.jpg,0
2026-01-10T10:34:36.847262,cam3,/content/drive/MyDrive/TrafficCameraData1/data/cam3/cam3_20260110_103436.jpg,0
2026-01-10T10:34:39.622916,cam4,/content/drive/MyDrive/TrafficCameraData1/data/cam4/cam4_20260110_103439.jpg,0
2026-01-10T10:34:43.580772,cam5,/content/drive/MyDrive/TrafficCameraData1/data/cam5/cam5_20260110_103443.jpg,0
2026-01-10T10:34:53.959621,cam6,/content/drive/MyDrive/TrafficCameraData1/data/cam6/cam6_20260110_103453.jpg,0
2026-01-10T10:34:58.196670,cam7,/content/drive/MyDrive/TrafficCameraData1/data/cam7/cam7_20260110_103458.jpg,0
2026-01-10T10:39:29.533726,cam1,/content/drive/MyDrive/TrafficCameraData1/data/cam1/cam1_20260110_103929.jpg,0
2026-01-10T10:39:32.221371,cam2,/content/drive/MyDrive/TrafficCameraData1/data/cam2/cam2_20260110_103932.jpg,0
2026-01-10T10:39:34.298647,cam3,/content/drive/MyDrive/TrafficCameraData1/data/cam3/cam3_20260110_103934.jpg,0
2026-01-10T10:39:35.728990,cam4,/content/drive/MyDrive/TrafficCameraData1/data/cam4/cam4_20260110_103935.jpg,0
2026-01-10T10:39:37.552572,cam5,/content/drive/MyDrive/TrafficCameraData1/data/cam5/cam5_20260110_103937.jpg,0
2026-01-10T10:39:39.280584,cam6,/content/drive/MyDrive/TrafficCameraData1/data/cam6/cam6_20260110_103939.jpg,0
2026-01-10T10:39:42.246225,cam7,/content/drive/MyDrive/TrafficCameraData1/data/cam7/cam7_20260110_103942.jpg,0
2026-01-10T10:39:43.288343,cam8,/content/drive/MyDrive/TrafficCameraData1/data/cam8/cam8_20260110_103943.jpg,0
2026-01-10T10:44:29.533949,cam1,/content/drive/MyDrive/TrafficCameraData1/data/cam1/cam1_20260110_104429.jpg,0
2026-01-10T10:44:30.555184,cam2,/content/drive/MyDrive/TrafficCameraData1/data/cam2/cam2_20260110_104430.jpg,0
2026-01-10T10:44:31.994628,cam3,/content/drive/MyDrive/TrafficCameraData1/data/cam3/cam3_20260110_104431.jpg,0
2026-01-10T10:44:33.306956,cam4,/content/drive/MyDrive/TrafficCameraData1/data/cam4/cam4_20260110_104433.jpg,0
2026-01-10T10:44:35.649265,cam5,/content/drive/MyDrive/TrafficCameraData1/data/cam5/cam5_20260110_104435.jpg,0
2026-01-10T10:44:38.182041,cam6,/content/drive/MyDrive/TrafficCameraData1/data/cam6/cam6_20260110_104438.jpg,0
2026-01-10T10:44:39.950689,cam7,/content/drive/MyDrive/TrafficCameraData1/data/cam7/cam7_20260110_104439.jpg,0
2026-01-10T10:44:41.990785,cam8,/content/drive/MyDrive/TrafficCameraData1/data/cam8/cam8_20260110_104441.jpg,0
2026-01-10T10:49:29.534012,cam1,/content/drive/MyDrive/TrafficCameraData1/data/cam1/cam1_20260110_104929.jpg,0
2026-01-10T10:49:30.657844,cam2,/content/drive/MyDrive/TrafficCameraData1/data/cam2/cam2_20260110_104930.jpg,0
2026-01-10T10:49:32.460692,cam3,/content/drive/MyDrive/TrafficCameraData1/data/cam3/cam3_20260110_104932.jpg,0
2026-01-10T10:49:34.692325,cam4,/content/drive/MyDrive/TrafficCameraData1/data/cam4/cam4_20260110_104934.jpg,0
2026-01-10T10:49:36.413176,cam5,/content/drive/MyDrive/TrafficCameraData1/data/cam5/cam5_20260110_104936.jpg,0
2026-01-10T10:49:38.547343,cam6,/content/drive/MyDrive/TrafficCameraData1/data/cam6/cam6_20260110_104938.jpg,0
2026-01-10T10:49:39.477537,cam7,/content/drive/MyDrive/TrafficCameraData1/data/cam7/cam7_20260110_104939.jpg,0
2026-01-10T10:49:40.919184,cam8,/content/drive/MyDrive/TrafficCameraData1/data/cam8/cam8_20260110_104940.jpg,0
2026-01-10T10:54:29.534525,cam1,/content/drive/MyDrive/TrafficCameraData1/data/cam1/cam1_20260110_105429.jpg,0
2026-01-10T10:54:30.627004,cam2,/content/drive/MyDrive/TrafficCameraData1/data/cam2/cam2_20260110_105430.jpg,0
2026-01-10T10:54:31.561712,cam3,/content/drive/MyDrive/TrafficCameraData1/data/cam3/cam3_20260110_105431.jpg,0
2026-01-10T10:54:33.456407,cam4,/content/drive/MyDrive/TrafficCameraData1/data/cam4/cam4_20260110_105433.jpg,0
2026-01-10T10:54:35.127655,cam5,/content/drive/MyDrive/TrafficCameraData1/data/cam5/cam5_20260110_105435.jpg,0
2026-01-10T10:54:35.971495,cam6,/content/drive/MyDrive/TrafficCameraData1/data/cam6/cam6_20260110_105435.jpg,0
2026-01-10T10:54:36.813891,cam7,/content/drive/MyDrive/TrafficCameraData1/data/cam7/cam7_20260110_105436.jpg,0
2026-01-10T10:54:37.665747,cam8,/content/drive/MyDrive/TrafficCameraData1/data/cam8/cam8_20260110_105437.jpg,0
2026-01-10T10:59:29.534407,cam1,/content/drive/MyDrive/TrafficCameraData1/data/cam1/cam1_20260110_105929.jpg,0
2026-01-10T10:59:30.624468,cam2,/content/drive/MyDrive/TrafficCameraData1/data/cam2/cam2_20260110_105930.jpg,0
2026-01-10T10:59:31.637119,cam3,/content/drive/MyDrive/TrafficCameraData1/data/cam3/cam3_20260110_105931.jpg,0
2026-01-10T10:59:32.427102,cam4,/content/drive/MyDrive/TrafficCameraData1/data/cam4/cam4_20260110_105932.jpg,0
2026-01-10T10:59:34.524697,cam5,/content/drive/MyDrive/TrafficCameraData1/data/cam5/cam5_20260110_105934.jpg,0
2026-01-10T10:59:35.631566,cam6,/content/drive/MyDrive/TrafficCameraData1/data/cam6/cam6_20260110_105935.jpg,0
2026-01-10T10:59:37.006219,cam7,/content/drive/MyDrive/TrafficCameraData1/data/cam7/cam7_20260110_105937.jpg,0
2026-01-10T10:59:37.787420,cam8,/content/drive/MyDrive/TrafficCameraData1/data/cam8/cam8_20260110_105937.jpg,0
2026-01-10T11:04:29.534786,cam1,/content/drive/MyDrive/TrafficCameraData1/data/cam1/cam1_20260110_110429.jpg,0
2026-01-10T11:04:31.574011,cam2,/content/drive/MyDrive/TrafficCameraData1/data/cam2/cam2_20260110_110431.jpg,0
2026-01-10T11:04:32.359739,cam3,/content/drive/MyDrive/TrafficCameraData1/data/cam3/cam3_20260110_110432.jpg,0
2026-01-10T11:04:33.161677,cam4,/content/drive/MyDrive/TrafficCameraData1/data/cam4/cam4_20260110_110433.jpg,0
2026-01-10T11:04:34.957678,cam5,/content/drive/MyDrive/TrafficCameraData1/data/cam5/cam5_20260110_110434.jpg,0
2026-01-10T11:04:35.739111,cam6,/content/drive/MyDrive/TrafficCameraData1/data/cam6/cam6_20260110_110435.jpg,0
2026-01-10T11:04:37.591305,cam7,/content/drive/MyDrive/TrafficCameraData1/data/cam7/cam7_20260110_110437.jpg,0
2026-01-10T11:04:38.384153,cam8,/content/drive/MyDrive/TrafficCameraData1/data/cam8/cam8_20260110_110438.jpg,0
2026-01-10T11:09:29.535098,cam1,/content/drive/MyDrive/TrafficCameraData1/data/cam1/cam1_20260110_110929.jpg,0
2026-01-10T11:09:31.106807,cam2,/content/drive/MyDrive/TrafficCameraData1/data/cam2/cam2_20260110_110931.jpg,0
2026-01-10T11:09:33.894358,cam3,/content/drive/MyDrive/TrafficCameraData1/data/cam3/cam3_20260110_110933.jpg,0
2026-01-10T11:09:35.585617,cam4,/content/drive/MyDrive/TrafficCameraData1/data/cam4/cam4_20260110_110935.jpg,0
2026-01-10T11:09:36.489328,cam5,/content/drive/MyDrive/TrafficCameraData1/data/cam5/cam5_20260110_110936.jpg,0
2026-01-10T11:09:38.640929,cam6,/content/drive/MyDrive/TrafficCameraData1/data/cam6/cam6_20260110_110938.jpg,0
2026-01-10T11:09:39.535620,cam7,/content/drive/MyDrive/TrafficCameraData1/data/cam7/cam7_20260110_110939.jpg,0
2026-01-10T11:09:42.019426,cam8,/content/drive/MyDrive/TrafficCameraData1/data/cam8/cam8_20260110_110942.jpg,0
2026-01-10T11:14:29.535428,cam1,/content/drive/MyDrive/TrafficCameraData1/data/cam1/cam1_20260110_111429.jpg,0
2026-01-10T11:14:31.938509,cam2,/content/drive/MyDrive/TrafficCameraData1/data/cam2/cam2_20260110_111431.jpg,0
2026-01-10T11:14:32.723842,cam3,/content/drive/MyDrive/TrafficCameraData1/data/cam3/cam3_20260110_111432.jpg,0
2026-01-10T11:14:34.307350,cam4,/content/drive/MyDrive/TrafficCameraData1/data/cam4/cam4_20260110_111434.jpg,0
2026-01-10T11:14:35.114465,cam5,/content/drive/MyDrive/TrafficCameraData1/data/cam5/cam5_20260110_111435.jpg,0
2026-01-10T11:14:35.928019,cam6,/content/drive/MyDrive/TrafficCameraData1/data/cam6/cam6_20260110_111435.jpg,0
2026-01-10T11:14:36.798781,cam7,/content/drive/MyDrive/TrafficCameraData1/data/cam7/cam7_20260110_111436.jpg,0
2026-01-10T11:14:38.421977,cam8,/content/drive/MyDrive/TrafficCameraData1/data/cam8/cam8_20260110_111438.jpg,0
2026-01-10T11:19:29.535655,cam1,/content/drive/MyDrive/TrafficCameraData1/data/cam1/cam1_20260110_111929.jpg,0
2026-01-10T11:19:30.529223,cam2,/content/drive/MyDrive/TrafficCameraData1/data/cam2/cam2_20260110_111930.jpg,0
2026-01-10T11:19:31.394936,cam3,/content/drive/MyDrive/TrafficCameraData1/data/cam3/cam3_20260110_111931.jpg,0
2026-01-10T11:19:32.204333,cam4,/content/drive/MyDrive/TrafficCameraData1/data/cam4/cam4_20260110_111932.jpg,0
2026-01-10T11:19:33.061790,cam5,/content/drive/MyDrive/TrafficCameraData1/data/cam5/cam5_20260110_111933.jpg,0
2026-01-10T11:19:35.666653,cam6,/content/drive/MyDrive/TrafficCameraData1/data/cam6/cam6_20260110_111935.jpg,0
2026-01-10T11:19:37.013475,cam7,/content/drive/MyDrive/TrafficCameraData1/data/cam7/cam7_20260110_111937.jpg,0
2026-01-10T11:19:38.737678,cam8,/content/drive/MyDrive/TrafficCameraData1/data/cam8/cam8_20260110_111938.jpg,0
2026-01-10T11:24:29.535832,cam1,/content/drive/MyDrive/TrafficCameraData1/data/cam1/cam1_20260110_112429.jpg,0
2026-01-10T11:24:30.773191,cam2,/content/drive/MyDrive/TrafficCameraData1/data/cam2/cam2_20260110_112430.jpg,0
2026-01-10T11:24:33.003197,cam3,/content/drive/MyDrive/TrafficCameraData1/data/cam3/cam3_20260110_112433.jpg,0
2026-01-10T11:24:34.913362,cam4,/content/drive/MyDrive/TrafficCameraData1/data/cam4/cam4_20260110_112434.jpg,0
2026-01-10T11:24:35.925224,cam5,/content/drive/MyDrive/TrafficCameraData1/data/cam5/cam5_20260110_112435.jpg,0
2026-01-10T11:24:37.874929,cam6,/content/drive/MyDrive/TrafficCameraData1/data/cam6/cam6_20260110_112437.jpg,0
2026-01-10T11:24:39.379012,cam7,/content/drive/MyDrive/TrafficCameraData1/data/cam7/cam7_20260110_112439.jpg,0
2026-01-10T11:24:40.784748,cam8,/content/drive/MyDrive/TrafficCameraData1/data/cam8/cam8_20260110_112440.jpg,0
2026-01-10T11:29:29.536356,cam1,/content/drive/MyDrive/TrafficCameraData1/data/cam1/cam1_20260110_112929.jpg,0
2026-01-10T11:29:31.895893,cam2,/content/drive/MyDrive/TrafficCameraData1/data/cam2/cam2_20260110_112931.jpg,0
2026-01-10T11:29:32.764041,cam3,/content/drive/MyDrive/TrafficCameraData1/data/cam3/cam3_20260110_112932.jpg,0
2026-01-10T11:29:34.191840,cam4,/content/drive/MyDrive/TrafficCameraData1/data/cam4/cam4_20260110_112934.jpg,0
2026-01-10T11:29:35.600449,cam5,/content/drive/MyDrive/TrafficCameraData1/data/cam5/cam5_20260110_112935.jpg,0
2026-01-10T11:29:37.004824,cam6,/content/drive/MyDrive/TrafficCameraData1/data/cam6/cam6_20260110_112937.jpg,0
2026-01-10T11:29:40.599425,cam7,/content/drive/MyDrive/TrafficCameraData1/data/cam7/cam7_20260110_112940.jpg,0
2026-01-10T11:29:42.383806,cam8,/content/drive/MyDrive/TrafficCameraData1/data/cam8/cam8_20260110_112942.jpg,0
2026-01-10T11:34:29.536577,cam1,/content/drive/MyDrive/TrafficCameraData1/data/cam1/cam1_20260110_113429.jpg,0
2026-01-10T11:34:31.215949,cam2,/content/drive/MyDrive/TrafficCameraData1/data/cam2/cam2_20260110_113431.jpg,0
2026-01-10T11:34:31.993484,cam3,/content/drive/MyDrive/TrafficCameraData1/data/cam3/cam3_20260110_113431.jpg,0
2026-01-10T11:34:33.767132,cam4,/content/drive/MyDrive/TrafficCameraData1/data/cam4/cam4_20260110_113433.jpg,0
2026-01-10T11:34:34.546836,cam5,/content/drive/MyDrive/TrafficCameraData1/data/cam5/cam5_20260110_113434.jpg,0
2026-01-10T11:34:36.242144,cam6,/content/drive/MyDrive/TrafficCameraData1/data/cam6/cam6_20260110_113436.jpg,0
2026-01-10T11:34:37.022293,cam7,/content/drive/MyDrive/TrafficCameraData1/data/cam7/cam7_20260110_113437.jpg,0
2026-01-10T11:34:37.846899,cam8,/content/drive/MyDrive/TrafficCameraData1/data/cam8/cam8_20260110_113437.jpg,0
2026-01-10T11:39:29.536868,cam1,/content/drive/MyDrive/TrafficCameraData1/data/cam1/cam1_20260110_113929.jpg,0
2026-01-10T11:39:31.398553,cam2,/content/drive/MyDrive/TrafficCameraData1/data/cam2/cam2_20260110_113931.jpg,0
2026-01-10T11:39:33.032745,cam3,/content/drive/MyDrive/TrafficCameraData1/data/cam3/cam3_20260110_113933.jpg,0
2026-01-10T11:39:34.310694,cam4,/content/drive/MyDrive/TrafficCameraData1/data/cam4/cam4_20260110_113934.jpg,0
2026-01-10T11:39:36.207460,cam5,/content/drive/MyDrive/TrafficCameraData1/data/cam5/cam5_20260110_113936.jpg,0
2026-01-10T11:39:36.986028,cam6,/content/drive/MyDrive/TrafficCameraData1/data/cam6/cam6_20260110_113936.jpg,0
2026-01-10T11:39:38.825101,cam7,/content/drive/MyDrive/TrafficCameraData1/data/cam7/cam7_20260110_113938.jpg,0
2026-01-10T11:39:40.535561,cam8,/content/drive/MyDrive/TrafficCameraData1/data/cam8/cam8_20260110_113940.jpg,0
2026-01-10T11:44:29.537168,cam1,/content/drive/MyDrive/TrafficCameraData1/data/cam1/cam1_20260110_114429.jpg,0
2026-01-10T11:44:30.898830,cam2,/content/drive/MyDrive/TrafficCameraData1/data/cam2/cam2_20260110_114430.jpg,0
2026-01-10T11:44:32.841839,cam3,/content/drive/MyDrive/TrafficCameraData1/data/cam3/cam3_20260110_114432.jpg,0
2026-01-10T11:44:34.111381,cam4,/content/drive/MyDrive/TrafficCameraData1/data/cam4/cam4_20260110_114434.jpg,0
2026-01-10T11:44:35.913596,cam5,/content/drive/MyDrive/TrafficCameraData1/data/cam5/cam5_20260110_114435.jpg,0
2026-01-10T11:44:37.065210,cam6,/content/drive/MyDrive/TrafficCameraData1/data/cam6/cam6_20260110_114437.jpg,0
2026-01-10T11:44:39.407823,cam7,/content/drive/MyDrive/TrafficCameraData1/data/cam7/cam7_20260110_114439.jpg,0
2026-01-10T11:44:40.853412,cam8,/content/drive/MyDrive/TrafficCameraData1/data/cam8/cam8_20260110_114440.jpg,0
2026-01-10T11:49:29.537726,cam1,/content/drive/MyDrive/TrafficCameraData1/data/cam1/cam1_20260110_114929.jpg,0
2026-01-10T11:49:30.523308,cam2,/content/drive/MyDrive/TrafficCameraData1/data/cam2/cam2_20260110_114930.jpg,0
2026-01-10T11:49:31.340968,cam3,/content/drive/MyDrive/TrafficCameraData1/data/cam3/cam3_20260110_114931.jpg,0
2026-01-10T11:49:32.868467,cam4,/content/drive/MyDrive/TrafficCameraData1/data/cam4/cam4_20260110_114932.jpg,0
2026-01-10T11:49:34.928038,cam5,/content/drive/MyDrive/TrafficCameraData1/data/cam5/cam5_20260110_114934.jpg,0
2026-01-10T11:49:35.996635,cam6,/content/drive/MyDrive/TrafficCameraData1/data/cam6/cam6_20260110_114935.jpg,0
2026-01-10T11:49:36.771160,cam7,/content/drive/MyDrive/TrafficCameraData1/data/cam7/cam7_20260110_114936.jpg,0
2026-01-10T11:49:38.649323,cam8,/content/drive/MyDrive/TrafficCameraData1/data/cam8/cam8_20260110_114938.jpg,0
2026-01-10T11:54:29.537792,cam1,/content/drive/MyDrive/TrafficCameraData1/data/cam1/cam1_20260110_115429.jpg,0
2026-01-10T11:54:31.108905,cam2,/content/drive/MyDrive/TrafficCameraData1/data/cam2/cam2_20260110_115431.jpg,0
2026-01-10T11:54:31.888554,cam3,/content/drive/MyDrive/TrafficCameraData1/data/cam3/cam3_20260110_115431.jpg,0
2026-01-10T11:54:32.670547,cam4,/content/drive/MyDrive/TrafficCameraData1/data/cam4/cam4_20260110_115432.jpg,0
2026-01-10T11:54:34.045993,cam5,/content/drive/MyDrive/TrafficCameraData1/data/cam5/cam5_20260110_115434.jpg,0
2026-01-10T11:54:36.004829,cam6,/content/drive/MyDrive/TrafficCameraData1/data/cam6/cam6_20260110_115436.jpg,0
2026-01-10T11:54:37.698305,cam7,/content/drive/MyDrive/TrafficCameraData1/data/cam7/cam7_20260110_115437.jpg,0
2026-01-10T11:54:39.176979,cam8,/content/drive/MyDrive/TrafficCameraData1/data/cam8/cam8_20260110_115439.jpg,0
2026-01-10T11:59:29.538131,cam1,/content/drive/MyDrive/TrafficCameraData1/data/cam1/cam1_20260110_115929.jpg,0
2026-01-10T11:59:31.304963,cam2,/content/drive/MyDrive/TrafficCameraData1/data/cam2/cam2_20260110_115931.jpg,0
2026-01-10T11:59:32.083858,cam3,/content/drive/MyDrive/TrafficCameraData1/data/cam3/cam3_20260110_115932.jpg,0
2026-01-10T11:59:32.870571,cam4,/content/drive/MyDrive/TrafficCameraData1/data/cam4/cam4_20260110_115932.jpg,0
2026-01-10T11:59:33.665440,cam5,/content/drive/MyDrive/TrafficCameraData1/data/cam5/cam5_20260110_115933.jpg,0
2026-01-10T11:59:35.284567,cam6,/content/drive/MyDrive/TrafficCameraData1/data/cam6/cam6_20260110_115935.jpg,0
2026-01-10T11:59:36.737275,cam7,/content/drive/MyDrive/TrafficCameraData1/data/cam7/cam7_20260110_115936.jpg,0
2026-01-10T11:59:37.778213,cam8,/content/drive/MyDrive/TrafficCameraData1/data/cam8/cam8_20260110_115937.jpg,0
2026-01-10T12:04:29.538426,cam1,/content/drive/MyDrive/TrafficCameraData1/data/cam1/cam1_20260110_120429.jpg,0
2026-01-10T12:04:30.323702,cam2,/content/drive/MyDrive/TrafficCameraData1/data/cam2/cam2_20260110_120430.jpg,0
2026-01-10T12:04:31.638222,cam3,/content/drive/MyDrive/TrafficCameraData1/data/cam3/cam3_20260110_120431.jpg,0
2026-01-10T12:04:33.611505,cam4,/content/drive/MyDrive/TrafficCameraData1/data/cam4/cam4_20260110_120433.jpg,0
2026-01-10T12:04:34.444038,cam5,/content/drive/MyDrive/TrafficCameraData1/data/cam5/cam5_20260110_120434.jpg,0
2026-01-10T12:04:35.682578,cam6,/content/drive/MyDrive/TrafficCameraData1/data/cam6/cam6_20260110_120435.jpg,0
2026-01-10T12:04:36.473360,cam7,/content/drive/MyDrive/TrafficCameraData1/data/cam7/cam7_20260110_120436.jpg,0
2026-01-10T12:04:37.743904,cam8,/content/drive/MyDrive/TrafficCameraData1/data/cam8/cam8_20260110_120437.jpg,0
2026-01-10T12:09:29.538531,cam1,/content/drive/MyDrive/TrafficCameraData1/data/cam1/cam1_20260110_120929.jpg,0
2026-01-10T12:09:30.925449,cam2,/content/drive/MyDrive/TrafficCameraData1/data/cam2/cam2_20260110_120930.jpg,0
2026-01-10T12:09:32.251334,cam3,/content/drive/MyDrive/TrafficCameraData1/data/cam3/cam3_20260110_120932.jpg,0
2026-01-10T12:09:33.612687,cam4,/content/drive/MyDrive/TrafficCameraData1/data/cam4/cam4_20260110_120933.jpg,0
2026-01-10T12:09:34.464646,cam5,/content/drive/MyDrive/TrafficCameraData1/data/cam5/cam5_20260110_120934.jpg,0
2026-01-10T12:09:35.508210,cam6,/content/drive/MyDrive/TrafficCameraData1/data/cam6/cam6_20260110_120935.jpg,0
2026-01-10T12:09:36.317558,cam7,/content/drive/MyDrive/TrafficCameraData1/data/cam7/cam7_20260110_120936.jpg,0
2026-01-10T12:09:37.241698,cam8,/content/drive/MyDrive/TrafficCameraData1/data/cam8/cam8_20260110_120937.jpg,0
2026-01-10T12:14:29.539154,cam1,/content/drive/MyDrive/TrafficCameraData1/data/cam1/cam1_20260110_121429.jpg,0
2026-01-10T12:14:31.251761,cam2,/content/drive/MyDrive/TrafficCameraData1/data/cam2/cam2_20260110_121431.jpg,0
2026-01-10T12:14:32.039049,cam3,/content/drive/MyDrive/TrafficCameraData1/data/cam3/cam3_20260110_121432.jpg,0
2026-01-10T12:14:32.932015,cam4,/content/drive/MyDrive/TrafficCameraData1/data/cam4/cam4_20260110_121432.jpg,0
2026-01-10T12:14:33.731968,cam5,/content/drive/MyDrive/TrafficCameraData1/data/cam5/cam5_20260110_121433.jpg,0
2026-01-10T12:14:34.894083,cam6,/content/drive/MyDrive/TrafficCameraData1/data/cam6/cam6_20260110_121434.jpg,0
2026-01-10T12:14:35.679089,cam7,/content/drive/MyDrive/TrafficCameraData1/data/cam7/cam7_20260110_121435.jpg,0
2026-01-10T12:14:36.518810,cam8,/content/drive/MyDrive/TrafficCameraData1/data/cam8/cam8_20260110_121436.jpg,0
2026-01-10T12:16:57.998205,cam1,/content/drive/MyDrive/TrafficCameraData1/data/cam1/cam1_20260110_121657.jpg,0
2026-01-10T12:16:58.568486,cam2,/content/drive/MyDrive/TrafficCameraData1/data/cam2/cam2_20260110_121658.jpg,0
2026-01-10T12:16:59.130474,cam3,/content/drive/MyDrive/TrafficCameraData1/data/cam3/cam3_20260110_121659.jpg,0
2026-01-10T12:17:00.865947,cam4,/content/drive/MyDrive/TrafficCameraData1/data/cam4/cam4_20260110_121700.jpg,0
2026-01-10T12:17:01.650188,cam5,/content/drive/MyDrive/TrafficCameraData1/data/cam5/cam5_20260110_121701.jpg,0
2026-01-10T12:17:02.207531,cam6,/content/drive/MyDrive/TrafficCameraData1/data/cam6/cam6_20260110_121702.jpg,0
2026-01-10T12:17:02.978744,cam7,/content/drive/MyDrive/TrafficCameraData1/data/cam7/cam7_20260110_121702.jpg,0
2026-01-10T12:17:04.166467,cam8,/content/drive/MyDrive/TrafficCameraData1/data/cam8/cam8_20260110_121704.jpg,0
2026-01-10T12:21:57.998833,cam1,/content/drive/MyDrive/TrafficCameraData1/data/cam1/cam1_20260110_122157.jpg,0
2026-01-10T12:21:59.163014,cam2,/content/drive/MyDrive/TrafficCameraData1/data/cam2/cam2_20260110_122159.jpg,0
2026-01-10T12:21:59.936428,cam3,/content/drive/MyDrive/TrafficCameraData1/data/cam3/cam3_20260110_122159.jpg,0
2026-01-10T12:22:01.567048,cam4,/content/drive/MyDrive/TrafficCameraData1/data/cam4/cam4_20260110_122201.jpg,0
2026-01-10T12:22:02.944432,cam5,/content/drive/MyDrive/TrafficCameraData1/data/cam5/cam5_20260110_122202.jpg,0
2026-01-10T12:22:04.439528,cam6,/content/drive/MyDrive/TrafficCameraData1/data/cam6/cam6_20260110_122204.jpg,0
2026-01-10T12:22:05.227087,cam7,/content/drive/MyDrive/TrafficCameraData1/data/cam7/cam7_20260110_122205.jpg,0
2026-01-10T12:22:06.735341,cam8,/content/drive/MyDrive/TrafficCameraData1/data/cam8/cam8_20260110_122206.jpg,0
2026-01-10T12:26:57.999015,cam1,/content/drive/MyDrive/TrafficCameraData1/data/cam1/cam1_20260110_122657.jpg,0
2026-01-10T12:26:59.328629,cam2,/content/drive/MyDrive/TrafficCameraData1/data/cam2/cam2_20260110_122659.jpg,0
2026-01-10T12:27:00.125024,cam3,/content/drive/MyDrive/TrafficCameraData1/data/cam3/cam3_20260110_122700.jpg,0
2026-01-10T12:27:00.905629,cam4,/content/drive/MyDrive/TrafficCameraData1/data/cam4/cam4_20260110_122700.jpg,0
2026-01-10T12:27:01.691567,cam5,/content/drive/MyDrive/TrafficCameraData1/data/cam5/cam5_20260110_122701.jpg,0
2026-01-10T12:27:02.358794,cam6,/content/drive/MyDrive/TrafficCameraData1/data/cam6/cam6_20260110_122702.jpg,0
2026-01-10T12:27:03.130381,cam7,/content/drive/MyDrive/TrafficCameraData1/data/cam7/cam7_20260110_122703.jpg,0
2026-01-10T12:27:03.915772,cam8,/content/drive/MyDrive/TrafficCameraData1/data/cam8/cam8_20260110_122703.jpg,0
2026-01-10T12:31:57.999572,cam1,/content/drive/MyDrive/TrafficCameraData1/data/cam1/cam1_20260110_123157.jpg,0
2026-01-10T12:31:58.992757,cam2,/content/drive/MyDrive/TrafficCameraData1/data/cam2/cam2_20260110_123158.jpg,0
2026-01-10T12:31:59.820169,cam3,/content/drive/MyDrive/TrafficCameraData1/data/cam3/cam3_20260110_123159.jpg,0
2026-01-10T12:32:01.342442,cam4,/content/drive/MyDrive/TrafficCameraData1/data/cam4/cam4_20260110_123201.jpg,0
2026-01-10T12:32:02.277196,cam5,/content/drive/MyDrive/TrafficCameraData1/data/cam5/cam5_20260110_123202.jpg,0
2026-01-10T12:32:03.731752,cam6,/content/drive/MyDrive/TrafficCameraData1/data/cam6/cam6_20260110_123203.jpg,0
2026-01-10T12:32:04.519480,cam7,/content/drive/MyDrive/TrafficCameraData1/data/cam7/cam7_20260110_123204.jpg,0
2026-01-10T12:32:05.315250,cam8,/content/drive/MyDrive/TrafficCameraData1/data/cam8/cam8_20260110_123205.jpg,0
2026-01-10T12:36:57.999689,cam1,/content/drive/MyDrive/TrafficCameraData1/data/cam1/cam1_20260110_123657.jpg,0
2026-01-10T12:36:59.959890,cam2,/content/drive/MyDrive/TrafficCameraData1/data/cam2/cam2_20260110_123659.jpg,0
2026-01-10T12:37:01.057829,cam3,/content/drive/MyDrive/TrafficCameraData1/data/cam3/cam3_20260110_123701.jpg,0
2026-01-10T12:37:01.843490,cam4,/content/drive/MyDrive/TrafficCameraData1/data/cam4/cam4_20260110_123701.jpg,0
2026-01-10T12:37:03.872014,cam5,/content/drive/MyDrive/TrafficCameraData1/data/cam5/cam5_20260110_123703.jpg,0
2026-01-10T12:37:05.661950,cam6,/content/drive/MyDrive/TrafficCameraData1/data/cam6/cam6_20260110_123705.jpg,0
2026-01-10T12:37:06.439562,cam7,/content/drive/MyDrive/TrafficCameraData1/data/cam7/cam7_20260110_123706.jpg,0
2026-01-10T12:37:07.431289,cam8,/content/drive/MyDrive/TrafficCameraData1/data/cam8/cam8_20260110_123707.jpg,0
2026-01-10T12:41:57.999910,cam1,/content/drive/MyDrive/TrafficCameraData1/data/cam1/cam1_20260110_124157.jpg,0
2026-01-10T12:41:59.067381,cam2,/content/drive/MyDrive/TrafficCameraData1/data/cam2/cam2_20260110_124159.jpg,0
2026-01-10T12:42:00.873205,cam3,/content/drive/MyDrive/TrafficCameraData1/data/cam3/cam3_20260110_124200.jpg,0
2026-01-10T12:42:02.566820,cam4,/content/drive/MyDrive/TrafficCameraData1/data/cam4/cam4_20260110_124202.jpg,0
2026-01-10T12:42:03.342979,cam5,/content/drive/MyDrive/TrafficCameraData1/data/cam5/cam5_20260110_124203.jpg,0
2026-01-10T12:42:04.120653,cam6,/content/drive/MyDrive/TrafficCameraData1/data/cam6/cam6_20260110_124204.jpg,0
2026-01-10T12:42:05.143332,cam7,/content/drive/MyDrive/TrafficCameraData1/data/cam7/cam7_20260110_124205.jpg,0
2026-01-10T12:42:05.931970,cam8,/content/drive/MyDrive/TrafficCameraData1/data/cam8/cam8_20260110_124205.jpg,0
2026-01-10T12:46:58.000379,cam1,/content/drive/MyDrive/TrafficCameraData1/data/cam1/cam1_20260110_124658.jpg,0
2026-01-10T12:46:58.776956,cam2,/content/drive/MyDrive/TrafficCameraData1/data/cam2/cam2_20260110_124658.jpg,0
2026-01-10T12:47:00.735788,cam3,/content/drive/MyDrive/TrafficCameraData1/data/cam3/cam3_20260110_124700.jpg,0
2026-01-10T12:47:02.008945,cam4,/content/drive/MyDrive/TrafficCameraData1/data/cam4/cam4_20260110_124702.jpg,0
2026-01-10T12:47:03.676026,cam5,/content/drive/MyDrive/TrafficCameraData1/data/cam5/cam5_20260110_124703.jpg,0
2026-01-10T12:47:04.484176,cam6,/content/drive/MyDrive/TrafficCameraData1/data/cam6/cam6_20260110_124704.jpg,0
2026-01-10T12:47:05.851046,cam7,/content/drive/MyDrive/TrafficCameraData1/data/cam7/cam7_20260110_124705.jpg,0
2026-01-10T12:47:06.627255,cam8,/content/drive/MyDrive/TrafficCameraData1/data/cam8/cam8_20260110_124706.jpg,0
2026-01-10T12:51:58.001850,cam1,/content/drive/MyDrive/TrafficCameraData1/data/cam1/cam1_20260110_125158.jpg,0
2026-01-10T12:51:59.082923,cam2,/content/drive/MyDrive/TrafficCameraData1/data/cam2/cam2_20260110_125159.jpg,0
2026-01-10T12:52:00.739347,cam3,/content/drive/MyDrive/TrafficCameraData1/data/cam3/cam3_20260110_125200.jpg,0
2026-01-10T12:52:01.733534,cam4,/content/drive/MyDrive/TrafficCameraData1/data/cam4/cam4_20260110_125201.jpg,0
2026-01-10T12:52:02.512954,cam5,/content/drive/MyDrive/TrafficCameraData1/data/cam5/cam5_20260110_125202.jpg,0
2026-01-10T12:52:03.076329,cam6,/content/drive/MyDrive/TrafficCameraData1/data/cam6/cam6_20260110_125203.jpg,0
2026-01-10T12:52:03.861191,cam7,/content/drive/MyDrive/TrafficCameraData1/data/cam7/cam7_20260110_125203.jpg,0
2026-01-10T12:52:05.534477,cam8,/content/drive/MyDrive/TrafficCameraData1/data/cam8/cam8_20260110_125205.jpg,0
2026-01-10T12:56:58.001391,cam1,/content/drive/MyDrive/TrafficCameraData1/data/cam1/cam1_20260110_125658.jpg,0
2026-01-10T12:56:59.853773,cam2,/content/drive/MyDrive/TrafficCameraData1/data/cam2/cam2_20260110_125659.jpg,0
2026-01-10T12:57:00.665370,cam3,/content/drive/MyDrive/TrafficCameraData1/data/cam3/cam3_20260110_125700.jpg,0
2026-01-10T12:57:01.963152,cam4,/content/drive/MyDrive/TrafficCameraData1/data/cam4/cam4_20260110_125701.jpg,0
2026-01-10T12:57:02.738855,cam5,/content/drive/MyDrive/TrafficCameraData1/data/cam5/cam5_20260110_125702.jpg,0
2026-01-10T12:57:03.849929,cam6,/content/drive/MyDrive/TrafficCameraData1/data/cam6/cam6_20260110_125703.jpg,0
2026-01-10T12:57:04.659953,cam7,/content/drive/MyDrive/TrafficCameraData1/data/cam7/cam7_20260110_125704.jpg,0
2026-01-10T12:57:05.742865,cam8,/content/drive/MyDrive/TrafficCameraData1/data/cam8/cam8_20260110_125705.jpg,0
2026-01-10T13:01:58.001753,cam1,/content/drive/MyDrive/TrafficCameraData1/data/cam1/cam1_20260110_130158.jpg,0
2026-01-10T13:01:58.795134,cam2,/content/drive/MyDrive/TrafficCameraData1/data/cam2/cam2_20260110_130158.jpg,0
2026-01-10T13:02:00.583234,cam3,/content/drive/MyDrive/TrafficCameraData1/data/cam3/cam3_20260110_130200.jpg,0
2026-01-10T13:02:01.436601,cam4,/content/drive/MyDrive/TrafficCameraData1/data/cam4/cam4_20260110_130201.jpg,0
2026-01-10T13:02:02.619658,cam5,/content/drive/MyDrive/TrafficCameraData1/data/cam5/cam5_20260110_130202.jpg,0
2026-01-10T13:02:03.959401,cam6,/content/drive/MyDrive/TrafficCameraData1/data/cam6/cam6_20260110_130203.jpg,0
2026-01-10T13:02:06.250550,cam7,/content/drive/MyDrive/TrafficCameraData1/data/cam7/cam7_20260110_130206.jpg,0
2026-01-10T13:02:07.070036,cam8,/content/drive/MyDrive/TrafficCameraData1/data/cam8/cam8_20260110_130207.jpg,0
2026-01-10T13:06:58.001712,cam1,/content/drive/MyDrive/TrafficCameraData1/data/cam1/cam1_20260110_130658.jpg,0
2026-01-10T13:06:58.843247,cam2,/content/drive/MyDrive/TrafficCameraData1/data/cam2/cam2_20260110_130658.jpg,0
2026-01-10T13:06:59.993984,cam3,/content/drive/MyDrive/TrafficCameraData1/data/cam3/cam3_20260110_130659.jpg,0
2026-01-10T13:07:01.594454,cam4,/content/drive/MyDrive/TrafficCameraData1/data/cam4/cam4_20260110_130701.jpg,0
2026-01-10T13:07:02.451354,cam5,/content/drive/MyDrive/TrafficCameraData1/data/cam5/cam5_20260110_130702.jpg,0
2026-01-10T13:07:03.253883,cam6,/content/drive/MyDrive/TrafficCameraData1/data/cam6/cam6_20260110_130703.jpg,0
2026-01-10T13:07:05.919890,cam7,/content/drive/MyDrive/TrafficCameraData1/data/cam7/cam7_20260110_130705.jpg,0
2026-01-10T13:07:07.156973,cam8,/content/drive/MyDrive/TrafficCameraData1/data/cam8/cam8_20260110_130707.jpg,0
2026-01-10T13:11:58.002151,cam1,/content/drive/MyDrive/TrafficCameraData1/data/cam1/cam1_20260110_131158.jpg,0
2026-01-10T13:11:58.819946,cam2,/content/drive/MyDrive/TrafficCameraData1/data/cam2/cam2_20260110_131158.jpg,0
2026-01-10T13:11:59.604365,cam3,/content/drive/MyDrive/TrafficCameraData1/data/cam3/cam3_20260110_131159.jpg,0
2026-01-10T13:12:00.390181,cam4,/content/drive/MyDrive/TrafficCameraData1/data/cam4/cam4_20260110_131200.jpg,0
2026-01-10T13:12:01.826488,cam5,/content/drive/MyDrive/TrafficCameraData1/data/cam5/cam5_20260110_131201.jpg,0
2026-01-10T13:12:02.603513,cam6,/content/drive/MyDrive/TrafficCameraData1/data/cam6/cam6_20260110_131202.jpg,0
2026-01-10T13:12:04.263971,cam7,/content/drive/MyDrive/TrafficCameraData1/data/cam7/cam7_20260110_131204.jpg,0
2026-01-10T13:12:06.059833,cam8,/content/drive/MyDrive/TrafficCameraData1/data/cam8/cam8_20260110_131206.jpg,0
2026-01-10T13:16:58.002562,cam1,/content/drive/MyDrive/TrafficCameraData1/data/cam1/cam1_20260110_131658.jpg,0
2026-01-10T13:16:58.993708,cam2,/content/drive/MyDrive/TrafficCameraData1/data/cam2/cam2_20260110_131658.jpg,0
2026-01-10T13:16:59.791271,cam3,/content/drive/MyDrive/TrafficCameraData1/data/cam3/cam3_20260110_131659.jpg,0
2026-01-10T13:17:00.576492,cam4,/content/drive/MyDrive/TrafficCameraData1/data/cam4/cam4_20260110_131700.jpg,0
2026-01-10T13:17:01.947098,cam5,/content/drive/MyDrive/TrafficCameraData1/data/cam5/cam5_20260110_131701.jpg,0
2026-01-10T13:17:02.723987,cam6,/content/drive/MyDrive/TrafficCameraData1/data/cam6/cam6_20260110_131702.jpg,0
2026-01-10T13:17:03.524635,cam7,/content/drive/MyDrive/TrafficCameraData1/data/cam7/cam7_20260110_131703.jpg,0
2026-01-10T13:17:04.298146,cam8,/content/drive/MyDrive/TrafficCameraData1/data/cam8/cam8_20260110_131704.jpg,0
2026-01-10T13:21:58.002593,cam1,/content/drive/MyDrive/TrafficCameraData1/data/cam1/cam1_20260110_132158.jpg,0
2026-01-10T13:21:58.994888,cam2,/content/drive/MyDrive/TrafficCameraData1/data/cam2/cam2_20260110_132158.jpg,0
2026-01-10T13:22:00.471392,cam3,/content/drive/MyDrive/TrafficCameraData1/data/cam3/cam3_20260110_132200.jpg,0
2026-01-10T13:22:01.353433,cam4,/content/drive/MyDrive/TrafficCameraData1/data/cam4/cam4_20260110_132201.jpg,0
2026-01-10T13:22:02.127480,cam5,/content/drive/MyDrive/TrafficCameraData1/data/cam5/cam5_20260110_132202.jpg,0
2026-01-10T13:22:03.506777,cam6,/content/drive/MyDrive/TrafficCameraData1/data/cam6/cam6_20260110_132203.jpg,0
2026-01-10T13:22:04.571546,cam7,/content/drive/MyDrive/TrafficCameraData1/data/cam7/cam7_20260110_132204.jpg,0
2026-01-10T13:22:05.351744,cam8,/content/drive/MyDrive/TrafficCameraData1/data/cam8/cam8_20260110_132205.jpg,0
2026-01-10T14:31:32.062387,cam1,/content/drive/MyDrive/TrafficCameraData1/data/cam1/cam1_20260110_143132.jpg,0
2026-01-10T14:31:37.816288,cam2,/content/drive/MyDrive/TrafficCameraData1/data/cam2/cam2_20260110_143137.jpg,0
2026-01-10T14:31:42.269543,cam3,/content/drive/MyDrive/TrafficCameraData1/data/cam3/cam3_20260110_143142.jpg,0
2026-01-10T14:31:45.257590,cam4,/content/drive/MyDrive/TrafficCameraData1/data/cam4/cam4_20260110_143145.jpg,0
2026-01-10T14:31:48.170198,cam5,/content/drive/MyDrive/TrafficCameraData1/data/cam5/cam5_20260110_143148.jpg,0
2026-01-10T14:31:51.379546,cam6,/content/drive/MyDrive/TrafficCameraData1/data/cam6/cam6_20260110_143151.jpg,0
2026-01-10T14:31:54.810632,cam7,/content/drive/MyDrive/TrafficCameraData1/data/cam7/cam7_20260110_143154.jpg,0
2026-01-10T14:31:58.088200,cam8,/content/drive/MyDrive/TrafficCameraData1/data/cam8/cam8_20260110_143158.jpg,0
2026-01-10T14:36:32.062604,cam1,/content/drive/MyDrive/TrafficCameraData1/data/cam1/cam1_20260110_143632.jpg,0
2026-01-10T14:36:33.560126,cam2,/content/drive/MyDrive/TrafficCameraData1/data/cam2/cam2_20260110_143633.jpg,0
2026-01-10T14:36:34.366730,cam3,/content/drive/MyDrive/TrafficCameraData1/data/cam3/cam3_20260110_143634.jpg,0
2026-01-10T14:36:35.752640,cam4,/content/drive/MyDrive/TrafficCameraData1/data/cam4/cam4_20260110_143635.jpg,0
2026-01-10T14:36:36.596417,cam5,/content/drive/MyDrive/TrafficCameraData1/data/cam5/cam5_20260110_143636.jpg,0
2026-01-10T14:36:37.289053,cam6,/content/drive/MyDrive/TrafficCameraData1/data/cam6/cam6_20260110_143637.jpg,0
2026-01-10T14:36:38.271708,cam7,/content/drive/MyDrive/TrafficCameraData1/data/cam7/cam7_20260110_143638.jpg,0
2026-01-10T14:36:39.708067,cam8,/content/drive/MyDrive/TrafficCameraData1/data/cam8/cam8_20260110_143639.jpg,0
2026-01-10T14:41:32.062776,cam1,/content/drive/MyDrive/TrafficCameraData1/data/cam1/cam1_20260110_144132.jpg,0
2026-01-10T14:41:33.509464,cam2,/content/drive/MyDrive/TrafficCameraData1/data/cam2/cam2_20260110_144133.jpg,0
2026-01-10T14:41:34.750222,cam3,/content/drive/MyDrive/TrafficCameraData1/data/cam3/cam3_20260110_144134.jpg,0
2026-01-10T14:41:35.556751,cam4,/content/drive/MyDrive/TrafficCameraData1/data/cam4/cam4_20260110_144135.jpg,0
2026-01-10T14:41:36.454987,cam5,/content/drive/MyDrive/TrafficCameraData1/data/cam5/cam5_20260110_144136.jpg,0
2026-01-10T14:41:37.238830,cam6,/content/drive/MyDrive/TrafficCameraData1/data/cam6/cam6_20260110_144137.jpg,0
2026-01-10T14:41:38.036814,cam7,/content/drive/MyDrive/TrafficCameraData1/data/cam7/cam7_20260110_144138.jpg,0
2026-01-10T14:41:39.230012,cam8,/content/drive/MyDrive/TrafficCameraData1/data/cam8/cam8_20260110_144139.jpg,0
2026-01-10T14:46:32.063023,cam1,/content/drive/MyDrive/TrafficCameraData1/data/cam1/cam1_20260110_144632.jpg,0
2026-01-10T14:46:33.384823,cam2,/content/drive/MyDrive/TrafficCameraData1/data/cam2/cam2_20260110_144633.jpg,0
2026-01-10T14:46:34.184144,cam3,/content/drive/MyDrive/TrafficCameraData1/data/cam3/cam3_20260110_144634.jpg,0
2026-01-10T14:46:35.665037,cam4,/content/drive/MyDrive/TrafficCameraData1/data/cam4/cam4_20260110_144635.jpg,0
2026-01-10T14:46:36.462376,cam5,/content/drive/MyDrive/TrafficCameraData1/data/cam5/cam5_20260110_144636.jpg,0
2026-01-10T14:46:37.088100,cam6,/content/drive/MyDrive/TrafficCameraData1/data/cam6/cam6_20260110_144637.jpg,0
2026-01-10T14:46:38.780084,cam7,/content/drive/MyDrive/TrafficCameraData1/data/cam7/cam7_20260110_144638.jpg,0
2026-01-10T14:46:39.640888,cam8,/content/drive/MyDrive/TrafficCameraData1/data/cam8/cam8_20260110_144639.jpg,0
2026-01-10T14:51:32.064506,cam1,/content/drive/MyDrive/TrafficCameraData1/data/cam1/cam1_20260110_145132.jpg,0
2026-01-10T14:51:33.119303,cam2,/content/drive/MyDrive/TrafficCameraData1/data/cam2/cam2_20260110_145133.jpg,0
2026-01-10T14:51:34.376633,cam3,/content/drive/MyDrive/TrafficCameraData1/data/cam3/cam3_20260110_145134.jpg,0
2026-01-10T14:51:35.182749,cam4,/content/drive/MyDrive/TrafficCameraData1/data/cam4/cam4_20260110_145135.jpg,0
2026-01-10T14:51:36.067414,cam5,/content/drive/MyDrive/TrafficCameraData1/data/cam5/cam5_20260110_145136.jpg,0
2026-01-10T14:51:36.642152,cam6,/content/drive/MyDrive/TrafficCameraData1/data/cam6/cam6_20260110_145136.jpg,0
2026-01-10T14:51:37.461328,cam7,/content/drive/MyDrive/TrafficCameraData1/data/cam7/cam7_20260110_145137.jpg,0
2026-01-10T14:51:40.011240,cam8,/content/drive/MyDrive/TrafficCameraData1/data/cam8/cam8_20260110_145140.jpg,0
2026-01-10T14:56:32.063466,cam1,/content/drive/MyDrive/TrafficCameraData1/data/cam1/cam1_20260110_145632.jpg,0
2026-01-10T14:56:33.444496,cam2,/content/drive/MyDrive/TrafficCameraData1/data/cam2/cam2_20260110_145633.jpg,0
2026-01-10T14:56:34.247219,cam3,/content/drive/MyDrive/TrafficCameraData1/data/cam3/cam3_20260110_145634.jpg,0
2026-01-10T14:56:35.123214,cam4,/content/drive/MyDrive/TrafficCameraData1/data/cam4/cam4_20260110_145635.jpg,0
2026-01-10T14:56:37.359411,cam5,/content/drive/MyDrive/TrafficCameraData1/data/cam5/cam5_20260110_145637.jpg,0
2026-01-10T14:56:38.038084,cam6,/content/drive/MyDrive/TrafficCameraData1/data/cam6/cam6_20260110_145638.jpg,0
2026-01-10T14:56:38.843366,cam7,/content/drive/MyDrive/TrafficCameraData1/data/cam7/cam7_20260110_145638.jpg,0
2026-01-10T14:56:39.659306,cam8,/content/drive/MyDrive/TrafficCameraData1/data/cam8/cam8_20260110_145639.jpg,0
2026-01-10T15:01:32.063647,cam1,/content/drive/MyDrive/TrafficCameraData1/data/cam1/cam1_20260110_150132.jpg,0
2026-01-10T15:01:32.885548,cam2,/content/drive/MyDrive/TrafficCameraData1/data/cam2/cam2_20260110_150132.jpg,0
2026-01-10T15:01:34.096800,cam3,/content/drive/MyDrive/TrafficCameraData1/data/cam3/cam3_20260110_150134.jpg,0
2026-01-10T15:01:36.427891,cam4,/content/drive/MyDrive/TrafficCameraData1/data/cam4/cam4_20260110_150136.jpg,0
2026-01-10T15:01:37.220842,cam5,/content/drive/MyDrive/TrafficCameraData1/data/cam5/cam5_20260110_150137.jpg,0
2026-01-10T15:01:38.042429,cam6,/content/drive/MyDrive/TrafficCameraData1/data/cam6/cam6_20260110_150138.jpg,0
2026-01-10T15:01:38.839745,cam7,/content/drive/MyDrive/TrafficCameraData1/data/cam7/cam7_20260110_150138.jpg,0
2026-01-10T15:01:39.635767,cam8,/content/drive/MyDrive/TrafficCameraData1/data/cam8/cam8_20260110_150139.jpg,0
2026-01-10T15:06:32.064156,cam1,/content/drive/MyDrive/TrafficCameraData1/data/cam1/cam1_20260110_150632.jpg,0
2026-01-10T15:06:33.101268,cam2,/content/drive/MyDrive/TrafficCameraData1/data/cam2/cam2_20260110_150633.jpg,0
2026-01-10T15:06:34.255010,cam3,/content/drive/MyDrive/TrafficCameraData1/data/cam3/cam3_20260110_150634.jpg,0
2026-01-10T15:06:35.836830,cam4,/content/drive/MyDrive/TrafficCameraData1/data/cam4/cam4_20260110_150635.jpg,0
2026-01-10T15:06:37.490016,cam5,/content/drive/MyDrive/TrafficCameraData1/data/cam5/cam5_20260110_150637.jpg,0
2026-01-10T15:06:38.817803,cam6,/content/drive/MyDrive/TrafficCameraData1/data/cam6/cam6_20260110_150638.jpg,0
2026-01-10T15:06:39.761877,cam7,/content/drive/MyDrive/TrafficCameraData1/data/cam7/cam7_20260110_150639.jpg,0
2026-01-10T15:06:40.747349,cam8,/content/drive/MyDrive/TrafficCameraData1/data/cam8/cam8_20260110_150640.jpg,0
2026-01-10T15:11:32.064578,cam1,/content/drive/MyDrive/TrafficCameraData1/data/cam1/cam1_20260110_151132.jpg,0
2026-01-10T15:11:33.330702,cam2,/content/drive/MyDrive/TrafficCameraData1/data/cam2/cam2_20260110_151133.jpg,0
2026-01-10T15:11:34.167600,cam3,/content/drive/MyDrive/TrafficCameraData1/data/cam3/cam3_20260110_151134.jpg,0
2026-01-10T15:11:36.081059,cam4,/content/drive/MyDrive/TrafficCameraData1/data/cam4/cam4_20260110_151136.jpg,0
2026-01-10T15:11:37.938389,cam5,/content/drive/MyDrive/TrafficCameraData1/data/cam5/cam5_20260110_151137.jpg,0
2026-01-10T15:11:41.086066,cam6,/content/drive/MyDrive/TrafficCameraData1/data/cam6/cam6_20260110_151141.jpg,0
2026-01-10T15:11:42.709206,cam7,/content/drive/MyDrive/TrafficCameraData1/data/cam7/cam7_20260110_151142.jpg,0
2026-01-10T15:11:43.508228,cam8,/content/drive/MyDrive/TrafficCameraData1/data/cam8/cam8_20260110_151143.jpg,0
2026-01-10T15:16:32.064296,cam1,/content/drive/MyDrive/TrafficCameraData1/data/cam1/cam1_20260110_151632.jpg,0
2026-01-10T15:16:33.708581,cam2,/content/drive/MyDrive/TrafficCameraData1/data/cam2/cam2_20260110_151633.jpg,0
2026-01-10T15:16:34.509104,cam3,/content/drive/MyDrive/TrafficCameraData1/data/cam3/cam3_20260110_151634.jpg,0
2026-01-10T15:16:35.967177,cam4,/content/drive/MyDrive/TrafficCameraData1/data/cam4/cam4_20260110_151635.jpg,0
2026-01-10T15:16:36.768630,cam5,/content/drive/MyDrive/TrafficCameraData1/data/cam5/cam5_20260110_151636.jpg,0
2026-01-10T15:16:37.348057,cam6,/content/drive/MyDrive/TrafficCameraData1/data/cam6/cam6_20260110_151637.jpg,0
2026-01-10T15:16:38.152063,cam7,/content/drive/MyDrive/TrafficCameraData1/data/cam7/cam7_20260110_151638.jpg,0
2026-01-10T15:16:38.957806,cam8,/content/drive/MyDrive/TrafficCameraData1/data/cam8/cam8_20260110_151638.jpg,0
2026-01-10T15:21:32.066189,cam1,/content/drive/MyDrive/TrafficCameraData1/data/cam1/cam1_20260110_152132.jpg,0
2026-01-10T15:21:33.522290,cam2,/content/drive/MyDrive/TrafficCameraData1/data/cam2/cam2_20260110_152133.jpg,0
2026-01-10T15:21:35.078689,cam3,/content/drive/MyDrive/TrafficCameraData1/data/cam3/cam3_20260110_152135.jpg,0
2026-01-10T15:21:35.903609,cam4,/content/drive/MyDrive/TrafficCameraData1/data/cam4/cam4_20260110_152135.jpg,0
2026-01-10T15:21:36.902782,cam5,/content/drive/MyDrive/TrafficCameraData1/data/cam5/cam5_20260110_152136.jpg,0
2026-01-10T15:21:37.479286,cam6,/content/drive/MyDrive/TrafficCameraData1/data/cam6/cam6_20260110_152137.jpg,0
2026-01-10T15:21:39.410671,cam7,/content/drive/MyDrive/TrafficCameraData1/data/cam7/cam7_20260110_152139.jpg,0
2026-01-10T15:21:40.718944,cam8,/content/drive/MyDrive/TrafficCameraData1/data/cam8/cam8_20260110_152140.jpg,0
2026-01-10T15:26:32.064816,cam1,/content/drive/MyDrive/TrafficCameraData1/data/cam1/cam1_20260110_152632.jpg,0
2026-01-10T15:26:33.103840,cam2,/content/drive/MyDrive/TrafficCameraData1/data/cam2/cam2_20260110_152633.jpg,0
2026-01-10T15:26:34.364811,cam3,/content/drive/MyDrive/TrafficCameraData1/data/cam3/cam3_20260110_152634.jpg,0
2026-01-10T15:26:35.164239,cam4,/content/drive/MyDrive/TrafficCameraData1/data/cam4/cam4_20260110_152635.jpg,0
2026-01-10T15:26:35.971344,cam5,/content/drive/MyDrive/TrafficCameraData1/data/cam5/cam5_20260110_152635.jpg,0
2026-01-10T15:26:37.200895,cam6,/content/drive/MyDrive/TrafficCameraData1/data/cam6/cam6_20260110_152637.jpg,0
2026-01-10T15:26:38.222428,cam7,/content/drive/MyDrive/TrafficCameraData1/data/cam7/cam7_20260110_152638.jpg,0
2026-01-10T15:26:39.013951,cam8,/content/drive/MyDrive/TrafficCameraData1/data/cam8/cam8_20260110_152639.jpg,0
2026-01-10T15:31:32.065053,cam1,/content/drive/MyDrive/TrafficCameraData1/data/cam1/cam1_20260110_153132.jpg,0
2026-01-10T15:31:33.423285,cam2,/content/drive/MyDrive/TrafficCameraData1/data/cam2/cam2_20260110_153133.jpg,0
2026-01-10T15:31:35.241945,cam3,/content/drive/MyDrive/TrafficCameraData1/data/cam3/cam3_20260110_153135.jpg,0
2026-01-10T15:31:37.274658,cam4,/content/drive/MyDrive/TrafficCameraData1/data/cam4/cam4_20260110_153137.jpg,0
2026-01-10T15:31:38.253058,cam5,/content/drive/MyDrive/TrafficCameraData1/data/cam5/cam5_20260110_153138.jpg,0
2026-01-10T15:31:39.415084,cam6,/content/drive/MyDrive/TrafficCameraData1/data/cam6/cam6_20260110_153139.jpg,0
2026-01-10T15:31:40.885817,cam7,/content/drive/MyDrive/TrafficCameraData1/data/cam7/cam7_20260110_153140.jpg,0
2026-01-10T15:31:41.688029,cam8,/content/drive/MyDrive/TrafficCameraData1/data/cam8/cam8_20260110_153141.jpg,0
2026-01-10T15:36:32.065091,cam1,/content/drive/MyDrive/TrafficCameraData1/data/cam1/cam1_20260110_153632.jpg,0
2026-01-10T15:36:32.864194,cam2,/content/drive/MyDrive/TrafficCameraData1/data/cam2/cam2_20260110_153632.jpg,0
2026-01-10T15:36:33.699342,cam3,/content/drive/MyDrive/TrafficCameraData1/data/cam3/cam3_20260110_153633.jpg,0
2026-01-10T15:36:34.502310,cam4,/content/drive/MyDrive/TrafficCameraData1/data/cam4/cam4_20260110_153634.jpg,0
2026-01-10T15:36:35.309308,cam5,/content/drive/MyDrive/TrafficCameraData1/data/cam5/cam5_20260110_153635.jpg,0
2026-01-10T15:36:35.880977,cam6,/content/drive/MyDrive/TrafficCameraData1/data/cam6/cam6_20260110_153635.jpg,0
2026-01-10T15:36:36.675938,cam7,/content/drive/MyDrive/TrafficCameraData1/data/cam7/cam7_20260110_153636.jpg,0
2026-01-10T15:36:37.949453,cam8,/content/drive/MyDrive/TrafficCameraData1/data/cam8/cam8_20260110_153637.jpg,0
2026-01-10T15:41:32.065514,cam1,/content/drive/MyDrive/TrafficCameraData1/data/cam1/cam1_20260110_154132.jpg,0
2026-01-10T15:41:33.109868,cam2,/content/drive/MyDrive/TrafficCameraData1/data/cam2/cam2_20260110_154133.jpg,0
2026-01-10T15:41:34.566658,cam3,/content/drive/MyDrive/TrafficCameraData1/data/cam3/cam3_20260110_154134.jpg,0
2026-01-10T15:41:35.402254,cam4,/content/drive/MyDrive/TrafficCameraData1/data/cam4/cam4_20260110_154135.jpg,0
2026-01-10T15:41:36.204514,cam5,/content/drive/MyDrive/TrafficCameraData1/data/cam5/cam5_20260110_154136.jpg,0
2026-01-10T15:41:37.581995,cam6,/content/drive/MyDrive/TrafficCameraData1/data/cam6/cam6_20260110_154137.jpg,0
2026-01-10T15:41:38.677699,cam7,/content/drive/MyDrive/TrafficCameraData1/data/cam7/cam7_20260110_154138.jpg,0
2026-01-10T15:41:39.477122,cam8,/content/drive/MyDrive/TrafficCameraData1/data/cam8/cam8_20260110_154139.jpg,0
2026-01-10T15:46:32.065750,cam1,/content/drive/MyDrive/TrafficCameraData1/data/cam1/cam1_20260110_154632.jpg,0
2026-01-10T15:46:33.083809,cam2,/content/drive/MyDrive/TrafficCameraData1/data/cam2/cam2_20260110_154633.jpg,0
2026-01-10T15:46:33.879565,cam3,/content/drive/MyDrive/TrafficCameraData1/data/cam3/cam3_20260110_154633.jpg,0
2026-01-10T15:46:34.679034,cam4,/content/drive/MyDrive/TrafficCameraData1/data/cam4/cam4_20260110_154634.jpg,0
2026-01-10T15:46:36.009407,cam5,/content/drive/MyDrive/TrafficCameraData1/data/cam5/cam5_20260110_154636.jpg,0
2026-01-10T15:46:36.803635,cam6,/content/drive/MyDrive/TrafficCameraData1/data/cam6/cam6_20260110_154636.jpg,0
2026-01-10T15:46:37.599693,cam7,/content/drive/MyDrive/TrafficCameraData1/data/cam7/cam7_20260110_154637.jpg,0
2026-01-10T15:46:38.896121,cam8,/content/drive/MyDrive/TrafficCameraData1/data/cam8/cam8_20260110_154638.jpg,0
2026-01-10T15:51:32.065985,cam1,/content/drive/MyDrive/TrafficCameraData1/data/cam1/cam1_20260110_155132.jpg,0
2026-01-10T15:51:32.864552,cam2,/content/drive/MyDrive/TrafficCameraData1/data/cam2/cam2_20260110_155132.jpg,0
2026-01-10T15:51:33.672048,cam3,/content/drive/MyDrive/TrafficCameraData1/data/cam3/cam3_20260110_155133.jpg,0
2026-01-10T15:51:34.474963,cam4,/content/drive/MyDrive/TrafficCameraData1/data/cam4/cam4_20260110_155134.jpg,0
2026-01-10T15:51:35.988203,cam5,/content/drive/MyDrive/TrafficCameraData1/data/cam5/cam5_20260110_155135.jpg,0
2026-01-10T15:51:37.105632,cam6,/content/drive/MyDrive/TrafficCameraData1/data/cam6/cam6_20260110_155137.jpg,0
2026-01-10T15:51:37.909783,cam7,/content/drive/MyDrive/TrafficCameraData1/data/cam7/cam7_20260110_155137.jpg,0
2026-01-10T15:51:38.710121,cam8,/content/drive/MyDrive/TrafficCameraData1/data/cam8/cam8_20260110_155138.jpg,0
2026-01-10T15:56:32.066231,cam1,/content/drive/MyDrive/TrafficCameraData1/data/cam1/cam1_20260110_155632.jpg,0
2026-01-10T15:56:32.863861,cam2,/content/drive/MyDrive/TrafficCameraData1/data/cam2/cam2_20260110_155632.jpg,0
2026-01-10T15:56:33.658597,cam3,/content/drive/MyDrive/TrafficCameraData1/data/cam3/cam3_20260110_155633.jpg,0
2026-01-10T15:56:35.518505,cam4,/content/drive/MyDrive/TrafficCameraData1/data/cam4/cam4_20260110_155635.jpg,0
2026-01-10T15:56:36.998890,cam5,/content/drive/MyDrive/TrafficCameraData1/data/cam5/cam5_20260110_155636.jpg,0
2026-01-10T15:56:37.953734,cam6,/content/drive/MyDrive/TrafficCameraData1/data/cam6/cam6_20260110_155637.jpg,0
2026-01-10T15:56:38.977390,cam7,/content/drive/MyDrive/TrafficCameraData1/data/cam7/cam7_20260110_155638.jpg,0
2026-01-10T15:56:39.982759,cam8,/content/drive/MyDrive/TrafficCameraData1/data/cam8/cam8_20260110_155639.jpg,0
2026-01-10T16:01:32.066342,cam1,/content/drive/MyDrive/TrafficCameraData1/data/cam1/cam1_20260110_160132.jpg,0
2026-01-10T16:01:32.959921,cam2,/content/drive/MyDrive/TrafficCameraData1/data/cam2/cam2_20260110_160132.jpg,0
2026-01-10T16:01:33.853097,cam3,/content/drive/MyDrive/TrafficCameraData1/data/cam3/cam3_20260110_160133.jpg,0
2026-01-10T16:01:35.752260,cam4,/content/drive/MyDrive/TrafficCameraData1/data/cam4/cam4_20260110_160135.jpg,0
2026-01-10T16:01:37.274629,cam5,/content/drive/MyDrive/TrafficCameraData1/data/cam5/cam5_20260110_160137.jpg,0
2026-01-10T16:01:37.903149,cam6,/content/drive/MyDrive/TrafficCameraData1/data/cam6/cam6_20260110_160137.jpg,0
2026-01-10T16:01:39.017884,cam7,/content/drive/MyDrive/TrafficCameraData1/data/cam7/cam7_20260110_160139.jpg,0
2026-01-10T16:01:39.924629,cam8,/content/drive/MyDrive/TrafficCameraData1/data/cam8/cam8_20260110_160139.jpg,0
2026-01-10T16:06:32.067929,cam1,/content/drive/MyDrive/TrafficCameraData1/data/cam1/cam1_20260110_160632.jpg,0
2026-01-10T16:06:34.432036,cam2,/content/drive/MyDrive/TrafficCameraData1/data/cam2/cam2_20260110_160634.jpg,0
2026-01-10T16:06:35.461672,cam3,/content/drive/MyDrive/TrafficCameraData1/data/cam3/cam3_20260110_160635.jpg,0
2026-01-10T16:06:37.677037,cam4,/content/drive/MyDrive/TrafficCameraData1/data/cam4/cam4_20260110_160637.jpg,0
2026-01-10T16:06:38.484660,cam5,/content/drive/MyDrive/TrafficCameraData1/data/cam5/cam5_20260110_160638.jpg,0
2026-01-10T16:06:39.646934,cam6,/content/drive/MyDrive/TrafficCameraData1/data/cam6/cam6_20260110_160639.jpg,0
2026-01-10T16:06:41.367847,cam7,/content/drive/MyDrive/TrafficCameraData1/data/cam7/cam7_20260110_160641.jpg,0
2026-01-10T16:06:42.167610,cam8,/content/drive/MyDrive/TrafficCameraData1/data/cam8/cam8_20260110_160642.jpg,0
2026-01-10T16:11:32.067921,cam1,/content/drive/MyDrive/TrafficCameraData1/data/cam1/cam1_20260110_161132.jpg,0
2026-01-10T16:11:32.866101,cam2,/content/drive/MyDrive/TrafficCameraData1/data/cam2/cam2_20260110_161132.jpg,0
2026-01-10T16:11:33.675637,cam3,/content/drive/MyDrive/TrafficCameraData1/data/cam3/cam3_20260110_161133.jpg,0
2026-01-10T16:11:35.112236,cam4,/content/drive/MyDrive/TrafficCameraData1/data/cam4/cam4_20260110_161135.jpg,0
2026-01-10T16:11:35.914222,cam5,/content/drive/MyDrive/TrafficCameraData1/data/cam5/cam5_20260110_161135.jpg,0
2026-01-10T16:11:36.711952,cam6,/content/drive/MyDrive/TrafficCameraData1/data/cam6/cam6_20260110_161136.jpg,0
2026-01-10T16:11:37.512297,cam7,/content/drive/MyDrive/TrafficCameraData1/data/cam7/cam7_20260110_161137.jpg,0
2026-01-10T16:11:39.137572,cam8,/content/drive/MyDrive/TrafficCameraData1/data/cam8/cam8_20260110_161139.jpg,0
2026-01-10T16:16:32.068181,cam1,/content/drive/MyDrive/TrafficCameraData1/data/cam1/cam1_20260110_161632.jpg,0
2026-01-10T16:16:33.087568,cam2,/content/drive/MyDrive/TrafficCameraData1/data/cam2/cam2_20260110_161633.jpg,0
2026-01-10T16:16:33.882972,cam3,/content/drive/MyDrive/TrafficCameraData1/data/cam3/cam3_20260110_161633.jpg,0
2026-01-10T16:16:34.943686,cam4,/content/drive/MyDrive/TrafficCameraData1/data/cam4/cam4_20260110_161634.jpg,0
2026-01-10T16:16:37.229624,cam5,/content/drive/MyDrive/TrafficCameraData1/data/cam5/cam5_20260110_161637.jpg,0
2026-01-10T16:16:38.028293,cam6,/content/drive/MyDrive/TrafficCameraData1/data/cam6/cam6_20260110_161638.jpg,0
2026-01-10T16:16:38.828586,cam7,/content/drive/MyDrive/TrafficCameraData1/data/cam7/cam7_20260110_161638.jpg,0
2026-01-10T16:16:39.794626,cam8,/content/drive/MyDrive/TrafficCameraData1/data/cam8/cam8_20260110_161639.jpg,0
2026-01-10T16:21:32.068347,cam1,/content/drive/MyDrive/TrafficCameraData1/data/cam1/cam1_20260110_162132.jpg,0
2026-01-10T16:21:32.934092,cam2,/content/drive/MyDrive/TrafficCameraData1/data/cam2/cam2_20260110_162132.jpg,0
2026-01-10T16:21:33.731795,cam3,/content/drive/MyDrive/TrafficCameraData1/data/cam3/cam3_20260110_162133.jpg,0
2026-01-10T16:21:34.747554,cam4,/content/drive/MyDrive/TrafficCameraData1/data/cam4/cam4_20260110_162134.jpg,0
2026-01-10T16:21:35.547898,cam5,/content/drive/MyDrive/TrafficCameraData1/data/cam5/cam5_20260110_162135.jpg,0
2026-01-10T16:21:36.353037,cam6,/content/drive/MyDrive/TrafficCameraData1/data/cam6/cam6_20260110_162136.jpg,0
2026-01-10T16:21:37.194633,cam7,/content/drive/MyDrive/TrafficCameraData1/data/cam7/cam7_20260110_162137.jpg,0
2026-01-10T16:21:37.994156,cam8,/content/drive/MyDrive/TrafficCameraData1/data/cam8/cam8_20260110_162137.jpg,0
2026-01-10T16:26:32.068750,cam1,/content/drive/MyDrive/TrafficCameraData1/data/cam1/cam1_20260110_162632.jpg,0
2026-01-10T16:26:32.868251,cam2,/content/drive/MyDrive/TrafficCameraData1/data/cam2/cam2_20260110_162632.jpg,0
2026-01-10T16:26:33.666862,cam3,/content/drive/MyDrive/TrafficCameraData1/data/cam3/cam3_20260110_162633.jpg,0
2026-01-10T16:26:35.264936,cam4,/content/drive/MyDrive/TrafficCameraData1/data/cam4/cam4_20260110_162635.jpg,0
2026-01-10T16:26:36.079323,cam5,/content/drive/MyDrive/TrafficCameraData1/data/cam5/cam5_20260110_162636.jpg,0
2026-01-10T16:26:36.663129,cam6,/content/drive/MyDrive/TrafficCameraData1/data/cam6/cam6_20260110_162636.jpg,0
2026-01-10T16:26:37.463365,cam7,/content/drive/MyDrive/TrafficCameraData1/data/cam7/cam7_20260110_162637.jpg,0
2026-01-10T16:26:38.270120,cam8,/content/drive/MyDrive/TrafficCameraData1/data/cam8/cam8_20260110_162638.jpg,0
2026-01-10T16:31:32.068826,cam1,/content/drive/MyDrive/TrafficCameraData1/data/cam1/cam1_20260110_163132.jpg,0
2026-01-10T16:31:32.878037,cam2,/content/drive/MyDrive/TrafficCameraData1/data/cam2/cam2_20260110_163132.jpg,0
2026-01-10T16:31:33.857198,cam3,/content/drive/MyDrive/TrafficCameraData1/data/cam3/cam3_20260110_163133.jpg,0
2026-01-10T16:31:34.684218,cam4,/content/drive/MyDrive/TrafficCameraData1/data/cam4/cam4_20260110_163134.jpg,0
2026-01-10T16:31:35.483662,cam5,/content/drive/MyDrive/TrafficCameraData1/data/cam5/cam5_20260110_163135.jpg,0
2026-01-10T16:31:36.275245,cam6,/content/drive/MyDrive/TrafficCameraData1/data/cam6/cam6_20260110_163136.jpg,0
2026-01-10T16:31:37.090704,cam7,/content/drive/MyDrive/TrafficCameraData1/data/cam7/cam7_20260110_163137.jpg,0
2026-01-10T16:31:38.029234,cam8,/content/drive/MyDrive/TrafficCameraData1/data/cam8/cam8_20260110_163138.jpg,0
2026-01-10T23:36:44.817083,cam1,/content/drive/MyDrive/TrafficCameraData1/data/cam1/cam1_20260110_233644.jpg,0
2026-01-10T23:36:49.609023,cam2,/content/drive/MyDrive/TrafficCameraData1/data/cam2/cam2_20260110_233649.jpg,0
2026-01-10T23:36:50.154755,cam3,/content/drive/MyDrive/TrafficCameraData1/data/cam3/cam3_20260110_233650.jpg,0
2026-01-10T23:36:50.659999,cam4,/content/drive/MyDrive/TrafficCameraData1/data/cam4/cam4_20260110_233650.jpg,0
2026-01-10T23:36:51.148939,cam5,/content/drive/MyDrive/TrafficCameraData1/data/cam5/cam5_20260110_233651.jpg,0
2026-01-10T23:36:51.638766,cam6,/content/drive/MyDrive/TrafficCameraData1/data/cam6/cam6_20260110_233651.jpg,0
2026-01-10T23:36:52.117168,cam7,/content/drive/MyDrive/TrafficCameraData1/data/cam7/cam7_20260110_233652.jpg,0
2026-01-10T23:36:52.595768,cam8,/content/drive/MyDrive/TrafficCameraData1/data/cam8/cam8_20260110_233652.jpg,0
2026-01-10T23:41:45.679916,cam1,/content/drive/MyDrive/TrafficCameraData1/data/cam1/cam1_20260110_234145.jpg,0
2026-01-10T23:41:50.280447,cam2,/content/drive/MyDrive/TrafficCameraData1/data/cam2/cam2_20260110_234150.jpg,0
2026-01-10T23:41:54.112187,cam3,/content/drive/MyDrive/TrafficCameraData1/data/cam3/cam3_20260110_234154.jpg,0
2026-01-10T23:41:54.812148,cam4,/content/drive/MyDrive/TrafficCameraData1/data/cam4/cam4_20260110_234154.jpg,0
2026-01-10T23:41:55.478638,cam5,/content/drive/MyDrive/TrafficCameraData1/data/cam5/cam5_20260110_234155.jpg,0
2026-01-10T23:41:55.962255,cam6,/content/drive/MyDrive/TrafficCameraData1/data/cam6/cam6_20260110_234155.jpg,0
2026-01-10T23:41:56.436334,cam7,/content/drive/MyDrive/TrafficCameraData1/data/cam7/cam7_20260110_234156.jpg,0
2026-01-10T23:41:56.912557,cam8,/content/drive/MyDrive/TrafficCameraData1/data/cam8/cam8_20260110_234156.jpg,0
2026-01-10T23:46:44.497564,cam1,/content/drive/MyDrive/TrafficCameraData1/data/cam1/cam1_20260110_234644.jpg,0
2026-01-10T23:46:45.050924,cam2,/content/drive/MyDrive/TrafficCameraData1/data/cam2/cam2_20260110_234645.jpg,0
2026-01-10T23:46:45.598973,cam3,/content/drive/MyDrive/TrafficCameraData1/data/cam3/cam3_20260110_234645.jpg,0
2026-01-10T23:46:46.102144,cam4,/content/drive/MyDrive/TrafficCameraData1/data/cam4/cam4_20260110_234646.jpg,0
2026-01-10T23:46:46.581097,cam5,/content/drive/MyDrive/TrafficCameraData1/data/cam5/cam5_20260110_234646.jpg,0
2026-01-10T23:46:47.054528,cam6,/content/drive/MyDrive/TrafficCameraData1/data/cam6/cam6_20260110_234647.jpg,0
2026-01-10T23:46:47.555575,cam7,/content/drive/MyDrive/TrafficCameraData1/data/cam7/cam7_20260110_234647.jpg,0
2026-01-10T23:46:48.029970,cam8,/content/drive/MyDrive/TrafficCameraData1/data/cam8/cam8_20260110_234648.jpg,0
2026-01-10T23:51:44.497799,cam1,/content/drive/MyDrive/TrafficCameraData1/data/cam1/cam1_20260110_235144.jpg,0
2026-01-10T23:51:52.277196,cam2,/content/drive/MyDrive/TrafficCameraData1/data/cam2/cam2_20260110_235152.jpg,0
2026-01-10T23:52:03.824239,cam3,/content/drive/MyDrive/TrafficCameraData1/data/cam3/cam3_20260110_235203.jpg,0
2026-01-10T23:52:05.638354,cam4,/content/drive/MyDrive/TrafficCameraData1/data/cam4/cam4_20260110_235205.jpg,0
2026-01-10T23:52:25.089898,cam5,/content/drive/MyDrive/TrafficCameraData1/data/cam5/cam5_20260110_235225.jpg,0
2026-01-10T23:52:34.128840,cam6,/content/drive/MyDrive/TrafficCameraData1/data/cam6/cam6_20260110_235234.jpg,0
2026-01-10T23:52:37.641961,cam7,/content/drive/MyDrive/TrafficCameraData1/data/cam7/cam7_20260110_235237.jpg,0
2026-01-10T23:52:39.657457,cam8,/content/drive/MyDrive/TrafficCameraData1/data/cam8/cam8_20260110_235239.jpg,0
2026-01-10T23:56:44.497989,cam1,/content/drive/MyDrive/TrafficCameraData1/data/cam1/cam1_20260110_235644.jpg,0
2026-01-10T23:56:45.052754,cam2,/content/drive/MyDrive/TrafficCameraData1/data/cam2/cam2_20260110_235645.jpg,0
2026-01-10T23:56:45.712081,cam3,/content/drive/MyDrive/TrafficCameraData1/data/cam3/cam3_20260110_235645.jpg,0
2026-01-10T23:56:46.213144,cam4,/content/drive/MyDrive/TrafficCameraData1/data/cam4/cam4_20260110_235646.jpg,0
2026-01-10T23:56:46.693052,cam5,/content/drive/MyDrive/TrafficCameraData1/data/cam5/cam5_20260110_235646.jpg,0
2026-01-10T23:56:47.101832,cam6,/content/drive/MyDrive/TrafficCameraData1/data/cam6/cam6_20260110_235647.jpg,0
2026-01-10T23:56:47.583756,cam7,/content/drive/MyDrive/TrafficCameraData1/data/cam7/cam7_20260110_235647.jpg,0
2026-01-10T23:56:48.106144,cam8,/content/drive/MyDrive/TrafficCameraData1/data/cam8/cam8_20260110_235648.jpg,0
2026-01-11T00:01:44.498401,cam1,/content/drive/MyDrive/TrafficCameraData1/data/cam1/cam1_20260111_000144.jpg,0
2026-01-11T00:01:44.976229,cam2,/content/drive/MyDrive/TrafficCameraData1/data/cam2/cam2_20260111_000144.jpg,0
2026-01-11T00:01:45.492435,cam3,/content/drive/MyDrive/TrafficCameraData1/data/cam3/cam3_20260111_000145.jpg,0
2026-01-11T00:01:46.007226,cam4,/content/drive/MyDrive/TrafficCameraData1/data/cam4/cam4_20260111_000146.jpg,0
2026-01-11T00:01:46.486999,cam5,/content/drive/MyDrive/TrafficCameraData1/data/cam5/cam5_20260111_000146.jpg,0
2026-01-11T00:01:46.897099,cam6,/content/drive/MyDrive/TrafficCameraData1/data/cam6/cam6_20260111_000146.jpg,0
2026-01-11T00:01:47.434832,cam7,/content/drive/MyDrive/TrafficCameraData1/data/cam7/cam7_20260111_000147.jpg,0
2026-01-11T00:01:48.088330,cam8,/content/drive/MyDrive/TrafficCameraData1/data/cam8/cam8_20260111_000148.jpg,0
2026-01-11T00:06:44.498609,cam1,/content/drive/MyDrive/TrafficCameraData1/data/cam1/cam1_20260111_000644.jpg,0
2026-01-11T00:06:45.086330,cam2,/content/drive/MyDrive/TrafficCameraData1/data/cam2/cam2_20260111_000645.jpg,0
2026-01-11T00:06:45.587167,cam3,/content/drive/MyDrive/TrafficCameraData1/data/cam3/cam3_20260111_000645.jpg,0
2026-01-11T00:06:46.070704,cam4,/content/drive/MyDrive/TrafficCameraData1/data/cam4/cam4_20260111_000646.jpg,0
2026-01-11T00:06:47.066218,cam5,/content/drive/MyDrive/TrafficCameraData1/data/cam5/cam5_20260111_000647.jpg,0
2026-01-11T00:06:47.540688,cam6,/content/drive/MyDrive/TrafficCameraData1/data/cam6/cam6_20260111_000647.jpg,0
2026-01-11T00:06:48.019476,cam7,/content/drive/MyDrive/TrafficCameraData1/data/cam7/cam7_20260111_000648.jpg,0
2026-01-11T00:06:48.597223,cam8,/content/drive/MyDrive/TrafficCameraData1/data/cam8/cam8_20260111_000648.jpg,0
2026-01-11T00:11:44.498865,cam1,/content/drive/MyDrive/TrafficCameraData1/data/cam1/cam1_20260111_001144.jpg,0
2026-01-11T00:11:45.221034,cam2,/content/drive/MyDrive/TrafficCameraData1/data/cam2/cam2_20260111_001145.jpg,0
2026-01-11T00:11:45.800123,cam3,/content/drive/MyDrive/TrafficCameraData1/data/cam3/cam3_20260111_001145.jpg,0
2026-01-11T00:11:46.541410,cam4,/content/drive/MyDrive/TrafficCameraData1/data/cam4/cam4_20260111_001146.jpg,0
2026-01-11T00:11:47.569296,cam5,/content/drive/MyDrive/TrafficCameraData1/data/cam5/cam5_20260111_001147.jpg,0
2026-01-11T00:11:48.253357,cam6,/content/drive/MyDrive/TrafficCameraData1/data/cam6/cam6_20260111_001148.jpg,0
2026-01-11T00:11:48.736462,cam7,/content/drive/MyDrive/TrafficCameraData1/data/cam7/cam7_20260111_001148.jpg,0
2026-01-11T00:11:49.225099,cam8,/content/drive/MyDrive/TrafficCameraData1/data/cam8/cam8_20260111_001149.jpg,0
2026-01-11T00:16:44.498983,cam1,/content/drive/MyDrive/TrafficCameraData1/data/cam1/cam1_20260111_001644.jpg,0
2026-01-11T00:16:44.976017,cam2,/content/drive/MyDrive/TrafficCameraData1/data/cam2/cam2_20260111_001644.jpg,0
2026-01-11T00:16:45.454517,cam3,/content/drive/MyDrive/TrafficCameraData1/data/cam3/cam3_20260111_001645.jpg,0
2026-01-11T00:16:45.955422,cam4,/content/drive/MyDrive/TrafficCameraData1/data/cam4/cam4_20260111_001645.jpg,0
2026-01-11T00:16:46.435738,cam5,/content/drive/MyDrive/TrafficCameraData1/data/cam5/cam5_20260111_001646.jpg,0
2026-01-11T00:16:46.911607,cam6,/content/drive/MyDrive/TrafficCameraData1/data/cam6/cam6_20260111_001646.jpg,0
2026-01-11T00:16:47.857668,cam7,/content/drive/MyDrive/TrafficCameraData1/data/cam7/cam7_20260111_001647.jpg,0
2026-01-11T00:16:48.333446,cam8,/content/drive/MyDrive/TrafficCameraData1/data/cam8/cam8_20260111_001648.jpg,0
2026-01-11T00:21:44.499270,cam1,/content/drive/MyDrive/TrafficCameraData1/data/cam1/cam1_20260111_002144.jpg,0
2026-01-11T00:21:45.008478,cam2,/content/drive/MyDrive/TrafficCameraData1/data/cam2/cam2_20260111_002145.jpg,0
2026-01-11T00:21:45.537695,cam3,/content/drive/MyDrive/TrafficCameraData1/data/cam3/cam3_20260111_002145.jpg,0
2026-01-11T00:21:46.075856,cam4,/content/drive/MyDrive/TrafficCameraData1/data/cam4/cam4_20260111_002146.jpg,0
2026-01-11T00:21:46.578010,cam5,/content/drive/MyDrive/TrafficCameraData1/data/cam5/cam5_20260111_002146.jpg,0
2026-01-11T00:21:47.001720,cam6,/content/drive/MyDrive/TrafficCameraData1/data/cam6/cam6_20260111_002147.jpg,0
2026-01-11T00:21:47.476133,cam7,/content/drive/MyDrive/TrafficCameraData1/data/cam7/cam7_20260111_002147.jpg,0
2026-01-11T00:21:47.965880,cam8,/content/drive/MyDrive/TrafficCameraData1/data/cam8/cam8_20260111_002147.jpg,0
2026-01-11T00:26:44.499429,cam1,/content/drive/MyDrive/TrafficCameraData1/data/cam1/cam1_20260111_002644.jpg,0
2026-01-11T00:26:45.042129,cam2,/content/drive/MyDrive/TrafficCameraData1/data/cam2/cam2_20260111_002645.jpg,0
2026-01-11T00:26:45.519247,cam3,/content/drive/MyDrive/TrafficCameraData1/data/cam3/cam3_20260111_002645.jpg,0
2026-01-11T00:26:46.005373,cam4,/content/drive/MyDrive/TrafficCameraData1/data/cam4/cam4_20260111_002646.jpg,0
2026-01-11T00:26:46.485646,cam5,/content/drive/MyDrive/TrafficCameraData1/data/cam5/cam5_20260111_002646.jpg,0
2026-01-11T00:26:46.961767,cam6,/content/drive/MyDrive/TrafficCameraData1/data/cam6/cam6_20260111_002646.jpg,0
2026-01-11T00:26:47.443219,cam7,/content/drive/MyDrive/TrafficCameraData1/data/cam7/cam7_20260111_002647.jpg,0
2026-01-11T00:26:47.923873,cam8,/content/drive/MyDrive/TrafficCameraData1/data/cam8/cam8_20260111_002647.jpg,0
2026-01-11T00:31:44.499605,cam1,/content/drive/MyDrive/TrafficCameraData1/data/cam1/cam1_20260111_003144.jpg,0
2026-01-11T00:31:45.513489,cam2,/content/drive/MyDrive/TrafficCameraData1/data/cam2/cam2_20260111_003145.jpg,0
2026-01-11T00:31:45.991316,cam3,/content/drive/MyDrive/TrafficCameraData1/data/cam3/cam3_20260111_003145.jpg,0
2026-01-11T00:31:46.787627,cam4,/content/drive/MyDrive/TrafficCameraData1/data/cam4/cam4_20260111_003146.jpg,0
2026-01-11T00:31:47.273625,cam5,/content/drive/MyDrive/TrafficCameraData1/data/cam5/cam5_20260111_003147.jpg,0
2026-01-11T00:31:47.748262,cam6,/content/drive/MyDrive/TrafficCameraData1/data/cam6/cam6_20260111_003147.jpg,0
2026-01-11T00:31:48.225633,cam7,/content/drive/MyDrive/TrafficCameraData1/data/cam7/cam7_20260111_003148.jpg,0
2026-01-11T00:31:48.697887,cam8,/content/drive/MyDrive/TrafficCameraData1/data/cam8/cam8_20260111_003148.jpg,0
2026-01-11T00:36:44.499763,cam1,/content/drive/MyDrive/TrafficCameraData1/data/cam1/cam1_20260111_003644.jpg,0
2026-01-11T00:36:45.011330,cam2,/content/drive/MyDrive/TrafficCameraData1/data/cam2/cam2_20260111_003645.jpg,0
2026-01-11T00:36:45.661724,cam3,/content/drive/MyDrive/TrafficCameraData1/data/cam3/cam3_20260111_003645.jpg,0
2026-01-11T00:36:46.217358,cam4,/content/drive/MyDrive/TrafficCameraData1/data/cam4/cam4_20260111_003646.jpg,0
2026-01-11T00:36:46.941720,cam5,/content/drive/MyDrive/TrafficCameraData1/data/cam5/cam5_20260111_003646.jpg,0
2026-01-11T00:36:47.459172,cam6,/content/drive/MyDrive/TrafficCameraData1/data/cam6/cam6_20260111_003647.jpg,0
2026-01-11T00:36:48.676415,cam7,/content/drive/MyDrive/TrafficCameraData1/data/cam7/cam7_20260111_003648.jpg,0
2026-01-11T00:36:49.150124,cam8,/content/drive/MyDrive/TrafficCameraData1/data/cam8/cam8_20260111_003649.jpg,0
2026-01-11T00:41:44.499985,cam1,/content/drive/MyDrive/TrafficCameraData1/data/cam1/cam1_20260111_004144.jpg,0
2026-01-11T00:41:45.230034,cam2,/content/drive/MyDrive/TrafficCameraData1/data/cam2/cam2_20260111_004145.jpg,0
2026-01-11T00:41:45.713277,cam3,/content/drive/MyDrive/TrafficCameraData1/data/cam3/cam3_20260111_004145.jpg,0
2026-01-11T00:41:46.196825,cam4,/content/drive/MyDrive/TrafficCameraData1/data/cam4/cam4_20260111_004146.jpg,0
2026-01-11T00:41:46.691862,cam5,/content/drive/MyDrive/TrafficCameraData1/data/cam5/cam5_20260111_004146.jpg,0
2026-01-11T00:41:47.170061,cam6,/content/drive/MyDrive/TrafficCameraData1/data/cam6/cam6_20260111_004147.jpg,0
2026-01-11T00:41:47.646173,cam7,/content/drive/MyDrive/TrafficCameraData1/data/cam7/cam7_20260111_004147.jpg,0
2026-01-11T00:41:48.119780,cam8,/content/drive/MyDrive/TrafficCameraData1/data/cam8/cam8_20260111_004148.jpg,0
2026-01-11T00:46:44.500146,cam1,/content/drive/MyDrive/TrafficCameraData1/data/cam1/cam1_20260111_004644.jpg,0
2026-01-11T00:46:44.976771,cam2,/content/drive/MyDrive/TrafficCameraData1/data/cam2/cam2_20260111_004644.jpg,0
2026-01-11T00:46:45.455331,cam3,/content/drive/MyDrive/TrafficCameraData1/data/cam3/cam3_20260111_004645.jpg,0
2026-01-11T00:46:45.940067,cam4,/content/drive/MyDrive/TrafficCameraData1/data/cam4/cam4_20260111_004645.jpg,0
2026-01-11T00:46:46.435268,cam5,/content/drive/MyDrive/TrafficCameraData1/data/cam5/cam5_20260111_004646.jpg,0
2026-01-11T00:46:46.858880,cam6,/content/drive/MyDrive/TrafficCameraData1/data/cam6/cam6_20260111_004646.jpg,0
2026-01-11T00:46:47.336377,cam7,/content/drive/MyDrive/TrafficCameraData1/data/cam7/cam7_20260111_004647.jpg,0
2026-01-11T00:46:47.811094,cam8,/content/drive/MyDrive/TrafficCameraData1/data/cam8/cam8_20260111_004647.jpg,0
2026-01-11T00:51:44.500481,cam1,/content/drive/MyDrive/TrafficCameraData1/data/cam1/cam1_20260111_005144.jpg,0
2026-01-11T00:51:45.092285,cam2,/content/drive/MyDrive/TrafficCameraData1/data/cam2/cam2_20260111_005145.jpg,0
2026-01-11T00:51:45.610564,cam3,/content/drive/MyDrive/TrafficCameraData1/data/cam3/cam3_20260111_005145.jpg,0
2026-01-11T00:51:46.113812,cam4,/content/drive/MyDrive/TrafficCameraData1/data/cam4/cam4_20260111_005146.jpg,0
2026-01-11T00:51:46.850606,cam5,/content/drive/MyDrive/TrafficCameraData1/data/cam5/cam5_20260111_005146.jpg,0
2026-01-11T00:51:47.376565,cam6,/content/drive/MyDrive/TrafficCameraData1/data/cam6/cam6_20260111_005147.jpg,0
2026-01-11T00:51:47.862732,cam7,/content/drive/MyDrive/TrafficCameraData1/data/cam7/cam7_20260111_005147.jpg,0
2026-01-11T00:51:48.436753,cam8,/content/drive/MyDrive/TrafficCameraData1/data/cam8/cam8_20260111_005148.jpg,0
2026-01-11T00:56:44.500424,cam1,/content/drive/MyDrive/TrafficCameraData1/data/cam1/cam1_20260111_005644.jpg,0
2026-01-11T00:56:45.279113,cam2,/content/drive/MyDrive/TrafficCameraData1/data/cam2/cam2_20260111_005645.jpg,0
2026-01-11T00:56:45.754859,cam3,/content/drive/MyDrive/TrafficCameraData1/data/cam3/cam3_20260111_005645.jpg,0
2026-01-11T00:56:46.244907,cam4,/content/drive/MyDrive/TrafficCameraData1/data/cam4/cam4_20260111_005646.jpg,0
2026-01-11T00:56:46.727039,cam5,/content/drive/MyDrive/TrafficCameraData1/data/cam5/cam5_20260111_005646.jpg,0
2026-01-11T00:56:47.139909,cam6,/content/drive/MyDrive/TrafficCameraData1/data/cam6/cam6_20260111_005647.jpg,0
2026-01-11T00:56:47.629746,cam7,/content/drive/MyDrive/TrafficCameraData1/data/cam7/cam7_20260111_005647.jpg,0
2026-01-11T00:56:48.039242,cam8,/content/drive/MyDrive/TrafficCameraData1/data/cam8/cam8_20260111_005648.jpg,0
2026-01-11T01:01:44.500703,cam1,/content/drive/MyDrive/TrafficCameraData1/data/cam1/cam1_20260111_010144.jpg,0
2026-01-11T01:01:45.047001,cam2,/content/drive/MyDrive/TrafficCameraData1/data/cam2/cam2_20260111_010145.jpg,0
2026-01-11T01:01:45.529771,cam3,/content/drive/MyDrive/TrafficCameraData1/data/cam3/cam3_20260111_010145.jpg,0
2026-01-11T01:01:46.017144,cam4,/content/drive/MyDrive/TrafficCameraData1/data/cam4/cam4_20260111_010146.jpg,0
2026-01-11T01:01:46.656855,cam5,/content/drive/MyDrive/TrafficCameraData1/data/cam5/cam5_20260111_010146.jpg,0
2026-01-11T01:01:47.776267,cam6,/content/drive/MyDrive/TrafficCameraData1/data/cam6/cam6_20260111_010147.jpg,0
2026-01-11T01:01:48.485503,cam7,/content/drive/MyDrive/TrafficCameraData1/data/cam7/cam7_20260111_010148.jpg,0
2026-01-11T01:01:49.371844,cam8,/content/drive/MyDrive/TrafficCameraData1/data/cam8/cam8_20260111_010149.jpg,0
2026-01-11T01:06:44.500914,cam1,/content/drive/MyDrive/TrafficCameraData1/data/cam1/cam1_20260111_010644.jpg,0
2026-01-11T01:06:45.082280,cam2,/content/drive/MyDrive/TrafficCameraData1/data/cam2/cam2_20260111_010645.jpg,0
2026-01-11T01:06:45.564894,cam3,/content/drive/MyDrive/TrafficCameraData1/data/cam3/cam3_20260111_010645.jpg,0
2026-01-11T01:06:46.103594,cam4,/content/drive/MyDrive/TrafficCameraData1/data/cam4/cam4_20260111_010646.jpg,0
2026-01-11T01:06:46.707919,cam5,/content/drive/MyDrive/TrafficCameraData1/data/cam5/cam5_20260111_010646.jpg,0
2026-01-11T01:06:47.224804,cam6,/content/drive/MyDrive/TrafficCameraData1/data/cam6/cam6_20260111_010647.jpg,0
2026-01-11T01:06:47.727604,cam7,/content/drive/MyDrive/TrafficCameraData1/data/cam7/cam7_20260111_010647.jpg,0
2026-01-11T01:06:48.282321,cam8,/content/drive/MyDrive/TrafficCameraData1/data/cam8/cam8_20260111_010648.jpg,0
2026-01-11T01:11:44.501225,cam1,/content/drive/MyDrive/TrafficCameraData1/data/cam1/cam1_20260111_011144.jpg,0
2026-01-11T01:11:44.976447,cam2,/content/drive/MyDrive/TrafficCameraData1/data/cam2/cam2_20260111_011144.jpg,0
2026-01-11T01:11:45.452742,cam3,/content/drive/MyDrive/TrafficCameraData1/data/cam3/cam3_20260111_011145.jpg,0
2026-01-11T01:11:45.946773,cam4,/content/drive/MyDrive/TrafficCameraData1/data/cam4/cam4_20260111_011145.jpg,0
2026-01-11T01:11:46.429316,cam5,/content/drive/MyDrive/TrafficCameraData1/data/cam5/cam5_20260111_011146.jpg,0
2026-01-11T01:11:46.839692,cam6,/content/drive/MyDrive/TrafficCameraData1/data/cam6/cam6_20260111_011146.jpg,0
2026-01-11T01:11:47.321984,cam7,/content/drive/MyDrive/TrafficCameraData1/data/cam7/cam7_20260111_011147.jpg,0
2026-01-11T01:11:47.807870,cam8,/content/drive/MyDrive/TrafficCameraData1/data/cam8/cam8_20260111_011147.jpg,0
2026-01-11T01:16:44.501304,cam1,/content/drive/MyDrive/TrafficCameraData1/data/cam1/cam1_20260111_011644.jpg,0
2026-01-11T01:16:45.044324,cam2,/content/drive/MyDrive/TrafficCameraData1/data/cam2/cam2_20260111_011645.jpg,0
2026-01-11T01:16:45.523570,cam3,/content/drive/MyDrive/TrafficCameraData1/data/cam3/cam3_20260111_011645.jpg,0
2026-01-11T01:16:46.006389,cam4,/content/drive/MyDrive/TrafficCameraData1/data/cam4/cam4_20260111_011646.jpg,0
2026-01-11T01:16:46.492385,cam5,/content/drive/MyDrive/TrafficCameraData1/data/cam5/cam5_20260111_011646.jpg,0
2026-01-11T01:16:46.903866,cam6,/content/drive/MyDrive/TrafficCameraData1/data/cam6/cam6_20260111_011646.jpg,0
2026-01-11T01:16:47.385828,cam7,/content/drive/MyDrive/TrafficCameraData1/data/cam7/cam7_20260111_011647.jpg,0
2026-01-11T01:16:47.859916,cam8,/content/drive/MyDrive/TrafficCameraData1/data/cam8/cam8_20260111_011647.jpg,0
2026-01-11T01:21:44.501473,cam1,/content/drive/MyDrive/TrafficCameraData1/data/cam1/cam1_20260111_012144.jpg,0
2026-01-11T01:21:44.979848,cam2,/content/drive/MyDrive/TrafficCameraData1/data/cam2/cam2_20260111_012144.jpg,0
2026-01-11T01:21:45.456044,cam3,/content/drive/MyDrive/TrafficCameraData1/data/cam3/cam3_20260111_012145.jpg,0
2026-01-11T01:21:46.037794,cam4,/content/drive/MyDrive/TrafficCameraData1/data/cam4/cam4_20260111_012146.jpg,0
2026-01-11T01:21:46.518723,cam5,/content/drive/MyDrive/TrafficCameraData1/data/cam5/cam5_20260111_012146.jpg,0
2026-01-11T01:21:46.996153,cam6,/content/drive/MyDrive/TrafficCameraData1/data/cam6/cam6_20260111_012146.jpg,0
2026-01-11T01:21:47.529508,cam7,/content/drive/MyDrive/TrafficCameraData1/data/cam7/cam7_20260111_012147.jpg,0
2026-01-11T01:21:48.021872,cam8,/content/drive/MyDrive/TrafficCameraData1/data/cam8/cam8_20260111_012148.jpg,0
2026-01-11T01:26:44.501767,cam1,/content/drive/MyDrive/TrafficCameraData1/data/cam1/cam1_20260111_012644.jpg,0
2026-01-11T01:26:44.979680,cam2,/content/drive/MyDrive/TrafficCameraData1/data/cam2/cam2_20260111_012644.jpg,0
2026-01-11T01:26:45.456759,cam3,/content/drive/MyDrive/TrafficCameraData1/data/cam3/cam3_20260111_012645.jpg,0
2026-01-11T01:26:45.941447,cam4,/content/drive/MyDrive/TrafficCameraData1/data/cam4/cam4_20260111_012645.jpg,0
2026-01-11T01:26:46.427930,cam5,/content/drive/MyDrive/TrafficCameraData1/data/cam5/cam5_20260111_012646.jpg,0
2026-01-11T01:26:46.841322,cam6,/content/drive/MyDrive/TrafficCameraData1/data/cam6/cam6_20260111_012646.jpg,0
2026-01-11T01:26:47.330781,cam7,/content/drive/MyDrive/TrafficCameraData1/data/cam7/cam7_20260111_012647.jpg,0
2026-01-11T01:26:47.804026,cam8,/content/drive/MyDrive/TrafficCameraData1/data/cam8/cam8_20260111_012647.jpg,0
2026-01-11T01:31:44.501887,cam1,/content/drive/MyDrive/TrafficCameraData1/data/cam1/cam1_20260111_013144.jpg,0
2026-01-11T01:31:45.095364,cam2,/content/drive/MyDrive/TrafficCameraData1/data/cam2/cam2_20260111_013145.jpg,0
2026-01-11T01:31:45.581855,cam3,/content/drive/MyDrive/TrafficCameraData1/data/cam3/cam3_20260111_013145.jpg,0
2026-01-11T01:31:46.688489,cam4,/content/drive/MyDrive/TrafficCameraData1/data/cam4/cam4_20260111_013146.jpg,0
2026-01-11T01:31:47.168582,cam5,/content/drive/MyDrive/TrafficCameraData1/data/cam5/cam5_20260111_013147.jpg,0
2026-01-11T01:31:48.549624,cam6,/content/drive/MyDrive/TrafficCameraData1/data/cam6/cam6_20260111_013148.jpg,0
2026-01-11T01:31:49.032305,cam7,/content/drive/MyDrive/TrafficCameraData1/data/cam7/cam7_20260111_013149.jpg,0
2026-01-11T01:31:49.516163,cam8,/content/drive/MyDrive/TrafficCameraData1/data/cam8/cam8_20260111_013149.jpg,0
2026-01-11T01:36:44.502125,cam1,/content/drive/MyDrive/TrafficCameraData1/data/cam1/cam1_20260111_013644.jpg,0
2026-01-11T01:36:45.352172,cam2,/content/drive/MyDrive/TrafficCameraData1/data/cam2/cam2_20260111_013645.jpg,0
2026-01-11T01:36:45.830765,cam3,/content/drive/MyDrive/TrafficCameraData1/data/cam3/cam3_20260111_013645.jpg,0
2026-01-11T01:38:17.047518,cam1,/content/drive/MyDrive/TrafficCameraData1/data/cam1/cam1_20260111_013817.jpg,0
2026-01-11T01:38:23.617549,cam2,/content/drive/MyDrive/TrafficCameraData1/data/cam2/cam2_20260111_013823.jpg,0
2026-01-11T01:38:28.117525,cam3,/content/drive/MyDrive/TrafficCameraData1/data/cam3/cam3_20260111_013828.jpg,0
2026-01-11T01:38:31.676029,cam4,/content/drive/MyDrive/TrafficCameraData1/data/cam4/cam4_20260111_013831.jpg,0
2026-01-11T01:38:35.354483,cam5,/content/drive/MyDrive/TrafficCameraData1/data/cam5/cam5_20260111_013835.jpg,0
2026-01-11T01:38:40.174306,cam6,/content/drive/MyDrive/TrafficCameraData1/data/cam6/cam6_20260111_013840.jpg,0
2026-01-11T01:38:44.716822,cam7,/content/drive/MyDrive/TrafficCameraData1/data/cam7/cam7_20260111_013844.jpg,0
2026-01-11T01:38:48.207418,cam8,/content/drive/MyDrive/TrafficCameraData1/data/cam8/cam8_20260111_013848.jpg,0
2026-01-11T01:43:17.048073,cam1,/content/drive/MyDrive/TrafficCameraData1/data/cam1/cam1_20260111_014317.jpg,0
2026-01-11T01:43:17.474712,cam2,/content/drive/MyDrive/TrafficCameraData1/data/cam2/cam2_20260111_014317.jpg,0
2026-01-11T01:43:17.897884,cam3,/content/drive/MyDrive/TrafficCameraData1/data/cam3/cam3_20260111_014317.jpg,0
2026-01-11T01:43:18.351248,cam4,/content/drive/MyDrive/TrafficCameraData1/data/cam4/cam4_20260111_014318.jpg,0
2026-01-11T01:43:18.911284,cam5,/content/drive/MyDrive/TrafficCameraData1/data/cam5/cam5_20260111_014318.jpg,0
2026-01-11T01:43:19.333141,cam6,/content/drive/MyDrive/TrafficCameraData1/data/cam6/cam6_20260111_014319.jpg,0
2026-01-11T01:43:20.547007,cam7,/content/drive/MyDrive/TrafficCameraData1/data/cam7/cam7_20260111_014320.jpg,0
2026-01-11T01:43:21.841083,cam8,/content/drive/MyDrive/TrafficCameraData1/data/cam8/cam8_20260111_014321.jpg,0
2026-01-11T01:48:17.048161,cam1,/content/drive/MyDrive/TrafficCameraData1/data/cam1/cam1_20260111_014817.jpg,0
2026-01-11T01:48:17.509045,cam2,/content/drive/MyDrive/TrafficCameraData1/data/cam2/cam2_20260111_014817.jpg,0
2026-01-11T01:48:17.934982,cam3,/content/drive/MyDrive/TrafficCameraData1/data/cam3/cam3_20260111_014817.jpg,0
2026-01-11T01:48:18.366575,cam4,/content/drive/MyDrive/TrafficCameraData1/data/cam4/cam4_20260111_014818.jpg,0
2026-01-11T01:48:18.811745,cam5,/content/drive/MyDrive/TrafficCameraData1/data/cam5/cam5_20260111_014818.jpg,0
2026-01-11T01:48:19.197778,cam6,/content/drive/MyDrive/TrafficCameraData1/data/cam6/cam6_20260111_014819.jpg,0
2026-01-11T01:48:20.438362,cam7,/content/drive/MyDrive/TrafficCameraData1/data/cam7/cam7_20260111_014820.jpg,0
2026-01-11T01:48:20.858367,cam8,/content/drive/MyDrive/TrafficCameraData1/data/cam8/cam8_20260111_014820.jpg,0
2026-01-11T01:53:17.048323,cam1,/content/drive/MyDrive/TrafficCameraData1/data/cam1/cam1_20260111_015317.jpg,0
2026-01-11T01:53:17.515321,cam2,/content/drive/MyDrive/TrafficCameraData1/data/cam2/cam2_20260111_015317.jpg,0
2026-01-11T01:53:18.185145,cam3,/content/drive/MyDrive/TrafficCameraData1/data/cam3/cam3_20260111_015318.jpg,0
2026-01-11T01:53:18.631036,cam4,/content/drive/MyDrive/TrafficCameraData1/data/cam4/cam4_20260111_015318.jpg,0
2026-01-11T01:53:19.069780,cam5,/content/drive/MyDrive/TrafficCameraData1/data/cam5/cam5_20260111_015319.jpg,0
2026-01-11T01:53:19.456453,cam6,/content/drive/MyDrive/TrafficCameraData1/data/cam6/cam6_20260111_015319.jpg,0
2026-01-11T01:53:19.889914,cam7,/content/drive/MyDrive/TrafficCameraData1/data/cam7/cam7_20260111_015319.jpg,0
2026-01-11T01:53:20.526449,cam8,/content/drive/MyDrive/TrafficCameraData1/data/cam8/cam8_20260111_015320.jpg,0
2026-01-11T01:58:17.048793,cam1,/content/drive/MyDrive/TrafficCameraData1/data/cam1/cam1_20260111_015817.jpg,0
2026-01-11T01:58:17.498976,cam2,/content/drive/MyDrive/TrafficCameraData1/data/cam2/cam2_20260111_015817.jpg,0
2026-01-11T01:58:18.060721,cam3,/content/drive/MyDrive/TrafficCameraData1/data/cam3/cam3_20260111_015818.jpg,0
2026-01-11T01:58:18.516637,cam4,/content/drive/MyDrive/TrafficCameraData1/data/cam4/cam4_20260111_015818.jpg,0
2026-01-11T01:58:18.939738,cam5,/content/drive/MyDrive/TrafficCameraData1/data/cam5/cam5_20260111_015818.jpg,0
2026-01-11T01:58:19.323776,cam6,/content/drive/MyDrive/TrafficCameraData1/data/cam6/cam6_20260111_015819.jpg,0
2026-01-11T01:58:19.754456,cam7,/content/drive/MyDrive/TrafficCameraData1/data/cam7/cam7_20260111_015819.jpg,0
2026-01-11T01:58:20.153479,cam8,/content/drive/MyDrive/TrafficCameraData1/data/cam8/cam8_20260111_015820.jpg,0
2026-01-11T02:03:17.048987,cam1,/content/drive/MyDrive/TrafficCameraData1/data/cam1/cam1_20260111_020317.jpg,0
2026-01-11T02:03:18.233539,cam2,/content/drive/MyDrive/TrafficCameraData1/data/cam2/cam2_20260111_020318.jpg,0
2026-01-11T02:03:18.655061,cam3,/content/drive/MyDrive/TrafficCameraData1/data/cam3/cam3_20260111_020318.jpg,0
2026-01-11T02:03:19.084834,cam4,/content/drive/MyDrive/TrafficCameraData1/data/cam4/cam4_20260111_020319.jpg,0
2026-01-11T02:03:19.556057,cam5,/content/drive/MyDrive/TrafficCameraData1/data/cam5/cam5_20260111_020319.jpg,0
2026-01-11T02:03:19.947778,cam6,/content/drive/MyDrive/TrafficCameraData1/data/cam6/cam6_20260111_020319.jpg,0
2026-01-11T02:03:20.375661,cam7,/content/drive/MyDrive/TrafficCameraData1/data/cam7/cam7_20260111_020320.jpg,0
2026-01-11T02:03:20.794149,cam8,/content/drive/MyDrive/TrafficCameraData1/data/cam8/cam8_20260111_020320.jpg,0
2026-01-11T02:08:17.049272,cam1,/content/drive/MyDrive/TrafficCameraData1/data/cam1/cam1_20260111_020817.jpg,0
2026-01-11T02:08:17.507690,cam2,/content/drive/MyDrive/TrafficCameraData1/data/cam2/cam2_20260111_020817.jpg,0
2026-01-11T02:08:17.936492,cam3,/content/drive/MyDrive/TrafficCameraData1/data/cam3/cam3_20260111_020817.jpg,0
2026-01-11T02:08:18.389488,cam4,/content/drive/MyDrive/TrafficCameraData1/data/cam4/cam4_20260111_020818.jpg,0
2026-01-11T02:08:18.817386,cam5,/content/drive/MyDrive/TrafficCameraData1/data/cam5/cam5_20260111_020818.jpg,0
2026-01-11T02:08:19.202512,cam6,/content/drive/MyDrive/TrafficCameraData1/data/cam6/cam6_20260111_020819.jpg,0
2026-01-11T02:08:19.644472,cam7,/content/drive/MyDrive/TrafficCameraData1/data/cam7/cam7_20260111_020819.jpg,0
2026-01-11T02:08:20.071534,cam8,/content/drive/MyDrive/TrafficCameraData1/data/cam8/cam8_20260111_020820.jpg,0
2026-01-11T02:13:17.049404,cam1,/content/drive/MyDrive/TrafficCameraData1/data/cam1/cam1_20260111_021317.jpg,0
2026-01-11T02:13:17.510000,cam2,/content/drive/MyDrive/TrafficCameraData1/data/cam2/cam2_20260111_021317.jpg,0
2026-01-11T02:13:17.936527,cam3,/content/drive/MyDrive/TrafficCameraData1/data/cam3/cam3_20260111_021317.jpg,0
2026-01-11T02:13:18.369646,cam4,/content/drive/MyDrive/TrafficCameraData1/data/cam4/cam4_20260111_021318.jpg,0
2026-01-11T02:13:18.815258,cam5,/content/drive/MyDrive/TrafficCameraData1/data/cam5/cam5_20260111_021318.jpg,0
2026-01-11T02:13:19.200682,cam6,/content/drive/MyDrive/TrafficCameraData1/data/cam6/cam6_20260111_021319.jpg,0
2026-01-11T02:13:19.626606,cam7,/content/drive/MyDrive/TrafficCameraData1/data/cam7/cam7_20260111_021319.jpg,0
2026-01-11T02:13:20.140568,cam8,/content/drive/MyDrive/TrafficCameraData1/data/cam8/cam8_20260111_021320.jpg,0
2026-01-11T02:18:17.049751,cam1,/content/drive/MyDrive/TrafficCameraData1/data/cam1/cam1_20260111_021817.jpg,0
2026-01-11T02:18:17.500817,cam2,/content/drive/MyDrive/TrafficCameraData1/data/cam2/cam2_20260111_021817.jpg,0
2026-01-11T02:18:17.939509,cam3,/content/drive/MyDrive/TrafficCameraData1/data/cam3/cam3_20260111_021817.jpg,0
2026-01-11T02:18:18.382997,cam4,/content/drive/MyDrive/TrafficCameraData1/data/cam4/cam4_20260111_021818.jpg,0
2026-01-11T02:18:18.813827,cam5,/content/drive/MyDrive/TrafficCameraData1/data/cam5/cam5_20260111_021818.jpg,0
2026-01-11T02:18:19.210977,cam6,/content/drive/MyDrive/TrafficCameraData1/data/cam6/cam6_20260111_021819.jpg,0
2026-01-11T02:18:19.641837,cam7,/content/drive/MyDrive/TrafficCameraData1/data/cam7/cam7_20260111_021819.jpg,0
2026-01-11T02:18:20.039356,cam8,/content/drive/MyDrive/TrafficCameraData1/data/cam8/cam8_20260111_021820.jpg,0
2026-01-11T02:23:17.050228,cam1,/content/drive/MyDrive/TrafficCameraData1/data/cam1/cam1_20260111_022317.jpg,0
2026-01-11T02:23:17.531428,cam2,/content/drive/MyDrive/TrafficCameraData1/data/cam2/cam2_20260111_022317.jpg,0
2026-01-11T02:23:18.105842,cam3,/content/drive/MyDrive/TrafficCameraData1/data/cam3/cam3_20260111_022318.jpg,0
2026-01-11T02:23:18.540736,cam4,/content/drive/MyDrive/TrafficCameraData1/data/cam4/cam4_20260111_022318.jpg,0
2026-01-11T02:23:18.976195,cam5,/content/drive/MyDrive/TrafficCameraData1/data/cam5/cam5_20260111_022318.jpg,0
2026-01-11T02:23:19.631461,cam6,/content/drive/MyDrive/TrafficCameraData1/data/cam6/cam6_20260111_022319.jpg,0
2026-01-11T02:23:20.060715,cam7,/content/drive/MyDrive/TrafficCameraData1/data/cam7/cam7_20260111_022320.jpg,0
2026-01-11T02:23:20.494788,cam8,/content/drive/MyDrive/TrafficCameraData1/data/cam8/cam8_20260111_022320.jpg,0
2026-01-11T02:28:17.050439,cam1,/content/drive/MyDrive/TrafficCameraData1/data/cam1/cam1_20260111_022817.jpg,0
2026-01-11T02:28:17.477704,cam2,/content/drive/MyDrive/TrafficCameraData1/data/cam2/cam2_20260111_022817.jpg,0
2026-01-11T02:28:17.902358,cam3,/content/drive/MyDrive/TrafficCameraData1/data/cam3/cam3_20260111_022817.jpg,0
2026-01-11T02:28:18.333682,cam4,/content/drive/MyDrive/TrafficCameraData1/data/cam4/cam4_20260111_022818.jpg,0
2026-01-11T02:28:18.769655,cam5,/content/drive/MyDrive/TrafficCameraData1/data/cam5/cam5_20260111_022818.jpg,0
2026-01-11T02:28:19.193536,cam6,/content/drive/MyDrive/TrafficCameraData1/data/cam6/cam6_20260111_022819.jpg,0
2026-01-11T02:28:19.623509,cam7,/content/drive/MyDrive/TrafficCameraData1/data/cam7/cam7_20260111_022819.jpg,0
2026-01-11T02:28:20.048301,cam8,/content/drive/MyDrive/TrafficCameraData1/data/cam8/cam8_20260111_022820.jpg,0
2026-01-11T02:33:17.050570,cam1,/content/drive/MyDrive/TrafficCameraData1/data/cam1/cam1_20260111_023317.jpg,0
2026-01-11T02:33:17.482168,cam2,/content/drive/MyDrive/TrafficCameraData1/data/cam2/cam2_20260111_023317.jpg,0
2026-01-11T02:33:17.909571,cam3,/content/drive/MyDrive/TrafficCameraData1/data/cam3/cam3_20260111_023317.jpg,0
2026-01-11T02:33:18.342697,cam4,/content/drive/MyDrive/TrafficCameraData1/data/cam4/cam4_20260111_023318.jpg,0
2026-01-11T02:33:18.771665,cam5,/content/drive/MyDrive/TrafficCameraData1/data/cam5/cam5_20260111_023318.jpg,0
2026-01-11T02:33:19.212474,cam6,/content/drive/MyDrive/TrafficCameraData1/data/cam6/cam6_20260111_023319.jpg,0
2026-01-11T02:33:19.639920,cam7,/content/drive/MyDrive/TrafficCameraData1/data/cam7/cam7_20260111_023319.jpg,0
2026-01-11T02:33:20.071041,cam8,/content/drive/MyDrive/TrafficCameraData1/data/cam8/cam8_20260111_023320.jpg,0
2026-01-11T02:38:17.050929,cam1,/content/drive/MyDrive/TrafficCameraData1/data/cam1/cam1_20260111_023817.jpg,0
2026-01-11T02:38:17.518241,cam2,/content/drive/MyDrive/TrafficCameraData1/data/cam2/cam2_20260111_023817.jpg,0
2026-01-11T02:38:17.942053,cam3,/content/drive/MyDrive/TrafficCameraData1/data/cam3/cam3_20260111_023817.jpg,0
2026-01-11T02:38:18.390605,cam4,/content/drive/MyDrive/TrafficCameraData1/data/cam4/cam4_20260111_023818.jpg,0
2026-01-11T02:38:18.846695,cam5,/content/drive/MyDrive/TrafficCameraData1/data/cam5/cam5_20260111_023818.jpg,0
2026-01-11T02:38:19.269692,cam6,/content/drive/MyDrive/TrafficCameraData1/data/cam6/cam6_20260111_023819.jpg,0
2026-01-11T02:38:19.701836,cam7,/content/drive/MyDrive/TrafficCameraData1/data/cam7/cam7_20260111_023819.jpg,0
2026-01-11T02:38:20.150503,cam8,/content/drive/MyDrive/TrafficCameraData1/data/cam8/cam8_20260111_023820.jpg,0
2026-01-11T02:43:17.051031,cam1,/content/drive/MyDrive/TrafficCameraData1/data/cam1/cam1_20260111_024317.jpg,0
2026-01-11T02:43:17.509864,cam2,/content/drive/MyDrive/TrafficCameraData1/data/cam2/cam2_20260111_024317.jpg,0
2026-01-11T02:43:17.945903,cam3,/content/drive/MyDrive/TrafficCameraData1/data/cam3/cam3_20260111_024317.jpg,0
2026-01-11T02:43:18.373306,cam4,/content/drive/MyDrive/TrafficCameraData1/data/cam4/cam4_20260111_024318.jpg,0
2026-01-11T02:43:18.800905,cam5,/content/drive/MyDrive/TrafficCameraData1/data/cam5/cam5_20260111_024318.jpg,0
2026-01-11T02:43:19.824231,cam6,/content/drive/MyDrive/TrafficCameraData1/data/cam6/cam6_20260111_024319.jpg,0
2026-01-11T02:43:20.249786,cam7,/content/drive/MyDrive/TrafficCameraData1/data/cam7/cam7_20260111_024320.jpg,0
2026-01-11T02:43:20.679501,cam8,/content/drive/MyDrive/TrafficCameraData1/data/cam8/cam8_20260111_024320.jpg,0
2026-01-11T02:48:17.051494,cam1,/content/drive/MyDrive/TrafficCameraData1/data/cam1/cam1_20260111_024817.jpg,0
2026-01-11T02:48:17.529200,cam2,/content/drive/MyDrive/TrafficCameraData1/data/cam2/cam2_20260111_024817.jpg,0
2026-01-11T02:48:17.987531,cam3,/content/drive/MyDrive/TrafficCameraData1/data/cam3/cam3_20260111_024817.jpg,0
2026-01-11T02:48:18.418760,cam4,/content/drive/MyDrive/TrafficCameraData1/data/cam4/cam4_20260111_024818.jpg,0
2026-01-11T02:48:18.845188,cam5,/content/drive/MyDrive/TrafficCameraData1/data/cam5/cam5_20260111_024818.jpg,0
2026-01-11T02:48:19.266325,cam6,/content/drive/MyDrive/TrafficCameraData1/data/cam6/cam6_20260111_024819.jpg,0
2026-01-11T02:48:19.697740,cam7,/content/drive/MyDrive/TrafficCameraData1/data/cam7/cam7_20260111_024819.jpg,0
2026-01-11T02:48:20.122000,cam8,/content/drive/MyDrive/TrafficCameraData1/data/cam8/cam8_20260111_024820.jpg,0
2026-01-11T02:53:17.051508,cam1,/content/drive/MyDrive/TrafficCameraData1/data/cam1/cam1_20260111_025317.jpg,0
2026-01-11T02:53:17.509581,cam2,/content/drive/MyDrive/TrafficCameraData1/data/cam2/cam2_20260111_025317.jpg,0
2026-01-11T02:53:17.937365,cam3,/content/drive/MyDrive/TrafficCameraData1/data/cam3/cam3_20260111_025317.jpg,0
2026-01-11T02:53:18.368135,cam4,/content/drive/MyDrive/TrafficCameraData1/data/cam4/cam4_20260111_025318.jpg,0
2026-01-11T02:53:18.796032,cam5,/content/drive/MyDrive/TrafficCameraData1/data/cam5/cam5_20260111_025318.jpg,0
2026-01-11T02:53:19.220277,cam6,/content/drive/MyDrive/TrafficCameraData1/data/cam6/cam6_20260111_025319.jpg,0
2026-01-11T02:53:19.651973,cam7,/content/drive/MyDrive/TrafficCameraData1/data/cam7/cam7_20260111_025319.jpg,0
2026-01-11T02:53:20.102217,cam8,/content/drive/MyDrive/TrafficCameraData1/data/cam8/cam8_20260111_025320.jpg,0
2026-01-11T02:58:17.051974,cam1,/content/drive/MyDrive/TrafficCameraData1/data/cam1/cam1_20260111_025817.jpg,0
2026-01-11T02:58:17.518216,cam2,/content/drive/MyDrive/TrafficCameraData1/data/cam2/cam2_20260111_025817.jpg,0
2026-01-11T02:58:17.944589,cam3,/content/drive/MyDrive/TrafficCameraData1/data/cam3/cam3_20260111_025817.jpg,0
2026-01-11T02:58:18.382920,cam4,/content/drive/MyDrive/TrafficCameraData1/data/cam4/cam4_20260111_025818.jpg,0
2026-01-11T02:58:18.811225,cam5,/content/drive/MyDrive/TrafficCameraData1/data/cam5/cam5_20260111_025818.jpg,0
2026-01-11T02:58:19.255334,cam6,/content/drive/MyDrive/TrafficCameraData1/data/cam6/cam6_20260111_025819.jpg,0
2026-01-11T02:58:19.679509,cam7,/content/drive/MyDrive/TrafficCameraData1/data/cam7/cam7_20260111_025819.jpg,0
2026-01-11T02:58:20.108503,cam8,/content/drive/MyDrive/TrafficCameraData1/data/cam8/cam8_20260111_025820.jpg,0
2026-01-11T03:03:17.052119,cam1,/content/drive/MyDrive/TrafficCameraData1/data/cam1/cam1_20260111_030317.jpg,0
2026-01-11T03:03:17.514736,cam2,/content/drive/MyDrive/TrafficCameraData1/data/cam2/cam2_20260111_030317.jpg,0
2026-01-11T03:03:17.993414,cam3,/content/drive/MyDrive/TrafficCameraData1/data/cam3/cam3_20260111_030317.jpg,0
2026-01-11T03:03:18.432185,cam4,/content/drive/MyDrive/TrafficCameraData1/data/cam4/cam4_20260111_030318.jpg,0
2026-01-11T03:03:18.881525,cam5,/content/drive/MyDrive/TrafficCameraData1/data/cam5/cam5_20260111_030318.jpg,0
2026-01-11T03:03:19.313147,cam6,/content/drive/MyDrive/TrafficCameraData1/data/cam6/cam6_20260111_030319.jpg,0
2026-01-11T03:03:19.748743,cam7,/content/drive/MyDrive/TrafficCameraData1/data/cam7/cam7_20260111_030319.jpg,0
2026-01-11T03:03:20.201168,cam8,/content/drive/MyDrive/TrafficCameraData1/data/cam8/cam8_20260111_030320.jpg,0
2026-01-11T03:08:17.052470,cam1,/content/drive/MyDrive/TrafficCameraData1/data/cam1/cam1_20260111_030817.jpg,0
2026-01-11T03:08:17.513098,cam2,/content/drive/MyDrive/TrafficCameraData1/data/cam2/cam2_20260111_030817.jpg,0
2026-01-11T03:08:17.940817,cam3,/content/drive/MyDrive/TrafficCameraData1/data/cam3/cam3_20260111_030817.jpg,0
2026-01-11T03:08:18.375379,cam4,/content/drive/MyDrive/TrafficCameraData1/data/cam4/cam4_20260111_030818.jpg,0
2026-01-11T03:08:18.799833,cam5,/content/drive/MyDrive/TrafficCameraData1/data/cam5/cam5_20260111_030818.jpg,0
2026-01-11T03:08:19.222072,cam6,/content/drive/MyDrive/TrafficCameraData1/data/cam6/cam6_20260111_030819.jpg,0
2026-01-11T03:08:19.661818,cam7,/content/drive/MyDrive/TrafficCameraData1/data/cam7/cam7_20260111_030819.jpg,0
2026-01-11T03:08:20.091421,cam8,/content/drive/MyDrive/TrafficCameraData1/data/cam8/cam8_20260111_030820.jpg,0
2026-01-11T03:13:17.052429,cam1,/content/drive/MyDrive/TrafficCameraData1/data/cam1/cam1_20260111_031317.jpg,0
2026-01-11T03:13:17.483067,cam2,/content/drive/MyDrive/TrafficCameraData1/data/cam2/cam2_20260111_031317.jpg,0
2026-01-11T03:13:17.952366,cam3,/content/drive/MyDrive/TrafficCameraData1/data/cam3/cam3_20260111_031317.jpg,0
2026-01-11T03:13:18.394454,cam4,/content/drive/MyDrive/TrafficCameraData1/data/cam4/cam4_20260111_031318.jpg,0
2026-01-11T03:13:18.825846,cam5,/content/drive/MyDrive/TrafficCameraData1/data/cam5/cam5_20260111_031318.jpg,0
2026-01-11T03:13:19.251842,cam6,/content/drive/MyDrive/TrafficCameraData1/data/cam6/cam6_20260111_031319.jpg,0
2026-01-11T03:13:19.682991,cam7,/content/drive/MyDrive/TrafficCameraData1/data/cam7/cam7_20260111_031319.jpg,0
2026-01-11T03:13:20.111301,cam8,/content/drive/MyDrive/TrafficCameraData1/data/cam8/cam8_20260111_031320.jpg,0
2026-01-11T03:18:17.052878,cam1,/content/drive/MyDrive/TrafficCameraData1/data/cam1/cam1_20260111_031817.jpg,0
2026-01-11T03:18:17.535753,cam2,/content/drive/MyDrive/TrafficCameraData1/data/cam2/cam2_20260111_031817.jpg,0
2026-01-11T03:18:17.967825,cam3,/content/drive/MyDrive/TrafficCameraData1/data/cam3/cam3_20260111_031817.jpg,0
2026-01-11T03:18:18.408530,cam4,/content/drive/MyDrive/TrafficCameraData1/data/cam4/cam4_20260111_031818.jpg,0
2026-01-11T03:18:18.837438,cam5,/content/drive/MyDrive/TrafficCameraData1/data/cam5/cam5_20260111_031818.jpg,0
2026-01-11T03:18:19.266222,cam6,/content/drive/MyDrive/TrafficCameraData1/data/cam6/cam6_20260111_031819.jpg,0
2026-01-11T03:18:19.698373,cam7,/content/drive/MyDrive/TrafficCameraData1/data/cam7/cam7_20260111_031819.jpg,0
2026-01-11T03:18:20.185304,cam8,/content/drive/MyDrive/TrafficCameraData1/data/cam8/cam8_20260111_031820.jpg,0
2026-01-11T03:23:17.053136,cam1,/content/drive/MyDrive/TrafficCameraData1/data/cam1/cam1_20260111_032317.jpg,0
2026-01-11T03:23:17.478695,cam2,/content/drive/MyDrive/TrafficCameraData1/data/cam2/cam2_20260111_032317.jpg,0
2026-01-11T03:23:17.904216,cam3,/content/drive/MyDrive/TrafficCameraData1/data/cam3/cam3_20260111_032317.jpg,0
2026-01-11T03:23:18.339979,cam4,/content/drive/MyDrive/TrafficCameraData1/data/cam4/cam4_20260111_032318.jpg,0
2026-01-11T03:23:18.766764,cam5,/content/drive/MyDrive/TrafficCameraData1/data/cam5/cam5_20260111_032318.jpg,0
2026-01-11T03:23:19.192345,cam6,/content/drive/MyDrive/TrafficCameraData1/data/cam6/cam6_20260111_032319.jpg,0
2026-01-11T03:23:19.641307,cam7,/content/drive/MyDrive/TrafficCameraData1/data/cam7/cam7_20260111_032319.jpg,0
2026-01-11T03:23:20.068984,cam8,/content/drive/MyDrive/TrafficCameraData1/data/cam8/cam8_20260111_032320.jpg,0
2026-01-11T03:28:17.053313,cam1,/content/drive/MyDrive/TrafficCameraData1/data/cam1/cam1_20260111_032817.jpg,0
2026-01-11T03:28:17.483667,cam2,/content/drive/MyDrive/TrafficCameraData1/data/cam2/cam2_20260111_032817.jpg,0
2026-01-11T03:28:17.912508,cam3,/content/drive/MyDrive/TrafficCameraData1/data/cam3/cam3_20260111_032817.jpg,0
2026-01-11T03:28:18.346472,cam4,/content/drive/MyDrive/TrafficCameraData1/data/cam4/cam4_20260111_032818.jpg,0
2026-01-11T03:28:18.776547,cam5,/content/drive/MyDrive/TrafficCameraData1/data/cam5/cam5_20260111_032818.jpg,0
2026-01-11T03:28:19.209997,cam6,/content/drive/MyDrive/TrafficCameraData1/data/cam6/cam6_20260111_032819.jpg,0
2026-01-11T03:28:19.639596,cam7,/content/drive/MyDrive/TrafficCameraData1/data/cam7/cam7_20260111_032819.jpg,0
2026-01-11T03:28:20.088354,cam8,/content/drive/MyDrive/TrafficCameraData1/data/cam8/cam8_20260111_032820.jpg,0
2026-01-11T03:33:17.053814,cam1,/content/drive/MyDrive/TrafficCameraData1/data/cam1/cam1_20260111_033317.jpg,0
2026-01-11T03:33:17.512286,cam2,/content/drive/MyDrive/TrafficCameraData1/data/cam2/cam2_20260111_033317.jpg,0
2026-01-11T03:33:17.946453,cam3,/content/drive/MyDrive/TrafficCameraData1/data/cam3/cam3_20260111_033317.jpg,0
2026-01-11T03:33:18.397307,cam4,/content/drive/MyDrive/TrafficCameraData1/data/cam4/cam4_20260111_033318.jpg,0
2026-01-11T03:33:18.825104,cam5,/content/drive/MyDrive/TrafficCameraData1/data/cam5/cam5_20260111_033318.jpg,0
2026-01-11T03:33:19.248995,cam6,/content/drive/MyDrive/TrafficCameraData1/data/cam6/cam6_20260111_033319.jpg,0
2026-01-11T03:33:19.677835,cam7,/content/drive/MyDrive/TrafficCameraData1/data/cam7/cam7_20260111_033319.jpg,0
2026-01-11T03:33:20.101329,cam8,/content/drive/MyDrive/TrafficCameraData1/data/cam8/cam8_20260111_033320.jpg,0
2026-01-11T03:38:17.054138,cam1,/content/drive/MyDrive/TrafficCameraData1/data/cam1/cam1_20260111_033817.jpg,0
2026-01-11T03:38:17.515283,cam2,/content/drive/MyDrive/TrafficCameraData1/data/cam2/cam2_20260111_033817.jpg,0
2026-01-11T03:38:18.016629,cam3,/content/drive/MyDrive/TrafficCameraData1/data/cam3/cam3_20260111_033818.jpg,0
2026-01-11T03:38:18.450372,cam4,/content/drive/MyDrive/TrafficCameraData1/data/cam4/cam4_20260111_033818.jpg,0
2026-01-11T03:38:18.891885,cam5,/content/drive/MyDrive/TrafficCameraData1/data/cam5/cam5_20260111_033818.jpg,0
2026-01-11T03:38:19.834464,cam6,/content/drive/MyDrive/TrafficCameraData1/data/cam6/cam6_20260111_033819.jpg,0
2026-01-11T03:38:20.263318,cam7,/content/drive/MyDrive/TrafficCameraData1/data/cam7/cam7_20260111_033820.jpg,0
2026-01-11T03:38:20.692453,cam8,/content/drive/MyDrive/TrafficCameraData1/data/cam8/cam8_20260111_033820.jpg,0
2026-01-11T03:43:17.054493,cam1,/content/drive/MyDrive/TrafficCameraData1/data/cam1/cam1_20260111_034317.jpg,0
2026-01-11T03:43:17.517289,cam2,/content/drive/MyDrive/TrafficCameraData1/data/cam2/cam2_20260111_034317.jpg,0
2026-01-11T03:43:17.943805,cam3,/content/drive/MyDrive/TrafficCameraData1/data/cam3/cam3_20260111_034317.jpg,0
2026-01-11T03:43:18.381127,cam4,/content/drive/MyDrive/TrafficCameraData1/data/cam4/cam4_20260111_034318.jpg,0
2026-01-11T03:43:18.804717,cam5,/content/drive/MyDrive/TrafficCameraData1/data/cam5/cam5_20260111_034318.jpg,0
2026-01-11T03:43:19.227764,cam6,/content/drive/MyDrive/TrafficCameraData1/data/cam6/cam6_20260111_034319.jpg,0
2026-01-11T03:43:19.661101,cam7,/content/drive/MyDrive/TrafficCameraData1/data/cam7/cam7_20260111_034319.jpg,0
2026-01-11T03:43:20.083238,cam8,/content/drive/MyDrive/TrafficCameraData1/data/cam8/cam8_20260111_034320.jpg,0
2026-01-11T03:48:17.054523,cam1,/content/drive/MyDrive/TrafficCameraData1/data/cam1/cam1_20260111_034817.jpg,0
2026-01-11T03:48:17.513889,cam2,/content/drive/MyDrive/TrafficCameraData1/data/cam2/cam2_20260111_034817.jpg,0
2026-01-11T03:48:17.944896,cam3,/content/drive/MyDrive/TrafficCameraData1/data/cam3/cam3_20260111_034817.jpg,0
2026-01-11T03:48:18.386091,cam4,/content/drive/MyDrive/TrafficCameraData1/data/cam4/cam4_20260111_034818.jpg,0
2026-01-11T03:48:18.812760,cam5,/content/drive/MyDrive/TrafficCameraData1/data/cam5/cam5_20260111_034818.jpg,0
2026-01-11T03:48:19.236641,cam6,/content/drive/MyDrive/TrafficCameraData1/data/cam6/cam6_20260111_034819.jpg,0
2026-01-11T03:48:19.692231,cam7,/content/drive/MyDrive/TrafficCameraData1/data/cam7/cam7_20260111_034819.jpg,0
2026-01-11T03:48:20.117260,cam8,/content/drive/MyDrive/TrafficCameraData1/data/cam8/cam8_20260111_034820.jpg,0
2026-01-11T03:53:17.055012,cam1,/content/drive/MyDrive/TrafficCameraData1/data/cam1/cam1_20260111_035317.jpg,0
2026-01-11T03:53:17.540640,cam2,/content/drive/MyDrive/TrafficCameraData1/data/cam2/cam2_20260111_035317.jpg,0
2026-01-11T03:53:17.968560,cam3,/content/drive/MyDrive/TrafficCameraData1/data/cam3/cam3_20260111_035317.jpg,0
2026-01-11T03:53:18.403818,cam4,/content/drive/MyDrive/TrafficCameraData1/data/cam4/cam4_20260111_035318.jpg,0
2026-01-11T03:53:18.833384,cam5,/content/drive/MyDrive/TrafficCameraData1/data/cam5/cam5_20260111_035318.jpg,0
2026-01-11T03:53:19.262572,cam6,/content/drive/MyDrive/TrafficCameraData1/data/cam6/cam6_20260111_035319.jpg,0
2026-01-11T03:53:19.695966,cam7,/content/drive/MyDrive/TrafficCameraData1/data/cam7/cam7_20260111_035319.jpg,0
2026-01-11T03:53:20.121656,cam8,/content/drive/MyDrive/TrafficCameraData1/data/cam8/cam8_20260111_035320.jpg,0
2026-01-11T03:58:17.055109,cam1,/content/drive/MyDrive/TrafficCameraData1/data/cam1/cam1_20260111_035817.jpg,0
2026-01-11T03:58:17.520608,cam2,/content/drive/MyDrive/TrafficCameraData1/data/cam2/cam2_20260111_035817.jpg,0
2026-01-11T03:58:18.013457,cam3,/content/drive/MyDrive/TrafficCameraData1/data/cam3/cam3_20260111_035818.jpg,0
2026-01-11T03:58:18.466297,cam4,/content/drive/MyDrive/TrafficCameraData1/data/cam4/cam4_20260111_035818.jpg,0
2026-01-11T03:58:19.016213,cam5,/content/drive/MyDrive/TrafficCameraData1/data/cam5/cam5_20260111_035819.jpg,0
2026-01-11T03:58:19.442710,cam6,/content/drive/MyDrive/TrafficCameraData1/data/cam6/cam6_20260111_035819.jpg,0
2026-01-11T03:58:19.944901,cam7,/content/drive/MyDrive/TrafficCameraData1/data/cam7/cam7_20260111_035819.jpg,0
2026-01-11T03:58:20.423838,cam8,/content/drive/MyDrive/TrafficCameraData1/data/cam8/cam8_20260111_035820.jpg,0
2026-01-11T04:03:17.055309,cam1,/content/drive/MyDrive/TrafficCameraData1/data/cam1/cam1_20260111_040317.jpg,0
2026-01-11T04:03:17.479667,cam2,/content/drive/MyDrive/TrafficCameraData1/data/cam2/cam2_20260111_040317.jpg,0
2026-01-11T04:03:17.918124,cam3,/content/drive/MyDrive/TrafficCameraData1/data/cam3/cam3_20260111_040317.jpg,0
2026-01-11T04:03:18.370159,cam4,/content/drive/MyDrive/TrafficCameraData1/data/cam4/cam4_20260111_040318.jpg,0
2026-01-11T04:03:18.799523,cam5,/content/drive/MyDrive/TrafficCameraData1/data/cam5/cam5_20260111_040318.jpg,0
2026-01-11T04:03:19.222481,cam6,/content/drive/MyDrive/TrafficCameraData1/data/cam6/cam6_20260111_040319.jpg,0
2026-01-11T04:03:19.648123,cam7,/content/drive/MyDrive/TrafficCameraData1/data/cam7/cam7_20260111_040319.jpg,0
2026-01-11T04:03:20.074139,cam8,/content/drive/MyDrive/TrafficCameraData1/data/cam8/cam8_20260111_040320.jpg,0
2026-01-11T04:08:17.055465,cam1,/content/drive/MyDrive/TrafficCameraData1/data/cam1/cam1_20260111_040817.jpg,0
2026-01-11T04:08:17.521107,cam2,/content/drive/MyDrive/TrafficCameraData1/data/cam2/cam2_20260111_040817.jpg,0
2026-01-11T04:08:17.955390,cam3,/content/drive/MyDrive/TrafficCameraData1/data/cam3/cam3_20260111_040817.jpg,0
2026-01-11T04:08:18.393105,cam4,/content/drive/MyDrive/TrafficCameraData1/data/cam4/cam4_20260111_040818.jpg,0
2026-01-11T04:08:18.820973,cam5,/content/drive/MyDrive/TrafficCameraData1/data/cam5/cam5_20260111_040818.jpg,0
2026-01-11T04:08:19.249331,cam6,/content/drive/MyDrive/TrafficCameraData1/data/cam6/cam6_20260111_040819.jpg,0
2026-01-11T04:08:19.682740,cam7,/content/drive/MyDrive/TrafficCameraData1/data/cam7/cam7_20260111_040819.jpg,0
2026-01-11T04:08:20.114016,cam8,/content/drive/MyDrive/TrafficCameraData1/data/cam8/cam8_20260111_040820.jpg,0
2026-01-11T04:13:17.055701,cam1,/content/drive/MyDrive/TrafficCameraData1/data/cam1/cam1_20260111_041317.jpg,0
2026-01-11T04:13:17.516585,cam2,/content/drive/MyDrive/TrafficCameraData1/data/cam2/cam2_20260111_041317.jpg,0
2026-01-11T04:13:17.938159,cam3,/content/drive/MyDrive/TrafficCameraData1/data/cam3/cam3_20260111_041317.jpg,0
2026-01-11T04:13:18.370533,cam4,/content/drive/MyDrive/TrafficCameraData1/data/cam4/cam4_20260111_041318.jpg,0
2026-01-11T04:13:18.796330,cam5,/content/drive/MyDrive/TrafficCameraData1/data/cam5/cam5_20260111_041318.jpg,0
2026-01-11T04:13:19.218597,cam6,/content/drive/MyDrive/TrafficCameraData1/data/cam6/cam6_20260111_041319.jpg,0
2026-01-11T04:13:19.643976,cam7,/content/drive/MyDrive/TrafficCameraData1/data/cam7/cam7_20260111_041319.jpg,0
2026-01-11T04:13:20.072315,cam8,/content/drive/MyDrive/TrafficCameraData1/data/cam8/cam8_20260111_041320.jpg,0
2026-01-11T04:15:13.850575,cam1,/content/drive/MyDrive/TrafficCameraData1/data/cam1/cam1_20260111_041513.jpg,0
2026-01-11T04:15:14.259052,cam2,/content/drive/MyDrive/TrafficCameraData1/data/cam2/cam2_20260111_041514.jpg,0
2026-01-11T04:15:14.728352,cam3,/content/drive/MyDrive/TrafficCameraData1/data/cam3/cam3_20260111_041514.jpg,0
2026-01-11T04:15:15.143161,cam4,/content/drive/MyDrive/TrafficCameraData1/data/cam4/cam4_20260111_041515.jpg,0
2026-01-11T04:15:15.538906,cam5,/content/drive/MyDrive/TrafficCameraData1/data/cam5/cam5_20260111_041515.jpg,0
2026-01-11T04:15:15.945850,cam6,/content/drive/MyDrive/TrafficCameraData1/data/cam6/cam6_20260111_041515.jpg,0
2026-01-11T04:15:16.383551,cam7,/content/drive/MyDrive/TrafficCameraData1/data/cam7/cam7_20260111_041516.jpg,0
2026-01-11T04:15:16.815061,cam8,/content/drive/MyDrive/TrafficCameraData1/data/cam8/cam8_20260111_041516.jpg,0
2026-01-11T04:20:13.849480,cam1,/content/drive/MyDrive/TrafficCameraData1/data/cam1/cam1_20260111_042013.jpg,0
2026-01-11T04:20:14.313040,cam2,/content/drive/MyDrive/TrafficCameraData1/data/cam2/cam2_20260111_042014.jpg,0
2026-01-11T04:20:14.747619,cam3,/content/drive/MyDrive/TrafficCameraData1/data/cam3/cam3_20260111_042014.jpg,0
2026-01-11T04:20:15.183125,cam4,/content/drive/MyDrive/TrafficCameraData1/data/cam4/cam4_20260111_042015.jpg,0
2026-01-11T04:20:15.625802,cam5,/content/drive/MyDrive/TrafficCameraData1/data/cam5/cam5_20260111_042015.jpg,0
2026-01-11T04:20:16.017533,cam6,/content/drive/MyDrive/TrafficCameraData1/data/cam6/cam6_20260111_042016.jpg,0
2026-01-11T04:20:16.456695,cam7,/content/drive/MyDrive/TrafficCameraData1/data/cam7/cam7_20260111_042016.jpg,0
2026-01-11T04:20:16.884742,cam8,/content/drive/MyDrive/TrafficCameraData1/data/cam8/cam8_20260111_042016.jpg,0
2026-01-11T04:25:13.849634,cam1,/content/drive/MyDrive/TrafficCameraData1/data/cam1/cam1_20260111_042513.jpg,0
2026-01-11T04:25:14.312595,cam2,/content/drive/MyDrive/TrafficCameraData1/data/cam2/cam2_20260111_042514.jpg,0
2026-01-11T04:25:14.759182,cam3,/content/drive/MyDrive/TrafficCameraData1/data/cam3/cam3_20260111_042514.jpg,0
2026-01-11T04:25:15.190293,cam4,/content/drive/MyDrive/TrafficCameraData1/data/cam4/cam4_20260111_042515.jpg,0
2026-01-11T04:25:15.616512,cam5,/content/drive/MyDrive/TrafficCameraData1/data/cam5/cam5_20260111_042515.jpg,0
2026-01-11T04:25:16.085382,cam6,/content/drive/MyDrive/TrafficCameraData1/data/cam6/cam6_20260111_042516.jpg,0
2026-01-11T04:25:16.519662,cam7,/content/drive/MyDrive/TrafficCameraData1/data/cam7/cam7_20260111_042516.jpg,0
2026-01-11T04:25:17.544531,cam8,/content/drive/MyDrive/TrafficCameraData1/data/cam8/cam8_20260111_042517.jpg,0
2026-01-11T04:30:13.850060,cam1,/content/drive/MyDrive/TrafficCameraData1/data/cam1/cam1_20260111_043013.jpg,0
2026-01-11T04:30:14.295869,cam2,/content/drive/MyDrive/TrafficCameraData1/data/cam2/cam2_20260111_043014.jpg,0
2026-01-11T04:30:15.235994,cam3,/content/drive/MyDrive/TrafficCameraData1/data/cam3/cam3_20260111_043015.jpg,0
2026-01-11T04:30:15.674407,cam4,/content/drive/MyDrive/TrafficCameraData1/data/cam4/cam4_20260111_043015.jpg,0
2026-01-11T04:30:16.101698,cam5,/content/drive/MyDrive/TrafficCameraData1/data/cam5/cam5_20260111_043016.jpg,0
2026-01-11T04:30:16.527873,cam6,/content/drive/MyDrive/TrafficCameraData1/data/cam6/cam6_20260111_043016.jpg,0
2026-01-11T04:30:16.956361,cam7,/content/drive/MyDrive/TrafficCameraData1/data/cam7/cam7_20260111_043016.jpg,0
2026-01-11T04:30:17.383344,cam8,/content/drive/MyDrive/TrafficCameraData1/data/cam8/cam8_20260111_043017.jpg,0
2026-01-11T04:35:13.850306,cam1,/content/drive/MyDrive/TrafficCameraData1/data/cam1/cam1_20260111_043513.jpg,0
2026-01-11T04:35:14.530033,cam2,/content/drive/MyDrive/TrafficCameraData1/data/cam2/cam2_20260111_043514.jpg,0
2026-01-11T04:35:14.991289,cam3,/content/drive/MyDrive/TrafficCameraData1/data/cam3/cam3_20260111_043514.jpg,0
2026-01-11T04:35:15.427850,cam4,/content/drive/MyDrive/TrafficCameraData1/data/cam4/cam4_20260111_043515.jpg,0
2026-01-11T04:35:15.854243,cam5,/content/drive/MyDrive/TrafficCameraData1/data/cam5/cam5_20260111_043515.jpg,0
2026-01-11T04:35:16.279125,cam6,/content/drive/MyDrive/TrafficCameraData1/data/cam6/cam6_20260111_043516.jpg,0
2026-01-11T04:35:16.707314,cam7,/content/drive/MyDrive/TrafficCameraData1/data/cam7/cam7_20260111_043516.jpg,0
2026-01-11T04:35:17.154456,cam8,/content/drive/MyDrive/TrafficCameraData1/data/cam8/cam8_20260111_043517.jpg,0
2026-01-11T04:40:13.850199,cam1,/content/drive/MyDrive/TrafficCameraData1/data/cam1/cam1_20260111_044013.jpg,0
2026-01-11T04:40:14.319920,cam2,/content/drive/MyDrive/TrafficCameraData1/data/cam2/cam2_20260111_044014.jpg,0
2026-01-11T04:40:14.753487,cam3,/content/drive/MyDrive/TrafficCameraData1/data/cam3/cam3_20260111_044014.jpg,0
2026-01-11T04:40:15.191646,cam4,/content/drive/MyDrive/TrafficCameraData1/data/cam4/cam4_20260111_044015.jpg,0
2026-01-11T04:40:15.620347,cam5,/content/drive/MyDrive/TrafficCameraData1/data/cam5/cam5_20260111_044015.jpg,0
2026-01-11T04:40:16.010398,cam6,/content/drive/MyDrive/TrafficCameraData1/data/cam6/cam6_20260111_044016.jpg,0
2026-01-11T04:40:16.444303,cam7,/content/drive/MyDrive/TrafficCameraData1/data/cam7/cam7_20260111_044016.jpg,0
2026-01-11T04:40:16.875664,cam8,/content/drive/MyDrive/TrafficCameraData1/data/cam8/cam8_20260111_044016.jpg,0
2026-01-11T04:45:13.850543,cam1,/content/drive/MyDrive/TrafficCameraData1/data/cam1/cam1_20260111_044513.jpg,0
2026-01-11T04:45:15.046492,cam2,/content/drive/MyDrive/TrafficCameraData1/data/cam2/cam2_20260111_044515.jpg,0
2026-01-11T04:45:15.477243,cam3,/content/drive/MyDrive/TrafficCameraData1/data/cam3/cam3_20260111_044515.jpg,0
2026-01-11T04:45:15.936243,cam4,/content/drive/MyDrive/TrafficCameraData1/data/cam4/cam4_20260111_044515.jpg,0
2026-01-11T04:45:16.387746,cam5,/content/drive/MyDrive/TrafficCameraData1/data/cam5/cam5_20260111_044516.jpg,0
2026-01-11T04:45:16.780205,cam6,/content/drive/MyDrive/TrafficCameraData1/data/cam6/cam6_20260111_044516.jpg,0
2026-01-11T04:45:17.208588,cam7,/content/drive/MyDrive/TrafficCameraData1/data/cam7/cam7_20260111_044517.jpg,0
2026-01-11T04:45:18.368149,cam8,/content/drive/MyDrive/TrafficCameraData1/data/cam8/cam8_20260111_044518.jpg,0
2026-01-11T04:50:13.851182,cam1,/content/drive/MyDrive/TrafficCameraData1/data/cam1/cam1_20260111_045013.jpg,0
2026-01-11T04:50:14.282643,cam2,/content/drive/MyDrive/TrafficCameraData1/data/cam2/cam2_20260111_045014.jpg,0
2026-01-11T04:50:14.712933,cam3,/content/drive/MyDrive/TrafficCameraData1/data/cam3/cam3_20260111_045014.jpg,0
2026-01-11T04:50:15.167909,cam4,/content/drive/MyDrive/TrafficCameraData1/data/cam4/cam4_20260111_045015.jpg,0
2026-01-11T04:50:15.601458,cam5,/content/drive/MyDrive/TrafficCameraData1/data/cam5/cam5_20260111_045015.jpg,0
2026-01-11T04:50:15.992154,cam6,/content/drive/MyDrive/TrafficCameraData1/data/cam6/cam6_20260111_045015.jpg,0
2026-01-11T04:50:16.425399,cam7,/content/drive/MyDrive/TrafficCameraData1/data/cam7/cam7_20260111_045016.jpg,0
2026-01-11T04:50:16.852014,cam8,/content/drive/MyDrive/TrafficCameraData1/data/cam8/cam8_20260111_045016.jpg,0
2026-01-11T04:55:13.851274,cam1,/content/drive/MyDrive/TrafficCameraData1/data/cam1/cam1_20260111_045513.jpg,0
2026-01-11T04:55:14.323394,cam2,/content/drive/MyDrive/TrafficCameraData1/data/cam2/cam2_20260111_045514.jpg,0
2026-01-11T04:55:14.760323,cam3,/content/drive/MyDrive/TrafficCameraData1/data/cam3/cam3_20260111_045514.jpg,0
2026-01-11T04:55:15.207222,cam4,/content/drive/MyDrive/TrafficCameraData1/data/cam4/cam4_20260111_045515.jpg,0
2026-01-11T04:55:15.644875,cam5,/content/drive/MyDrive/TrafficCameraData1/data/cam5/cam5_20260111_045515.jpg,0
2026-01-11T04:55:16.033405,cam6,/content/drive/MyDrive/TrafficCameraData1/data/cam6/cam6_20260111_045516.jpg,0
2026-01-11T04:55:16.465153,cam7,/content/drive/MyDrive/TrafficCameraData1/data/cam7/cam7_20260111_045516.jpg,0
2026-01-11T04:55:16.878587,cam8,/content/drive/MyDrive/TrafficCameraData1/data/cam8/cam8_20260111_045516.jpg,0
2026-01-11T05:00:13.851735,cam1,/content/drive/MyDrive/TrafficCameraData1/data/cam1/cam1_20260111_050013.jpg,0
2026-01-11T05:00:14.335497,cam2,/content/drive/MyDrive/TrafficCameraData1/data/cam2/cam2_20260111_050014.jpg,0
2026-01-11T05:00:14.767528,cam3,/content/drive/MyDrive/TrafficCameraData1/data/cam3/cam3_20260111_050014.jpg,0
2026-01-11T05:00:15.204621,cam4,/content/drive/MyDrive/TrafficCameraData1/data/cam4/cam4_20260111_050015.jpg,0
2026-01-11T05:00:15.647189,cam5,/content/drive/MyDrive/TrafficCameraData1/data/cam5/cam5_20260111_050015.jpg,0
2026-01-11T05:00:16.077603,cam6,/content/drive/MyDrive/TrafficCameraData1/data/cam6/cam6_20260111_050016.jpg,0
2026-01-11T05:00:16.508937,cam7,/content/drive/MyDrive/TrafficCameraData1/data/cam7/cam7_20260111_050016.jpg,0
2026-01-11T05:00:16.896510,cam8,/content/drive/MyDrive/TrafficCameraData1/data/cam8/cam8_20260111_050016.jpg,0
2026-01-11T05:05:13.852580,cam1,/content/drive/MyDrive/TrafficCameraData1/data/cam1/cam1_20260111_050513.jpg,0
2026-01-11T05:05:14.289226,cam2,/content/drive/MyDrive/TrafficCameraData1/data/cam2/cam2_20260111_050514.jpg,0
2026-01-11T05:05:14.728940,cam3,/content/drive/MyDrive/TrafficCameraData1/data/cam3/cam3_20260111_050514.jpg,0
2026-01-11T05:05:15.166441,cam4,/content/drive/MyDrive/TrafficCameraData1/data/cam4/cam4_20260111_050515.jpg,0
2026-01-11T05:05:15.599706,cam5,/content/drive/MyDrive/TrafficCameraData1/data/cam5/cam5_20260111_050515.jpg,0
2026-01-11T05:05:16.035058,cam6,/content/drive/MyDrive/TrafficCameraData1/data/cam6/cam6_20260111_050516.jpg,0
2026-01-11T05:05:16.468505,cam7,/content/drive/MyDrive/TrafficCameraData1/data/cam7/cam7_20260111_050516.jpg,0
2026-01-11T05:05:16.903221,cam8,/content/drive/MyDrive/TrafficCameraData1/data/cam8/cam8_20260111_050516.jpg,0
2026-01-11T05:10:13.852430,cam1,/content/drive/MyDrive/TrafficCameraData1/data/cam1/cam1_20260111_051013.jpg,0
2026-01-11T05:10:14.335964,cam2,/content/drive/MyDrive/TrafficCameraData1/data/cam2/cam2_20260111_051014.jpg,0
2026-01-11T05:10:14.900315,cam3,/content/drive/MyDrive/TrafficCameraData1/data/cam3/cam3_20260111_051014.jpg,0
2026-01-11T05:10:15.338387,cam4,/content/drive/MyDrive/TrafficCameraData1/data/cam4/cam4_20260111_051015.jpg,0
2026-01-11T05:10:15.770672,cam5,/content/drive/MyDrive/TrafficCameraData1/data/cam5/cam5_20260111_051015.jpg,0
2026-01-11T05:10:16.178261,cam6,/content/drive/MyDrive/TrafficCameraData1/data/cam6/cam6_20260111_051016.jpg,0
2026-01-11T05:10:16.607146,cam7,/content/drive/MyDrive/TrafficCameraData1/data/cam7/cam7_20260111_051016.jpg,0
2026-01-11T05:10:17.014456,cam8,/content/drive/MyDrive/TrafficCameraData1/data/cam8/cam8_20260111_051017.jpg,0
2026-01-11T05:15:13.852727,cam1,/content/drive/MyDrive/TrafficCameraData1/data/cam1/cam1_20260111_051513.jpg,0
2026-01-11T05:15:14.326322,cam2,/content/drive/MyDrive/TrafficCameraData1/data/cam2/cam2_20260111_051514.jpg,0
2026-01-11T05:15:14.755289,cam3,/content/drive/MyDrive/TrafficCameraData1/data/cam3/cam3_20260111_051514.jpg,0
2026-01-11T05:15:15.208873,cam4,/content/drive/MyDrive/TrafficCameraData1/data/cam4/cam4_20260111_051515.jpg,0
2026-01-11T05:15:15.638529,cam5,/content/drive/MyDrive/TrafficCameraData1/data/cam5/cam5_20260111_051515.jpg,0
2026-01-11T05:15:16.030112,cam6,/content/drive/MyDrive/TrafficCameraData1/data/cam6/cam6_20260111_051516.jpg,0
2026-01-11T05:15:16.461389,cam7,/content/drive/MyDrive/TrafficCameraData1/data/cam7/cam7_20260111_051516.jpg,0
2026-01-11T05:15:16.903274,cam8,/content/drive/MyDrive/TrafficCameraData1/data/cam8/cam8_20260111_051516.jpg,0
2026-01-11T05:20:13.853105,cam1,/content/drive/MyDrive/TrafficCameraData1/data/cam1/cam1_20260111_052013.jpg,0
2026-01-11T05:20:14.330692,cam2,/content/drive/MyDrive/TrafficCameraData1/data/cam2/cam2_20260111_052014.jpg,0
2026-01-11T05:20:14.777362,cam3,/content/drive/MyDrive/TrafficCameraData1/data/cam3/cam3_20260111_052014.jpg,0
2026-01-11T05:20:15.214077,cam4,/content/drive/MyDrive/TrafficCameraData1/data/cam4/cam4_20260111_052015.jpg,0
2026-01-11T05:20:15.644281,cam5,/content/drive/MyDrive/TrafficCameraData1/data/cam5/cam5_20260111_052015.jpg,0
2026-01-11T05:20:16.031772,cam6,/content/drive/MyDrive/TrafficCameraData1/data/cam6/cam6_20260111_052016.jpg,0
2026-01-11T05:20:16.471446,cam7,/content/drive/MyDrive/TrafficCameraData1/data/cam7/cam7_20260111_052016.jpg,0
2026-01-11T05:20:16.919288,cam8,/content/drive/MyDrive/TrafficCameraData1/data/cam8/cam8_20260111_052016.jpg,0
2026-01-11T05:25:13.853284,cam1,/content/drive/MyDrive/TrafficCameraData1/data/cam1/cam1_20260111_052513.jpg,0
2026-01-11T05:25:14.285375,cam2,/content/drive/MyDrive/TrafficCameraData1/data/cam2/cam2_20260111_052514.jpg,0
2026-01-11T05:25:14.715819,cam3,/content/drive/MyDrive/TrafficCameraData1/data/cam3/cam3_20260111_052514.jpg,0
2026-01-11T05:25:15.151406,cam4,/content/drive/MyDrive/TrafficCameraData1/data/cam4/cam4_20260111_052515.jpg,0
2026-01-11T05:25:15.584286,cam5,/content/drive/MyDrive/TrafficCameraData1/data/cam5/cam5_20260111_052515.jpg,0
2026-01-11T05:25:15.970438,cam6,/content/drive/MyDrive/TrafficCameraData1/data/cam6/cam6_20260111_052515.jpg,0
2026-01-11T05:25:16.606262,cam7,/content/drive/MyDrive/TrafficCameraData1/data/cam7/cam7_20260111_052516.jpg,0
2026-01-11T05:25:17.033570,cam8,/content/drive/MyDrive/TrafficCameraData1/data/cam8/cam8_20260111_052517.jpg,0
2026-01-11T05:30:13.853494,cam1,/content/drive/MyDrive/TrafficCameraData1/data/cam1/cam1_20260111_053013.jpg,0
2026-01-11T05:30:14.331440,cam2,/content/drive/MyDrive/TrafficCameraData1/data/cam2/cam2_20260111_053014.jpg,0
2026-01-11T05:30:14.775357,cam3,/content/drive/MyDrive/TrafficCameraData1/data/cam3/cam3_20260111_053014.jpg,0
2026-01-11T05:30:15.211904,cam4,/content/drive/MyDrive/TrafficCameraData1/data/cam4/cam4_20260111_053015.jpg,0
2026-01-11T05:30:15.641220,cam5,/content/drive/MyDrive/TrafficCameraData1/data/cam5/cam5_20260111_053015.jpg,0
2026-01-11T05:30:16.063332,cam6,/content/drive/MyDrive/TrafficCameraData1/data/cam6/cam6_20260111_053016.jpg,0
2026-01-11T05:30:16.511981,cam7,/content/drive/MyDrive/TrafficCameraData1/data/cam7/cam7_20260111_053016.jpg,0
2026-01-11T05:30:19.653241,cam8,/content/drive/MyDrive/TrafficCameraData1/data/cam8/cam8_20260111_053019.jpg,0
2026-01-11T05:35:13.853647,cam1,/content/drive/MyDrive/TrafficCameraData1/data/cam1/cam1_20260111_053513.jpg,0
2026-01-11T05:35:14.334591,cam2,/content/drive/MyDrive/TrafficCameraData1/data/cam2/cam2_20260111_053514.jpg,0
2026-01-11T05:35:14.775560,cam3,/content/drive/MyDrive/TrafficCameraData1/data/cam3/cam3_20260111_053514.jpg,0
2026-01-11T05:35:15.214767,cam4,/content/drive/MyDrive/TrafficCameraData1/data/cam4/cam4_20260111_053515.jpg,0
2026-01-11T05:35:15.650898,cam5,/content/drive/MyDrive/TrafficCameraData1/data/cam5/cam5_20260111_053515.jpg,0
2026-01-11T05:35:16.055506,cam6,/content/drive/MyDrive/TrafficCameraData1/data/cam6/cam6_20260111_053516.jpg,0
2026-01-11T05:35:16.488559,cam7,/content/drive/MyDrive/TrafficCameraData1/data/cam7/cam7_20260111_053516.jpg,0
2026-01-11T05:35:16.922828,cam8,/content/drive/MyDrive/TrafficCameraData1/data/cam8/cam8_20260111_053516.jpg,0
2026-01-11T05:40:13.853740,cam1,/content/drive/MyDrive/TrafficCameraData1/data/cam1/cam1_20260111_054013.jpg,0
2026-01-11T05:40:14.323750,cam2,/content/drive/MyDrive/TrafficCameraData1/data/cam2/cam2_20260111_054014.jpg,0
2026-01-11T05:40:14.750768,cam3,/content/drive/MyDrive/TrafficCameraData1/data/cam3/cam3_20260111_054014.jpg,0
2026-01-11T05:40:15.213346,cam4,/content/drive/MyDrive/TrafficCameraData1/data/cam4/cam4_20260111_054015.jpg,0
2026-01-11T05:40:15.645431,cam5,/content/drive/MyDrive/TrafficCameraData1/data/cam5/cam5_20260111_054015.jpg,0
2026-01-11T05:40:16.033226,cam6,/content/drive/MyDrive/TrafficCameraData1/data/cam6/cam6_20260111_054016.jpg,0
2026-01-11T05:40:16.467576,cam7,/content/drive/MyDrive/TrafficCameraData1/data/cam7/cam7_20260111_054016.jpg,0
2026-01-11T05:40:16.898171,cam8,/content/drive/MyDrive/TrafficCameraData1/data/cam8/cam8_20260111_054016.jpg,0
2026-01-11T05:45:13.854237,cam1,/content/drive/MyDrive/TrafficCameraData1/data/cam1/cam1_20260111_054513.jpg,0
2026-01-11T05:45:15.327574,cam2,/content/drive/MyDrive/TrafficCameraData1/data/cam2/cam2_20260111_054515.jpg,0
2026-01-11T05:45:15.776523,cam3,/content/drive/MyDrive/TrafficCameraData1/data/cam3/cam3_20260111_054515.jpg,0
2026-01-11T05:45:16.219377,cam4,/content/drive/MyDrive/TrafficCameraData1/data/cam4/cam4_20260111_054516.jpg,0
2026-01-11T05:45:16.654782,cam5,/content/drive/MyDrive/TrafficCameraData1/data/cam5/cam5_20260111_054516.jpg,0
2026-01-11T05:45:17.089485,cam6,/content/drive/MyDrive/TrafficCameraData1/data/cam6/cam6_20260111_054517.jpg,0
2026-01-11T05:45:17.519084,cam7,/content/drive/MyDrive/TrafficCameraData1/data/cam7/cam7_20260111_054517.jpg,0
2026-01-11T05:45:17.927776,cam8,/content/drive/MyDrive/TrafficCameraData1/data/cam8/cam8_20260111_054517.jpg,0
2026-01-11T05:50:13.854331,cam1,/content/drive/MyDrive/TrafficCameraData1/data/cam1/cam1_20260111_055013.jpg,0
2026-01-11T05:50:14.427276,cam2,/content/drive/MyDrive/TrafficCameraData1/data/cam2/cam2_20260111_055014.jpg,0
2026-01-11T05:50:14.861973,cam3,/content/drive/MyDrive/TrafficCameraData1/data/cam3/cam3_20260111_055014.jpg,0
2026-01-11T05:50:15.540416,cam4,/content/drive/MyDrive/TrafficCameraData1/data/cam4/cam4_20260111_055015.jpg,0
2026-01-11T05:50:15.968328,cam5,/content/drive/MyDrive/TrafficCameraData1/data/cam5/cam5_20260111_055015.jpg,0
2026-01-11T05:50:16.356184,cam6,/content/drive/MyDrive/TrafficCameraData1/data/cam6/cam6_20260111_055016.jpg,0
2026-01-11T05:50:16.786113,cam7,/content/drive/MyDrive/TrafficCameraData1/data/cam7/cam7_20260111_055016.jpg,0
2026-01-11T05:50:17.213396,cam8,/content/drive/MyDrive/TrafficCameraData1/data/cam8/cam8_20260111_055017.jpg,0
2026-01-11T05:55:13.854633,cam1,/content/drive/MyDrive/TrafficCameraData1/data/cam1/cam1_20260111_055513.jpg,0
2026-01-11T05:55:14.280993,cam2,/content/drive/MyDrive/TrafficCameraData1/data/cam2/cam2_20260111_055514.jpg,0
2026-01-11T05:55:14.852079,cam3,/content/drive/MyDrive/TrafficCameraData1/data/cam3/cam3_20260111_055514.jpg,0
2026-01-11T05:55:15.289367,cam4,/content/drive/MyDrive/TrafficCameraData1/data/cam4/cam4_20260111_055515.jpg,0
2026-01-11T05:55:15.723520,cam5,/content/drive/MyDrive/TrafficCameraData1/data/cam5/cam5_20260111_055515.jpg,0
2026-01-11T05:55:16.147026,cam6,/content/drive/MyDrive/TrafficCameraData1/data/cam6/cam6_20260111_055516.jpg,0
2026-01-11T05:55:16.728876,cam7,/content/drive/MyDrive/TrafficCameraData1/data/cam7/cam7_20260111_055516.jpg,0
2026-01-11T05:55:17.156002,cam8,/content/drive/MyDrive/TrafficCameraData1/data/cam8/cam8_20260111_055517.jpg,0
2026-01-11T06:00:13.854670,cam1,/content/drive/MyDrive/TrafficCameraData1/data/cam1/cam1_20260111_060013.jpg,0
2026-01-11T06:00:14.330029,cam2,/content/drive/MyDrive/TrafficCameraData1/data/cam2/cam2_20260111_060014.jpg,0
2026-01-11T06:00:14.757468,cam3,/content/drive/MyDrive/TrafficCameraData1/data/cam3/cam3_20260111_060014.jpg,0
2026-01-11T06:00:16.350721,cam4,/content/drive/MyDrive/TrafficCameraData1/data/cam4/cam4_20260111_060016.jpg,0
2026-01-11T06:00:16.779297,cam5,/content/drive/MyDrive/TrafficCameraData1/data/cam5/cam5_20260111_060016.jpg,0
2026-01-11T06:00:17.229355,cam6,/content/drive/MyDrive/TrafficCameraData1/data/cam6/cam6_20260111_060017.jpg,0
2026-01-11T06:00:17.658816,cam7,/content/drive/MyDrive/TrafficCameraData1/data/cam7/cam7_20260111_060017.jpg,0
2026-01-11T06:00:18.091390,cam8,/content/drive/MyDrive/TrafficCameraData1/data/cam8/cam8_20260111_060018.jpg,0
2026-01-11T06:05:13.855420,cam1,/content/drive/MyDrive/TrafficCameraData1/data/cam1/cam1_20260111_060513.jpg,0
2026-01-11T06:05:14.328544,cam2,/content/drive/MyDrive/TrafficCameraData1/data/cam2/cam2_20260111_060514.jpg,0
2026-01-11T06:05:14.756752,cam3,/content/drive/MyDrive/TrafficCameraData1/data/cam3/cam3_20260111_060514.jpg,0
2026-01-11T06:05:15.200637,cam4,/content/drive/MyDrive/TrafficCameraData1/data/cam4/cam4_20260111_060515.jpg,0
2026-01-11T06:05:15.660544,cam5,/content/drive/MyDrive/TrafficCameraData1/data/cam5/cam5_20260111_060515.jpg,0
2026-01-11T06:05:16.054611,cam6,/content/drive/MyDrive/TrafficCameraData1/data/cam6/cam6_20260111_060516.jpg,0
2026-01-11T06:05:16.486103,cam7,/content/drive/MyDrive/TrafficCameraData1/data/cam7/cam7_20260111_060516.jpg,0
2026-01-11T06:05:16.967225,cam8,/content/drive/MyDrive/TrafficCameraData1/data/cam8/cam8_20260111_060516.jpg,0
2026-01-11T06:10:13.855265,cam1,/content/drive/MyDrive/TrafficCameraData1/data/cam1/cam1_20260111_061013.jpg,0
2026-01-11T06:10:14.286083,cam2,/content/drive/MyDrive/TrafficCameraData1/data/cam2/cam2_20260111_061014.jpg,0
2026-01-11T06:10:14.717286,cam3,/content/drive/MyDrive/TrafficCameraData1/data/cam3/cam3_20260111_061014.jpg,0
2026-01-11T06:10:15.155409,cam4,/content/drive/MyDrive/TrafficCameraData1/data/cam4/cam4_20260111_061015.jpg,0
2026-01-11T06:10:15.593186,cam5,/content/drive/MyDrive/TrafficCameraData1/data/cam5/cam5_20260111_061015.jpg,0
2026-01-11T06:10:15.983048,cam6,/content/drive/MyDrive/TrafficCameraData1/data/cam6/cam6_20260111_061015.jpg,0
2026-01-11T06:10:16.414435,cam7,/content/drive/MyDrive/TrafficCameraData1/data/cam7/cam7_20260111_061016.jpg,0
2026-01-11T06:10:16.803274,cam8,/content/drive/MyDrive/TrafficCameraData1/data/cam8/cam8_20260111_061016.jpg,0
2026-01-11T06:15:13.855609,cam1,/content/drive/MyDrive/TrafficCameraData1/data/cam1/cam1_20260111_061513.jpg,0
2026-01-11T06:15:14.317099,cam2,/content/drive/MyDrive/TrafficCameraData1/data/cam2/cam2_20260111_061514.jpg,0
2026-01-11T06:15:14.751773,cam3,/content/drive/MyDrive/TrafficCameraData1/data/cam3/cam3_20260111_061514.jpg,0
2026-01-11T06:15:15.189301,cam4,/content/drive/MyDrive/TrafficCameraData1/data/cam4/cam4_20260111_061515.jpg,0
2026-01-11T06:15:15.628099,cam5,/content/drive/MyDrive/TrafficCameraData1/data/cam5/cam5_20260111_061515.jpg,0
2026-01-11T06:15:16.050438,cam6,/content/drive/MyDrive/TrafficCameraData1/data/cam6/cam6_20260111_061516.jpg,0
2026-01-11T06:15:16.498598,cam7,/content/drive/MyDrive/TrafficCameraData1/data/cam7/cam7_20260111_061516.jpg,0
2026-01-11T06:15:16.931189,cam8,/content/drive/MyDrive/TrafficCameraData1/data/cam8/cam8_20260111_061516.jpg,0
2026-01-11T06:20:13.855829,cam1,/content/drive/MyDrive/TrafficCameraData1/data/cam1/cam1_20260111_062013.jpg,0
2026-01-11T06:20:14.326026,cam2,/content/drive/MyDrive/TrafficCameraData1/data/cam2/cam2_20260111_062014.jpg,0
2026-01-11T06:20:14.753778,cam3,/content/drive/MyDrive/TrafficCameraData1/data/cam3/cam3_20260111_062014.jpg,0
2026-01-11T06:20:15.186518,cam4,/content/drive/MyDrive/TrafficCameraData1/data/cam4/cam4_20260111_062015.jpg,0
2026-01-11T06:20:15.616006,cam5,/content/drive/MyDrive/TrafficCameraData1/data/cam5/cam5_20260111_062015.jpg,0
2026-01-11T06:20:16.041278,cam6,/content/drive/MyDrive/TrafficCameraData1/data/cam6/cam6_20260111_062016.jpg,0
2026-01-11T06:20:16.471799,cam7,/content/drive/MyDrive/TrafficCameraData1/data/cam7/cam7_20260111_062016.jpg,0
2026-01-11T06:20:16.882084,cam8,/content/drive/MyDrive/TrafficCameraData1/data/cam8/cam8_20260111_062016.jpg,0
2026-01-11T06:25:13.856059,cam1,/content/drive/MyDrive/TrafficCameraData1/data/cam1/cam1_20260111_062513.jpg,0
2026-01-11T06:25:14.287728,cam2,/content/drive/MyDrive/TrafficCameraData1/data/cam2/cam2_20260111_062514.jpg,0
2026-01-11T06:25:14.721307,cam3,/content/drive/MyDrive/TrafficCameraData1/data/cam3/cam3_20260111_062514.jpg,0
2026-01-11T06:25:15.206839,cam4,/content/drive/MyDrive/TrafficCameraData1/data/cam4/cam4_20260111_062515.jpg,0
2026-01-11T06:25:15.639394,cam5,/content/drive/MyDrive/TrafficCameraData1/data/cam5/cam5_20260111_062515.jpg,0
2026-01-11T06:25:16.034151,cam6,/content/drive/MyDrive/TrafficCameraData1/data/cam6/cam6_20260111_062516.jpg,0
2026-01-11T06:25:16.524609,cam7,/content/drive/MyDrive/TrafficCameraData1/data/cam7/cam7_20260111_062516.jpg,0
2026-01-11T06:25:16.927277,cam8,/content/drive/MyDrive/TrafficCameraData1/data/cam8/cam8_20260111_062516.jpg,0
2026-01-11T06:30:13.856108,cam1,/content/drive/MyDrive/TrafficCameraData1/data/cam1/cam1_20260111_063013.jpg,0
2026-01-11T06:30:14.324478,cam2,/content/drive/MyDrive/TrafficCameraData1/data/cam2/cam2_20260111_063014.jpg,0
2026-01-11T06:30:14.756728,cam3,/content/drive/MyDrive/TrafficCameraData1/data/cam3/cam3_20260111_063014.jpg,0
2026-01-11T06:30:15.198149,cam4,/content/drive/MyDrive/TrafficCameraData1/data/cam4/cam4_20260111_063015.jpg,0
2026-01-11T06:30:15.648010,cam5,/content/drive/MyDrive/TrafficCameraData1/data/cam5/cam5_20260111_063015.jpg,0
2026-01-11T06:30:16.100627,cam6,/content/drive/MyDrive/TrafficCameraData1/data/cam6/cam6_20260111_063016.jpg,0
2026-01-11T06:30:16.539393,cam7,/content/drive/MyDrive/TrafficCameraData1/data/cam7/cam7_20260111_063016.jpg,0
2026-01-11T06:30:16.975025,cam8,/content/drive/MyDrive/TrafficCameraData1/data/cam8/cam8_20260111_063016.jpg,0
2026-01-11T06:35:13.856373,cam1,/content/drive/MyDrive/TrafficCameraData1/data/cam1/cam1_20260111_063513.jpg,0
2026-01-11T06:35:14.323731,cam2,/content/drive/MyDrive/TrafficCameraData1/data/cam2/cam2_20260111_063514.jpg,0
2026-01-11T06:35:15.482987,cam3,/content/drive/MyDrive/TrafficCameraData1/data/cam3/cam3_20260111_063515.jpg,0
2026-01-11T06:35:16.067314,cam4,/content/drive/MyDrive/TrafficCameraData1/data/cam4/cam4_20260111_063516.jpg,0
2026-01-11T06:35:16.558332,cam5,/content/drive/MyDrive/TrafficCameraData1/data/cam5/cam5_20260111_063516.jpg,0
2026-01-11T06:35:17.050206,cam6,/content/drive/MyDrive/TrafficCameraData1/data/cam6/cam6_20260111_063517.jpg,0
2026-01-11T06:35:17.494919,cam7,/content/drive/MyDrive/TrafficCameraData1/data/cam7/cam7_20260111_063517.jpg,0
2026-01-11T06:35:17.884019,cam8,/content/drive/MyDrive/TrafficCameraData1/data/cam8/cam8_20260111_063517.jpg,0
2026-01-11T06:40:13.856801,cam1,/content/drive/MyDrive/TrafficCameraData1/data/cam1/cam1_20260111_064013.jpg,0
2026-01-11T06:40:14.343879,cam2,/content/drive/MyDrive/TrafficCameraData1/data/cam2/cam2_20260111_064014.jpg,0
2026-01-11T06:40:14.781094,cam3,/content/drive/MyDrive/TrafficCameraData1/data/cam3/cam3_20260111_064014.jpg,0
2026-01-11T06:40:15.231863,cam4,/content/drive/MyDrive/TrafficCameraData1/data/cam4/cam4_20260111_064015.jpg,0
2026-01-11T06:40:15.660088,cam5,/content/drive/MyDrive/TrafficCameraData1/data/cam5/cam5_20260111_064015.jpg,0
2026-01-11T06:40:16.050176,cam6,/content/drive/MyDrive/TrafficCameraData1/data/cam6/cam6_20260111_064016.jpg,0
2026-01-11T06:40:16.483427,cam7,/content/drive/MyDrive/TrafficCameraData1/data/cam7/cam7_20260111_064016.jpg,0
2026-01-11T06:40:16.913335,cam8,/content/drive/MyDrive/TrafficCameraData1/data/cam8/cam8_20260111_064016.jpg,0
2026-01-11T06:45:13.856872,cam1,/content/drive/MyDrive/TrafficCameraData1/data/cam1/cam1_20260111_064513.jpg,0
2026-01-11T06:45:14.348117,cam2,/content/drive/MyDrive/TrafficCameraData1/data/cam2/cam2_20260111_064514.jpg,0
2026-01-11T06:45:14.774245,cam3,/content/drive/MyDrive/TrafficCameraData1/data/cam3/cam3_20260111_064514.jpg,0
2026-01-11T06:45:15.209624,cam4,/content/drive/MyDrive/TrafficCameraData1/data/cam4/cam4_20260111_064515.jpg,0
2026-01-11T06:45:15.657521,cam5,/content/drive/MyDrive/TrafficCameraData1/data/cam5/cam5_20260111_064515.jpg,0
2026-01-11T06:45:16.075863,cam6,/content/drive/MyDrive/TrafficCameraData1/data/cam6/cam6_20260111_064516.jpg,0
2026-01-11T06:45:16.505841,cam7,/content/drive/MyDrive/TrafficCameraData1/data/cam7/cam7_20260111_064516.jpg,0
2026-01-11T06:45:16.954004,cam8,/content/drive/MyDrive/TrafficCameraData1/data/cam8/cam8_20260111_064516.jpg,0
2026-01-11T06:50:13.857284,cam1,/content/drive/MyDrive/TrafficCameraData1/data/cam1/cam1_20260111_065013.jpg,0
2026-01-11T06:50:14.286034,cam2,/content/drive/MyDrive/TrafficCameraData1/data/cam2/cam2_20260111_065014.jpg,0
2026-01-11T06:50:14.721748,cam3,/content/drive/MyDrive/TrafficCameraData1/data/cam3/cam3_20260111_065014.jpg,0
2026-01-11T06:50:15.158288,cam4,/content/drive/MyDrive/TrafficCameraData1/data/cam4/cam4_20260111_065015.jpg,0
2026-01-11T06:50:15.600827,cam5,/content/drive/MyDrive/TrafficCameraData1/data/cam5/cam5_20260111_065015.jpg,0
2026-01-11T06:50:15.991395,cam6,/content/drive/MyDrive/TrafficCameraData1/data/cam6/cam6_20260111_065015.jpg,0
2026-01-11T06:50:16.465824,cam7,/content/drive/MyDrive/TrafficCameraData1/data/cam7/cam7_20260111_065016.jpg,0
2026-01-11T06:50:16.895613,cam8,/content/drive/MyDrive/TrafficCameraData1/data/cam8/cam8_20260111_065016.jpg,0
2026-01-11T06:55:13.857319,cam1,/content/drive/MyDrive/TrafficCameraData1/data/cam1/cam1_20260111_065513.jpg,0
2026-01-11T06:55:14.405432,cam2,/content/drive/MyDrive/TrafficCameraData1/data/cam2/cam2_20260111_065514.jpg,0
2026-01-11T06:55:14.915705,cam3,/content/drive/MyDrive/TrafficCameraData1/data/cam3/cam3_20260111_065514.jpg,0
2026-01-11T06:55:15.350592,cam4,/content/drive/MyDrive/TrafficCameraData1/data/cam4/cam4_20260111_065515.jpg,0
2026-01-11T06:55:15.793871,cam5,/content/drive/MyDrive/TrafficCameraData1/data/cam5/cam5_20260111_065515.jpg,0
2026-01-11T06:55:16.183313,cam6,/content/drive/MyDrive/TrafficCameraData1/data/cam6/cam6_20260111_065516.jpg,0
2026-01-11T06:55:16.686505,cam7,/content/drive/MyDrive/TrafficCameraData1/data/cam7/cam7_20260111_065516.jpg,0
2026-01-11T06:55:17.124555,cam8,/content/drive/MyDrive/TrafficCameraData1/data/cam8/cam8_20260111_065517.jpg,0
2026-01-11T07:00:13.857514,cam1,/content/drive/MyDrive/TrafficCameraData1/data/cam1/cam1_20260111_070013.jpg,0
2026-01-11T07:00:14.338620,cam2,/content/drive/MyDrive/TrafficCameraData1/data/cam2/cam2_20260111_070014.jpg,0
2026-01-11T07:00:14.776910,cam3,/content/drive/MyDrive/TrafficCameraData1/data/cam3/cam3_20260111_070014.jpg,0
2026-01-11T07:00:15.234272,cam4,/content/drive/MyDrive/TrafficCameraData1/data/cam4/cam4_20260111_070015.jpg,0
2026-01-11T07:00:15.674906,cam5,/content/drive/MyDrive/TrafficCameraData1/data/cam5/cam5_20260111_070015.jpg,0
2026-01-11T07:00:16.107314,cam6,/content/drive/MyDrive/TrafficCameraData1/data/cam6/cam6_20260111_070016.jpg,0
2026-01-11T07:00:16.543028,cam7,/content/drive/MyDrive/TrafficCameraData1/data/cam7/cam7_20260111_070016.jpg,0
2026-01-11T07:00:16.970679,cam8,/content/drive/MyDrive/TrafficCameraData1/data/cam8/cam8_20260111_070016.jpg,0
2026-01-11T07:05:13.857787,cam1,/content/drive/MyDrive/TrafficCameraData1/data/cam1/cam1_20260111_070513.jpg,0
2026-01-11T07:05:14.329289,cam2,/content/drive/MyDrive/TrafficCameraData1/data/cam2/cam2_20260111_070514.jpg,0
2026-01-11T07:05:14.793442,cam3,/content/drive/MyDrive/TrafficCameraData1/data/cam3/cam3_20260111_070514.jpg,0
2026-01-11T07:05:15.232372,cam4,/content/drive/MyDrive/TrafficCameraData1/data/cam4/cam4_20260111_070515.jpg,0
2026-01-11T07:05:15.699865,cam5,/content/drive/MyDrive/TrafficCameraData1/data/cam5/cam5_20260111_070515.jpg,0
2026-01-11T07:05:16.124512,cam6,/content/drive/MyDrive/TrafficCameraData1/data/cam6/cam6_20260111_070516.jpg,0
2026-01-11T07:05:16.554745,cam7,/content/drive/MyDrive/TrafficCameraData1/data/cam7/cam7_20260111_070516.jpg,0
2026-01-11T07:05:16.993894,cam8,/content/drive/MyDrive/TrafficCameraData1/data/cam8/cam8_20260111_070516.jpg,0
2026-01-11T07:10:13.857973,cam1,/content/drive/MyDrive/TrafficCameraData1/data/cam1/cam1_20260111_071013.jpg,0
2026-01-11T07:10:14.341719,cam2,/content/drive/MyDrive/TrafficCameraData1/data/cam2/cam2_20260111_071014.jpg,0
2026-01-11T07:10:15.632671,cam3,/content/drive/MyDrive/TrafficCameraData1/data/cam3/cam3_20260111_071015.jpg,0
2026-01-11T07:10:16.076186,cam4,/content/drive/MyDrive/TrafficCameraData1/data/cam4/cam4_20260111_071016.jpg,0
2026-01-11T07:10:16.515724,cam5,/content/drive/MyDrive/TrafficCameraData1/data/cam5/cam5_20260111_071016.jpg,0
2026-01-11T07:10:16.943500,cam6,/content/drive/MyDrive/TrafficCameraData1/data/cam6/cam6_20260111_071016.jpg,0
2026-01-11T07:10:17.381126,cam7,/content/drive/MyDrive/TrafficCameraData1/data/cam7/cam7_20260111_071017.jpg,0
2026-01-11T07:10:17.813227,cam8,/content/drive/MyDrive/TrafficCameraData1/data/cam8/cam8_20260111_071017.jpg,0
2026-01-11T07:40:56.496761,cam1,/content/drive/MyDrive/TrafficCameraData1/data/cam1/cam1_20260111_074056.jpg,0
2026-01-11T07:40:56.890097,cam2,/content/drive/MyDrive/TrafficCameraData1/data/cam2/cam2_20260111_074056.jpg,0
2026-01-11T07:40:57.284632,cam3,/content/drive/MyDrive/TrafficCameraData1/data/cam3/cam3_20260111_074057.jpg,0
2026-01-11T07:40:57.718992,cam4,/content/drive/MyDrive/TrafficCameraData1/data/cam4/cam4_20260111_074057.jpg,0
2026-01-11T07:40:58.147259,cam5,/content/drive/MyDrive/TrafficCameraData1/data/cam5/cam5_20260111_074058.jpg,0
2026-01-11T07:40:58.541425,cam6,/content/drive/MyDrive/TrafficCameraData1/data/cam6/cam6_20260111_074058.jpg,0
2026-01-11T07:40:58.985988,cam7,/content/drive/MyDrive/TrafficCameraData1/data/cam7/cam7_20260111_074058.jpg,0
2026-01-11T07:40:59.439900,cam8,/content/drive/MyDrive/TrafficCameraData1/data/cam8/cam8_20260111_074059.jpg,0
2026-01-11T07:45:56.497440,cam1,/content/drive/MyDrive/TrafficCameraData1/data/cam1/cam1_20260111_074556.jpg,0
2026-01-11T07:45:56.970727,cam2,/content/drive/MyDrive/TrafficCameraData1/data/cam2/cam2_20260111_074556.jpg,0
2026-01-11T07:45:57.408403,cam3,/content/drive/MyDrive/TrafficCameraData1/data/cam3/cam3_20260111_074557.jpg,0
2026-01-11T07:45:57.845462,cam4,/content/drive/MyDrive/TrafficCameraData1/data/cam4/cam4_20260111_074557.jpg,0
2026-01-11T07:45:58.283807,cam5,/content/drive/MyDrive/TrafficCameraData1/data/cam5/cam5_20260111_074558.jpg,0
2026-01-11T07:45:58.697530,cam6,/content/drive/MyDrive/TrafficCameraData1/data/cam6/cam6_20260111_074558.jpg,0
2026-01-11T07:45:59.416149,cam7,/content/drive/MyDrive/TrafficCameraData1/data/cam7/cam7_20260111_074559.jpg,0
2026-01-11T07:45:59.844899,cam8,/content/drive/MyDrive/TrafficCameraData1/data/cam8/cam8_20260111_074559.jpg,0
2026-01-11T07:50:56.497781,cam1,/content/drive/MyDrive/TrafficCameraData1/data/cam1/cam1_20260111_075056.jpg,0
2026-01-11T07:50:56.930055,cam2,/content/drive/MyDrive/TrafficCameraData1/data/cam2/cam2_20260111_075056.jpg,0
2026-01-11T07:50:57.630749,cam3,/content/drive/MyDrive/TrafficCameraData1/data/cam3/cam3_20260111_075057.jpg,0
2026-01-11T07:50:58.087324,cam4,/content/drive/MyDrive/TrafficCameraData1/data/cam4/cam4_20260111_075058.jpg,0
2026-01-11T07:50:58.540491,cam5,/content/drive/MyDrive/TrafficCameraData1/data/cam5/cam5_20260111_075058.jpg,0
2026-01-11T07:50:58.934346,cam6,/content/drive/MyDrive/TrafficCameraData1/data/cam6/cam6_20260111_075058.jpg,0
2026-01-11T07:50:59.412916,cam7,/content/drive/MyDrive/TrafficCameraData1/data/cam7/cam7_20260111_075059.jpg,0
2026-01-11T07:50:59.844303,cam8,/content/drive/MyDrive/TrafficCameraData1/data/cam8/cam8_20260111_075059.jpg,0
2026-01-11T07:55:56.497998,cam1,/content/drive/MyDrive/TrafficCameraData1/data/cam1/cam1_20260111_075556.jpg,0
2026-01-11T07:55:56.965932,cam2,/content/drive/MyDrive/TrafficCameraData1/data/cam2/cam2_20260111_075556.jpg,0
2026-01-11T07:55:57.442129,cam3,/content/drive/MyDrive/TrafficCameraData1/data/cam3/cam3_20260111_075557.jpg,0
2026-01-11T07:55:57.886254,cam4,/content/drive/MyDrive/TrafficCameraData1/data/cam4/cam4_20260111_075557.jpg,0
2026-01-11T07:55:58.589598,cam5,/content/drive/MyDrive/TrafficCameraData1/data/cam5/cam5_20260111_075558.jpg,0
2026-01-11T07:55:58.978842,cam6,/content/drive/MyDrive/TrafficCameraData1/data/cam6/cam6_20260111_075558.jpg,0
2026-01-11T07:55:59.494380,cam7,/content/drive/MyDrive/TrafficCameraData1/data/cam7/cam7_20260111_075559.jpg,0
2026-01-11T07:55:59.923782,cam8,/content/drive/MyDrive/TrafficCameraData1/data/cam8/cam8_20260111_075559.jpg,0
