camera_id,timestamp_vn,motorbike,car,truck,bus,total,file
cam1,2026-01-06 06:19:51,34,8,0,2,44,data/cam1/cam1_20260105_231951.jpg
cam2,2026-01-06 06:19:52,7,0,0,0,7,data/cam2/cam2_20260105_231952.jpg
cam3,2026-01-06 06:19:52,17,2,1,0,20,data/cam3/cam3_20260105_231952.jpg
cam4,2026-01-06 06:19:53,44,3,0,3,50,data/cam4/cam4_20260105_231953.jpg
cam5,2026-01-06 06:19:54,42,15,0,2,59,data/cam5/cam5_20260105_231954.jpg
cam6,2026-01-06 06:19:54,35,3,1,0,39,data/cam6/cam6_20260105_231954.jpg
cam7,2026-01-06 06:19:55,24,4,0,0,28,data/cam7/cam7_20260105_231955.jpg
cam8,2026-01-06 06:19:56,28,14,0,1,43,data/cam8/cam8_20260105_231956.jpg
cam1,2026-01-06 06:24:51,19,15,0,2,36,data/cam1/cam1_20260105_232451.jpg
cam2,2026-01-06 06:24:52,8,3,0,0,11,data/cam2/cam2_20260105_232452.jpg
cam3,2026-01-06 06:24:53,16,6,0,0,22,data/cam3/cam3_20260105_232453.jpg
cam4,2026-01-06 06:24:54,19,8,0,2,29,data/cam4/cam4_20260105_232454.jpg
cam5,2026-01-06 06:24:55,42,29,1,2,74,data/cam5/cam5_20260105_232455.jpg
cam6,2026-01-06 06:24:56,70,7,1,0,78,data/cam6/cam6_20260105_232456.jpg
cam7,2026-01-06 06:24:56,37,0,0,0,37,data/cam7/cam7_20260105_232456.jpg
cam8,2026-01-06 06:24:57,35,4,0,1,40,data/cam8/cam8_20260105_232457.jpg
cam1,2026-01-06 06:29:51,33,15,0,2,50,data/cam1/cam1_20260105_232951.jpg
cam2,2026-01-06 06:29:52,11,1,0,0,12,data/cam2/cam2_20260105_232952.jpg
cam3,2026-01-06 06:29:53,12,3,1,1,17,data/cam3/cam3_20260105_232953.jpg
cam4,2026-01-06 06:29:54,51,13,1,0,65,data/cam4/cam4_20260105_232954.jpg
cam5,2026-01-06 06:29:54,28,31,0,4,63,data/cam5/cam5_20260105_232954.jpg
cam6,2026-01-06 06:29:55,29,7,0,3,39,data/cam6/cam6_20260105_232955.jpg
cam7,2026-01-06 06:29:56,34,0,0,0,34,data/cam7/cam7_20260105_232956.jpg
cam8,2026-01-06 06:29:56,33,13,1,0,47,data/cam8/cam8_20260105_232956.jpg
cam1,2026-01-06 06:34:51,34,20,0,3,57,data/cam1/cam1_20260105_233451.jpg
cam2,2026-01-06 06:34:52,17,0,0,0,17,data/cam2/cam2_20260105_233452.jpg
cam3,2026-01-06 06:34:53,17,1,0,0,18,data/cam3/cam3_20260105_233453.jpg
cam4,2026-01-06 06:34:54,35,8,0,0,43,data/cam4/cam4_20260105_233454.jpg
cam5,2026-01-06 06:34:55,55,29,1,5,90,data/cam5/cam5_20260105_233455.jpg
cam6,2026-01-06 06:34:55,25,8,1,3,37,data/cam6/cam6_20260105_233455.jpg
cam7,2026-01-06 06:34:56,46,4,0,0,50,data/cam7/cam7_20260105_233456.jpg
cam8,2026-01-06 06:34:57,65,13,2,0,80,data/cam8/cam8_20260105_233457.jpg
cam1,2026-01-06 06:39:51,43,8,0,3,54,data/cam1/cam1_20260105_233951.jpg
cam2,2026-01-06 06:39:52,10,0,0,1,11,data/cam2/cam2_20260105_233952.jpg
cam3,2026-01-06 06:39:53,19,3,0,0,22,data/cam3/cam3_20260105_233953.jpg
cam4,2026-01-06 06:39:54,56,11,0,0,67,data/cam4/cam4_20260105_233954.jpg
cam5,2026-01-06 06:39:55,59,37,3,3,102,data/cam5/cam5_20260105_233955.jpg
cam6,2026-01-06 06:39:56,41,11,0,2,54,data/cam6/cam6_20260105_233956.jpg
cam7,2026-01-06 06:39:56,38,3,0,0,41,data/cam7/cam7_20260105_233956.jpg
cam8,2026-01-06 06:39:57,51,17,0,1,69,data/cam8/cam8_20260105_233957.jpg
cam1,2026-01-06 06:44:51,33,16,0,1,50,data/cam1/cam1_20260105_234451.jpg
cam2,2026-01-06 06:44:52,4,1,0,0,5,data/cam2/cam2_20260105_234452.jpg
cam3,2026-01-06 06:44:53,24,8,1,0,33,data/cam3/cam3_20260105_234453.jpg
cam4,2026-01-06 06:44:54,62,11,0,1,74,data/cam4/cam4_20260105_234454.jpg
cam5,2026-01-06 06:44:55,21,21,1,2,45,data/cam5/cam5_20260105_234455.jpg
cam6,2026-01-06 06:44:56,53,9,0,0,62,data/cam6/cam6_20260105_234456.jpg
cam7,2026-01-06 06:44:57,44,5,0,0,49,data/cam7/cam7_20260105_234457.jpg
cam8,2026-01-06 06:44:58,24,8,0,2,34,data/cam8/cam8_20260105_234458.jpg
cam1,2026-01-06 06:49:51,83,23,0,1,107,data/cam1/cam1_20260105_234951.jpg
cam2,2026-01-06 06:49:52,12,4,0,0,16,data/cam2/cam2_20260105_234952.jpg
cam3,2026-01-06 06:49:53,28,2,0,1,31,data/cam3/cam3_20260105_234953.jpg
cam4,2026-01-06 06:49:54,62,12,0,1,75,data/cam4/cam4_20260105_234954.jpg
cam5,2026-01-06 06:49:54,39,31,0,2,72,data/cam5/cam5_20260105_234954.jpg
cam6,2026-01-06 06:49:55,65,11,0,0,76,data/cam6/cam6_20260105_234955.jpg
cam7,2026-01-06 06:49:56,50,6,0,0,56,data/cam7/cam7_20260105_234956.jpg
cam8,2026-01-06 06:49:56,54,9,1,0,64,data/cam8/cam8_20260105_234956.jpg
cam1,2026-01-06 06:54:51,34,13,0,1,48,data/cam1/cam1_20260105_235451.jpg
cam2,2026-01-06 06:54:52,4,3,0,0,7,data/cam2/cam2_20260105_235452.jpg
cam3,2026-01-06 06:54:53,25,6,1,0,32,data/cam3/cam3_20260105_235453.jpg
cam4,2026-01-06 06:54:54,60,5,0,1,66,data/cam4/cam4_20260105_235454.jpg
cam5,2026-01-06 06:54:55,47,27,2,2,78,data/cam5/cam5_20260105_235455.jpg
cam6,2026-01-06 06:54:56,61,5,0,1,67,data/cam6/cam6_20260105_235456.jpg
cam7,2026-01-06 06:54:57,39,6,0,0,45,data/cam7/cam7_20260105_235457.jpg
cam8,2026-01-06 06:54:57,57,7,0,0,64,data/cam8/cam8_20260105_235457.jpg
cam1,2026-01-06 06:59:51,40,19,0,1,60,data/cam1/cam1_20260105_235951.jpg
cam2,2026-01-06 06:59:52,14,1,0,0,15,data/cam2/cam2_20260105_235952.jpg
cam3,2026-01-06 06:59:53,27,6,0,0,33,data/cam3/cam3_20260105_235953.jpg
cam4,2026-01-06 06:59:54,51,11,0,1,63,data/cam4/cam4_20260105_235954.jpg
cam5,2026-01-06 06:59:54,36,23,1,2,62,data/cam5/cam5_20260105_235954.jpg
cam6,2026-01-06 06:59:55,53,2,0,0,55,data/cam6/cam6_20260105_235955.jpg
cam7,2026-01-06 06:59:56,47,6,0,0,53,data/cam7/cam7_20260105_235956.jpg
cam8,2026-01-06 06:59:56,48,12,0,1,61,data/cam8/cam8_20260105_235956.jpg
cam1,2026-01-06 07:04:51,33,15,0,1,49,data/cam1/cam1_20260106_000451.jpg
cam2,2026-01-06 07:04:52,14,3,0,0,17,data/cam2/cam2_20260106_000452.jpg
cam3,2026-01-06 07:04:53,35,4,1,0,40,data/cam3/cam3_20260106_000453.jpg
cam4,2026-01-06 07:04:54,66,12,0,1,79,data/cam4/cam4_20260106_000454.jpg
cam5,2026-01-06 07:04:55,45,12,0,0,57,data/cam5/cam5_20260106_000455.jpg
cam6,2026-01-06 07:04:56,66,6,1,1,74,data/cam6/cam6_20260106_000456.jpg
cam7,2026-01-06 07:04:56,34,7,0,1,42,data/cam7/cam7_20260106_000456.jpg
cam8,2026-01-06 07:04:57,32,16,0,3,51,data/cam8/cam8_20260106_000457.jpg
cam1,2026-01-06 07:09:51,88,24,0,1,113,data/cam1/cam1_20260106_000951.jpg
cam2,2026-01-06 07:09:53,16,3,0,0,19,data/cam2/cam2_20260106_000953.jpg
cam3,2026-01-06 07:09:53,34,3,0,0,37,data/cam3/cam3_20260106_000953.jpg
cam4,2026-01-06 07:09:54,81,7,0,2,90,data/cam4/cam4_20260106_000954.jpg
cam5,2026-01-06 07:09:55,60,25,1,1,87,data/cam5/cam5_20260106_000955.jpg
cam6,2026-01-06 07:09:56,39,5,1,0,45,data/cam6/cam6_20260106_000956.jpg
cam7,2026-01-06 07:09:56,52,2,1,1,56,data/cam7/cam7_20260106_000956.jpg
cam8,2026-01-06 07:09:57,65,8,0,1,74,data/cam8/cam8_20260106_000957.jpg
cam1,2026-01-06 07:14:51,43,12,0,3,58,data/cam1/cam1_20260106_001451.jpg
cam2,2026-01-06 07:14:53,8,1,0,0,9,data/cam2/cam2_20260106_001453.jpg
cam3,2026-01-06 07:14:54,17,4,1,0,22,data/cam3/cam3_20260106_001454.jpg
cam4,2026-01-06 07:14:54,57,9,2,0,68,data/cam4/cam4_20260106_001454.jpg
cam5,2026-01-06 07:14:55,51,22,0,1,74,data/cam5/cam5_20260106_001455.jpg
cam6,2026-01-06 07:14:56,23,3,0,0,26,data/cam6/cam6_20260106_001456.jpg
cam7,2026-01-06 07:14:57,50,5,0,0,55,data/cam7/cam7_20260106_001457.jpg
cam8,2026-01-06 07:14:58,25,11,0,2,38,data/cam8/cam8_20260106_001458.jpg
cam1,2026-01-06 07:19:51,37,22,0,2,61,data/cam1/cam1_20260106_001951.jpg
cam2,2026-01-06 07:19:52,14,0,0,0,14,data/cam2/cam2_20260106_001952.jpg
cam3,2026-01-06 07:19:53,28,8,0,0,36,data/cam3/cam3_20260106_001953.jpg
cam4,2026-01-06 07:19:54,64,10,0,0,74,data/cam4/cam4_20260106_001954.jpg
cam5,2026-01-06 07:19:55,30,19,0,1,50,data/cam5/cam5_20260106_001955.jpg
cam6,2026-01-06 07:19:56,54,5,1,1,61,data/cam6/cam6_20260106_001956.jpg
cam7,2026-01-06 07:19:56,42,2,0,0,44,data/cam7/cam7_20260106_001956.jpg
cam8,2026-01-06 07:19:57,41,18,0,0,59,data/cam8/cam8_20260106_001957.jpg
cam1,2026-01-06 07:24:51,85,13,0,1,99,data/cam1/cam1_20260106_002451.jpg
cam2,2026-01-06 07:24:52,20,4,1,0,25,data/cam2/cam2_20260106_002452.jpg
cam3,2026-01-06 07:24:53,29,6,0,0,35,data/cam3/cam3_20260106_002453.jpg
cam4,2026-01-06 07:24:54,62,4,0,0,66,data/cam4/cam4_20260106_002454.jpg
cam5,2026-01-06 07:24:56,72,17,0,2,91,data/cam5/cam5_20260106_002456.jpg
cam6,2026-01-06 07:24:57,70,9,0,1,80,data/cam6/cam6_20260106_002457.jpg
cam7,2026-01-06 07:24:58,71,1,0,1,73,data/cam7/cam7_20260106_002458.jpg
cam8,2026-01-06 07:24:59,50,8,0,2,60,data/cam8/cam8_20260106_002459.jpg
cam1,2026-01-06 07:29:51,62,22,1,3,88,data/cam1/cam1_20260106_002951.jpg
cam2,2026-01-06 07:29:52,22,2,0,2,26,data/cam2/cam2_20260106_002952.jpg
cam3,2026-01-06 07:29:53,21,2,0,0,23,data/cam3/cam3_20260106_002953.jpg
cam4,2026-01-06 07:29:54,52,10,0,0,62,data/cam4/cam4_20260106_002954.jpg
cam5,2026-01-06 07:29:54,74,10,0,2,86,data/cam5/cam5_20260106_002954.jpg
cam6,2026-01-06 07:29:55,52,4,0,0,56,data/cam6/cam6_20260106_002955.jpg
cam7,2026-01-06 07:29:56,40,3,0,0,43,data/cam7/cam7_20260106_002956.jpg
cam8,2026-01-06 07:29:56,55,14,0,0,69,data/cam8/cam8_20260106_002956.jpg
cam1,2026-01-06 07:34:51,72,14,0,2,88,data/cam1/cam1_20260106_003451.jpg
cam2,2026-01-06 07:34:52,17,3,0,0,20,data/cam2/cam2_20260106_003452.jpg
cam3,2026-01-06 07:34:54,29,8,0,0,37,data/cam3/cam3_20260106_003454.jpg
cam4,2026-01-06 07:34:54,55,15,0,1,71,data/cam4/cam4_20260106_003454.jpg
cam5,2026-01-06 07:34:56,22,23,0,0,45,data/cam5/cam5_20260106_003456.jpg
cam6,2026-01-06 07:34:56,42,5,0,0,47,data/cam6/cam6_20260106_003456.jpg
cam7,2026-01-06 07:34:57,57,1,0,2,60,data/cam7/cam7_20260106_003457.jpg
cam8,2026-01-06 07:34:58,45,13,0,1,59,data/cam8/cam8_20260106_003458.jpg
cam1,2026-01-06 07:39:51,37,25,0,2,64,data/cam1/cam1_20260106_003951.jpg
cam2,2026-01-06 07:39:52,53,2,0,1,56,data/cam2/cam2_20260106_003952.jpg
cam3,2026-01-06 07:39:53,25,5,1,0,31,data/cam3/cam3_20260106_003953.jpg
cam4,2026-01-06 07:39:54,69,8,0,0,77,data/cam4/cam4_20260106_003954.jpg
cam5,2026-01-06 07:39:54,81,24,0,5,110,data/cam5/cam5_20260106_003954.jpg
cam6,2026-01-06 07:39:55,55,6,0,0,61,data/cam6/cam6_20260106_003955.jpg
cam7,2026-01-06 07:39:56,51,1,0,0,52,data/cam7/cam7_20260106_003956.jpg
cam8,2026-01-06 07:39:57,49,16,0,0,65,data/cam8/cam8_20260106_003957.jpg
cam1,2026-01-06 07:44:51,101,24,1,1,127,data/cam1/cam1_20260106_004451.jpg
cam2,2026-01-06 07:44:52,55,6,0,0,61,data/cam2/cam2_20260106_004452.jpg
cam3,2026-01-06 07:44:53,38,7,1,0,46,data/cam3/cam3_20260106_004453.jpg
cam4,2026-01-06 07:44:54,65,10,0,2,77,data/cam4/cam4_20260106_004454.jpg
cam5,2026-01-06 07:44:55,79,30,0,2,111,data/cam5/cam5_20260106_004455.jpg
cam6,2026-01-06 07:44:56,50,5,0,0,55,data/cam6/cam6_20260106_004456.jpg
cam7,2026-01-06 07:44:56,50,4,1,0,55,data/cam7/cam7_20260106_004456.jpg
cam8,2026-01-06 07:44:57,61,8,1,1,71,data/cam8/cam8_20260106_004457.jpg
cam1,2026-01-06 07:49:51,66,18,0,2,86,data/cam1/cam1_20260106_004951.jpg
cam2,2026-01-06 07:49:52,58,4,0,0,62,data/cam2/cam2_20260106_004952.jpg
cam3,2026-01-06 07:49:53,27,2,1,1,31,data/cam3/cam3_20260106_004953.jpg
cam4,2026-01-06 07:49:54,63,9,0,2,74,data/cam4/cam4_20260106_004954.jpg
cam5,2026-01-06 07:49:55,58,30,0,0,88,data/cam5/cam5_20260106_004955.jpg
cam6,2026-01-06 07:49:56,61,3,0,0,64,data/cam6/cam6_20260106_004956.jpg
cam7,2026-01-06 07:49:57,34,3,0,1,38,data/cam7/cam7_20260106_004957.jpg
cam8,2026-01-06 07:49:58,61,10,1,0,72,data/cam8/cam8_20260106_004958.jpg
cam1,2026-01-06 07:54:51,93,33,1,3,130,data/cam1/cam1_20260106_005451.jpg
cam2,2026-01-06 07:54:53,14,2,0,0,16,data/cam2/cam2_20260106_005453.jpg
cam3,2026-01-06 07:54:53,41,8,0,0,49,data/cam3/cam3_20260106_005453.jpg
cam4,2026-01-06 07:54:55,79,13,0,0,92,data/cam4/cam4_20260106_005455.jpg
cam5,2026-01-06 07:54:56,66,27,0,2,95,data/cam5/cam5_20260106_005456.jpg
cam6,2026-01-06 07:54:56,55,11,0,0,66,data/cam6/cam6_20260106_005456.jpg
cam7,2026-01-06 07:54:57,36,1,0,0,37,data/cam7/cam7_20260106_005457.jpg
cam8,2026-01-06 07:54:58,41,9,0,0,50,data/cam8/cam8_20260106_005458.jpg
cam1,2026-01-06 07:59:51,31,34,0,6,71,data/cam1/cam1_20260106_005951.jpg
cam2,2026-01-06 07:59:52,27,4,0,1,32,data/cam2/cam2_20260106_005952.jpg
cam3,2026-01-06 07:59:53,37,4,2,1,44,data/cam3/cam3_20260106_005953.jpg
cam4,2026-01-06 07:59:54,63,5,0,1,69,data/cam4/cam4_20260106_005954.jpg
cam5,2026-01-06 07:59:54,44,23,0,3,70,data/cam5/cam5_20260106_005954.jpg
cam6,2026-01-06 07:59:55,63,7,0,1,71,data/cam6/cam6_20260106_005955.jpg
cam7,2026-01-06 07:59:56,30,2,0,0,32,data/cam7/cam7_20260106_005956.jpg
cam8,2026-01-06 07:59:57,56,13,0,0,69,data/cam8/cam8_20260106_005957.jpg
cam1,2026-01-06 08:04:51,68,47,0,1,116,data/cam1/cam1_20260106_010451.jpg
cam2,2026-01-06 08:04:52,16,7,0,0,23,data/cam2/cam2_20260106_010452.jpg
cam3,2026-01-06 08:04:53,21,3,0,0,24,data/cam3/cam3_20260106_010453.jpg
cam4,2026-01-06 08:04:54,72,8,2,2,84,data/cam4/cam4_20260106_010454.jpg
cam5,2026-01-06 08:04:55,47,35,0,3,85,data/cam5/cam5_20260106_010455.jpg
cam6,2026-01-06 08:04:56,39,17,0,0,56,data/cam6/cam6_20260106_010456.jpg
cam7,2026-01-06 08:04:56,24,5,1,0,30,data/cam7/cam7_20260106_010456.jpg
cam8,2026-01-06 08:04:57,60,16,1,1,78,data/cam8/cam8_20260106_010457.jpg
cam1,2026-01-06 08:09:51,30,34,0,0,64,data/cam1/cam1_20260106_010951.jpg
cam2,2026-01-06 08:09:52,11,6,1,1,19,data/cam2/cam2_20260106_010952.jpg
cam3,2026-01-06 08:09:53,27,10,1,0,38,data/cam3/cam3_20260106_010953.jpg
cam4,2026-01-06 08:09:54,60,8,0,1,69,data/cam4/cam4_20260106_010954.jpg
cam5,2026-01-06 08:09:55,39,34,0,0,73,data/cam5/cam5_20260106_010955.jpg
cam6,2026-01-06 08:09:56,96,11,0,0,107,data/cam6/cam6_20260106_010956.jpg
cam7,2026-01-06 08:09:57,29,1,0,1,31,data/cam7/cam7_20260106_010957.jpg
cam8,2026-01-06 08:09:58,30,19,0,1,50,data/cam8/cam8_20260106_010958.jpg
cam1,2026-01-06 08:14:51,53,42,0,4,99,data/cam1/cam1_20260106_011451.jpg
cam2,2026-01-06 08:14:52,22,4,0,0,26,data/cam2/cam2_20260106_011452.jpg
cam3,2026-01-06 08:14:53,26,4,1,1,32,data/cam3/cam3_20260106_011453.jpg
cam4,2026-01-06 08:14:54,72,10,0,0,82,data/cam4/cam4_20260106_011454.jpg
cam5,2026-01-06 08:14:55,57,28,0,3,88,data/cam5/cam5_20260106_011455.jpg
cam6,2026-01-06 08:14:56,53,11,0,1,65,data/cam6/cam6_20260106_011456.jpg
cam7,2026-01-06 08:14:56,34,1,0,0,35,data/cam7/cam7_20260106_011456.jpg
cam8,2026-01-06 08:14:57,49,14,0,0,63,data/cam8/cam8_20260106_011457.jpg
cam1,2026-01-06 08:19:51,22,32,0,6,60,data/cam1/cam1_20260106_011951.jpg
cam2,2026-01-06 08:19:52,26,8,2,1,37,data/cam2/cam2_20260106_011952.jpg
cam3,2026-01-06 08:19:53,22,1,0,0,23,data/cam3/cam3_20260106_011953.jpg
cam4,2026-01-06 08:19:54,69,10,0,2,81,data/cam4/cam4_20260106_011954.jpg
cam5,2026-01-06 08:19:55,43,40,0,1,84,data/cam5/cam5_20260106_011955.jpg
cam6,2026-01-06 08:19:56,48,7,1,2,58,data/cam6/cam6_20260106_011956.jpg
cam7,2026-01-06 08:19:57,60,1,0,3,64,data/cam7/cam7_20260106_011957.jpg
cam8,2026-01-06 08:19:58,48,10,0,2,60,data/cam8/cam8_20260106_011958.jpg
cam1,2026-01-06 08:24:51,32,18,0,1,51,data/cam1/cam1_20260106_012451.jpg
cam2,2026-01-06 08:24:53,12,5,0,0,17,data/cam2/cam2_20260106_012453.jpg
cam3,2026-01-06 08:24:54,37,3,1,0,41,data/cam3/cam3_20260106_012454.jpg
cam4,2026-01-06 08:24:55,53,7,0,3,63,data/cam4/cam4_20260106_012455.jpg
cam5,2026-01-06 08:24:56,50,19,3,2,74,data/cam5/cam5_20260106_012456.jpg
cam6,2026-01-06 08:24:57,68,10,0,0,78,data/cam6/cam6_20260106_012457.jpg
cam7,2026-01-06 08:24:58,33,4,1,0,38,data/cam7/cam7_20260106_012458.jpg
cam8,2026-01-06 08:24:59,39,14,0,0,53,data/cam8/cam8_20260106_012459.jpg
cam1,2026-01-06 08:29:51,39,27,0,2,68,data/cam1/cam1_20260106_012951.jpg
cam2,2026-01-06 08:29:52,15,3,1,0,19,data/cam2/cam2_20260106_012952.jpg
cam3,2026-01-06 08:29:53,18,5,1,0,24,data/cam3/cam3_20260106_012953.jpg
cam4,2026-01-06 08:29:54,63,11,0,1,75,data/cam4/cam4_20260106_012954.jpg
cam5,2026-01-06 08:29:55,38,28,1,2,69,data/cam5/cam5_20260106_012955.jpg
cam6,2026-01-06 08:29:55,55,12,0,1,68,data/cam6/cam6_20260106_012955.jpg
cam7,2026-01-06 08:29:56,28,4,1,0,33,data/cam7/cam7_20260106_012956.jpg
cam8,2026-01-06 08:29:56,47,14,0,1,62,data/cam8/cam8_20260106_012956.jpg
cam1,2026-01-06 08:34:51,57,17,0,3,77,data/cam1/cam1_20260106_013451.jpg
cam2,2026-01-06 08:34:52,20,3,0,0,23,data/cam2/cam2_20260106_013452.jpg
cam3,2026-01-06 08:34:53,32,6,0,0,38,data/cam3/cam3_20260106_013453.jpg
cam4,2026-01-06 08:34:56,55,4,0,0,59,data/cam4/cam4_20260106_013456.jpg
cam5,2026-01-06 08:34:57,18,49,0,5,72,data/cam5/cam5_20260106_013457.jpg
cam6,2026-01-06 08:34:59,61,14,0,0,75,data/cam6/cam6_20260106_013459.jpg
cam7,2026-01-06 08:35:00,21,3,0,0,24,data/cam7/cam7_20260106_013500.jpg
cam8,2026-01-06 08:35:00,51,16,0,1,68,data/cam8/cam8_20260106_013500.jpg
cam1,2026-01-06 08:39:51,49,22,1,0,72,data/cam1/cam1_20260106_013951.jpg
cam2,2026-01-06 08:39:52,15,4,0,0,19,data/cam2/cam2_20260106_013952.jpg
cam3,2026-01-06 08:39:53,27,6,0,1,34,data/cam3/cam3_20260106_013953.jpg
cam4,2026-01-06 08:39:54,42,5,0,2,49,data/cam4/cam4_20260106_013954.jpg
cam5,2026-01-06 08:39:55,16,41,2,2,61,data/cam5/cam5_20260106_013955.jpg
cam6,2026-01-06 08:39:55,69,5,0,0,74,data/cam6/cam6_20260106_013955.jpg
cam7,2026-01-06 08:39:56,41,7,1,1,50,data/cam7/cam7_20260106_013956.jpg
cam8,2026-01-06 08:39:57,25,20,0,2,47,data/cam8/cam8_20260106_013957.jpg
cam1,2026-01-06 08:44:51,40,29,1,1,71,data/cam1/cam1_20260106_014451.jpg
cam2,2026-01-06 08:44:52,15,5,0,0,20,data/cam2/cam2_20260106_014452.jpg
cam3,2026-01-06 08:44:53,24,9,0,0,33,data/cam3/cam3_20260106_014453.jpg
cam4,2026-01-06 08:44:55,53,17,0,1,71,data/cam4/cam4_20260106_014455.jpg
cam5,2026-01-06 08:44:57,6,41,0,5,52,data/cam5/cam5_20260106_014457.jpg
cam6,2026-01-06 08:44:58,47,11,0,0,58,data/cam6/cam6_20260106_014458.jpg
cam7,2026-01-06 08:44:58,26,5,0,0,31,data/cam7/cam7_20260106_014458.jpg
cam8,2026-01-06 08:44:59,40,21,3,1,65,data/cam8/cam8_20260106_014459.jpg
cam1,2026-01-06 08:49:51,59,20,0,3,82,data/cam1/cam1_20260106_014951.jpg
cam2,2026-01-06 08:49:53,17,4,0,0,21,data/cam2/cam2_20260106_014953.jpg
cam3,2026-01-06 08:49:53,27,4,1,0,32,data/cam3/cam3_20260106_014953.jpg
cam4,2026-01-06 08:49:55,62,9,2,0,73,data/cam4/cam4_20260106_014955.jpg
cam5,2026-01-06 08:49:55,16,50,0,6,72,data/cam5/cam5_20260106_014955.jpg
cam6,2026-01-06 08:49:56,40,9,1,0,50,data/cam6/cam6_20260106_014956.jpg
cam7,2026-01-06 08:49:57,45,3,0,0,48,data/cam7/cam7_20260106_014957.jpg
cam8,2026-01-06 08:49:58,38,17,2,0,57,data/cam8/cam8_20260106_014958.jpg
cam1,2026-01-06 08:54:51,36,24,0,1,61,data/cam1/cam1_20260106_015451.jpg
cam2,2026-01-06 08:54:52,13,4,1,1,19,data/cam2/cam2_20260106_015452.jpg
cam3,2026-01-06 08:54:53,37,10,0,0,47,data/cam3/cam3_20260106_015453.jpg
cam4,2026-01-06 08:54:54,58,14,0,0,72,data/cam4/cam4_20260106_015454.jpg
cam5,2026-01-06 08:54:54,13,53,0,3,69,data/cam5/cam5_20260106_015454.jpg
cam6,2026-01-06 08:54:55,47,5,1,0,53,data/cam6/cam6_20260106_015455.jpg
cam7,2026-01-06 08:54:56,44,5,1,0,50,data/cam7/cam7_20260106_015456.jpg
cam8,2026-01-06 08:54:57,25,13,3,1,42,data/cam8/cam8_20260106_015457.jpg
cam1,2026-01-06 08:59:51,36,24,0,1,61,data/cam1/cam1_20260106_015951.jpg
cam2,2026-01-06 08:59:52,11,11,0,0,22,data/cam2/cam2_20260106_015952.jpg
cam3,2026-01-06 08:59:53,27,6,1,0,34,data/cam3/cam3_20260106_015953.jpg
cam4,2026-01-06 08:59:54,77,10,1,0,88,data/cam4/cam4_20260106_015954.jpg
cam5,2026-01-06 08:59:55,19,44,3,4,70,data/cam5/cam5_20260106_015955.jpg
cam6,2026-01-06 08:59:56,57,10,0,0,67,data/cam6/cam6_20260106_015956.jpg
cam7,2026-01-06 08:59:57,57,3,0,0,60,data/cam7/cam7_20260106_015957.jpg
cam8,2026-01-06 08:59:58,49,22,3,0,74,data/cam8/cam8_20260106_015958.jpg
cam1,2026-01-06 09:04:51,44,28,0,2,74,data/cam1/cam1_20260106_020451.jpg
cam2,2026-01-06 09:04:52,16,9,1,0,26,data/cam2/cam2_20260106_020452.jpg
cam3,2026-01-06 09:04:53,31,8,1,1,41,data/cam3/cam3_20260106_020453.jpg
cam4,2026-01-06 09:04:54,54,12,1,2,69,data/cam4/cam4_20260106_020454.jpg
cam5,2026-01-06 09:04:54,15,27,6,0,48,data/cam5/cam5_20260106_020454.jpg
cam6,2026-01-06 09:04:55,33,10,4,0,47,data/cam6/cam6_20260106_020455.jpg
cam7,2026-01-06 09:04:56,56,2,1,1,60,data/cam7/cam7_20260106_020456.jpg
cam8,2026-01-06 09:04:56,37,18,0,2,57,data/cam8/cam8_20260106_020456.jpg
cam1,2026-01-06 09:09:51,51,17,3,2,73,data/cam1/cam1_20260106_020951.jpg
cam2,2026-01-06 09:09:52,24,10,1,0,35,data/cam2/cam2_20260106_020952.jpg
cam3,2026-01-06 09:09:53,28,3,0,0,31,data/cam3/cam3_20260106_020953.jpg
cam4,2026-01-06 09:09:54,41,3,0,0,44,data/cam4/cam4_20260106_020954.jpg
cam5,2026-01-06 09:09:55,20,27,5,0,52,data/cam5/cam5_20260106_020955.jpg
cam6,2026-01-06 09:09:56,70,8,3,1,82,data/cam6/cam6_20260106_020956.jpg
cam7,2026-01-06 09:09:57,58,2,0,0,60,data/cam7/cam7_20260106_020957.jpg
cam8,2026-01-06 09:09:57,46,23,0,0,69,data/cam8/cam8_20260106_020957.jpg
cam1,2026-01-06 09:14:51,27,17,4,1,49,data/cam1/cam1_20260106_021451.jpg
cam2,2026-01-06 09:14:52,31,4,3,0,38,data/cam2/cam2_20260106_021452.jpg
cam3,2026-01-06 09:14:54,17,6,1,0,24,data/cam3/cam3_20260106_021454.jpg
cam4,2026-01-06 09:14:55,61,3,3,1,68,data/cam4/cam4_20260106_021455.jpg
cam5,2026-01-06 09:14:56,22,22,11,0,55,data/cam5/cam5_20260106_021456.jpg
cam6,2026-01-06 09:14:56,48,5,4,0,57,data/cam6/cam6_20260106_021456.jpg
cam7,2026-01-06 09:14:57,33,8,2,1,44,data/cam7/cam7_20260106_021457.jpg
cam8,2026-01-06 09:14:58,19,14,4,3,40,data/cam8/cam8_20260106_021458.jpg
cam1,2026-01-06 09:18:39,29,20,1,2,52,data/cam1/cam1_20260106_021839.jpg
cam2,2026-01-06 09:18:40,31,8,2,0,41,data/cam2/cam2_20260106_021840.jpg
cam3,2026-01-06 09:18:41,22,5,2,2,31,data/cam3/cam3_20260106_021841.jpg
cam4,2026-01-06 09:18:41,36,10,6,0,52,data/cam4/cam4_20260106_021841.jpg
cam5,2026-01-06 09:18:42,7,27,8,1,43,data/cam5/cam5_20260106_021842.jpg
cam6,2026-01-06 09:18:43,44,9,7,0,60,data/cam6/cam6_20260106_021843.jpg
cam7,2026-01-06 09:18:43,25,1,2,1,29,data/cam7/cam7_20260106_021843.jpg
cam8,2026-01-06 09:18:44,39,17,0,1,57,data/cam8/cam8_20260106_021844.jpg
cam1,2026-01-06 09:23:39,38,30,1,2,71,data/cam1/cam1_20260106_022339.jpg
cam2,2026-01-06 09:23:40,29,9,1,1,40,data/cam2/cam2_20260106_022340.jpg
cam3,2026-01-06 09:23:41,26,7,3,1,37,data/cam3/cam3_20260106_022341.jpg
cam4,2026-01-06 09:23:42,34,13,1,0,48,data/cam4/cam4_20260106_022342.jpg
cam5,2026-01-06 09:23:43,29,16,10,2,57,data/cam5/cam5_20260106_022343.jpg
cam6,2026-01-06 09:23:44,22,10,6,0,38,data/cam6/cam6_20260106_022344.jpg
cam7,2026-01-06 09:23:45,27,3,1,1,32,data/cam7/cam7_20260106_022345.jpg
cam8,2026-01-06 09:23:46,33,22,2,1,58,data/cam8/cam8_20260106_022346.jpg
cam1,2026-01-06 09:28:39,48,15,0,1,64,data/cam1/cam1_20260106_022839.jpg
cam2,2026-01-06 09:28:40,32,7,1,1,41,data/cam2/cam2_20260106_022840.jpg
cam3,2026-01-06 09:28:41,26,9,2,0,37,data/cam3/cam3_20260106_022841.jpg
cam4,2026-01-06 09:28:42,38,18,4,1,61,data/cam4/cam4_20260106_022842.jpg
cam5,2026-01-06 09:28:42,24,27,8,1,60,data/cam5/cam5_20260106_022842.jpg
cam6,2026-01-06 09:28:43,32,8,3,0,43,data/cam6/cam6_20260106_022843.jpg
cam7,2026-01-06 09:28:44,50,2,1,0,53,data/cam7/cam7_20260106_022844.jpg
cam8,2026-01-06 09:28:44,40,14,1,1,56,data/cam8/cam8_20260106_022844.jpg
cam1,2026-01-06 09:33:39,24,24,2,3,53,data/cam1/cam1_20260106_023339.jpg
cam2,2026-01-06 09:33:40,42,5,1,0,48,data/cam2/cam2_20260106_023340.jpg
cam3,2026-01-06 09:33:41,17,5,2,1,25,data/cam3/cam3_20260106_023341.jpg
cam4,2026-01-06 09:33:42,52,8,4,0,64,data/cam4/cam4_20260106_023342.jpg
cam5,2026-01-06 09:33:42,22,22,7,2,53,data/cam5/cam5_20260106_023342.jpg
cam6,2026-01-06 09:33:43,72,5,5,0,82,data/cam6/cam6_20260106_023343.jpg
cam7,2026-01-06 09:33:44,31,4,1,0,36,data/cam7/cam7_20260106_023344.jpg
cam8,2026-01-06 09:33:45,45,14,2,1,62,data/cam8/cam8_20260106_023345.jpg
cam1,2026-01-06 09:38:39,36,16,3,3,58,data/cam1/cam1_20260106_023839.jpg
cam2,2026-01-06 09:38:40,33,4,1,0,38,data/cam2/cam2_20260106_023840.jpg
cam3,2026-01-06 09:38:41,27,6,4,0,37,data/cam3/cam3_20260106_023841.jpg
cam4,2026-01-06 09:38:42,48,5,2,5,60,data/cam4/cam4_20260106_023842.jpg
cam5,2026-01-06 09:38:42,6,33,11,1,51,data/cam5/cam5_20260106_023842.jpg
cam6,2026-01-06 09:38:43,39,6,2,0,47,data/cam6/cam6_20260106_023843.jpg
cam7,2026-01-06 09:38:44,45,1,2,0,48,data/cam7/cam7_20260106_023844.jpg
cam8,2026-01-06 09:38:45,14,14,2,0,30,data/cam8/cam8_20260106_023845.jpg
cam1,2026-01-06 09:43:39,33,23,3,1,60,data/cam1/cam1_20260106_024339.jpg
cam2,2026-01-06 09:43:41,10,4,1,0,15,data/cam2/cam2_20260106_024341.jpg
cam3,2026-01-06 09:43:41,24,10,2,0,36,data/cam3/cam3_20260106_024341.jpg
cam4,2026-01-06 09:43:42,54,10,4,1,69,data/cam4/cam4_20260106_024342.jpg
cam5,2026-01-06 09:43:43,9,25,11,2,47,data/cam5/cam5_20260106_024343.jpg
cam6,2026-01-06 09:43:44,40,7,5,1,53,data/cam6/cam6_20260106_024344.jpg
cam7,2026-01-06 09:43:44,45,5,0,2,52,data/cam7/cam7_20260106_024344.jpg
cam8,2026-01-06 09:43:45,32,13,2,7,54,data/cam8/cam8_20260106_024345.jpg
cam1,2026-01-06 09:48:39,23,23,7,2,55,data/cam1/cam1_20260106_024839.jpg
cam2,2026-01-06 09:48:40,11,4,0,0,15,data/cam2/cam2_20260106_024840.jpg
cam3,2026-01-06 09:48:42,12,3,0,1,16,data/cam3/cam3_20260106_024842.jpg
cam4,2026-01-06 09:48:43,37,12,4,0,53,data/cam4/cam4_20260106_024843.jpg
cam5,2026-01-06 09:48:43,26,40,7,2,75,data/cam5/cam5_20260106_024843.jpg
cam6,2026-01-06 09:48:44,23,9,4,0,36,data/cam6/cam6_20260106_024844.jpg
cam7,2026-01-06 09:48:45,28,2,0,1,31,data/cam7/cam7_20260106_024845.jpg
cam8,2026-01-06 09:48:45,29,23,6,0,58,data/cam8/cam8_20260106_024845.jpg
cam1,2026-01-06 09:53:39,58,25,3,3,89,data/cam1/cam1_20260106_025339.jpg
cam2,2026-01-06 09:53:40,30,8,0,1,39,data/cam2/cam2_20260106_025340.jpg
cam3,2026-01-06 09:53:41,17,6,0,1,24,data/cam3/cam3_20260106_025341.jpg
cam4,2026-01-06 09:53:42,34,11,2,1,48,data/cam4/cam4_20260106_025342.jpg
cam5,2026-01-06 09:53:42,10,27,9,4,50,data/cam5/cam5_20260106_025342.jpg
cam6,2026-01-06 09:53:43,80,7,3,1,91,data/cam6/cam6_20260106_025343.jpg
cam7,2026-01-06 09:53:44,38,6,0,0,44,data/cam7/cam7_20260106_025344.jpg
cam8,2026-01-06 09:53:45,43,14,3,2,62,data/cam8/cam8_20260106_025345.jpg
cam1,2026-01-06 09:58:39,31,26,0,1,58,data/cam1/cam1_20260106_025839.jpg
cam2,2026-01-06 09:58:42,32,12,1,0,45,data/cam2/cam2_20260106_025842.jpg
cam3,2026-01-06 09:58:43,21,3,3,0,27,data/cam3/cam3_20260106_025843.jpg
cam4,2026-01-06 09:58:43,36,10,7,2,55,data/cam4/cam4_20260106_025843.jpg
cam5,2026-01-06 09:58:44,10,28,17,2,57,data/cam5/cam5_20260106_025844.jpg
cam6,2026-01-06 09:58:45,31,3,6,1,41,data/cam6/cam6_20260106_025845.jpg
cam7,2026-01-06 09:58:46,32,3,1,0,36,data/cam7/cam7_20260106_025846.jpg
cam8,2026-01-06 09:58:46,22,20,1,6,49,data/cam8/cam8_20260106_025846.jpg
cam1,2026-01-06 10:03:39,23,18,1,2,44,data/cam1/cam1_20260106_030339.jpg
cam2,2026-01-06 10:03:40,26,7,1,1,35,data/cam2/cam2_20260106_030340.jpg
cam3,2026-01-06 10:03:41,17,6,1,0,24,data/cam3/cam3_20260106_030341.jpg
cam4,2026-01-06 10:03:42,37,15,2,0,54,data/cam4/cam4_20260106_030342.jpg
cam5,2026-01-06 10:03:42,10,23,13,1,47,data/cam5/cam5_20260106_030342.jpg
cam6,2026-01-06 10:03:43,27,8,3,2,40,data/cam6/cam6_20260106_030343.jpg
cam7,2026-01-06 10:03:44,27,6,1,0,34,data/cam7/cam7_20260106_030344.jpg
cam8,2026-01-06 10:03:45,28,8,3,4,43,data/cam8/cam8_20260106_030345.jpg
cam1,2026-01-06 10:08:39,37,19,0,1,57,data/cam1/cam1_20260106_030839.jpg
cam2,2026-01-06 10:08:40,34,5,0,1,40,data/cam2/cam2_20260106_030840.jpg
cam3,2026-01-06 10:08:42,27,4,0,0,31,data/cam3/cam3_20260106_030842.jpg
cam4,2026-01-06 10:08:43,44,14,6,0,64,data/cam4/cam4_20260106_030843.jpg
cam5,2026-01-06 10:08:44,10,36,9,2,57,data/cam5/cam5_20260106_030844.jpg
cam6,2026-01-06 10:08:44,34,12,4,2,52,data/cam6/cam6_20260106_030844.jpg
cam7,2026-01-06 10:08:45,53,6,2,0,61,data/cam7/cam7_20260106_030845.jpg
cam8,2026-01-06 10:08:46,29,16,1,8,54,data/cam8/cam8_20260106_030846.jpg
cam1,2026-01-06 10:13:39,31,27,2,3,63,data/cam1/cam1_20260106_031339.jpg
cam2,2026-01-06 10:13:40,19,4,1,3,27,data/cam2/cam2_20260106_031340.jpg
cam3,2026-01-06 10:13:41,24,8,2,0,34,data/cam3/cam3_20260106_031341.jpg
cam4,2026-01-06 10:13:42,27,14,6,1,48,data/cam4/cam4_20260106_031342.jpg
cam5,2026-01-06 10:13:42,14,35,9,4,62,data/cam5/cam5_20260106_031342.jpg
cam6,2026-01-06 10:13:43,55,5,4,0,64,data/cam6/cam6_20260106_031343.jpg
cam7,2026-01-06 10:13:44,39,7,4,0,50,data/cam7/cam7_20260106_031344.jpg
cam8,2026-01-06 10:13:44,43,19,4,0,66,data/cam8/cam8_20260106_031344.jpg
cam1,2026-01-06 10:18:39,32,15,1,2,50,data/cam1/cam1_20260106_031839.jpg
cam2,2026-01-06 10:18:40,21,7,1,0,29,data/cam2/cam2_20260106_031840.jpg
cam3,2026-01-06 10:18:41,22,6,1,1,30,data/cam3/cam3_20260106_031841.jpg
cam4,2026-01-06 10:18:42,37,9,3,0,49,data/cam4/cam4_20260106_031842.jpg
cam5,2026-01-06 10:18:42,24,39,9,2,74,data/cam5/cam5_20260106_031842.jpg
cam6,2026-01-06 10:18:43,52,13,6,0,71,data/cam6/cam6_20260106_031843.jpg
cam7,2026-01-06 10:18:44,35,4,2,1,42,data/cam7/cam7_20260106_031844.jpg
cam8,2026-01-06 10:18:45,29,18,3,1,51,data/cam8/cam8_20260106_031845.jpg
cam1,2026-01-06 10:23:39,32,28,2,1,63,data/cam1/cam1_20260106_032339.jpg
cam2,2026-01-06 10:23:40,12,3,2,0,17,data/cam2/cam2_20260106_032340.jpg
cam3,2026-01-06 10:23:41,20,4,0,0,24,data/cam3/cam3_20260106_032341.jpg
cam4,2026-01-06 10:23:42,45,11,3,0,59,data/cam4/cam4_20260106_032342.jpg
cam5,2026-01-06 10:23:43,13,47,5,4,69,data/cam5/cam5_20260106_032343.jpg
cam6,2026-01-06 10:23:43,39,5,10,0,54,data/cam6/cam6_20260106_032343.jpg
cam7,2026-01-06 10:23:44,47,6,0,0,53,data/cam7/cam7_20260106_032344.jpg
cam8,2026-01-06 10:23:45,38,13,2,0,53,data/cam8/cam8_20260106_032345.jpg
cam1,2026-01-06 10:28:39,62,26,1,2,91,data/cam1/cam1_20260106_032839.jpg
cam2,2026-01-06 10:28:40,21,7,1,0,29,data/cam2/cam2_20260106_032840.jpg
cam3,2026-01-06 10:28:41,23,7,3,0,33,data/cam3/cam3_20260106_032841.jpg
cam4,2026-01-06 10:28:42,43,14,3,1,61,data/cam4/cam4_20260106_032842.jpg
cam5,2026-01-06 10:28:42,9,31,9,3,52,data/cam5/cam5_20260106_032842.jpg
cam6,2026-01-06 10:28:43,8,5,2,0,15,data/cam6/cam6_20260106_032843.jpg
cam7,2026-01-06 10:28:44,35,5,1,1,42,data/cam7/cam7_20260106_032844.jpg
cam8,2026-01-06 10:28:44,41,28,2,2,73,data/cam8/cam8_20260106_032844.jpg
cam1,2026-01-06 10:33:39,29,17,2,3,51,data/cam1/cam1_20260106_033339.jpg
cam2,2026-01-06 10:33:40,22,11,3,0,36,data/cam2/cam2_20260106_033340.jpg
cam3,2026-01-06 10:33:41,31,11,0,0,42,data/cam3/cam3_20260106_033341.jpg
cam4,2026-01-06 10:33:42,44,6,2,0,52,data/cam4/cam4_20260106_033342.jpg
cam5,2026-01-06 10:33:43,21,38,5,2,66,data/cam5/cam5_20260106_033343.jpg
cam6,2026-01-06 10:33:43,49,3,3,0,55,data/cam6/cam6_20260106_033343.jpg
cam7,2026-01-06 10:33:44,34,4,3,0,41,data/cam7/cam7_20260106_033344.jpg
cam8,2026-01-06 10:33:45,39,17,0,2,58,data/cam8/cam8_20260106_033345.jpg
cam1,2026-01-06 10:38:39,31,19,5,1,56,data/cam1/cam1_20260106_033839.jpg
cam2,2026-01-06 10:38:40,18,5,2,0,25,data/cam2/cam2_20260106_033840.jpg
cam3,2026-01-06 10:38:41,31,9,3,1,44,data/cam3/cam3_20260106_033841.jpg
cam4,2026-01-06 10:38:42,52,12,4,0,68,data/cam4/cam4_20260106_033842.jpg
cam5,2026-01-06 10:38:42,27,35,2,1,65,data/cam5/cam5_20260106_033842.jpg
cam6,2026-01-06 10:38:43,33,9,2,5,49,data/cam6/cam6_20260106_033843.jpg
cam7,2026-01-06 10:38:44,44,8,2,0,54,data/cam7/cam7_20260106_033844.jpg
cam8,2026-01-06 10:38:44,39,20,7,1,67,data/cam8/cam8_20260106_033844.jpg
cam1,2026-01-06 10:43:39,35,15,1,2,53,data/cam1/cam1_20260106_034339.jpg
cam2,2026-01-06 10:43:40,42,5,1,0,48,data/cam2/cam2_20260106_034340.jpg
cam3,2026-01-06 10:43:41,26,3,0,0,29,data/cam3/cam3_20260106_034341.jpg
cam4,2026-01-06 10:43:42,45,19,1,0,65,data/cam4/cam4_20260106_034342.jpg
cam5,2026-01-06 10:43:42,4,28,8,0,40,data/cam5/cam5_20260106_034342.jpg
cam6,2026-01-06 10:43:43,31,11,4,0,46,data/cam6/cam6_20260106_034343.jpg
cam7,2026-01-06 10:43:44,63,5,2,3,73,data/cam7/cam7_20260106_034344.jpg
cam8,2026-01-06 10:43:44,32,22,1,0,55,data/cam8/cam8_20260106_034344.jpg
cam1,2026-01-06 10:48:39,34,20,1,2,57,data/cam1/cam1_20260106_034839.jpg
cam2,2026-01-06 10:48:40,21,5,0,0,26,data/cam2/cam2_20260106_034840.jpg
cam3,2026-01-06 10:48:41,26,6,2,1,35,data/cam3/cam3_20260106_034841.jpg
cam4,2026-01-06 10:48:42,55,9,4,1,69,data/cam4/cam4_20260106_034842.jpg
cam5,2026-01-06 10:48:42,10,30,5,0,45,data/cam5/cam5_20260106_034842.jpg
cam6,2026-01-06 10:48:43,24,10,2,0,36,data/cam6/cam6_20260106_034843.jpg
cam7,2026-01-06 10:48:44,40,10,2,2,54,data/cam7/cam7_20260106_034844.jpg
cam8,2026-01-06 10:48:45,46,22,4,0,72,data/cam8/cam8_20260106_034845.jpg
cam1,2026-01-06 10:53:39,39,15,2,1,57,data/cam1/cam1_20260106_035339.jpg
cam2,2026-01-06 10:53:40,16,3,1,0,20,data/cam2/cam2_20260106_035340.jpg
cam3,2026-01-06 10:53:41,38,8,2,1,49,data/cam3/cam3_20260106_035341.jpg
cam4,2026-01-06 10:53:42,44,10,2,1,57,data/cam4/cam4_20260106_035342.jpg
cam5,2026-01-06 10:53:43,29,32,4,2,67,data/cam5/cam5_20260106_035343.jpg
cam6,2026-01-06 10:53:43,61,4,5,0,70,data/cam6/cam6_20260106_035343.jpg
cam7,2026-01-06 10:53:44,46,16,1,2,65,data/cam7/cam7_20260106_035344.jpg
cam8,2026-01-06 10:53:45,45,14,8,0,67,data/cam8/cam8_20260106_035345.jpg
cam1,2026-01-06 10:58:39,38,19,0,1,58,data/cam1/cam1_20260106_035839.jpg
cam2,2026-01-06 10:58:40,24,4,1,0,29,data/cam2/cam2_20260106_035840.jpg
cam3,2026-01-06 10:58:41,20,5,2,0,27,data/cam3/cam3_20260106_035841.jpg
cam4,2026-01-06 10:58:42,31,11,7,0,49,data/cam4/cam4_20260106_035842.jpg
cam5,2026-01-06 10:58:42,18,34,7,1,60,data/cam5/cam5_20260106_035842.jpg
cam6,2026-01-06 10:58:43,25,9,5,0,39,data/cam6/cam6_20260106_035843.jpg
cam7,2026-01-06 10:58:44,30,6,4,3,43,data/cam7/cam7_20260106_035844.jpg
cam8,2026-01-06 10:58:44,34,15,0,5,54,data/cam8/cam8_20260106_035844.jpg
cam1,2026-01-06 11:03:39,38,22,4,2,66,data/cam1/cam1_20260106_040339.jpg
cam2,2026-01-06 11:03:40,18,4,1,0,23,data/cam2/cam2_20260106_040340.jpg
cam3,2026-01-06 11:03:41,26,4,1,0,31,data/cam3/cam3_20260106_040341.jpg
cam4,2026-01-06 11:03:42,41,15,4,0,60,data/cam4/cam4_20260106_040342.jpg
cam5,2026-01-06 11:03:43,11,34,10,1,56,data/cam5/cam5_20260106_040343.jpg
cam6,2026-01-06 11:03:43,32,4,6,1,43,data/cam6/cam6_20260106_040343.jpg
cam7,2026-01-06 11:03:44,34,3,2,0,39,data/cam7/cam7_20260106_040344.jpg
cam8,2026-01-06 11:03:45,30,6,4,6,46,data/cam8/cam8_20260106_040345.jpg
cam1,2026-01-06 11:08:39,31,21,1,4,57,data/cam1/cam1_20260106_040839.jpg
cam2,2026-01-06 11:08:47,45,7,4,0,56,data/cam2/cam2_20260106_040847.jpg
cam3,2026-01-06 11:08:47,19,10,2,0,31,data/cam3/cam3_20260106_040847.jpg
cam4,2026-01-06 11:08:48,42,12,4,0,58,data/cam4/cam4_20260106_040848.jpg
cam5,2026-01-06 11:08:51,13,33,7,2,55,data/cam5/cam5_20260106_040851.jpg
cam6,2026-01-06 11:08:52,37,8,2,3,50,data/cam6/cam6_20260106_040852.jpg
cam7,2026-01-06 11:08:53,53,7,4,2,66,data/cam7/cam7_20260106_040853.jpg
cam8,2026-01-06 11:08:53,29,16,4,0,49,data/cam8/cam8_20260106_040853.jpg
cam1,2026-01-06 11:13:39,45,18,1,1,65,data/cam1/cam1_20260106_041339.jpg
cam2,2026-01-06 11:13:40,10,4,4,1,19,data/cam2/cam2_20260106_041340.jpg
cam3,2026-01-06 11:13:41,21,8,5,0,34,data/cam3/cam3_20260106_041341.jpg
cam4,2026-01-06 11:13:42,57,12,6,1,76,data/cam4/cam4_20260106_041342.jpg
cam5,2026-01-06 11:13:42,20,19,7,2,48,data/cam5/cam5_20260106_041342.jpg
cam6,2026-01-06 11:13:44,32,6,1,0,39,data/cam6/cam6_20260106_041344.jpg
cam7,2026-01-06 11:13:45,64,5,1,1,71,data/cam7/cam7_20260106_041345.jpg
cam8,2026-01-06 11:13:45,35,13,5,1,54,data/cam8/cam8_20260106_041345.jpg
cam1,2026-01-06 11:18:39,38,21,4,1,64,data/cam1/cam1_20260106_041839.jpg
cam2,2026-01-06 11:18:40,18,12,2,1,33,data/cam2/cam2_20260106_041840.jpg
cam3,2026-01-06 11:18:42,21,2,2,0,25,data/cam3/cam3_20260106_041842.jpg
cam4,2026-01-06 11:18:43,47,9,5,0,61,data/cam4/cam4_20260106_041843.jpg
cam5,2026-01-06 11:18:44,26,20,3,3,52,data/cam5/cam5_20260106_041844.jpg
cam6,2026-01-06 11:18:44,35,5,4,0,44,data/cam6/cam6_20260106_041844.jpg
cam7,2026-01-06 11:18:45,17,5,6,2,30,data/cam7/cam7_20260106_041845.jpg
cam8,2026-01-06 11:18:46,30,10,6,0,46,data/cam8/cam8_20260106_041846.jpg
cam1,2026-01-06 11:23:39,50,24,4,2,80,data/cam1/cam1_20260106_042339.jpg
cam2,2026-01-06 11:23:40,27,4,2,2,35,data/cam2/cam2_20260106_042340.jpg
cam3,2026-01-06 11:23:41,25,10,3,1,39,data/cam3/cam3_20260106_042341.jpg
cam4,2026-01-06 11:23:42,55,5,4,0,64,data/cam4/cam4_20260106_042342.jpg
cam5,2026-01-06 11:23:42,19,26,3,1,49,data/cam5/cam5_20260106_042342.jpg
cam6,2026-01-06 11:23:43,43,7,4,0,54,data/cam6/cam6_20260106_042343.jpg
cam7,2026-01-06 11:23:44,23,4,1,2,30,data/cam7/cam7_20260106_042344.jpg
cam8,2026-01-06 11:23:45,29,14,5,0,48,data/cam8/cam8_20260106_042345.jpg
cam1,2026-01-06 11:26:17,37,20,1,2,60,data/cam1/cam1_20260106_042617.jpg
cam2,2026-01-06 11:26:29,13,3,0,0,16,data/cam2/cam2_20260106_042629.jpg
cam3,2026-01-06 11:26:31,28,9,3,0,40,data/cam3/cam3_20260106_042631.jpg
cam4,2026-01-06 11:26:32,46,11,1,0,58,data/cam4/cam4_20260106_042632.jpg
cam5,2026-01-06 11:26:33,22,26,5,2,55,data/cam5/cam5_20260106_042633.jpg
cam6,2026-01-06 11:26:34,36,6,5,1,48,data/cam6/cam6_20260106_042634.jpg
cam7,2026-01-06 11:26:35,36,10,4,0,50,data/cam7/cam7_20260106_042635.jpg
cam8,2026-01-06 11:26:36,32,21,2,1,56,data/cam8/cam8_20260106_042636.jpg
cam1,2026-01-06 11:31:17,46,18,2,1,67,data/cam1/cam1_20260106_043117.jpg
cam2,2026-01-06 11:31:18,26,8,4,0,38,data/cam2/cam2_20260106_043118.jpg
cam3,2026-01-06 11:31:19,28,6,3,0,37,data/cam3/cam3_20260106_043119.jpg
cam4,2026-01-06 11:31:19,56,11,2,0,69,data/cam4/cam4_20260106_043119.jpg
cam5,2026-01-06 11:31:20,24,26,3,1,54,data/cam5/cam5_20260106_043120.jpg
cam6,2026-01-06 11:31:20,32,4,3,2,41,data/cam6/cam6_20260106_043120.jpg
cam7,2026-01-06 11:31:21,28,3,1,3,35,data/cam7/cam7_20260106_043121.jpg
cam8,2026-01-06 11:31:22,26,13,5,1,45,data/cam8/cam8_20260106_043122.jpg
cam1,2026-01-06 11:36:17,39,16,4,1,60,data/cam1/cam1_20260106_043617.jpg
cam2,2026-01-06 11:36:18,23,6,1,1,31,data/cam2/cam2_20260106_043618.jpg
cam3,2026-01-06 11:36:19,35,10,2,1,48,data/cam3/cam3_20260106_043619.jpg
cam4,2026-01-06 11:36:19,45,16,2,1,64,data/cam4/cam4_20260106_043619.jpg
cam5,2026-01-06 11:36:20,11,28,6,2,47,data/cam5/cam5_20260106_043620.jpg
cam6,2026-01-06 11:36:21,29,7,1,0,37,data/cam6/cam6_20260106_043621.jpg
cam7,2026-01-06 11:36:21,27,6,3,0,36,data/cam7/cam7_20260106_043621.jpg
cam8,2026-01-06 11:36:22,47,12,1,4,64,data/cam8/cam8_20260106_043622.jpg
cam1,2026-01-06 11:41:17,29,23,2,1,55,data/cam1/cam1_20260106_044117.jpg
cam2,2026-01-06 11:41:18,27,4,1,0,32,data/cam2/cam2_20260106_044118.jpg
cam3,2026-01-06 11:41:19,23,1,2,1,27,data/cam3/cam3_20260106_044119.jpg
cam4,2026-01-06 11:41:19,34,8,6,1,49,data/cam4/cam4_20260106_044119.jpg
cam5,2026-01-06 11:41:20,36,29,4,0,69,data/cam5/cam5_20260106_044120.jpg
cam6,2026-01-06 11:41:21,22,5,8,0,35,data/cam6/cam6_20260106_044121.jpg
cam7,2026-01-06 11:41:22,32,10,3,1,46,data/cam7/cam7_20260106_044122.jpg
cam8,2026-01-06 11:41:22,32,15,1,1,49,data/cam8/cam8_20260106_044122.jpg
cam1,2026-01-06 11:46:17,28,20,6,5,59,data/cam1/cam1_20260106_044617.jpg
cam2,2026-01-06 11:46:18,44,9,1,1,55,data/cam2/cam2_20260106_044618.jpg
cam3,2026-01-06 11:46:19,24,7,3,0,34,data/cam3/cam3_20260106_044619.jpg
cam4,2026-01-06 11:46:19,48,9,4,0,61,data/cam4/cam4_20260106_044619.jpg
cam5,2026-01-06 11:46:20,26,38,1,2,67,data/cam5/cam5_20260106_044620.jpg
cam6,2026-01-06 11:46:21,25,6,4,1,36,data/cam6/cam6_20260106_044621.jpg
cam7,2026-01-06 11:46:21,37,2,4,2,45,data/cam7/cam7_20260106_044621.jpg
cam8,2026-01-06 11:46:22,43,17,2,2,64,data/cam8/cam8_20260106_044622.jpg
cam1,2026-01-06 11:51:17,29,32,3,2,66,data/cam1/cam1_20260106_045117.jpg
cam2,2026-01-06 11:51:18,42,3,0,0,45,data/cam2/cam2_20260106_045118.jpg
cam3,2026-01-06 11:51:19,30,10,1,0,41,data/cam3/cam3_20260106_045119.jpg
cam4,2026-01-06 11:51:19,54,13,2,2,71,data/cam4/cam4_20260106_045119.jpg
cam5,2026-01-06 11:51:20,22,20,8,2,52,data/cam5/cam5_20260106_045120.jpg
cam6,2026-01-06 11:51:21,19,7,3,0,29,data/cam6/cam6_20260106_045121.jpg
cam7,2026-01-06 11:51:21,33,5,11,0,49,data/cam7/cam7_20260106_045121.jpg
cam8,2026-01-06 11:51:22,47,17,4,2,70,data/cam8/cam8_20260106_045122.jpg
cam1,2026-01-06 11:56:17,64,20,2,3,89,data/cam1/cam1_20260106_045617.jpg
cam2,2026-01-06 11:56:20,21,5,1,0,27,data/cam2/cam2_20260106_045620.jpg
cam3,2026-01-06 11:56:22,23,4,2,2,31,data/cam3/cam3_20260106_045622.jpg
cam4,2026-01-06 11:56:24,45,9,2,0,56,data/cam4/cam4_20260106_045624.jpg
cam5,2026-01-06 11:56:26,23,26,3,2,54,data/cam5/cam5_20260106_045626.jpg
cam6,2026-01-06 11:56:27,23,3,1,2,29,data/cam6/cam6_20260106_045627.jpg
cam7,2026-01-06 11:56:28,40,11,4,1,56,data/cam7/cam7_20260106_045628.jpg
cam8,2026-01-06 11:56:30,20,12,3,0,35,data/cam8/cam8_20260106_045630.jpg
cam1,2026-01-06 12:01:17,36,13,1,2,52,data/cam1/cam1_20260106_050117.jpg
cam2,2026-01-06 12:01:18,16,4,0,1,21,data/cam2/cam2_20260106_050118.jpg
cam3,2026-01-06 12:01:19,21,11,2,1,35,data/cam3/cam3_20260106_050119.jpg
cam4,2026-01-06 12:01:19,55,10,4,0,69,data/cam4/cam4_20260106_050119.jpg
cam5,2026-01-06 12:01:20,32,18,2,1,53,data/cam5/cam5_20260106_050120.jpg
cam6,2026-01-06 12:01:20,56,4,2,1,63,data/cam6/cam6_20260106_050120.jpg
cam7,2026-01-06 12:01:21,51,5,3,1,60,data/cam7/cam7_20260106_050121.jpg
cam8,2026-01-06 12:01:22,36,17,0,0,53,data/cam8/cam8_20260106_050122.jpg
cam1,2026-01-06 12:06:17,26,19,2,4,51,data/cam1/cam1_20260106_050617.jpg
cam2,2026-01-06 12:06:18,27,6,1,0,34,data/cam2/cam2_20260106_050618.jpg
cam3,2026-01-06 12:06:19,23,12,5,0,40,data/cam3/cam3_20260106_050619.jpg
cam4,2026-01-06 12:06:19,50,12,2,0,64,data/cam4/cam4_20260106_050619.jpg
cam5,2026-01-06 12:06:20,18,25,7,3,53,data/cam5/cam5_20260106_050620.jpg
cam6,2026-01-06 12:06:21,42,7,2,2,53,data/cam6/cam6_20260106_050621.jpg
cam7,2026-01-06 12:06:21,38,8,3,0,49,data/cam7/cam7_20260106_050621.jpg
cam8,2026-01-06 12:06:22,42,15,3,4,64,data/cam8/cam8_20260106_050622.jpg
cam1,2026-01-06 12:11:17,31,27,1,1,60,data/cam1/cam1_20260106_051117.jpg
cam2,2026-01-06 12:11:18,37,5,2,0,44,data/cam2/cam2_20260106_051118.jpg
cam3,2026-01-06 12:11:19,29,14,1,0,44,data/cam3/cam3_20260106_051119.jpg
cam4,2026-01-06 12:11:19,61,7,2,0,70,data/cam4/cam4_20260106_051119.jpg
cam5,2026-01-06 12:11:20,37,29,4,1,71,data/cam5/cam5_20260106_051120.jpg
cam6,2026-01-06 12:11:21,35,8,1,3,47,data/cam6/cam6_20260106_051121.jpg
cam7,2026-01-06 12:11:21,33,8,4,0,45,data/cam7/cam7_20260106_051121.jpg
cam8,2026-01-06 12:11:22,23,18,1,0,42,data/cam8/cam8_20260106_051122.jpg
cam1,2026-01-06 12:16:17,35,23,2,7,67,data/cam1/cam1_20260106_051617.jpg
cam2,2026-01-06 12:16:18,30,5,1,0,36,data/cam2/cam2_20260106_051618.jpg
cam3,2026-01-06 12:16:19,35,7,1,2,45,data/cam3/cam3_20260106_051619.jpg
cam4,2026-01-06 12:16:20,40,12,0,0,52,data/cam4/cam4_20260106_051620.jpg
cam5,2026-01-06 12:16:21,31,19,4,0,54,data/cam5/cam5_20260106_051621.jpg
cam6,2026-01-06 12:16:22,54,8,3,3,68,data/cam6/cam6_20260106_051622.jpg
cam7,2026-01-06 12:16:22,55,7,4,2,68,data/cam7/cam7_20260106_051622.jpg
cam8,2026-01-06 12:16:23,35,14,4,2,55,data/cam8/cam8_20260106_051623.jpg
cam1,2026-01-06 12:21:17,35,15,1,2,53,data/cam1/cam1_20260106_052117.jpg
cam2,2026-01-06 12:21:18,32,8,2,0,42,data/cam2/cam2_20260106_052118.jpg
cam3,2026-01-06 12:21:19,24,2,1,0,27,data/cam3/cam3_20260106_052119.jpg
cam4,2026-01-06 12:21:19,32,16,4,2,54,data/cam4/cam4_20260106_052119.jpg
cam5,2026-01-06 12:21:20,12,28,1,3,44,data/cam5/cam5_20260106_052120.jpg
cam6,2026-01-06 12:21:21,40,10,6,1,57,data/cam6/cam6_20260106_052121.jpg
cam7,2026-01-06 12:21:21,35,7,1,1,44,data/cam7/cam7_20260106_052121.jpg
cam8,2026-01-06 12:21:22,26,17,4,0,47,data/cam8/cam8_20260106_052122.jpg
cam1,2026-01-06 12:26:17,28,15,3,3,49,data/cam1/cam1_20260106_052617.jpg
cam2,2026-01-06 12:26:18,26,2,1,1,30,data/cam2/cam2_20260106_052618.jpg
cam3,2026-01-06 12:26:19,26,3,0,0,29,data/cam3/cam3_20260106_052619.jpg
cam4,2026-01-06 12:26:19,31,4,9,0,44,data/cam4/cam4_20260106_052619.jpg
cam5,2026-01-06 12:26:20,18,25,8,2,53,data/cam5/cam5_20260106_052620.jpg
cam6,2026-01-06 12:26:21,33,12,2,0,47,data/cam6/cam6_20260106_052621.jpg
cam7,2026-01-06 12:26:21,55,11,1,1,68,data/cam7/cam7_20260106_052621.jpg
cam8,2026-01-06 12:26:22,28,17,3,0,48,data/cam8/cam8_20260106_052622.jpg
cam1,2026-01-06 12:31:17,50,30,5,1,86,data/cam1/cam1_20260106_053117.jpg
cam2,2026-01-06 12:31:19,17,3,0,0,20,data/cam2/cam2_20260106_053119.jpg
cam3,2026-01-06 12:31:19,34,5,2,0,41,data/cam3/cam3_20260106_053119.jpg
cam4,2026-01-06 12:31:20,48,14,0,1,63,data/cam4/cam4_20260106_053120.jpg
cam5,2026-01-06 12:31:21,25,16,10,4,55,data/cam5/cam5_20260106_053121.jpg
cam6,2026-01-06 12:31:21,20,6,1,0,27,data/cam6/cam6_20260106_053121.jpg
cam7,2026-01-06 12:31:22,22,7,0,0,29,data/cam7/cam7_20260106_053122.jpg
cam8,2026-01-06 12:31:23,36,21,4,5,66,data/cam8/cam8_20260106_053123.jpg
cam1,2026-01-06 12:36:17,31,31,1,4,67,data/cam1/cam1_20260106_053617.jpg
cam2,2026-01-06 12:36:18,19,4,0,0,23,data/cam2/cam2_20260106_053618.jpg
cam3,2026-01-06 12:36:18,21,4,1,0,26,data/cam3/cam3_20260106_053618.jpg
cam4,2026-01-06 12:36:19,33,9,5,2,49,data/cam4/cam4_20260106_053619.jpg
cam5,2026-01-06 12:36:20,26,31,6,3,66,data/cam5/cam5_20260106_053620.jpg
cam6,2026-01-06 12:36:20,55,5,1,0,61,data/cam6/cam6_20260106_053620.jpg
cam7,2026-01-06 12:36:21,25,3,2,0,30,data/cam7/cam7_20260106_053621.jpg
cam8,2026-01-06 12:36:22,27,23,2,0,52,data/cam8/cam8_20260106_053622.jpg
cam1,2026-01-06 12:41:17,33,15,4,3,55,data/cam1/cam1_20260106_054117.jpg
cam2,2026-01-06 12:41:18,15,5,2,2,24,data/cam2/cam2_20260106_054118.jpg
cam3,2026-01-06 12:41:19,15,3,2,0,20,data/cam3/cam3_20260106_054119.jpg
cam4,2026-01-06 12:41:20,30,12,6,0,48,data/cam4/cam4_20260106_054120.jpg
cam5,2026-01-06 12:41:20,19,35,4,2,60,data/cam5/cam5_20260106_054120.jpg
cam6,2026-01-06 12:41:21,25,5,8,2,40,data/cam6/cam6_20260106_054121.jpg
cam7,2026-01-06 12:41:22,32,11,0,1,44,data/cam7/cam7_20260106_054122.jpg
cam8,2026-01-06 12:41:23,14,14,1,0,29,data/cam8/cam8_20260106_054123.jpg
cam1,2026-01-06 12:46:17,32,16,1,3,52,data/cam1/cam1_20260106_054617.jpg
cam2,2026-01-06 12:46:18,18,7,1,0,26,data/cam2/cam2_20260106_054618.jpg
cam3,2026-01-06 12:46:18,28,9,1,1,39,data/cam3/cam3_20260106_054618.jpg
cam4,2026-01-06 12:46:19,43,5,3,1,52,data/cam4/cam4_20260106_054619.jpg
cam5,2026-01-06 12:46:20,19,23,4,0,46,data/cam5/cam5_20260106_054620.jpg
cam6,2026-01-06 12:46:21,33,9,4,2,48,data/cam6/cam6_20260106_054621.jpg
cam7,2026-01-06 12:46:21,41,8,1,1,51,data/cam7/cam7_20260106_054621.jpg
cam8,2026-01-06 12:46:22,30,16,5,0,51,data/cam8/cam8_20260106_054622.jpg
cam1,2026-01-06 12:51:17,28,19,3,2,52,data/cam1/cam1_20260106_055117.jpg
cam2,2026-01-06 12:51:18,26,6,0,1,33,data/cam2/cam2_20260106_055118.jpg
cam3,2026-01-06 12:51:18,28,6,8,0,42,data/cam3/cam3_20260106_055118.jpg
cam4,2026-01-06 12:51:19,50,14,2,1,67,data/cam4/cam4_20260106_055119.jpg
cam5,2026-01-06 12:51:20,28,26,3,3,60,data/cam5/cam5_20260106_055120.jpg
cam6,2026-01-06 12:51:20,57,6,4,0,67,data/cam6/cam6_20260106_055120.jpg
cam7,2026-01-06 12:51:21,30,5,2,2,39,data/cam7/cam7_20260106_055121.jpg
cam8,2026-01-06 12:51:22,42,12,2,1,57,data/cam8/cam8_20260106_055122.jpg
cam1,2026-01-06 12:56:17,39,18,0,1,58,data/cam1/cam1_20260106_055617.jpg
cam2,2026-01-06 12:56:18,31,12,1,0,44,data/cam2/cam2_20260106_055618.jpg
cam3,2026-01-06 12:56:18,26,8,4,2,40,data/cam3/cam3_20260106_055618.jpg
cam4,2026-01-06 12:56:19,27,9,1,0,37,data/cam4/cam4_20260106_055619.jpg
cam5,2026-01-06 12:56:20,27,26,6,2,61,data/cam5/cam5_20260106_055620.jpg
cam6,2026-01-06 12:56:21,64,7,0,1,72,data/cam6/cam6_20260106_055621.jpg
cam7,2026-01-06 12:56:21,48,5,1,1,55,data/cam7/cam7_20260106_055621.jpg
cam8,2026-01-06 12:56:22,43,15,4,4,66,data/cam8/cam8_20260106_055622.jpg
cam1,2026-01-06 13:01:17,29,19,2,2,52,data/cam1/cam1_20260106_060117.jpg
cam2,2026-01-06 13:01:24,17,4,0,0,21,data/cam2/cam2_20260106_060124.jpg
cam3,2026-01-06 13:01:25,32,3,1,0,36,data/cam3/cam3_20260106_060125.jpg
cam4,2026-01-06 13:01:25,41,10,3,1,55,data/cam4/cam4_20260106_060125.jpg
cam5,2026-01-06 13:01:26,14,23,5,0,42,data/cam5/cam5_20260106_060126.jpg
cam6,2026-01-06 13:01:27,34,6,5,0,45,data/cam6/cam6_20260106_060127.jpg
cam7,2026-01-06 13:01:27,39,3,2,1,45,data/cam7/cam7_20260106_060127.jpg
cam8,2026-01-06 13:01:28,42,14,4,0,60,data/cam8/cam8_20260106_060128.jpg
cam1,2026-01-06 13:06:17,37,26,2,2,67,data/cam1/cam1_20260106_060617.jpg
cam2,2026-01-06 13:06:18,20,4,1,0,25,data/cam2/cam2_20260106_060618.jpg
cam3,2026-01-06 13:06:19,29,5,2,0,36,data/cam3/cam3_20260106_060619.jpg
cam4,2026-01-06 13:06:19,50,14,3,1,68,data/cam4/cam4_20260106_060619.jpg
cam5,2026-01-06 13:06:20,8,26,1,2,37,data/cam5/cam5_20260106_060620.jpg
cam6,2026-01-06 13:06:20,42,10,2,0,54,data/cam6/cam6_20260106_060620.jpg
cam7,2026-01-06 13:06:21,22,6,3,0,31,data/cam7/cam7_20260106_060621.jpg
cam8,2026-01-06 13:06:22,37,16,2,0,55,data/cam8/cam8_20260106_060622.jpg
cam1,2026-01-06 13:11:17,21,20,3,2,46,data/cam1/cam1_20260106_061117.jpg
cam2,2026-01-06 13:11:18,9,3,1,1,14,data/cam2/cam2_20260106_061118.jpg
cam3,2026-01-06 13:11:19,26,5,2,0,33,data/cam3/cam3_20260106_061119.jpg
cam4,2026-01-06 13:11:19,43,9,0,2,54,data/cam4/cam4_20260106_061119.jpg
cam5,2026-01-06 13:11:20,25,30,1,1,57,data/cam5/cam5_20260106_061120.jpg
cam6,2026-01-06 13:11:21,45,7,4,0,56,data/cam6/cam6_20260106_061121.jpg
cam7,2026-01-06 13:11:21,60,7,0,0,67,data/cam7/cam7_20260106_061121.jpg
cam8,2026-01-06 13:11:22,39,18,3,0,60,data/cam8/cam8_20260106_061122.jpg
cam1,2026-01-06 13:16:17,22,25,2,0,49,data/cam1/cam1_20260106_061617.jpg
cam2,2026-01-06 13:16:18,12,5,0,0,17,data/cam2/cam2_20260106_061618.jpg
cam3,2026-01-06 13:16:18,23,10,1,1,35,data/cam3/cam3_20260106_061618.jpg
cam4,2026-01-06 13:16:19,31,11,3,1,46,data/cam4/cam4_20260106_061619.jpg
cam5,2026-01-06 13:16:20,28,20,1,1,50,data/cam5/cam5_20260106_061620.jpg
cam6,2026-01-06 13:16:20,35,4,4,0,43,data/cam6/cam6_20260106_061620.jpg
cam7,2026-01-06 13:16:21,54,7,0,1,62,data/cam7/cam7_20260106_061621.jpg
cam8,2026-01-06 13:16:22,39,12,3,1,55,data/cam8/cam8_20260106_061622.jpg
cam1,2026-01-06 13:21:17,29,24,3,2,58,data/cam1/cam1_20260106_062117.jpg
cam2,2026-01-06 13:21:18,18,3,0,0,21,data/cam2/cam2_20260106_062118.jpg
cam3,2026-01-06 13:21:18,21,5,1,0,27,data/cam3/cam3_20260106_062118.jpg
cam4,2026-01-06 13:21:19,57,8,3,1,69,data/cam4/cam4_20260106_062119.jpg
cam5,2026-01-06 13:21:20,29,21,5,2,57,data/cam5/cam5_20260106_062120.jpg
cam6,2026-01-06 13:21:20,34,9,5,0,48,data/cam6/cam6_20260106_062120.jpg
cam7,2026-01-06 13:21:21,48,7,2,2,59,data/cam7/cam7_20260106_062121.jpg
cam8,2026-01-06 13:21:22,25,16,5,1,47,data/cam8/cam8_20260106_062122.jpg
cam1,2026-01-06 13:26:17,59,19,3,3,84,data/cam1/cam1_20260106_062617.jpg
cam2,2026-01-06 13:26:18,21,4,3,0,28,data/cam2/cam2_20260106_062618.jpg
cam3,2026-01-06 13:26:19,23,14,2,0,39,data/cam3/cam3_20260106_062619.jpg
cam4,2026-01-06 13:26:19,37,11,2,1,51,data/cam4/cam4_20260106_062619.jpg
cam5,2026-01-06 13:26:20,5,29,0,0,34,data/cam5/cam5_20260106_062620.jpg
cam6,2026-01-06 13:26:21,35,11,3,3,52,data/cam6/cam6_20260106_062621.jpg
cam7,2026-01-06 13:26:21,30,6,4,1,41,data/cam7/cam7_20260106_062621.jpg
cam8,2026-01-06 13:26:22,27,11,3,1,42,data/cam8/cam8_20260106_062622.jpg
cam1,2026-01-06 13:31:17,24,17,0,2,43,data/cam1/cam1_20260106_063117.jpg
cam2,2026-01-06 13:31:18,25,11,1,0,37,data/cam2/cam2_20260106_063118.jpg
cam3,2026-01-06 13:31:19,23,10,3,0,36,data/cam3/cam3_20260106_063119.jpg
cam4,2026-01-06 13:31:21,42,9,2,0,53,data/cam4/cam4_20260106_063121.jpg
cam5,2026-01-06 13:31:21,43,19,5,5,72,data/cam5/cam5_20260106_063121.jpg
cam6,2026-01-06 13:31:22,21,6,4,1,32,data/cam6/cam6_20260106_063122.jpg
cam7,2026-01-06 13:31:23,45,7,1,1,54,data/cam7/cam7_20260106_063123.jpg
cam8,2026-01-06 13:31:24,38,12,2,2,54,data/cam8/cam8_20260106_063124.jpg
cam1,2026-01-06 13:36:17,32,15,2,1,50,data/cam1/cam1_20260106_063617.jpg
cam2,2026-01-06 13:36:18,27,4,3,0,34,data/cam2/cam2_20260106_063618.jpg
cam3,2026-01-06 13:36:19,16,4,3,1,24,data/cam3/cam3_20260106_063619.jpg
cam4,2026-01-06 13:36:19,29,17,3,1,50,data/cam4/cam4_20260106_063619.jpg
cam5,2026-01-06 13:36:20,31,29,5,4,69,data/cam5/cam5_20260106_063620.jpg
cam6,2026-01-06 13:36:21,57,7,5,0,69,data/cam6/cam6_20260106_063621.jpg
cam7,2026-01-06 13:36:21,42,4,1,1,48,data/cam7/cam7_20260106_063621.jpg
cam8,2026-01-06 13:36:22,38,20,0,1,59,data/cam8/cam8_20260106_063622.jpg
cam1,2026-01-06 13:41:17,59,23,5,2,89,data/cam1/cam1_20260106_064117.jpg
cam2,2026-01-06 13:41:18,10,4,2,0,16,data/cam2/cam2_20260106_064118.jpg
cam3,2026-01-06 13:41:19,24,3,1,0,28,data/cam3/cam3_20260106_064119.jpg
cam4,2026-01-06 13:41:19,40,16,3,0,59,data/cam4/cam4_20260106_064119.jpg
cam5,2026-01-06 13:41:20,27,16,5,2,50,data/cam5/cam5_20260106_064120.jpg
cam6,2026-01-06 13:41:21,41,9,4,0,54,data/cam6/cam6_20260106_064121.jpg
cam7,2026-01-06 13:41:21,26,10,3,1,40,data/cam7/cam7_20260106_064121.jpg
cam8,2026-01-06 13:41:22,28,21,1,1,51,data/cam8/cam8_20260106_064122.jpg
cam1,2026-01-06 13:46:17,23,14,1,1,39,data/cam1/cam1_20260106_064617.jpg
cam2,2026-01-06 13:46:18,16,6,1,0,23,data/cam2/cam2_20260106_064618.jpg
cam3,2026-01-06 13:46:19,25,5,2,0,32,data/cam3/cam3_20260106_064619.jpg
cam4,2026-01-06 13:46:19,43,10,2,0,55,data/cam4/cam4_20260106_064619.jpg
cam5,2026-01-06 13:46:20,18,21,3,0,42,data/cam5/cam5_20260106_064620.jpg
cam6,2026-01-06 13:46:21,37,8,4,0,49,data/cam6/cam6_20260106_064621.jpg
cam7,2026-01-06 13:46:21,36,1,2,0,39,data/cam7/cam7_20260106_064621.jpg
cam8,2026-01-06 13:46:22,33,11,7,1,52,data/cam8/cam8_20260106_064622.jpg
cam1,2026-01-06 13:51:17,50,21,1,0,72,data/cam1/cam1_20260106_065117.jpg
cam2,2026-01-06 13:51:18,23,10,0,2,35,data/cam2/cam2_20260106_065118.jpg
cam3,2026-01-06 13:51:19,17,5,2,0,24,data/cam3/cam3_20260106_065119.jpg
cam4,2026-01-06 13:51:19,33,10,6,0,49,data/cam4/cam4_20260106_065119.jpg
cam5,2026-01-06 13:51:20,9,25,2,3,39,data/cam5/cam5_20260106_065120.jpg
cam6,2026-01-06 13:51:21,27,6,2,0,35,data/cam6/cam6_20260106_065121.jpg
cam7,2026-01-06 13:51:22,27,2,1,2,32,data/cam7/cam7_20260106_065122.jpg
cam8,2026-01-06 13:51:23,41,19,1,6,67,data/cam8/cam8_20260106_065123.jpg
cam1,2026-01-06 13:56:17,15,17,4,1,37,data/cam1/cam1_20260106_065617.jpg
cam2,2026-01-06 13:56:18,23,2,3,1,29,data/cam2/cam2_20260106_065618.jpg
cam3,2026-01-06 13:56:19,26,8,3,0,37,data/cam3/cam3_20260106_065619.jpg
cam4,2026-01-06 13:56:19,33,4,2,0,39,data/cam4/cam4_20260106_065619.jpg
cam5,2026-01-06 13:56:20,31,19,2,4,56,data/cam5/cam5_20260106_065620.jpg
cam6,2026-01-06 13:56:21,65,2,3,0,70,data/cam6/cam6_20260106_065621.jpg
cam7,2026-01-06 13:56:21,27,9,1,0,37,data/cam7/cam7_20260106_065621.jpg
cam8,2026-01-06 13:56:22,41,11,1,0,53,data/cam8/cam8_20260106_065622.jpg
cam1,2026-01-06 14:01:17,34,16,3,1,54,data/cam1/cam1_20260106_070117.jpg
cam2,2026-01-06 14:01:18,25,7,0,0,32,data/cam2/cam2_20260106_070118.jpg
cam3,2026-01-06 14:01:19,21,5,0,0,26,data/cam3/cam3_20260106_070119.jpg
cam4,2026-01-06 14:01:19,49,9,2,1,61,data/cam4/cam4_20260106_070119.jpg
cam5,2026-01-06 14:01:21,23,17,6,2,48,data/cam5/cam5_20260106_070121.jpg
cam6,2026-01-06 14:01:22,32,10,3,1,46,data/cam6/cam6_20260106_070122.jpg
cam7,2026-01-06 14:01:23,34,4,1,0,39,data/cam7/cam7_20260106_070123.jpg
cam8,2026-01-06 14:01:23,34,12,3,0,49,data/cam8/cam8_20260106_070123.jpg
cam1,2026-01-06 14:06:17,21,20,4,0,45,data/cam1/cam1_20260106_070617.jpg
cam2,2026-01-06 14:06:18,30,8,2,1,41,data/cam2/cam2_20260106_070618.jpg
cam3,2026-01-06 14:06:19,23,4,1,1,29,data/cam3/cam3_20260106_070619.jpg
cam4,2026-01-06 14:06:20,59,10,6,1,76,data/cam4/cam4_20260106_070620.jpg
cam5,2026-01-06 14:06:20,14,14,12,3,43,data/cam5/cam5_20260106_070620.jpg
cam6,2026-01-06 14:06:21,39,7,6,2,54,data/cam6/cam6_20260106_070621.jpg
cam7,2026-01-06 14:06:22,28,9,5,2,44,data/cam7/cam7_20260106_070622.jpg
cam8,2026-01-06 14:06:22,21,21,0,0,42,data/cam8/cam8_20260106_070622.jpg
cam1,2026-01-06 14:11:17,26,29,1,0,56,data/cam1/cam1_20260106_071117.jpg
cam2,2026-01-06 14:11:20,20,3,0,1,24,data/cam2/cam2_20260106_071120.jpg
cam3,2026-01-06 14:11:22,21,12,2,0,35,data/cam3/cam3_20260106_071122.jpg
cam4,2026-01-06 14:11:23,30,11,3,2,46,data/cam4/cam4_20260106_071123.jpg
cam5,2026-01-06 14:11:24,10,40,4,3,57,data/cam5/cam5_20260106_071124.jpg
cam6,2026-01-06 14:11:25,39,7,3,2,51,data/cam6/cam6_20260106_071125.jpg
cam7,2026-01-06 14:11:25,47,9,2,3,61,data/cam7/cam7_20260106_071125.jpg
cam8,2026-01-06 14:11:26,32,17,2,1,52,data/cam8/cam8_20260106_071126.jpg
cam1,2026-01-06 14:16:17,48,20,3,0,71,data/cam1/cam1_20260106_071617.jpg
cam2,2026-01-06 14:16:19,16,5,0,0,21,data/cam2/cam2_20260106_071619.jpg
cam3,2026-01-06 14:16:19,23,9,2,0,34,data/cam3/cam3_20260106_071619.jpg
cam4,2026-01-06 14:16:20,48,6,4,2,60,data/cam4/cam4_20260106_071620.jpg
cam5,2026-01-06 14:16:21,39,22,3,2,66,data/cam5/cam5_20260106_071621.jpg
cam6,2026-01-06 14:16:22,47,7,1,0,55,data/cam6/cam6_20260106_071622.jpg
cam7,2026-01-06 14:16:22,26,8,2,0,36,data/cam7/cam7_20260106_071622.jpg
cam8,2026-01-06 14:16:23,61,17,2,0,80,data/cam8/cam8_20260106_071623.jpg
cam1,2026-01-06 14:21:17,30,17,6,0,53,data/cam1/cam1_20260106_072117.jpg
cam2,2026-01-06 14:21:18,11,9,2,0,22,data/cam2/cam2_20260106_072118.jpg
cam3,2026-01-06 14:21:19,15,2,1,0,18,data/cam3/cam3_20260106_072119.jpg
cam4,2026-01-06 14:21:20,48,13,3,1,65,data/cam4/cam4_20260106_072120.jpg
cam5,2026-01-06 14:21:20,34,29,5,1,69,data/cam5/cam5_20260106_072120.jpg
cam6,2026-01-06 14:21:21,49,14,2,1,66,data/cam6/cam6_20260106_072121.jpg
cam7,2026-01-06 14:21:22,33,7,0,2,42,data/cam7/cam7_20260106_072122.jpg
cam8,2026-01-06 14:21:23,36,18,2,2,58,data/cam8/cam8_20260106_072123.jpg
cam3,2026-01-06 14:48:49,26,7,3,0,36,data/cam3/cam3_20260106_074849.jpg
cam4,2026-01-06 14:48:50,24,8,1,1,34,data/cam4/cam4_20260106_074850.jpg
cam5,2026-01-06 14:48:51,33,25,1,2,61,data/cam5/cam5_20260106_074851.jpg
cam6,2026-01-06 14:48:52,36,5,3,0,44,data/cam6/cam6_20260106_074852.jpg
cam7,2026-01-06 14:48:53,39,8,0,1,48,data/cam7/cam7_20260106_074853.jpg
cam8,2026-01-06 14:48:53,39,19,1,0,59,data/cam8/cam8_20260106_074853.jpg
cam1,2026-01-06 14:53:21,17,22,2,1,42,data/cam1/cam1_20260106_075321.jpg
cam2,2026-01-06 14:53:24,17,8,1,0,26,data/cam2/cam2_20260106_075324.jpg
cam3,2026-01-06 14:53:25,27,3,2,1,33,data/cam3/cam3_20260106_075325.jpg
cam4,2026-01-06 14:53:26,31,7,1,1,40,data/cam4/cam4_20260106_075326.jpg
cam5,2026-01-06 14:53:27,20,25,0,1,46,data/cam5/cam5_20260106_075327.jpg
cam6,2026-01-06 14:53:29,26,10,2,0,38,data/cam6/cam6_20260106_075329.jpg
cam7,2026-01-06 14:53:29,21,9,3,0,33,data/cam7/cam7_20260106_075329.jpg
cam8,2026-01-06 14:53:30,29,21,5,1,56,data/cam8/cam8_20260106_075330.jpg
cam1,2026-01-06 14:58:21,13,19,0,3,35,data/cam1/cam1_20260106_075821.jpg
cam2,2026-01-06 14:59:08,16,8,0,0,24,data/cam2/cam2_20260106_075908.jpg
cam3,2026-01-06 14:59:09,18,7,2,0,27,data/cam3/cam3_20260106_075909.jpg
cam4,2026-01-06 14:59:10,41,10,5,0,56,data/cam4/cam4_20260106_075910.jpg
cam5,2026-01-06 14:59:11,11,37,2,0,50,data/cam5/cam5_20260106_075911.jpg
cam6,2026-01-06 14:59:11,37,10,1,2,50,data/cam6/cam6_20260106_075911.jpg
cam7,2026-01-06 14:59:12,30,11,1,1,43,data/cam7/cam7_20260106_075912.jpg
cam8,2026-01-06 14:59:13,33,13,1,0,47,data/cam8/cam8_20260106_075913.jpg
cam1,2026-01-06 15:03:21,22,36,4,1,63,data/cam1/cam1_20260106_080321.jpg
cam2,2026-01-06 15:03:21,13,6,0,0,19,data/cam2/cam2_20260106_080321.jpg
cam3,2026-01-06 15:03:22,19,5,0,1,25,data/cam3/cam3_20260106_080322.jpg
cam4,2026-01-06 15:03:23,41,10,5,0,56,data/cam4/cam4_20260106_080323.jpg
cam5,2026-01-06 15:03:24,16,37,1,5,59,data/cam5/cam5_20260106_080324.jpg
cam6,2026-01-06 15:03:24,21,10,0,1,32,data/cam6/cam6_20260106_080324.jpg
cam7,2026-01-06 15:03:25,18,11,3,4,36,data/cam7/cam7_20260106_080325.jpg
cam8,2026-01-06 15:03:26,17,17,0,0,34,data/cam8/cam8_20260106_080326.jpg
cam2,2026-01-06 15:08:54,10,4,0,0,14,data/cam2/cam2_20260106_080854.jpg
cam3,2026-01-06 15:09:42,25,7,1,0,33,data/cam3/cam3_20260106_080942.jpg
cam4,2026-01-06 15:09:43,23,18,1,0,42,data/cam4/cam4_20260106_080943.jpg
cam5,2026-01-06 15:09:46,20,27,5,3,55,data/cam5/cam5_20260106_080946.jpg
cam6,2026-01-06 15:09:46,29,4,1,0,34,data/cam6/cam6_20260106_080946.jpg
cam7,2026-01-06 15:09:48,34,10,2,3,49,data/cam7/cam7_20260106_080948.jpg
cam8,2026-01-06 15:09:49,19,16,0,0,35,data/cam8/cam8_20260106_080949.jpg
cam1,2026-01-06 15:13:21,24,14,1,1,40,data/cam1/cam1_20260106_081321.jpg
cam2,2026-01-06 15:13:56,11,2,0,0,13,data/cam2/cam2_20260106_081356.jpg
cam3,2026-01-06 15:14:05,19,7,0,0,26,data/cam3/cam3_20260106_081405.jpg
cam5,2026-01-06 15:14:59,14,31,1,2,48,data/cam5/cam5_20260106_081459.jpg
cam1,2026-01-06 15:18:54,21,22,0,2,45,data/cam1/cam1_20260106_081854.jpg
cam2,2026-01-06 15:19:18,24,3,0,0,27,data/cam2/cam2_20260106_081918.jpg
cam3,2026-01-06 15:19:19,31,9,0,0,40,data/cam3/cam3_20260106_081919.jpg
cam7,2026-01-06 15:21:08,22,14,8,1,45,data/cam7/cam7_20260106_082108.jpg
cam8,2026-01-06 15:21:15,16,20,0,1,37,data/cam8/cam8_20260106_082115.jpg
cam2,2026-01-06 15:25:07,9,3,0,0,12,data/cam2/cam2_20260106_082507.jpg
cam7,2026-01-06 15:30:06,15,7,1,1,24,data/cam7/cam7_20260106_083006.jpg
cam8,2026-01-06 15:30:29,19,13,0,2,34,data/cam8/cam8_20260106_083029.jpg
cam1,2026-01-06 15:30:30,28,14,0,3,45,data/cam1/cam1_20260106_083030.jpg
cam2,2026-01-06 15:30:31,23,9,1,0,33,data/cam2/cam2_20260106_083031.jpg
cam3,2026-01-06 15:30:32,20,4,1,3,28,data/cam3/cam3_20260106_083032.jpg
cam5,2026-01-06 15:30:32,1,28,2,1,32,data/cam5/cam5_20260106_083032.jpg
cam6,2026-01-06 15:30:33,27,9,2,0,38,data/cam6/cam6_20260106_083033.jpg
cam7,2026-01-06 15:30:34,15,7,1,1,24,data/cam7/cam7_20260106_083034.jpg
cam8,2026-01-06 15:30:35,19,13,0,2,34,data/cam8/cam8_20260106_083035.jpg
cam1,2026-01-06 15:35:30,19,28,0,0,47,data/cam1/cam1_20260106_083530.jpg
cam2,2026-01-06 15:35:31,16,6,1,0,23,data/cam2/cam2_20260106_083531.jpg
cam3,2026-01-06 15:35:32,18,6,4,0,28,data/cam3/cam3_20260106_083532.jpg
cam5,2026-01-06 15:35:32,24,24,3,2,53,data/cam5/cam5_20260106_083532.jpg
cam6,2026-01-06 15:35:33,30,11,1,1,43,data/cam6/cam6_20260106_083533.jpg
cam7,2026-01-06 15:35:34,23,4,2,1,30,data/cam7/cam7_20260106_083534.jpg
cam8,2026-01-06 15:35:35,41,18,0,1,60,data/cam8/cam8_20260106_083535.jpg
cam1,2026-01-06 15:40:30,41,19,0,0,60,data/cam1/cam1_20260106_084030.jpg
cam2,2026-01-06 15:40:31,13,6,0,0,19,data/cam2/cam2_20260106_084031.jpg
cam3,2026-01-06 15:40:32,23,7,0,0,30,data/cam3/cam3_20260106_084032.jpg
cam5,2026-01-06 15:40:55,5,21,2,1,29,data/cam5/cam5_20260106_084055.jpg
cam6,2026-01-06 15:41:23,33,5,1,2,41,data/cam6/cam6_20260106_084123.jpg
cam7,2026-01-06 15:41:24,15,2,0,2,19,data/cam7/cam7_20260106_084124.jpg
cam8,2026-01-06 15:41:24,27,18,0,1,46,data/cam8/cam8_20260106_084124.jpg
cam1,2026-01-06 15:45:30,19,22,0,3,44,data/cam1/cam1_20260106_084530.jpg
cam2,2026-01-06 15:45:31,11,2,0,0,13,data/cam2/cam2_20260106_084531.jpg
cam3,2026-01-06 15:45:32,19,1,1,0,21,data/cam3/cam3_20260106_084532.jpg
cam4,2026-01-06 15:45:33,24,4,0,1,29,data/cam4/cam4_20260106_084533.jpg
cam5,2026-01-06 15:45:34,11,39,2,5,57,data/cam5/cam5_20260106_084534.jpg
cam6,2026-01-06 15:45:34,43,5,1,0,49,data/cam6/cam6_20260106_084534.jpg
cam7,2026-01-06 15:45:35,27,12,0,0,39,data/cam7/cam7_20260106_084535.jpg
cam8,2026-01-06 15:45:36,16,21,0,0,37,data/cam8/cam8_20260106_084536.jpg
cam1,2026-01-06 15:50:30,24,29,0,1,54,data/cam1/cam1_20260106_085030.jpg
cam2,2026-01-06 15:50:31,13,7,0,0,20,data/cam2/cam2_20260106_085031.jpg
cam3,2026-01-06 15:50:32,16,4,0,1,21,data/cam3/cam3_20260106_085032.jpg
cam4,2026-01-06 15:50:32,30,13,1,1,45,data/cam4/cam4_20260106_085032.jpg
cam5,2026-01-06 15:50:33,10,26,0,2,38,data/cam5/cam5_20260106_085033.jpg
cam6,2026-01-06 15:50:34,28,8,0,1,37,data/cam6/cam6_20260106_085034.jpg
cam7,2026-01-06 15:50:35,19,2,0,0,21,data/cam7/cam7_20260106_085035.jpg
cam8,2026-01-06 15:50:35,23,14,1,1,39,data/cam8/cam8_20260106_085035.jpg
cam1,2026-01-06 15:55:30,29,34,0,0,63,data/cam1/cam1_20260106_085530.jpg
cam2,2026-01-06 15:55:46,12,7,0,0,19,data/cam2/cam2_20260106_085546.jpg
cam3,2026-01-06 15:55:47,9,5,2,1,17,data/cam3/cam3_20260106_085547.jpg
cam4,2026-01-06 15:55:48,32,12,1,0,45,data/cam4/cam4_20260106_085548.jpg
cam5,2026-01-06 15:55:49,10,31,0,5,46,data/cam5/cam5_20260106_085549.jpg
cam6,2026-01-06 15:55:50,37,6,1,2,46,data/cam6/cam6_20260106_085550.jpg
cam7,2026-01-06 15:55:51,25,3,0,0,28,data/cam7/cam7_20260106_085551.jpg
cam8,2026-01-06 15:55:51,25,23,0,1,49,data/cam8/cam8_20260106_085551.jpg
cam1,2026-01-06 16:00:30,34,14,1,0,49,data/cam1/cam1_20260106_090030.jpg
cam2,2026-01-06 16:00:38,21,13,0,0,34,data/cam2/cam2_20260106_090038.jpg
cam3,2026-01-06 16:00:39,12,8,0,0,20,data/cam3/cam3_20260106_090039.jpg
cam4,2026-01-06 16:00:40,27,14,1,0,42,data/cam4/cam4_20260106_090040.jpg
cam5,2026-01-06 16:00:41,28,29,0,3,60,data/cam5/cam5_20260106_090041.jpg
cam6,2026-01-06 16:00:42,12,4,0,0,16,data/cam6/cam6_20260106_090042.jpg
cam7,2026-01-06 16:00:42,19,2,0,0,21,data/cam7/cam7_20260106_090042.jpg
cam8,2026-01-06 16:00:43,33,14,2,2,51,data/cam8/cam8_20260106_090043.jpg
cam1,2026-01-06 16:05:30,32,23,1,2,58,data/cam1/cam1_20260106_090530.jpg
cam2,2026-01-06 16:05:31,36,4,1,2,43,data/cam2/cam2_20260106_090531.jpg
cam3,2026-01-06 16:05:32,26,0,1,1,28,data/cam3/cam3_20260106_090532.jpg
cam4,2026-01-06 16:05:32,26,13,0,0,39,data/cam4/cam4_20260106_090532.jpg
cam5,2026-01-06 16:05:33,20,31,0,1,52,data/cam5/cam5_20260106_090533.jpg
cam6,2026-01-06 16:05:34,21,9,1,0,31,data/cam6/cam6_20260106_090534.jpg
cam7,2026-01-06 16:05:34,14,4,0,0,18,data/cam7/cam7_20260106_090534.jpg
cam8,2026-01-06 16:05:35,42,23,0,3,68,data/cam8/cam8_20260106_090535.jpg
cam1,2026-01-06 16:10:30,40,34,0,0,74,data/cam1/cam1_20260106_091030.jpg
cam2,2026-01-06 16:10:45,23,13,1,1,38,data/cam2/cam2_20260106_091045.jpg
cam3,2026-01-06 16:11:05,21,10,1,0,32,data/cam3/cam3_20260106_091105.jpg
cam4,2026-01-06 16:11:05,31,12,0,0,43,data/cam4/cam4_20260106_091105.jpg
cam5,2026-01-06 16:11:06,19,18,1,4,42,data/cam5/cam5_20260106_091106.jpg
cam6,2026-01-06 16:11:06,54,5,0,1,60,data/cam6/cam6_20260106_091106.jpg
cam7,2026-01-06 16:11:07,21,2,0,0,23,data/cam7/cam7_20260106_091107.jpg
cam8,2026-01-06 16:11:08,25,25,0,0,50,data/cam8/cam8_20260106_091108.jpg
cam1,2026-01-06 16:15:30,52,30,0,3,85,data/cam1/cam1_20260106_091530.jpg
cam2,2026-01-06 16:15:31,30,5,0,0,35,data/cam2/cam2_20260106_091531.jpg
cam3,2026-01-06 16:15:32,27,11,1,1,40,data/cam3/cam3_20260106_091532.jpg
cam4,2026-01-06 16:15:32,33,12,0,1,46,data/cam4/cam4_20260106_091532.jpg
cam5,2026-01-06 16:15:33,28,21,0,1,50,data/cam5/cam5_20260106_091533.jpg
cam6,2026-01-06 16:15:34,36,6,0,0,42,data/cam6/cam6_20260106_091534.jpg
cam7,2026-01-06 16:15:34,17,4,0,0,21,data/cam7/cam7_20260106_091534.jpg
cam8,2026-01-06 16:15:37,38,18,0,1,57,data/cam8/cam8_20260106_091537.jpg
cam1,2026-01-06 16:20:30,26,21,0,3,50,data/cam1/cam1_20260106_092030.jpg
cam2,2026-01-06 16:20:31,20,7,0,0,27,data/cam2/cam2_20260106_092031.jpg
cam3,2026-01-06 16:20:32,44,10,1,2,57,data/cam3/cam3_20260106_092032.jpg
cam4,2026-01-06 16:20:33,28,13,0,2,43,data/cam4/cam4_20260106_092033.jpg
cam5,2026-01-06 16:20:33,27,18,1,3,49,data/cam5/cam5_20260106_092033.jpg
cam6,2026-01-06 16:20:34,79,2,0,0,81,data/cam6/cam6_20260106_092034.jpg
cam7,2026-01-06 16:20:35,25,4,0,0,29,data/cam7/cam7_20260106_092035.jpg
cam8,2026-01-06 16:20:36,34,15,0,1,50,data/cam8/cam8_20260106_092036.jpg
cam1,2026-01-06 16:25:30,25,24,0,2,51,data/cam1/cam1_20260106_092530.jpg
cam2,2026-01-06 16:25:31,26,8,0,1,35,data/cam2/cam2_20260106_092531.jpg
cam3,2026-01-06 16:25:32,34,7,0,3,44,data/cam3/cam3_20260106_092532.jpg
cam4,2026-01-06 16:25:32,36,9,0,0,45,data/cam4/cam4_20260106_092532.jpg
cam5,2026-01-06 16:25:33,23,30,1,1,55,data/cam5/cam5_20260106_092533.jpg
cam6,2026-01-06 16:25:34,37,5,0,0,42,data/cam6/cam6_20260106_092534.jpg
cam7,2026-01-06 16:25:35,33,6,0,2,41,data/cam7/cam7_20260106_092535.jpg
cam8,2026-01-06 16:25:36,24,27,0,0,51,data/cam8/cam8_20260106_092536.jpg
cam1,2026-01-06 16:30:30,42,24,1,3,70,data/cam1/cam1_20260106_093030.jpg
cam2,2026-01-06 16:30:31,42,6,0,0,48,data/cam2/cam2_20260106_093031.jpg
cam3,2026-01-06 16:30:32,35,6,1,0,42,data/cam3/cam3_20260106_093032.jpg
cam4,2026-01-06 16:30:33,47,16,0,1,64,data/cam4/cam4_20260106_093033.jpg
cam5,2026-01-06 16:30:34,25,33,0,0,58,data/cam5/cam5_20260106_093034.jpg
cam6,2026-01-06 16:30:35,39,4,1,2,46,data/cam6/cam6_20260106_093035.jpg
cam7,2026-01-06 16:30:35,35,6,0,1,42,data/cam7/cam7_20260106_093035.jpg
cam8,2026-01-06 16:30:36,52,13,1,1,67,data/cam8/cam8_20260106_093036.jpg
cam1,2026-01-06 16:35:30,55,20,0,1,76,data/cam1/cam1_20260106_093530.jpg
cam2,2026-01-06 16:35:31,27,6,0,0,33,data/cam2/cam2_20260106_093531.jpg
cam3,2026-01-06 16:35:32,31,7,1,1,40,data/cam3/cam3_20260106_093532.jpg
cam4,2026-01-06 16:35:32,33,3,0,1,37,data/cam4/cam4_20260106_093532.jpg
cam5,2026-01-06 16:35:33,14,35,0,1,50,data/cam5/cam5_20260106_093533.jpg
cam6,2026-01-06 16:35:34,45,11,0,0,56,data/cam6/cam6_20260106_093534.jpg
cam7,2026-01-06 16:35:34,31,8,1,1,41,data/cam7/cam7_20260106_093534.jpg
cam8,2026-01-06 16:35:35,23,8,0,4,35,data/cam8/cam8_20260106_093535.jpg
cam1,2026-01-06 16:40:30,46,17,0,3,66,data/cam1/cam1_20260106_094030.jpg
cam2,2026-01-06 16:40:31,46,14,0,1,61,data/cam2/cam2_20260106_094031.jpg
cam3,2026-01-06 16:40:32,32,9,1,0,42,data/cam3/cam3_20260106_094032.jpg
cam4,2026-01-06 16:40:33,35,8,0,0,43,data/cam4/cam4_20260106_094033.jpg
cam5,2026-01-06 16:40:33,20,28,0,0,48,data/cam5/cam5_20260106_094033.jpg
cam6,2026-01-06 16:40:41,40,9,0,0,49,data/cam6/cam6_20260106_094041.jpg
cam7,2026-01-06 16:40:42,50,6,0,1,57,data/cam7/cam7_20260106_094042.jpg
cam8,2026-01-06 16:40:43,33,24,0,1,58,data/cam8/cam8_20260106_094043.jpg
cam1,2026-01-06 16:45:30,24,23,0,0,47,data/cam1/cam1_20260106_094530.jpg
cam2,2026-01-06 16:45:31,20,3,0,0,23,data/cam2/cam2_20260106_094531.jpg
cam3,2026-01-06 16:45:32,32,3,1,1,37,data/cam3/cam3_20260106_094532.jpg
cam4,2026-01-06 16:45:32,51,11,0,0,62,data/cam4/cam4_20260106_094532.jpg
cam5,2026-01-06 16:45:33,7,23,0,2,32,data/cam5/cam5_20260106_094533.jpg
cam6,2026-01-06 16:45:34,47,8,0,1,56,data/cam6/cam6_20260106_094534.jpg
cam7,2026-01-06 16:45:35,54,9,0,0,63,data/cam7/cam7_20260106_094535.jpg
cam8,2026-01-06 16:45:35,27,28,0,2,57,data/cam8/cam8_20260106_094535.jpg
cam1,2026-01-06 16:50:30,51,35,0,2,88,data/cam1/cam1_20260106_095030.jpg
cam2,2026-01-06 16:50:31,48,8,0,0,56,data/cam2/cam2_20260106_095031.jpg
cam3,2026-01-06 16:50:32,40,7,3,1,51,data/cam3/cam3_20260106_095032.jpg
cam4,2026-01-06 16:50:33,51,1,0,0,52,data/cam4/cam4_20260106_095033.jpg
cam5,2026-01-06 16:50:33,54,22,0,2,78,data/cam5/cam5_20260106_095033.jpg
cam6,2026-01-06 16:50:34,45,6,0,1,52,data/cam6/cam6_20260106_095034.jpg
cam7,2026-01-06 16:50:35,30,6,0,1,37,data/cam7/cam7_20260106_095035.jpg
cam8,2026-01-06 16:50:36,36,20,0,0,56,data/cam8/cam8_20260106_095036.jpg
cam1,2026-01-06 16:55:30,49,41,0,1,91,data/cam1/cam1_20260106_095530.jpg
cam2,2026-01-06 16:55:31,36,11,0,0,47,data/cam2/cam2_20260106_095531.jpg
cam3,2026-01-06 16:55:32,34,6,1,0,41,data/cam3/cam3_20260106_095532.jpg
cam4,2026-01-06 16:55:32,55,11,0,0,66,data/cam4/cam4_20260106_095532.jpg
cam5,2026-01-06 16:55:33,34,36,0,1,71,data/cam5/cam5_20260106_095533.jpg
cam6,2026-01-06 16:55:34,61,8,1,0,70,data/cam6/cam6_20260106_095534.jpg
cam7,2026-01-06 16:55:35,28,6,0,0,34,data/cam7/cam7_20260106_095535.jpg
cam8,2026-01-06 16:55:35,34,21,3,1,59,data/cam8/cam8_20260106_095535.jpg
cam1,2026-01-06 17:00:30,38,32,0,0,70,data/cam1/cam1_20260106_100030.jpg
cam2,2026-01-06 17:00:31,39,8,0,0,47,data/cam2/cam2_20260106_100031.jpg
cam3,2026-01-06 17:00:32,44,8,1,0,53,data/cam3/cam3_20260106_100032.jpg
cam4,2026-01-06 17:00:32,44,12,0,0,56,data/cam4/cam4_20260106_100032.jpg
cam5,2026-01-06 17:00:33,58,22,1,0,81,data/cam5/cam5_20260106_100033.jpg
cam6,2026-01-06 17:00:37,48,4,0,0,52,data/cam6/cam6_20260106_100037.jpg
cam7,2026-01-06 17:00:38,41,9,0,2,52,data/cam7/cam7_20260106_100038.jpg
cam8,2026-01-06 17:00:38,58,16,0,1,75,data/cam8/cam8_20260106_100038.jpg
cam1,2026-01-06 17:05:30,70,38,2,1,111,data/cam1/cam1_20260106_100530.jpg
cam2,2026-01-06 17:05:31,35,7,0,0,42,data/cam2/cam2_20260106_100531.jpg
cam3,2026-01-06 17:05:32,35,4,1,0,40,data/cam3/cam3_20260106_100532.jpg
cam4,2026-01-06 17:05:32,46,8,0,0,54,data/cam4/cam4_20260106_100532.jpg
cam5,2026-01-06 17:05:33,38,40,1,2,81,data/cam5/cam5_20260106_100533.jpg
cam6,2026-01-06 17:05:34,64,3,1,0,68,data/cam6/cam6_20260106_100534.jpg
cam7,2026-01-06 17:05:35,29,3,0,0,32,data/cam7/cam7_20260106_100535.jpg
cam8,2026-01-06 17:05:35,47,14,1,0,62,data/cam8/cam8_20260106_100535.jpg
cam1,2026-01-06 17:10:30,76,27,0,3,106,data/cam1/cam1_20260106_101030.jpg
cam2,2026-01-06 17:10:31,42,10,0,0,52,data/cam2/cam2_20260106_101031.jpg
cam3,2026-01-06 17:10:32,32,5,1,0,38,data/cam3/cam3_20260106_101032.jpg
cam4,2026-01-06 17:10:32,84,10,0,0,94,data/cam4/cam4_20260106_101032.jpg
cam5,2026-01-06 17:10:33,53,20,0,1,74,data/cam5/cam5_20260106_101033.jpg
cam6,2026-01-06 17:10:34,55,7,0,1,63,data/cam6/cam6_20260106_101034.jpg
cam7,2026-01-06 17:10:35,39,8,0,0,47,data/cam7/cam7_20260106_101035.jpg
cam8,2026-01-06 17:10:35,37,18,0,1,56,data/cam8/cam8_20260106_101035.jpg
cam1,2026-01-06 17:15:30,46,15,1,2,64,data/cam1/cam1_20260106_101530.jpg
cam2,2026-01-06 17:15:31,29,9,0,0,38,data/cam2/cam2_20260106_101531.jpg
cam3,2026-01-06 17:15:32,34,4,1,1,40,data/cam3/cam3_20260106_101532.jpg
cam4,2026-01-06 17:15:32,38,10,0,0,48,data/cam4/cam4_20260106_101532.jpg
cam5,2026-01-06 17:15:33,61,25,0,0,86,data/cam5/cam5_20260106_101533.jpg
cam6,2026-01-06 17:15:34,48,11,0,1,60,data/cam6/cam6_20260106_101534.jpg
cam7,2026-01-06 17:15:35,25,4,1,0,30,data/cam7/cam7_20260106_101535.jpg
cam8,2026-01-06 17:15:36,64,21,0,0,85,data/cam8/cam8_20260106_101536.jpg
cam1,2026-01-06 17:20:30,56,17,0,4,77,data/cam1/cam1_20260106_102030.jpg
cam2,2026-01-06 17:20:31,58,3,0,0,61,data/cam2/cam2_20260106_102031.jpg
cam3,2026-01-06 17:20:33,31,4,1,0,36,data/cam3/cam3_20260106_102033.jpg
cam4,2026-01-06 17:20:34,47,3,1,0,51,data/cam4/cam4_20260106_102034.jpg
cam5,2026-01-06 17:20:35,23,24,0,1,48,data/cam5/cam5_20260106_102035.jpg
cam6,2026-01-06 17:20:36,86,3,0,1,90,data/cam6/cam6_20260106_102036.jpg
cam7,2026-01-06 17:20:37,23,5,0,0,28,data/cam7/cam7_20260106_102037.jpg
cam8,2026-01-06 17:20:37,48,16,1,0,65,data/cam8/cam8_20260106_102037.jpg
cam1,2026-01-06 17:25:30,68,30,0,2,100,data/cam1/cam1_20260106_102530.jpg
cam2,2026-01-06 17:25:31,29,10,0,0,39,data/cam2/cam2_20260106_102531.jpg
cam3,2026-01-06 17:25:32,43,3,1,0,47,data/cam3/cam3_20260106_102532.jpg
cam4,2026-01-06 17:25:32,59,9,0,0,68,data/cam4/cam4_20260106_102532.jpg
cam5,2026-01-06 17:25:33,55,29,0,3,87,data/cam5/cam5_20260106_102533.jpg
cam6,2026-01-06 17:25:34,65,7,0,0,72,data/cam6/cam6_20260106_102534.jpg
cam7,2026-01-06 17:25:35,25,5,0,0,30,data/cam7/cam7_20260106_102535.jpg
cam8,2026-01-06 17:25:35,54,14,0,2,70,data/cam8/cam8_20260106_102535.jpg
cam1,2026-01-06 17:30:30,45,39,0,2,86,data/cam1/cam1_20260106_103030.jpg
cam2,2026-01-06 17:30:32,18,10,0,1,29,data/cam2/cam2_20260106_103032.jpg
cam3,2026-01-06 17:30:33,35,4,1,0,40,data/cam3/cam3_20260106_103033.jpg
cam4,2026-01-06 17:30:34,72,9,0,1,82,data/cam4/cam4_20260106_103034.jpg
cam5,2026-01-06 17:30:34,50,32,0,0,82,data/cam5/cam5_20260106_103034.jpg
cam6,2026-01-06 17:30:35,57,8,0,1,66,data/cam6/cam6_20260106_103035.jpg
cam7,2026-01-06 17:30:36,30,1,0,0,31,data/cam7/cam7_20260106_103036.jpg
cam8,2026-01-06 17:30:36,38,17,1,2,58,data/cam8/cam8_20260106_103036.jpg
cam1,2026-01-06 17:35:30,38,41,1,2,82,data/cam1/cam1_20260106_103530.jpg
cam2,2026-01-06 17:35:35,39,3,0,1,43,data/cam2/cam2_20260106_103535.jpg
cam3,2026-01-06 17:35:36,38,6,1,0,45,data/cam3/cam3_20260106_103536.jpg
cam4,2026-01-06 17:35:37,47,4,0,0,51,data/cam4/cam4_20260106_103537.jpg
cam5,2026-01-06 17:35:38,52,34,0,2,88,data/cam5/cam5_20260106_103538.jpg
cam6,2026-01-06 17:35:38,49,7,0,0,56,data/cam6/cam6_20260106_103538.jpg
cam7,2026-01-06 17:35:39,16,6,0,1,23,data/cam7/cam7_20260106_103539.jpg
cam8,2026-01-06 17:35:40,20,25,0,5,50,data/cam8/cam8_20260106_103540.jpg
cam1,2026-01-06 17:40:30,32,40,1,3,76,data/cam1/cam1_20260106_104030.jpg
cam2,2026-01-06 17:40:31,32,3,0,0,35,data/cam2/cam2_20260106_104031.jpg
cam3,2026-01-06 17:40:32,33,6,1,0,40,data/cam3/cam3_20260106_104032.jpg
cam4,2026-01-06 17:40:32,72,7,0,0,79,data/cam4/cam4_20260106_104032.jpg
cam5,2026-01-06 17:40:41,52,25,1,1,79,data/cam5/cam5_20260106_104041.jpg
cam6,2026-01-06 17:40:42,51,3,0,0,54,data/cam6/cam6_20260106_104042.jpg
cam7,2026-01-06 17:40:42,39,2,0,0,41,data/cam7/cam7_20260106_104042.jpg
cam8,2026-01-06 17:40:43,41,24,1,1,67,data/cam8/cam8_20260106_104043.jpg
cam1,2026-01-06 17:45:30,24,38,0,1,63,data/cam1/cam1_20260106_104530.jpg
cam2,2026-01-06 17:45:31,40,1,0,0,41,data/cam2/cam2_20260106_104531.jpg
cam3,2026-01-06 17:45:32,33,6,1,0,40,data/cam3/cam3_20260106_104532.jpg
cam4,2026-01-06 17:45:33,32,11,1,0,44,data/cam4/cam4_20260106_104533.jpg
cam5,2026-01-06 17:45:33,31,35,0,0,66,data/cam5/cam5_20260106_104533.jpg
cam6,2026-01-06 17:45:34,44,0,0,1,45,data/cam6/cam6_20260106_104534.jpg
cam7,2026-01-06 17:45:35,25,6,1,2,34,data/cam7/cam7_20260106_104535.jpg
cam8,2026-01-06 17:45:36,38,9,0,4,51,data/cam8/cam8_20260106_104536.jpg
cam1,2026-01-06 17:50:49,67,24,0,6,97,data/cam1/cam1_20260106_105049.jpg
cam2,2026-01-06 17:50:53,42,4,0,0,46,data/cam2/cam2_20260106_105053.jpg
cam3,2026-01-06 17:50:54,26,5,2,4,37,data/cam3/cam3_20260106_105054.jpg
cam4,2026-01-06 17:50:54,58,5,0,1,64,data/cam4/cam4_20260106_105054.jpg
cam5,2026-01-06 17:50:55,21,25,0,2,48,data/cam5/cam5_20260106_105055.jpg
cam6,2026-01-06 17:50:56,52,4,0,0,56,data/cam6/cam6_20260106_105056.jpg
cam7,2026-01-06 17:50:56,28,10,0,0,38,data/cam7/cam7_20260106_105056.jpg
cam8,2026-01-06 17:50:57,38,13,2,3,56,data/cam8/cam8_20260106_105057.jpg
cam1,2026-01-06 17:55:49,49,20,0,1,70,data/cam1/cam1_20260106_105549.jpg
cam2,2026-01-06 17:55:50,52,3,0,0,55,data/cam2/cam2_20260106_105550.jpg
cam3,2026-01-06 17:55:51,22,10,0,1,33,data/cam3/cam3_20260106_105551.jpg
cam4,2026-01-06 17:55:51,44,10,0,0,54,data/cam4/cam4_20260106_105551.jpg
cam5,2026-01-06 17:55:52,35,18,0,1,54,data/cam5/cam5_20260106_105552.jpg
cam6,2026-01-06 17:55:53,45,7,0,0,52,data/cam6/cam6_20260106_105553.jpg
cam7,2026-01-06 17:55:53,36,3,1,1,41,data/cam7/cam7_20260106_105553.jpg
cam8,2026-01-06 17:55:54,37,7,0,1,45,data/cam8/cam8_20260106_105554.jpg
cam1,2026-01-06 18:00:49,14,28,0,2,44,data/cam1/cam1_20260106_110049.jpg
cam2,2026-01-06 18:00:50,38,8,0,0,46,data/cam2/cam2_20260106_110050.jpg
cam3,2026-01-06 18:00:51,30,10,0,1,41,data/cam3/cam3_20260106_110051.jpg
cam4,2026-01-06 18:00:51,47,1,1,0,49,data/cam4/cam4_20260106_110051.jpg
cam5,2026-01-06 18:00:52,17,33,0,1,51,data/cam5/cam5_20260106_110052.jpg
cam6,2026-01-06 18:00:53,34,7,0,0,41,data/cam6/cam6_20260106_110053.jpg
cam7,2026-01-06 18:00:54,12,12,0,1,25,data/cam7/cam7_20260106_110054.jpg
cam8,2026-01-06 18:00:55,38,9,0,1,48,data/cam8/cam8_20260106_110055.jpg
cam1,2026-01-06 18:05:49,31,31,1,5,68,data/cam1/cam1_20260106_110549.jpg
cam2,2026-01-06 18:05:50,36,7,0,0,43,data/cam2/cam2_20260106_110550.jpg
cam3,2026-01-06 18:05:51,28,5,1,0,34,data/cam3/cam3_20260106_110551.jpg
cam4,2026-01-06 18:05:51,52,1,1,0,54,data/cam4/cam4_20260106_110551.jpg
cam5,2026-01-06 18:05:52,30,23,0,2,55,data/cam5/cam5_20260106_110552.jpg
cam6,2026-01-06 18:05:53,40,1,0,0,41,data/cam6/cam6_20260106_110553.jpg
cam7,2026-01-06 18:05:53,34,3,1,2,40,data/cam7/cam7_20260106_110553.jpg
cam8,2026-01-06 18:05:55,35,7,0,0,42,data/cam8/cam8_20260106_110555.jpg
cam1,2026-01-06 18:10:49,24,53,0,2,79,data/cam1/cam1_20260106_111049.jpg
cam2,2026-01-06 18:10:50,44,8,0,0,52,data/cam2/cam2_20260106_111050.jpg
cam3,2026-01-06 18:10:51,28,5,1,1,35,data/cam3/cam3_20260106_111051.jpg
cam4,2026-01-06 18:10:52,41,7,0,1,49,data/cam4/cam4_20260106_111052.jpg
cam5,2026-01-06 18:10:53,37,22,0,0,59,data/cam5/cam5_20260106_111053.jpg
cam6,2026-01-06 18:10:53,53,5,0,1,59,data/cam6/cam6_20260106_111053.jpg
cam7,2026-01-06 18:10:54,13,6,0,2,21,data/cam7/cam7_20260106_111054.jpg
cam8,2026-01-06 18:10:55,23,7,0,1,31,data/cam8/cam8_20260106_111055.jpg
cam1,2026-01-06 18:15:49,34,21,1,3,59,data/cam1/cam1_20260106_111549.jpg
cam2,2026-01-06 18:15:50,41,5,0,0,46,data/cam2/cam2_20260106_111550.jpg
cam3,2026-01-06 18:15:51,23,7,1,0,31,data/cam3/cam3_20260106_111551.jpg
cam4,2026-01-06 18:15:52,48,6,1,0,55,data/cam4/cam4_20260106_111552.jpg
cam5,2026-01-06 18:15:52,36,18,0,0,54,data/cam5/cam5_20260106_111552.jpg
cam6,2026-01-06 18:15:53,41,3,0,1,45,data/cam6/cam6_20260106_111553.jpg
cam7,2026-01-06 18:15:54,19,8,0,3,30,data/cam7/cam7_20260106_111554.jpg
cam8,2026-01-06 18:15:55,32,7,0,0,39,data/cam8/cam8_20260106_111555.jpg
cam1,2026-01-06 18:20:49,45,34,0,1,80,data/cam1/cam1_20260106_112049.jpg
cam2,2026-01-06 18:20:50,23,1,0,0,24,data/cam2/cam2_20260106_112050.jpg
cam3,2026-01-06 18:20:51,29,6,0,0,35,data/cam3/cam3_20260106_112051.jpg
cam4,2026-01-06 18:20:51,45,8,0,0,53,data/cam4/cam4_20260106_112051.jpg
cam5,2026-01-06 18:20:52,28,23,0,0,51,data/cam5/cam5_20260106_112052.jpg
cam6,2026-01-06 18:20:53,30,4,0,1,35,data/cam6/cam6_20260106_112053.jpg
cam7,2026-01-06 18:20:53,14,7,0,0,21,data/cam7/cam7_20260106_112053.jpg
cam8,2026-01-06 18:20:54,29,14,0,0,43,data/cam8/cam8_20260106_112054.jpg
cam1,2026-01-06 18:25:49,42,34,0,1,77,data/cam1/cam1_20260106_112549.jpg
cam2,2026-01-06 18:25:53,22,1,0,0,23,data/cam2/cam2_20260106_112553.jpg
cam3,2026-01-06 18:25:53,19,8,1,0,28,data/cam3/cam3_20260106_112553.jpg
cam4,2026-01-06 18:25:54,41,11,0,1,53,data/cam4/cam4_20260106_112554.jpg
cam5,2026-01-06 18:25:55,21,14,0,0,35,data/cam5/cam5_20260106_112555.jpg
cam6,2026-01-06 18:25:55,39,3,0,1,43,data/cam6/cam6_20260106_112555.jpg
cam7,2026-01-06 18:25:56,24,7,0,0,31,data/cam7/cam7_20260106_112556.jpg
cam8,2026-01-06 18:25:57,35,16,0,0,51,data/cam8/cam8_20260106_112557.jpg
cam1,2026-01-06 18:30:49,22,22,0,2,46,data/cam1/cam1_20260106_113049.jpg
cam2,2026-01-06 18:30:50,32,7,1,0,40,data/cam2/cam2_20260106_113050.jpg
cam3,2026-01-06 18:30:51,22,8,0,0,30,data/cam3/cam3_20260106_113051.jpg
cam4,2026-01-06 18:30:51,49,7,0,0,56,data/cam4/cam4_20260106_113051.jpg
cam5,2026-01-06 18:30:52,25,12,0,0,37,data/cam5/cam5_20260106_113052.jpg
cam6,2026-01-06 18:30:53,45,1,0,1,47,data/cam6/cam6_20260106_113053.jpg
cam7,2026-01-06 18:30:53,23,9,0,2,34,data/cam7/cam7_20260106_113053.jpg
cam8,2026-01-06 18:30:54,33,8,0,1,42,data/cam8/cam8_20260106_113054.jpg
cam1,2026-01-06 18:35:49,40,7,0,0,47,data/cam1/cam1_20260106_113549.jpg
cam2,2026-01-06 18:35:50,28,14,0,0,42,data/cam2/cam2_20260106_113550.jpg
cam3,2026-01-06 18:35:51,31,9,0,0,40,data/cam3/cam3_20260106_113551.jpg
cam4,2026-01-06 18:35:51,52,2,0,1,55,data/cam4/cam4_20260106_113551.jpg
cam5,2026-01-06 18:35:52,25,9,0,0,34,data/cam5/cam5_20260106_113552.jpg
cam6,2026-01-06 18:35:53,29,3,0,0,32,data/cam6/cam6_20260106_113553.jpg
cam7,2026-01-06 18:35:53,41,8,0,0,49,data/cam7/cam7_20260106_113553.jpg
cam8,2026-01-06 18:35:54,27,8,0,1,36,data/cam8/cam8_20260106_113554.jpg
cam1,2026-01-06 18:40:49,16,17,0,1,34,data/cam1/cam1_20260106_114049.jpg
cam2,2026-01-06 18:40:50,41,9,0,0,50,data/cam2/cam2_20260106_114050.jpg
cam3,2026-01-06 18:40:51,23,4,0,1,28,data/cam3/cam3_20260106_114051.jpg
cam4,2026-01-06 18:40:51,40,11,0,0,51,data/cam4/cam4_20260106_114051.jpg
cam5,2026-01-06 18:40:52,23,16,0,1,40,data/cam5/cam5_20260106_114052.jpg
cam6,2026-01-06 18:40:53,40,2,0,0,42,data/cam6/cam6_20260106_114053.jpg
cam7,2026-01-06 18:40:53,22,3,0,1,26,data/cam7/cam7_20260106_114053.jpg
cam8,2026-01-06 18:40:54,15,9,0,0,24,data/cam8/cam8_20260106_114054.jpg
cam1,2026-01-06 18:45:49,19,39,0,3,61,data/cam1/cam1_20260106_114549.jpg
cam2,2026-01-06 18:45:50,41,7,0,0,48,data/cam2/cam2_20260106_114550.jpg
cam3,2026-01-06 18:45:51,38,6,0,1,45,data/cam3/cam3_20260106_114551.jpg
cam4,2026-01-06 18:45:51,44,3,0,0,47,data/cam4/cam4_20260106_114551.jpg
cam5,2026-01-06 18:45:52,13,14,0,1,28,data/cam5/cam5_20260106_114552.jpg
cam6,2026-01-06 18:45:53,39,7,0,1,47,data/cam6/cam6_20260106_114553.jpg
cam7,2026-01-06 18:45:53,16,7,0,2,25,data/cam7/cam7_20260106_114553.jpg
cam8,2026-01-06 18:45:54,20,6,0,0,26,data/cam8/cam8_20260106_114554.jpg
cam1,2026-01-06 18:50:49,26,24,0,1,51,data/cam1/cam1_20260106_115049.jpg
cam2,2026-01-06 18:50:50,53,5,0,1,59,data/cam2/cam2_20260106_115050.jpg
cam3,2026-01-06 18:50:51,24,7,0,1,32,data/cam3/cam3_20260106_115051.jpg
cam4,2026-01-06 18:50:51,49,2,0,1,52,data/cam4/cam4_20260106_115051.jpg
cam5,2026-01-06 18:50:52,15,16,0,0,31,data/cam5/cam5_20260106_115052.jpg
cam6,2026-01-06 18:50:52,64,0,0,0,64,data/cam6/cam6_20260106_115052.jpg
cam7,2026-01-06 18:50:53,21,10,0,2,33,data/cam7/cam7_20260106_115053.jpg
cam8,2026-01-06 18:50:54,44,5,0,0,49,data/cam8/cam8_20260106_115054.jpg
cam1,2026-01-06 18:55:49,36,19,0,0,55,data/cam1/cam1_20260106_115549.jpg
cam2,2026-01-06 18:55:50,13,0,0,0,13,data/cam2/cam2_20260106_115550.jpg
cam3,2026-01-06 18:55:51,16,2,0,0,18,data/cam3/cam3_20260106_115551.jpg
cam4,2026-01-06 18:55:51,33,12,0,2,47,data/cam4/cam4_20260106_115551.jpg
cam5,2026-01-06 18:55:52,34,22,0,1,57,data/cam5/cam5_20260106_115552.jpg
cam6,2026-01-06 18:55:53,25,8,1,0,34,data/cam6/cam6_20260106_115553.jpg
cam7,2026-01-06 18:55:54,10,21,0,3,34,data/cam7/cam7_20260106_115554.jpg
cam8,2026-01-06 18:55:54,26,15,0,0,41,data/cam8/cam8_20260106_115554.jpg
cam1,2026-01-06 19:00:49,15,19,0,0,34,data/cam1/cam1_20260106_120049.jpg
cam2,2026-01-06 19:00:50,14,2,0,0,16,data/cam2/cam2_20260106_120050.jpg
cam3,2026-01-06 19:00:51,27,5,0,0,32,data/cam3/cam3_20260106_120051.jpg
cam4,2026-01-06 19:00:51,36,3,0,0,39,data/cam4/cam4_20260106_120051.jpg
cam5,2026-01-06 19:00:52,24,19,0,1,44,data/cam5/cam5_20260106_120052.jpg
cam6,2026-01-06 19:00:53,30,3,1,0,34,data/cam6/cam6_20260106_120053.jpg
cam7,2026-01-06 19:00:53,12,10,0,1,23,data/cam7/cam7_20260106_120053.jpg
cam8,2026-01-06 19:00:54,25,12,0,0,37,data/cam8/cam8_20260106_120054.jpg
cam1,2026-01-06 19:05:49,52,23,0,1,76,data/cam1/cam1_20260106_120549.jpg
cam2,2026-01-06 19:05:50,27,4,0,0,31,data/cam2/cam2_20260106_120550.jpg
cam3,2026-01-06 19:05:51,23,4,1,0,28,data/cam3/cam3_20260106_120551.jpg
cam4,2026-01-06 19:05:51,39,4,0,0,43,data/cam4/cam4_20260106_120551.jpg
cam5,2026-01-06 19:05:52,27,20,0,1,48,data/cam5/cam5_20260106_120552.jpg
cam6,2026-01-06 19:05:52,36,8,1,0,45,data/cam6/cam6_20260106_120552.jpg
cam7,2026-01-06 19:05:53,16,3,0,1,20,data/cam7/cam7_20260106_120553.jpg
cam8,2026-01-06 19:05:54,18,19,0,0,37,data/cam8/cam8_20260106_120554.jpg
cam1,2026-01-06 19:10:49,34,29,0,0,63,data/cam1/cam1_20260106_121049.jpg
cam2,2026-01-06 19:10:50,23,10,0,0,33,data/cam2/cam2_20260106_121050.jpg
cam3,2026-01-06 19:10:51,29,10,0,0,39,data/cam3/cam3_20260106_121051.jpg
cam4,2026-01-06 19:10:51,37,6,0,1,44,data/cam4/cam4_20260106_121051.jpg
cam5,2026-01-06 19:10:52,17,12,0,2,31,data/cam5/cam5_20260106_121052.jpg
cam6,2026-01-06 19:10:53,45,4,0,0,49,data/cam6/cam6_20260106_121053.jpg
cam7,2026-01-06 19:10:54,26,1,0,0,27,data/cam7/cam7_20260106_121054.jpg
cam8,2026-01-06 19:10:55,14,13,0,0,27,data/cam8/cam8_20260106_121055.jpg
cam1,2026-01-06 19:15:49,30,24,0,1,55,data/cam1/cam1_20260106_121549.jpg
cam2,2026-01-06 19:15:50,34,6,0,1,41,data/cam2/cam2_20260106_121550.jpg
cam3,2026-01-06 19:15:51,20,0,0,0,20,data/cam3/cam3_20260106_121551.jpg
cam4,2026-01-06 19:15:51,27,6,0,1,34,data/cam4/cam4_20260106_121551.jpg
cam5,2026-01-06 19:15:52,30,12,0,1,43,data/cam5/cam5_20260106_121552.jpg
cam6,2026-01-06 19:15:53,39,3,0,1,43,data/cam6/cam6_20260106_121553.jpg
cam7,2026-01-06 19:15:53,28,5,0,1,34,data/cam7/cam7_20260106_121553.jpg
cam8,2026-01-06 19:15:54,20,14,0,0,34,data/cam8/cam8_20260106_121554.jpg
cam1,2026-01-06 19:20:49,38,16,0,1,55,data/cam1/cam1_20260106_122049.jpg
cam2,2026-01-06 19:20:50,46,2,0,0,48,data/cam2/cam2_20260106_122050.jpg
cam3,2026-01-06 19:20:51,23,5,0,0,28,data/cam3/cam3_20260106_122051.jpg
cam4,2026-01-06 19:20:51,49,6,0,0,55,data/cam4/cam4_20260106_122051.jpg
cam5,2026-01-06 19:20:52,38,22,0,0,60,data/cam5/cam5_20260106_122052.jpg
cam6,2026-01-06 19:20:53,24,8,1,1,34,data/cam6/cam6_20260106_122053.jpg
cam7,2026-01-06 19:20:53,18,2,0,1,21,data/cam7/cam7_20260106_122053.jpg
cam8,2026-01-06 19:20:54,25,10,0,3,38,data/cam8/cam8_20260106_122054.jpg
cam1,2026-01-06 19:25:49,24,22,0,0,46,data/cam1/cam1_20260106_122549.jpg
cam2,2026-01-06 19:25:50,49,7,1,0,57,data/cam2/cam2_20260106_122550.jpg
cam3,2026-01-06 19:25:51,33,4,0,0,37,data/cam3/cam3_20260106_122551.jpg
cam4,2026-01-06 19:25:51,33,11,0,1,45,data/cam4/cam4_20260106_122551.jpg
cam5,2026-01-06 19:25:52,22,13,0,1,36,data/cam5/cam5_20260106_122552.jpg
cam6,2026-01-06 19:25:53,17,3,0,0,20,data/cam6/cam6_20260106_122553.jpg
cam7,2026-01-06 19:25:53,19,3,0,0,22,data/cam7/cam7_20260106_122553.jpg
cam8,2026-01-06 19:25:54,9,16,0,1,26,data/cam8/cam8_20260106_122554.jpg
cam1,2026-01-06 19:30:49,28,17,0,0,45,data/cam1/cam1_20260106_123049.jpg
cam2,2026-01-06 19:30:50,12,8,0,0,20,data/cam2/cam2_20260106_123050.jpg
cam3,2026-01-06 19:30:51,35,5,1,0,41,data/cam3/cam3_20260106_123051.jpg
cam4,2026-01-06 19:30:51,24,9,0,0,33,data/cam4/cam4_20260106_123051.jpg
cam5,2026-01-06 19:30:52,15,16,0,0,31,data/cam5/cam5_20260106_123052.jpg
cam6,2026-01-06 19:30:53,55,4,0,0,59,data/cam6/cam6_20260106_123053.jpg
cam7,2026-01-06 19:30:53,23,4,0,0,27,data/cam7/cam7_20260106_123053.jpg
cam8,2026-01-06 19:30:54,19,12,0,0,31,data/cam8/cam8_20260106_123054.jpg
cam1,2026-01-06 19:35:49,23,14,0,0,37,data/cam1/cam1_20260106_123549.jpg
cam2,2026-01-06 19:35:50,14,2,0,0,16,data/cam2/cam2_20260106_123550.jpg
cam3,2026-01-06 19:35:51,20,4,0,0,24,data/cam3/cam3_20260106_123551.jpg
cam4,2026-01-06 19:35:51,43,4,1,0,48,data/cam4/cam4_20260106_123551.jpg
cam5,2026-01-06 19:35:52,43,11,0,0,54,data/cam5/cam5_20260106_123552.jpg
cam6,2026-01-06 19:35:53,14,6,0,1,21,data/cam6/cam6_20260106_123553.jpg
cam7,2026-01-06 19:35:53,21,6,0,0,27,data/cam7/cam7_20260106_123553.jpg
cam8,2026-01-06 19:35:54,19,10,0,0,29,data/cam8/cam8_20260106_123554.jpg
cam1,2026-01-06 19:40:49,19,22,0,1,42,data/cam1/cam1_20260106_124049.jpg
cam2,2026-01-06 19:40:50,24,2,0,1,27,data/cam2/cam2_20260106_124050.jpg
cam3,2026-01-06 19:40:51,18,2,0,0,20,data/cam3/cam3_20260106_124051.jpg
cam4,2026-01-06 19:40:51,15,3,1,3,22,data/cam4/cam4_20260106_124051.jpg
cam5,2026-01-06 19:40:52,7,21,0,1,29,data/cam5/cam5_20260106_124052.jpg
cam6,2026-01-06 19:40:52,26,5,0,0,31,data/cam6/cam6_20260106_124052.jpg
cam7,2026-01-06 19:40:53,28,2,0,1,31,data/cam7/cam7_20260106_124053.jpg
cam8,2026-01-06 19:40:54,20,13,0,1,34,data/cam8/cam8_20260106_124054.jpg
cam1,2026-01-06 19:45:49,22,11,0,0,33,data/cam1/cam1_20260106_124549.jpg
cam2,2026-01-06 19:45:50,38,5,0,1,44,data/cam2/cam2_20260106_124550.jpg
cam3,2026-01-06 19:45:51,20,7,1,0,28,data/cam3/cam3_20260106_124551.jpg
cam4,2026-01-06 19:45:51,34,8,0,0,42,data/cam4/cam4_20260106_124551.jpg
cam5,2026-01-06 19:45:52,24,16,0,0,40,data/cam5/cam5_20260106_124552.jpg
cam6,2026-01-06 19:45:53,17,2,1,0,20,data/cam6/cam6_20260106_124553.jpg
cam7,2026-01-06 19:45:53,16,10,0,1,27,data/cam7/cam7_20260106_124553.jpg
cam8,2026-01-06 19:45:54,23,18,0,1,42,data/cam8/cam8_20260106_124554.jpg
cam1,2026-01-06 19:50:49,39,21,1,0,61,data/cam1/cam1_20260106_125049.jpg
cam2,2026-01-06 19:50:50,27,7,0,0,34,data/cam2/cam2_20260106_125050.jpg
cam3,2026-01-06 19:50:51,24,3,0,0,27,data/cam3/cam3_20260106_125051.jpg
cam4,2026-01-06 19:50:51,37,8,0,0,45,data/cam4/cam4_20260106_125051.jpg
cam5,2026-01-06 19:50:52,16,17,0,0,33,data/cam5/cam5_20260106_125052.jpg
cam6,2026-01-06 19:50:53,45,3,0,1,49,data/cam6/cam6_20260106_125053.jpg
cam7,2026-01-06 19:50:53,15,2,1,0,18,data/cam7/cam7_20260106_125053.jpg
cam8,2026-01-06 19:50:54,11,5,0,2,18,data/cam8/cam8_20260106_125054.jpg
cam1,2026-01-06 19:55:49,20,11,0,0,31,data/cam1/cam1_20260106_125549.jpg
cam2,2026-01-06 19:55:50,28,4,0,1,33,data/cam2/cam2_20260106_125550.jpg
cam3,2026-01-06 19:55:50,28,2,0,0,30,data/cam3/cam3_20260106_125550.jpg
cam4,2026-01-06 19:55:51,26,3,0,0,29,data/cam4/cam4_20260106_125551.jpg
cam5,2026-01-06 19:55:52,4,20,0,0,24,data/cam5/cam5_20260106_125552.jpg
cam6,2026-01-06 19:55:52,24,2,0,0,26,data/cam6/cam6_20260106_125552.jpg
cam7,2026-01-06 19:55:53,29,3,0,1,33,data/cam7/cam7_20260106_125553.jpg
cam8,2026-01-06 19:55:54,10,5,0,0,15,data/cam8/cam8_20260106_125554.jpg
cam1,2026-01-06 20:00:49,15,20,0,0,35,data/cam1/cam1_20260106_130049.jpg
cam2,2026-01-06 20:00:50,36,7,0,0,43,data/cam2/cam2_20260106_130050.jpg
cam3,2026-01-06 20:00:51,31,1,0,0,32,data/cam3/cam3_20260106_130051.jpg
cam4,2026-01-06 20:00:51,22,4,0,0,26,data/cam4/cam4_20260106_130051.jpg
cam5,2026-01-06 20:00:52,8,10,0,0,18,data/cam5/cam5_20260106_130052.jpg
cam6,2026-01-06 20:00:53,32,3,0,0,35,data/cam6/cam6_20260106_130053.jpg
cam7,2026-01-06 20:00:53,10,6,0,0,16,data/cam7/cam7_20260106_130053.jpg
cam8,2026-01-06 20:00:54,19,9,0,0,28,data/cam8/cam8_20260106_130054.jpg
cam1,2026-01-06 20:05:49,55,10,0,0,65,data/cam1/cam1_20260106_130549.jpg
cam2,2026-01-06 20:05:51,24,8,0,1,33,data/cam2/cam2_20260106_130551.jpg
cam3,2026-01-06 20:05:52,31,3,0,0,34,data/cam3/cam3_20260106_130552.jpg
cam4,2026-01-06 20:05:53,33,8,3,0,44,data/cam4/cam4_20260106_130553.jpg
cam5,2026-01-06 20:05:54,20,25,0,2,47,data/cam5/cam5_20260106_130554.jpg
cam6,2026-01-06 20:05:54,28,4,0,0,32,data/cam6/cam6_20260106_130554.jpg
cam7,2026-01-06 20:05:55,19,1,0,1,21,data/cam7/cam7_20260106_130555.jpg
cam8,2026-01-06 20:05:56,23,11,2,0,36,data/cam8/cam8_20260106_130556.jpg
cam1,2026-01-06 20:10:49,15,12,0,1,28,data/cam1/cam1_20260106_131049.jpg
cam2,2026-01-06 20:10:50,19,0,0,0,19,data/cam2/cam2_20260106_131050.jpg
cam3,2026-01-06 20:10:50,40,2,0,0,42,data/cam3/cam3_20260106_131050.jpg
cam4,2026-01-06 20:10:51,28,2,0,0,30,data/cam4/cam4_20260106_131051.jpg
cam5,2026-01-06 20:10:52,18,20,0,1,39,data/cam5/cam5_20260106_131052.jpg
cam6,2026-01-06 20:10:52,45,1,0,0,46,data/cam6/cam6_20260106_131052.jpg
cam7,2026-01-06 20:10:54,24,3,0,0,27,data/cam7/cam7_20260106_131054.jpg
cam8,2026-01-06 20:10:54,31,13,0,3,47,data/cam8/cam8_20260106_131054.jpg
cam1,2026-01-06 20:15:49,49,19,0,0,68,data/cam1/cam1_20260106_131549.jpg
cam2,2026-01-06 20:15:50,33,3,1,0,37,data/cam2/cam2_20260106_131550.jpg
cam3,2026-01-06 20:15:51,31,4,0,0,35,data/cam3/cam3_20260106_131551.jpg
cam4,2026-01-06 20:15:51,13,3,0,0,16,data/cam4/cam4_20260106_131551.jpg
cam5,2026-01-06 20:15:52,29,13,0,1,43,data/cam5/cam5_20260106_131552.jpg
cam6,2026-01-06 20:15:53,24,5,1,0,30,data/cam6/cam6_20260106_131553.jpg
cam7,2026-01-06 20:15:53,12,4,1,0,17,data/cam7/cam7_20260106_131553.jpg
cam8,2026-01-06 20:15:54,18,10,0,1,29,data/cam8/cam8_20260106_131554.jpg
cam1,2026-01-06 20:20:49,11,9,0,0,20,data/cam1/cam1_20260106_132049.jpg
cam2,2026-01-06 20:20:50,37,3,1,1,42,data/cam2/cam2_20260106_132050.jpg
cam3,2026-01-06 20:20:51,19,6,0,1,26,data/cam3/cam3_20260106_132051.jpg
cam4,2026-01-06 20:20:51,28,7,1,0,36,data/cam4/cam4_20260106_132051.jpg
cam5,2026-01-06 20:20:52,18,14,1,0,33,data/cam5/cam5_20260106_132052.jpg
cam6,2026-01-06 20:20:53,28,4,0,2,34,data/cam6/cam6_20260106_132053.jpg
cam7,2026-01-06 20:20:53,17,0,0,0,17,data/cam7/cam7_20260106_132053.jpg
cam8,2026-01-06 20:20:54,23,13,0,0,36,data/cam8/cam8_20260106_132054.jpg
cam1,2026-01-06 20:25:49,22,21,0,2,45,data/cam1/cam1_20260106_132549.jpg
cam2,2026-01-06 20:25:50,14,2,0,0,16,data/cam2/cam2_20260106_132550.jpg
cam3,2026-01-06 20:25:51,20,9,0,3,32,data/cam3/cam3_20260106_132551.jpg
cam4,2026-01-06 20:25:51,29,2,0,0,31,data/cam4/cam4_20260106_132551.jpg
cam5,2026-01-06 20:25:52,11,18,0,0,29,data/cam5/cam5_20260106_132552.jpg
cam6,2026-01-06 20:25:53,13,3,0,0,16,data/cam6/cam6_20260106_132553.jpg
cam7,2026-01-06 20:25:53,13,3,0,0,16,data/cam7/cam7_20260106_132553.jpg
cam8,2026-01-06 20:25:54,15,6,3,1,25,data/cam8/cam8_20260106_132554.jpg
cam1,2026-01-06 20:30:49,39,15,1,0,55,data/cam1/cam1_20260106_133049.jpg
cam2,2026-01-06 20:30:50,13,2,0,0,15,data/cam2/cam2_20260106_133050.jpg
cam3,2026-01-06 20:30:51,28,3,0,1,32,data/cam3/cam3_20260106_133051.jpg
cam4,2026-01-06 20:30:51,27,5,1,0,33,data/cam4/cam4_20260106_133051.jpg
cam5,2026-01-06 20:30:52,4,17,0,1,22,data/cam5/cam5_20260106_133052.jpg
cam6,2026-01-06 20:30:53,60,4,0,0,64,data/cam6/cam6_20260106_133053.jpg
cam7,2026-01-06 20:30:53,27,2,0,0,29,data/cam7/cam7_20260106_133053.jpg
cam8,2026-01-06 20:30:54,34,7,0,1,42,data/cam8/cam8_20260106_133054.jpg
cam1,2026-01-06 20:35:49,15,12,0,1,28,data/cam1/cam1_20260106_133549.jpg
cam2,2026-01-06 20:35:50,38,8,0,0,46,data/cam2/cam2_20260106_133550.jpg
cam3,2026-01-06 20:35:50,28,4,1,0,33,data/cam3/cam3_20260106_133550.jpg
cam4,2026-01-06 20:35:51,32,6,1,0,39,data/cam4/cam4_20260106_133551.jpg
cam5,2026-01-06 20:35:52,6,30,1,0,37,data/cam5/cam5_20260106_133552.jpg
cam6,2026-01-06 20:35:52,22,5,1,0,28,data/cam6/cam6_20260106_133552.jpg
cam7,2026-01-06 20:35:53,10,0,0,1,11,data/cam7/cam7_20260106_133553.jpg
cam8,2026-01-06 20:35:54,19,13,0,0,32,data/cam8/cam8_20260106_133554.jpg
cam1,2026-01-06 20:40:49,38,13,1,0,52,data/cam1/cam1_20260106_134049.jpg
cam2,2026-01-06 20:40:50,27,10,0,0,37,data/cam2/cam2_20260106_134050.jpg
cam3,2026-01-06 20:40:50,36,2,0,1,39,data/cam3/cam3_20260106_134050.jpg
cam4,2026-01-06 20:40:51,29,3,0,0,32,data/cam4/cam4_20260106_134051.jpg
cam5,2026-01-06 20:40:52,2,17,0,0,19,data/cam5/cam5_20260106_134052.jpg
cam6,2026-01-06 20:40:52,28,6,1,0,35,data/cam6/cam6_20260106_134052.jpg
cam7,2026-01-06 20:40:53,11,2,0,0,13,data/cam7/cam7_20260106_134053.jpg
cam8,2026-01-06 20:40:54,8,8,0,0,16,data/cam8/cam8_20260106_134054.jpg
cam1,2026-01-06 20:45:49,29,15,0,0,44,data/cam1/cam1_20260106_134549.jpg
cam2,2026-01-06 20:45:50,7,6,0,0,13,data/cam2/cam2_20260106_134550.jpg
cam3,2026-01-06 20:45:50,26,0,0,2,28,data/cam3/cam3_20260106_134550.jpg
cam4,2026-01-06 20:45:51,45,4,1,2,52,data/cam4/cam4_20260106_134551.jpg
cam5,2026-01-06 20:45:52,7,13,0,0,20,data/cam5/cam5_20260106_134552.jpg
cam6,2026-01-06 20:45:52,11,0,0,0,11,data/cam6/cam6_20260106_134552.jpg
cam7,2026-01-06 20:45:53,17,3,0,0,20,data/cam7/cam7_20260106_134553.jpg
cam8,2026-01-06 20:45:54,18,9,0,1,28,data/cam8/cam8_20260106_134554.jpg
cam1,2026-01-06 20:53:47,30,11,0,1,42,data/cam1/cam1_20260106_135347.jpg
cam2,2026-01-06 20:53:47,14,4,0,0,18,data/cam2/cam2_20260106_135347.jpg
cam3,2026-01-06 20:53:48,18,3,0,0,21,data/cam3/cam3_20260106_135348.jpg
cam4,2026-01-06 20:53:48,25,1,2,0,28,data/cam4/cam4_20260106_135348.jpg
cam5,2026-01-06 20:53:49,29,8,0,0,37,data/cam5/cam5_20260106_135349.jpg
cam6,2026-01-06 20:53:50,19,4,0,0,23,data/cam6/cam6_20260106_135350.jpg
cam7,2026-01-06 20:53:50,9,5,0,1,15,data/cam7/cam7_20260106_135350.jpg
cam8,2026-01-06 20:53:51,21,6,0,0,27,data/cam8/cam8_20260106_135351.jpg
cam1,2026-01-06 20:58:47,19,11,0,0,30,data/cam1/cam1_20260106_135847.jpg
cam2,2026-01-06 20:58:48,9,0,0,0,9,data/cam2/cam2_20260106_135848.jpg
cam3,2026-01-06 20:58:48,23,4,0,0,27,data/cam3/cam3_20260106_135848.jpg
cam4,2026-01-06 20:58:49,42,9,1,0,52,data/cam4/cam4_20260106_135849.jpg
cam5,2026-01-06 20:58:50,9,15,0,0,24,data/cam5/cam5_20260106_135850.jpg
cam6,2026-01-06 20:58:50,31,1,0,0,32,data/cam6/cam6_20260106_135850.jpg
cam7,2026-01-06 20:58:51,35,4,0,0,39,data/cam7/cam7_20260106_135851.jpg
cam8,2026-01-06 20:58:52,17,3,1,1,22,data/cam8/cam8_20260106_135852.jpg
cam1,2026-01-06 21:03:47,23,14,0,1,38,data/cam1/cam1_20260106_140347.jpg
cam2,2026-01-06 21:03:48,26,4,0,0,30,data/cam2/cam2_20260106_140348.jpg
cam3,2026-01-06 21:03:49,25,3,1,0,29,data/cam3/cam3_20260106_140349.jpg
cam4,2026-01-06 21:03:49,39,10,0,0,49,data/cam4/cam4_20260106_140349.jpg
cam5,2026-01-06 21:03:50,7,6,0,2,15,data/cam5/cam5_20260106_140350.jpg
cam6,2026-01-06 21:03:51,15,5,0,0,20,data/cam6/cam6_20260106_140351.jpg
cam7,2026-01-06 21:03:51,15,5,0,0,20,data/cam7/cam7_20260106_140351.jpg
cam8,2026-01-06 21:03:52,20,9,1,0,30,data/cam8/cam8_20260106_140352.jpg
cam1,2026-01-06 21:08:47,8,8,0,1,17,data/cam1/cam1_20260106_140847.jpg
cam2,2026-01-06 21:08:48,28,11,0,0,39,data/cam2/cam2_20260106_140848.jpg
cam3,2026-01-06 21:08:49,19,5,0,1,25,data/cam3/cam3_20260106_140849.jpg
cam4,2026-01-06 21:08:49,27,4,0,0,31,data/cam4/cam4_20260106_140849.jpg
cam5,2026-01-06 21:08:50,7,11,0,0,18,data/cam5/cam5_20260106_140850.jpg
cam6,2026-01-06 21:08:51,29,6,1,1,37,data/cam6/cam6_20260106_140851.jpg
cam7,2026-01-06 21:08:51,5,1,1,0,7,data/cam7/cam7_20260106_140851.jpg
cam8,2026-01-06 21:08:52,19,6,0,0,25,data/cam8/cam8_20260106_140852.jpg
cam1,2026-01-06 21:13:47,28,12,0,0,40,data/cam1/cam1_20260106_141347.jpg
cam2,2026-01-06 21:13:48,11,1,0,0,12,data/cam2/cam2_20260106_141348.jpg
cam3,2026-01-06 21:13:48,36,8,0,0,44,data/cam3/cam3_20260106_141348.jpg
cam4,2026-01-06 21:13:49,31,2,0,0,33,data/cam4/cam4_20260106_141349.jpg
cam5,2026-01-06 21:13:50,7,6,0,0,13,data/cam5/cam5_20260106_141350.jpg
cam6,2026-01-06 21:13:50,16,2,0,0,18,data/cam6/cam6_20260106_141350.jpg
cam7,2026-01-06 21:13:51,17,2,0,0,19,data/cam7/cam7_20260106_141351.jpg
cam8,2026-01-06 21:13:52,30,15,0,0,45,data/cam8/cam8_20260106_141352.jpg
cam1,2026-01-06 21:18:47,24,20,0,2,46,data/cam1/cam1_20260106_141847.jpg
cam2,2026-01-06 21:18:48,12,1,0,0,13,data/cam2/cam2_20260106_141848.jpg
cam3,2026-01-06 21:18:48,17,3,0,1,21,data/cam3/cam3_20260106_141848.jpg
cam4,2026-01-06 21:18:49,20,1,0,0,21,data/cam4/cam4_20260106_141849.jpg
cam5,2026-01-06 21:18:50,8,18,0,1,27,data/cam5/cam5_20260106_141850.jpg
cam6,2026-01-06 21:18:50,51,0,0,0,51,data/cam6/cam6_20260106_141850.jpg
cam7,2026-01-06 21:18:51,21,1,0,0,22,data/cam7/cam7_20260106_141851.jpg
cam8,2026-01-06 21:18:52,12,9,0,0,21,data/cam8/cam8_20260106_141852.jpg
cam1,2026-01-06 21:23:47,25,6,1,1,33,data/cam1/cam1_20260106_142347.jpg
cam2,2026-01-06 21:23:49,33,4,0,1,38,data/cam2/cam2_20260106_142349.jpg
cam3,2026-01-06 21:23:50,21,1,0,1,23,data/cam3/cam3_20260106_142350.jpg
cam4,2026-01-06 21:23:51,33,7,1,1,42,data/cam4/cam4_20260106_142351.jpg
cam5,2026-01-06 21:23:52,7,11,0,0,18,data/cam5/cam5_20260106_142352.jpg
cam6,2026-01-06 21:23:53,29,5,0,0,34,data/cam6/cam6_20260106_142353.jpg
cam7,2026-01-06 21:23:54,7,1,0,0,8,data/cam7/cam7_20260106_142354.jpg
cam8,2026-01-06 21:23:55,11,5,0,0,16,data/cam8/cam8_20260106_142355.jpg
cam1,2026-01-06 21:28:47,36,7,0,0,43,data/cam1/cam1_20260106_142847.jpg
cam2,2026-01-06 21:28:48,14,5,0,0,19,data/cam2/cam2_20260106_142848.jpg
cam3,2026-01-06 21:28:48,20,4,0,1,25,data/cam3/cam3_20260106_142848.jpg
cam4,2026-01-06 21:28:49,26,3,0,0,29,data/cam4/cam4_20260106_142849.jpg
cam5,2026-01-06 21:28:50,9,6,0,0,15,data/cam5/cam5_20260106_142850.jpg
cam6,2026-01-06 21:28:50,30,2,0,0,32,data/cam6/cam6_20260106_142850.jpg
cam7,2026-01-06 21:28:51,12,2,0,0,14,data/cam7/cam7_20260106_142851.jpg
cam8,2026-01-06 21:28:52,13,5,0,0,18,data/cam8/cam8_20260106_142852.jpg
cam1,2026-01-06 21:33:47,20,10,0,1,31,data/cam1/cam1_20260106_143347.jpg
cam2,2026-01-06 21:33:48,17,2,0,0,19,data/cam2/cam2_20260106_143348.jpg
cam3,2026-01-06 21:33:48,21,2,2,0,25,data/cam3/cam3_20260106_143348.jpg
cam4,2026-01-06 21:33:49,34,2,0,0,36,data/cam4/cam4_20260106_143349.jpg
cam5,2026-01-06 21:33:50,8,8,0,0,16,data/cam5/cam5_20260106_143350.jpg
cam6,2026-01-06 21:33:51,16,5,0,0,21,data/cam6/cam6_20260106_143351.jpg
cam7,2026-01-06 21:33:51,14,4,0,0,18,data/cam7/cam7_20260106_143351.jpg
cam8,2026-01-06 21:33:52,13,8,1,0,22,data/cam8/cam8_20260106_143352.jpg
cam1,2026-01-06 21:38:47,19,14,1,2,36,data/cam1/cam1_20260106_143847.jpg
cam2,2026-01-06 21:38:48,27,2,0,0,29,data/cam2/cam2_20260106_143848.jpg
cam3,2026-01-06 21:38:49,18,1,0,1,20,data/cam3/cam3_20260106_143849.jpg
cam4,2026-01-06 21:38:49,35,5,0,0,40,data/cam4/cam4_20260106_143849.jpg
cam5,2026-01-06 21:38:50,9,8,0,0,17,data/cam5/cam5_20260106_143850.jpg
cam6,2026-01-06 21:38:51,49,3,0,0,52,data/cam6/cam6_20260106_143851.jpg
cam7,2026-01-06 21:38:51,14,0,0,0,14,data/cam7/cam7_20260106_143851.jpg
cam8,2026-01-06 21:38:52,33,6,1,0,40,data/cam8/cam8_20260106_143852.jpg
cam1,2026-01-06 21:43:47,19,12,0,0,31,data/cam1/cam1_20260106_144347.jpg
cam2,2026-01-06 21:43:48,21,2,1,0,24,data/cam2/cam2_20260106_144348.jpg
cam3,2026-01-06 21:43:48,16,3,2,0,21,data/cam3/cam3_20260106_144348.jpg
cam4,2026-01-06 21:43:49,24,2,0,0,26,data/cam4/cam4_20260106_144349.jpg
cam5,2026-01-06 21:43:50,18,15,0,0,33,data/cam5/cam5_20260106_144350.jpg
cam6,2026-01-06 21:43:51,13,3,0,0,16,data/cam6/cam6_20260106_144351.jpg
cam7,2026-01-06 21:43:52,10,1,0,0,11,data/cam7/cam7_20260106_144352.jpg
cam8,2026-01-06 21:43:52,22,9,0,0,31,data/cam8/cam8_20260106_144352.jpg
cam1,2026-01-06 21:48:47,18,15,0,1,34,data/cam1/cam1_20260106_144847.jpg
cam2,2026-01-06 21:48:48,9,0,0,0,9,data/cam2/cam2_20260106_144848.jpg
cam3,2026-01-06 21:48:48,23,5,0,0,28,data/cam3/cam3_20260106_144848.jpg
cam4,2026-01-06 21:48:49,9,3,1,1,14,data/cam4/cam4_20260106_144849.jpg
cam5,2026-01-06 21:48:50,20,13,0,0,33,data/cam5/cam5_20260106_144850.jpg
cam6,2026-01-06 21:48:50,25,4,0,0,29,data/cam6/cam6_20260106_144850.jpg
cam7,2026-01-06 21:48:51,7,1,0,0,8,data/cam7/cam7_20260106_144851.jpg
cam8,2026-01-06 21:48:51,10,5,0,0,15,data/cam8/cam8_20260106_144851.jpg
cam1,2026-01-06 21:53:47,33,8,1,0,42,data/cam1/cam1_20260106_145347.jpg
cam2,2026-01-06 21:53:48,25,2,0,0,27,data/cam2/cam2_20260106_145348.jpg
cam3,2026-01-06 21:53:48,25,3,0,1,29,data/cam3/cam3_20260106_145348.jpg
cam4,2026-01-06 21:53:49,17,2,0,0,19,data/cam4/cam4_20260106_145349.jpg
cam5,2026-01-06 21:53:51,10,9,0,0,19,data/cam5/cam5_20260106_145351.jpg
cam6,2026-01-06 21:53:51,18,2,0,0,20,data/cam6/cam6_20260106_145351.jpg
cam7,2026-01-06 21:53:52,9,3,0,0,12,data/cam7/cam7_20260106_145352.jpg
cam8,2026-01-06 21:53:53,23,6,0,0,29,data/cam8/cam8_20260106_145353.jpg
cam1,2026-01-06 21:58:47,13,7,0,1,21,data/cam1/cam1_20260106_145847.jpg
cam2,2026-01-06 21:58:48,21,2,0,0,23,data/cam2/cam2_20260106_145848.jpg
cam3,2026-01-06 21:58:49,18,1,0,0,19,data/cam3/cam3_20260106_145849.jpg
cam4,2026-01-06 21:58:49,14,0,0,1,15,data/cam4/cam4_20260106_145849.jpg
cam5,2026-01-06 21:58:50,10,11,0,0,21,data/cam5/cam5_20260106_145850.jpg
cam6,2026-01-06 21:58:51,34,4,1,1,40,data/cam6/cam6_20260106_145851.jpg
cam7,2026-01-06 21:58:52,5,1,0,0,6,data/cam7/cam7_20260106_145852.jpg
cam8,2026-01-06 21:58:52,15,4,0,0,19,data/cam8/cam8_20260106_145852.jpg
cam1,2026-01-06 22:03:47,30,11,0,0,41,data/cam1/cam1_20260106_150347.jpg
cam2,2026-01-06 22:03:48,9,2,0,1,12,data/cam2/cam2_20260106_150348.jpg
cam3,2026-01-06 22:03:48,23,1,0,0,24,data/cam3/cam3_20260106_150348.jpg
cam4,2026-01-06 22:03:49,30,7,1,0,38,data/cam4/cam4_20260106_150349.jpg
cam5,2026-01-06 22:03:51,11,4,0,0,15,data/cam5/cam5_20260106_150351.jpg
cam6,2026-01-06 22:03:52,14,2,3,0,19,data/cam6/cam6_20260106_150352.jpg
cam7,2026-01-06 22:03:53,11,2,0,0,13,data/cam7/cam7_20260106_150353.jpg
cam8,2026-01-06 22:03:53,20,8,0,1,29,data/cam8/cam8_20260106_150353.jpg
cam1,2026-01-06 22:08:47,18,16,0,0,34,data/cam1/cam1_20260106_150847.jpg
cam2,2026-01-06 22:08:48,11,0,0,0,11,data/cam2/cam2_20260106_150848.jpg
cam3,2026-01-06 22:08:48,24,1,0,0,25,data/cam3/cam3_20260106_150848.jpg
cam4,2026-01-06 22:08:49,16,2,1,0,19,data/cam4/cam4_20260106_150849.jpg
cam5,2026-01-06 22:08:50,22,9,0,1,32,data/cam5/cam5_20260106_150850.jpg
cam6,2026-01-06 22:08:50,25,3,2,1,31,data/cam6/cam6_20260106_150850.jpg
cam7,2026-01-06 22:08:51,14,3,0,0,17,data/cam7/cam7_20260106_150851.jpg
cam8,2026-01-06 22:08:52,14,9,1,0,24,data/cam8/cam8_20260106_150852.jpg
cam1,2026-01-06 22:13:47,9,10,0,0,19,data/cam1/cam1_20260106_151347.jpg
cam2,2026-01-06 22:13:48,24,4,0,0,28,data/cam2/cam2_20260106_151348.jpg
cam3,2026-01-06 22:13:48,12,1,0,0,13,data/cam3/cam3_20260106_151348.jpg
cam4,2026-01-06 22:13:49,17,7,1,1,26,data/cam4/cam4_20260106_151349.jpg
cam5,2026-01-06 22:13:50,12,13,0,0,25,data/cam5/cam5_20260106_151350.jpg
cam6,2026-01-06 22:13:50,14,2,0,0,16,data/cam6/cam6_20260106_151350.jpg
cam7,2026-01-06 22:13:51,9,2,2,0,13,data/cam7/cam7_20260106_151351.jpg
cam8,2026-01-06 22:13:52,28,14,0,0,42,data/cam8/cam8_20260106_151352.jpg
cam1,2026-01-06 22:18:47,13,7,0,0,20,data/cam1/cam1_20260106_151847.jpg
cam2,2026-01-06 22:18:48,16,0,0,0,16,data/cam2/cam2_20260106_151848.jpg
cam3,2026-01-06 22:18:48,22,3,0,0,25,data/cam3/cam3_20260106_151848.jpg
cam4,2026-01-06 22:18:49,11,2,0,0,13,data/cam4/cam4_20260106_151849.jpg
cam5,2026-01-06 22:18:50,22,8,0,0,30,data/cam5/cam5_20260106_151850.jpg
cam6,2026-01-06 22:18:50,27,7,1,2,37,data/cam6/cam6_20260106_151850.jpg
cam7,2026-01-06 22:18:51,14,2,0,0,16,data/cam7/cam7_20260106_151851.jpg
cam8,2026-01-06 22:18:52,29,8,1,0,38,data/cam8/cam8_20260106_151852.jpg
cam1,2026-01-06 22:23:47,11,6,0,1,18,data/cam1/cam1_20260106_152347.jpg
cam2,2026-01-06 22:23:48,7,1,0,0,8,data/cam2/cam2_20260106_152348.jpg
cam3,2026-01-06 22:23:48,18,4,0,0,22,data/cam3/cam3_20260106_152348.jpg
cam4,2026-01-06 22:23:49,16,1,0,0,17,data/cam4/cam4_20260106_152349.jpg
cam5,2026-01-06 22:23:50,36,8,0,0,44,data/cam5/cam5_20260106_152350.jpg
cam6,2026-01-06 22:23:50,15,3,0,1,19,data/cam6/cam6_20260106_152350.jpg
cam7,2026-01-06 22:23:51,11,3,0,0,14,data/cam7/cam7_20260106_152351.jpg
cam8,2026-01-06 22:23:52,25,5,0,0,30,data/cam8/cam8_20260106_152352.jpg
cam1,2026-01-06 22:28:47,21,11,2,0,34,data/cam1/cam1_20260106_152847.jpg
cam2,2026-01-06 22:28:48,10,0,1,0,11,data/cam2/cam2_20260106_152848.jpg
cam3,2026-01-06 22:28:48,12,9,0,1,22,data/cam3/cam3_20260106_152848.jpg
cam4,2026-01-06 22:28:49,10,5,0,0,15,data/cam4/cam4_20260106_152849.jpg
cam5,2026-01-06 22:28:50,26,11,0,0,37,data/cam5/cam5_20260106_152850.jpg
cam6,2026-01-06 22:28:50,18,7,0,0,25,data/cam6/cam6_20260106_152850.jpg
cam7,2026-01-06 22:28:51,9,2,0,1,12,data/cam7/cam7_20260106_152851.jpg
cam8,2026-01-06 22:28:51,27,5,1,0,33,data/cam8/cam8_20260106_152851.jpg
cam1,2026-01-06 22:33:47,10,5,0,1,16,data/cam1/cam1_20260106_153347.jpg
cam2,2026-01-06 22:33:48,12,4,0,0,16,data/cam2/cam2_20260106_153348.jpg
cam3,2026-01-06 22:33:48,13,1,0,0,14,data/cam3/cam3_20260106_153348.jpg
cam4,2026-01-06 22:33:49,19,7,1,1,28,data/cam4/cam4_20260106_153349.jpg
cam5,2026-01-06 22:33:50,21,13,0,0,34,data/cam5/cam5_20260106_153350.jpg
cam6,2026-01-06 22:33:50,12,6,0,0,18,data/cam6/cam6_20260106_153350.jpg
cam7,2026-01-06 22:33:51,7,0,0,0,7,data/cam7/cam7_20260106_153351.jpg
cam8,2026-01-06 22:33:52,22,4,0,2,28,data/cam8/cam8_20260106_153352.jpg
cam1,2026-01-06 22:38:47,29,4,1,1,35,data/cam1/cam1_20260106_153847.jpg
cam2,2026-01-06 22:38:48,7,1,0,0,8,data/cam2/cam2_20260106_153848.jpg
cam3,2026-01-06 22:38:48,12,0,1,1,14,data/cam3/cam3_20260106_153848.jpg
cam4,2026-01-06 22:38:49,5,7,2,0,14,data/cam4/cam4_20260106_153849.jpg
cam5,2026-01-06 22:38:50,2,15,0,1,18,data/cam5/cam5_20260106_153850.jpg
cam6,2026-01-06 22:38:50,32,1,1,0,34,data/cam6/cam6_20260106_153850.jpg
cam7,2026-01-06 22:38:51,16,2,0,1,19,data/cam7/cam7_20260106_153851.jpg
cam8,2026-01-06 22:38:52,15,9,0,0,24,data/cam8/cam8_20260106_153852.jpg
cam1,2026-01-06 22:43:47,13,8,0,0,21,data/cam1/cam1_20260106_154347.jpg
cam2,2026-01-06 22:43:48,6,0,0,0,6,data/cam2/cam2_20260106_154348.jpg
cam3,2026-01-06 22:43:48,14,3,0,0,17,data/cam3/cam3_20260106_154348.jpg
cam4,2026-01-06 22:43:49,21,8,0,1,30,data/cam4/cam4_20260106_154349.jpg
cam5,2026-01-06 22:43:50,12,8,0,1,21,data/cam5/cam5_20260106_154350.jpg
cam6,2026-01-06 22:43:50,8,1,2,0,11,data/cam6/cam6_20260106_154350.jpg
cam7,2026-01-06 22:43:51,4,2,0,0,6,data/cam7/cam7_20260106_154351.jpg
cam8,2026-01-06 22:43:52,10,5,0,0,15,data/cam8/cam8_20260106_154352.jpg
cam1,2026-01-06 22:48:47,17,6,0,0,23,data/cam1/cam1_20260106_154847.jpg
cam2,2026-01-06 22:48:48,16,2,0,0,18,data/cam2/cam2_20260106_154848.jpg
cam3,2026-01-06 22:48:48,16,2,0,0,18,data/cam3/cam3_20260106_154848.jpg
cam4,2026-01-06 22:48:49,7,3,1,1,12,data/cam4/cam4_20260106_154849.jpg
cam5,2026-01-06 22:48:50,3,7,0,0,10,data/cam5/cam5_20260106_154850.jpg
cam6,2026-01-06 22:48:50,22,2,0,0,24,data/cam6/cam6_20260106_154850.jpg
cam7,2026-01-06 22:48:51,2,0,0,1,3,data/cam7/cam7_20260106_154851.jpg
cam8,2026-01-06 22:48:52,10,2,0,0,12,data/cam8/cam8_20260106_154852.jpg
cam1,2026-01-06 22:53:47,12,9,0,0,21,data/cam1/cam1_20260106_155347.jpg
cam2,2026-01-06 22:53:48,5,1,1,0,7,data/cam2/cam2_20260106_155348.jpg
cam3,2026-01-06 22:53:48,6,3,0,0,9,data/cam3/cam3_20260106_155348.jpg
cam4,2026-01-06 22:53:49,16,3,1,1,21,data/cam4/cam4_20260106_155349.jpg
cam5,2026-01-06 22:53:50,1,5,0,0,6,data/cam5/cam5_20260106_155350.jpg
cam6,2026-01-06 22:53:50,19,1,0,0,20,data/cam6/cam6_20260106_155350.jpg
cam7,2026-01-06 22:53:51,9,2,0,2,13,data/cam7/cam7_20260106_155351.jpg
cam8,2026-01-06 22:53:52,13,11,0,1,25,data/cam8/cam8_20260106_155352.jpg
cam1,2026-01-06 22:58:47,15,9,0,0,24,data/cam1/cam1_20260106_155847.jpg
cam2,2026-01-06 22:58:48,7,0,0,0,7,data/cam2/cam2_20260106_155848.jpg
cam3,2026-01-06 22:58:48,5,1,1,0,7,data/cam3/cam3_20260106_155848.jpg
cam4,2026-01-06 22:58:49,15,3,0,0,18,data/cam4/cam4_20260106_155849.jpg
cam5,2026-01-06 22:58:50,9,6,0,0,15,data/cam5/cam5_20260106_155850.jpg
cam6,2026-01-06 22:58:50,35,0,0,0,35,data/cam6/cam6_20260106_155850.jpg
cam7,2026-01-06 22:58:51,5,1,0,0,6,data/cam7/cam7_20260106_155851.jpg
cam8,2026-01-06 22:58:52,12,5,2,0,19,data/cam8/cam8_20260106_155852.jpg
cam1,2026-01-06 23:03:47,14,15,0,2,31,data/cam1/cam1_20260106_160347.jpg
cam2,2026-01-06 23:03:48,15,3,0,0,18,data/cam2/cam2_20260106_160348.jpg
cam3,2026-01-06 23:03:48,8,0,0,0,8,data/cam3/cam3_20260106_160348.jpg
cam4,2026-01-06 23:03:49,12,1,0,0,13,data/cam4/cam4_20260106_160349.jpg
cam5,2026-01-06 23:03:50,3,10,0,2,15,data/cam5/cam5_20260106_160350.jpg
cam6,2026-01-06 23:03:50,13,2,0,0,15,data/cam6/cam6_20260106_160350.jpg
cam7,2026-01-06 23:03:51,5,0,0,0,5,data/cam7/cam7_20260106_160351.jpg
cam8,2026-01-06 23:03:52,15,6,1,0,22,data/cam8/cam8_20260106_160352.jpg
cam1,2026-01-06 23:08:47,15,6,0,0,21,data/cam1/cam1_20260106_160847.jpg
cam2,2026-01-06 23:08:48,19,6,0,0,25,data/cam2/cam2_20260106_160848.jpg
cam3,2026-01-06 23:08:48,15,2,0,0,17,data/cam3/cam3_20260106_160848.jpg
cam4,2026-01-06 23:08:49,21,4,1,1,27,data/cam4/cam4_20260106_160849.jpg
cam5,2026-01-06 23:08:50,7,13,0,0,20,data/cam5/cam5_20260106_160850.jpg
cam6,2026-01-06 23:08:50,20,4,2,0,26,data/cam6/cam6_20260106_160850.jpg
cam7,2026-01-06 23:08:51,2,0,0,0,2,data/cam7/cam7_20260106_160851.jpg
cam8,2026-01-06 23:08:52,22,7,0,0,29,data/cam8/cam8_20260106_160852.jpg
cam1,2026-01-06 23:13:47,17,7,0,0,24,data/cam1/cam1_20260106_161347.jpg
cam2,2026-01-06 23:13:48,11,1,0,0,12,data/cam2/cam2_20260106_161348.jpg
cam3,2026-01-06 23:13:48,5,9,0,1,15,data/cam3/cam3_20260106_161348.jpg
cam4,2026-01-06 23:13:49,13,2,0,0,15,data/cam4/cam4_20260106_161349.jpg
cam5,2026-01-06 23:13:50,10,8,0,0,18,data/cam5/cam5_20260106_161350.jpg
cam6,2026-01-06 23:13:50,16,2,1,0,19,data/cam6/cam6_20260106_161350.jpg
cam7,2026-01-06 23:13:51,9,3,0,0,12,data/cam7/cam7_20260106_161351.jpg
cam8,2026-01-06 23:13:52,21,8,0,0,29,data/cam8/cam8_20260106_161352.jpg
cam1,2026-01-06 23:18:47,16,8,0,0,24,data/cam1/cam1_20260106_161847.jpg
cam2,2026-01-06 23:18:48,5,1,1,0,7,data/cam2/cam2_20260106_161848.jpg
cam3,2026-01-06 23:18:48,7,0,1,0,8,data/cam3/cam3_20260106_161848.jpg
cam4,2026-01-06 23:18:49,9,4,0,1,14,data/cam4/cam4_20260106_161849.jpg
cam5,2026-01-06 23:18:50,8,4,0,0,12,data/cam5/cam5_20260106_161850.jpg
cam6,2026-01-06 23:18:50,35,0,0,0,35,data/cam6/cam6_20260106_161850.jpg
cam7,2026-01-06 23:18:51,7,4,0,0,11,data/cam7/cam7_20260106_161851.jpg
cam8,2026-01-06 23:18:52,11,9,0,0,20,data/cam8/cam8_20260106_161852.jpg
cam1,2026-01-06 23:23:47,12,8,0,0,20,data/cam1/cam1_20260106_162347.jpg
cam2,2026-01-06 23:23:48,10,4,0,0,14,data/cam2/cam2_20260106_162348.jpg
cam3,2026-01-06 23:23:48,5,1,0,1,7,data/cam3/cam3_20260106_162348.jpg
cam4,2026-01-06 23:23:49,25,4,1,0,30,data/cam4/cam4_20260106_162349.jpg
cam5,2026-01-06 23:23:50,14,6,0,0,20,data/cam5/cam5_20260106_162350.jpg
cam6,2026-01-06 23:23:50,14,6,2,1,23,data/cam6/cam6_20260106_162350.jpg
cam7,2026-01-06 23:23:51,5,2,0,0,7,data/cam7/cam7_20260106_162351.jpg
cam8,2026-01-06 23:23:52,23,6,0,0,29,data/cam8/cam8_20260106_162352.jpg
cam1,2026-01-07 06:17:31,36,20,0,2,58,data/cam1/cam1_20260106_231731.jpg
cam2,2026-01-07 06:17:33,19,8,0,0,27,data/cam2/cam2_20260106_231733.jpg
cam3,2026-01-07 06:17:34,15,3,1,0,19,data/cam3/cam3_20260106_231734.jpg
cam4,2026-01-07 06:17:36,40,4,1,0,45,data/cam4/cam4_20260106_231736.jpg
cam5,2026-01-07 06:17:37,44,31,0,2,77,data/cam5/cam5_20260106_231737.jpg
cam6,2026-01-07 06:17:38,62,7,0,0,69,data/cam6/cam6_20260106_231738.jpg
cam7,2026-01-07 06:17:40,23,7,0,0,30,data/cam7/cam7_20260106_231740.jpg
cam8,2026-01-07 06:17:41,28,8,1,4,41,data/cam8/cam8_20260106_231741.jpg
cam1,2026-01-07 06:22:31,25,13,0,1,39,data/cam1/cam1_20260106_232231.jpg
cam2,2026-01-07 06:22:32,36,4,0,0,40,data/cam2/cam2_20260106_232232.jpg
cam3,2026-01-07 06:22:32,5,1,0,2,8,data/cam3/cam3_20260106_232232.jpg
cam4,2026-01-07 06:22:33,31,4,0,0,35,data/cam4/cam4_20260106_232233.jpg
cam5,2026-01-07 06:22:34,31,23,0,2,56,data/cam5/cam5_20260106_232234.jpg
cam6,2026-01-07 06:22:34,23,6,0,2,31,data/cam6/cam6_20260106_232234.jpg
cam7,2026-01-07 06:22:35,30,0,0,0,30,data/cam7/cam7_20260106_232235.jpg
cam8,2026-01-07 06:22:36,19,7,0,0,26,data/cam8/cam8_20260106_232236.jpg
cam1,2026-01-07 06:27:31,29,17,0,0,46,data/cam1/cam1_20260106_232731.jpg
cam2,2026-01-07 06:27:32,15,4,0,0,19,data/cam2/cam2_20260106_232732.jpg
cam3,2026-01-07 06:27:32,10,2,0,0,12,data/cam3/cam3_20260106_232732.jpg
cam4,2026-01-07 06:27:33,43,7,1,0,51,data/cam4/cam4_20260106_232733.jpg
cam5,2026-01-07 06:27:34,35,25,0,5,65,data/cam5/cam5_20260106_232734.jpg
cam6,2026-01-07 06:27:35,42,6,0,2,50,data/cam6/cam6_20260106_232735.jpg
cam7,2026-01-07 06:27:35,12,4,0,1,17,data/cam7/cam7_20260106_232735.jpg
cam8,2026-01-07 06:27:36,17,9,0,0,26,data/cam8/cam8_20260106_232736.jpg
cam1,2026-01-07 06:32:31,70,14,0,2,86,data/cam1/cam1_20260106_233231.jpg
cam2,2026-01-07 06:32:32,42,4,2,0,48,data/cam2/cam2_20260106_233232.jpg
cam3,2026-01-07 06:32:33,16,7,0,0,23,data/cam3/cam3_20260106_233233.jpg
cam4,2026-01-07 06:32:33,52,6,0,1,59,data/cam4/cam4_20260106_233233.jpg
cam5,2026-01-07 06:32:34,44,23,0,2,69,data/cam5/cam5_20260106_233234.jpg
cam6,2026-01-07 06:32:35,54,2,0,3,59,data/cam6/cam6_20260106_233235.jpg
cam7,2026-01-07 06:32:35,42,1,0,0,43,data/cam7/cam7_20260106_233235.jpg
cam8,2026-01-07 06:32:36,35,13,0,1,49,data/cam8/cam8_20260106_233236.jpg
cam1,2026-01-07 06:37:31,45,24,0,2,71,data/cam1/cam1_20260106_233731.jpg
cam2,2026-01-07 06:37:32,27,2,0,0,29,data/cam2/cam2_20260106_233732.jpg
cam3,2026-01-07 06:37:33,22,3,0,0,25,data/cam3/cam3_20260106_233733.jpg
cam4,2026-01-07 06:37:33,45,8,1,1,55,data/cam4/cam4_20260106_233733.jpg
cam5,2026-01-07 06:37:34,68,16,0,5,89,data/cam5/cam5_20260106_233734.jpg
cam6,2026-01-07 06:37:35,68,9,1,1,79,data/cam6/cam6_20260106_233735.jpg
cam7,2026-01-07 06:37:35,30,0,0,1,31,data/cam7/cam7_20260106_233735.jpg
cam8,2026-01-07 06:37:36,46,15,0,3,64,data/cam8/cam8_20260106_233736.jpg
cam1,2026-01-07 06:42:31,38,14,0,0,52,data/cam1/cam1_20260106_234231.jpg
cam2,2026-01-07 06:42:32,27,5,0,1,33,data/cam2/cam2_20260106_234232.jpg
cam3,2026-01-07 06:42:32,22,2,0,0,24,data/cam3/cam3_20260106_234232.jpg
cam4,2026-01-07 06:42:33,70,7,1,0,78,data/cam4/cam4_20260106_234233.jpg
cam5,2026-01-07 06:42:34,78,17,0,2,97,data/cam5/cam5_20260106_234234.jpg
cam6,2026-01-07 06:42:35,46,13,0,0,59,data/cam6/cam6_20260106_234235.jpg
cam7,2026-01-07 06:42:35,26,1,0,0,27,data/cam7/cam7_20260106_234235.jpg
cam8,2026-01-07 06:42:36,38,8,1,2,49,data/cam8/cam8_20260106_234236.jpg
cam1,2026-01-07 06:47:31,33,10,1,1,45,data/cam1/cam1_20260106_234731.jpg
cam2,2026-01-07 06:47:32,25,6,0,1,32,data/cam2/cam2_20260106_234732.jpg
cam3,2026-01-07 06:47:33,17,9,0,0,26,data/cam3/cam3_20260106_234733.jpg
cam4,2026-01-07 06:47:33,46,12,0,0,58,data/cam4/cam4_20260106_234733.jpg
cam5,2026-01-07 06:47:34,82,11,1,2,96,data/cam5/cam5_20260106_234734.jpg
cam6,2026-01-07 06:47:35,53,7,0,0,60,data/cam6/cam6_20260106_234735.jpg
cam7,2026-01-07 06:47:35,18,2,0,0,20,data/cam7/cam7_20260106_234735.jpg
cam8,2026-01-07 06:47:36,49,12,0,0,61,data/cam8/cam8_20260106_234736.jpg
cam1,2026-01-07 06:52:31,75,15,0,1,91,data/cam1/cam1_20260106_235231.jpg
cam2,2026-01-07 06:52:32,20,8,1,0,29,data/cam2/cam2_20260106_235232.jpg
cam3,2026-01-07 06:52:33,25,4,0,0,29,data/cam3/cam3_20260106_235233.jpg
cam4,2026-01-07 06:52:33,54,8,0,1,63,data/cam4/cam4_20260106_235233.jpg
cam5,2026-01-07 06:52:34,23,12,0,2,37,data/cam5/cam5_20260106_235234.jpg
cam6,2026-01-07 06:52:35,65,13,0,0,78,data/cam6/cam6_20260106_235235.jpg
cam7,2026-01-07 06:52:35,43,5,0,0,48,data/cam7/cam7_20260106_235235.jpg
cam8,2026-01-07 06:52:36,47,11,0,1,59,data/cam8/cam8_20260106_235236.jpg
cam1,2026-01-07 06:57:31,49,13,0,4,66,data/cam1/cam1_20260106_235731.jpg
cam2,2026-01-07 06:57:32,34,6,1,2,43,data/cam2/cam2_20260106_235732.jpg
cam3,2026-01-07 06:57:33,30,4,1,0,35,data/cam3/cam3_20260106_235733.jpg
cam4,2026-01-07 06:57:33,60,10,0,1,71,data/cam4/cam4_20260106_235733.jpg
cam5,2026-01-07 06:57:34,13,14,1,0,28,data/cam5/cam5_20260106_235734.jpg
cam6,2026-01-07 06:57:35,44,7,1,2,54,data/cam6/cam6_20260106_235735.jpg
cam7,2026-01-07 06:57:35,42,10,1,0,53,data/cam7/cam7_20260106_235735.jpg
cam8,2026-01-07 06:57:36,60,13,0,1,74,data/cam8/cam8_20260106_235736.jpg
cam1,2026-01-07 07:02:31,60,14,0,2,76,data/cam1/cam1_20260107_000231.jpg
cam2,2026-01-07 07:02:32,32,4,0,0,36,data/cam2/cam2_20260107_000232.jpg
cam3,2026-01-07 07:02:33,29,6,0,0,35,data/cam3/cam3_20260107_000233.jpg
cam4,2026-01-07 07:02:33,61,12,0,1,74,data/cam4/cam4_20260107_000233.jpg
cam5,2026-01-07 07:02:34,29,13,0,1,43,data/cam5/cam5_20260107_000234.jpg
cam6,2026-01-07 07:02:35,67,2,0,0,69,data/cam6/cam6_20260107_000235.jpg
cam7,2026-01-07 07:02:35,46,3,1,1,51,data/cam7/cam7_20260107_000235.jpg
cam8,2026-01-07 07:02:36,47,7,0,1,55,data/cam8/cam8_20260107_000236.jpg
cam1,2026-01-07 07:07:31,36,18,0,0,54,data/cam1/cam1_20260107_000731.jpg
cam2,2026-01-07 07:07:32,36,6,0,0,42,data/cam2/cam2_20260107_000732.jpg
cam3,2026-01-07 07:07:33,31,4,0,0,35,data/cam3/cam3_20260107_000733.jpg
cam4,2026-01-07 07:07:33,56,11,0,0,67,data/cam4/cam4_20260107_000733.jpg
cam5,2026-01-07 07:07:34,34,29,0,2,65,data/cam5/cam5_20260107_000734.jpg
cam6,2026-01-07 07:07:35,38,7,0,0,45,data/cam6/cam6_20260107_000735.jpg
cam7,2026-01-07 07:07:36,41,4,0,0,45,data/cam7/cam7_20260107_000736.jpg
cam8,2026-01-07 07:07:36,51,9,0,0,60,data/cam8/cam8_20260107_000736.jpg
cam1,2026-01-07 07:12:31,52,16,0,2,70,data/cam1/cam1_20260107_001231.jpg
cam2,2026-01-07 07:12:32,40,8,0,0,48,data/cam2/cam2_20260107_001232.jpg
cam3,2026-01-07 07:12:33,26,7,0,1,34,data/cam3/cam3_20260107_001233.jpg
cam4,2026-01-07 07:12:33,60,8,0,0,68,data/cam4/cam4_20260107_001233.jpg
cam5,2026-01-07 07:12:34,30,13,0,2,45,data/cam5/cam5_20260107_001234.jpg
cam6,2026-01-07 07:12:35,63,6,0,2,71,data/cam6/cam6_20260107_001235.jpg
cam7,2026-01-07 07:12:35,36,1,0,0,37,data/cam7/cam7_20260107_001235.jpg
cam8,2026-01-07 07:12:36,44,8,0,0,52,data/cam8/cam8_20260107_001236.jpg
cam1,2026-01-07 07:17:31,64,18,0,0,82,data/cam1/cam1_20260107_001731.jpg
cam2,2026-01-07 07:17:32,46,6,0,1,53,data/cam2/cam2_20260107_001732.jpg
cam3,2026-01-07 07:17:33,17,4,0,0,21,data/cam3/cam3_20260107_001733.jpg
cam4,2026-01-07 07:17:34,74,7,0,1,82,data/cam4/cam4_20260107_001734.jpg
cam5,2026-01-07 07:17:36,49,21,0,1,71,data/cam5/cam5_20260107_001736.jpg
cam6,2026-01-07 07:17:38,50,6,0,0,56,data/cam6/cam6_20260107_001738.jpg
cam7,2026-01-07 07:17:40,59,5,0,0,64,data/cam7/cam7_20260107_001740.jpg
cam8,2026-01-07 07:17:40,73,10,0,0,83,data/cam8/cam8_20260107_001740.jpg
cam1,2026-01-07 07:22:31,51,13,0,2,66,data/cam1/cam1_20260107_002231.jpg
cam2,2026-01-07 07:22:32,31,5,0,0,36,data/cam2/cam2_20260107_002232.jpg
cam3,2026-01-07 07:22:32,20,6,1,1,28,data/cam3/cam3_20260107_002232.jpg
cam4,2026-01-07 07:22:33,47,7,1,1,56,data/cam4/cam4_20260107_002233.jpg
cam5,2026-01-07 07:22:34,48,26,1,2,77,data/cam5/cam5_20260107_002234.jpg
cam6,2026-01-07 07:22:35,53,5,0,2,60,data/cam6/cam6_20260107_002235.jpg
cam7,2026-01-07 07:22:35,46,1,1,1,49,data/cam7/cam7_20260107_002235.jpg
cam8,2026-01-07 07:22:36,30,7,0,3,40,data/cam8/cam8_20260107_002236.jpg
cam1,2026-01-07 07:27:31,104,23,0,1,128,data/cam1/cam1_20260107_002731.jpg
cam2,2026-01-07 07:27:32,30,5,0,1,36,data/cam2/cam2_20260107_002732.jpg
cam3,2026-01-07 07:27:33,40,4,1,1,46,data/cam3/cam3_20260107_002733.jpg
cam4,2026-01-07 07:27:33,65,8,0,1,74,data/cam4/cam4_20260107_002733.jpg
cam5,2026-01-07 07:27:34,51,15,1,4,71,data/cam5/cam5_20260107_002734.jpg
cam6,2026-01-07 07:27:35,37,4,0,0,41,data/cam6/cam6_20260107_002735.jpg
cam7,2026-01-07 07:27:35,50,3,0,1,54,data/cam7/cam7_20260107_002735.jpg
cam8,2026-01-07 07:27:36,51,16,0,0,67,data/cam8/cam8_20260107_002736.jpg
cam1,2026-01-07 07:32:31,53,20,0,1,74,data/cam1/cam1_20260107_003231.jpg
cam2,2026-01-07 07:32:32,40,8,0,2,50,data/cam2/cam2_20260107_003232.jpg
cam3,2026-01-07 07:32:33,23,3,0,0,26,data/cam3/cam3_20260107_003233.jpg
cam4,2026-01-07 07:32:33,79,5,0,1,85,data/cam4/cam4_20260107_003233.jpg
cam5,2026-01-07 07:32:34,79,17,0,1,97,data/cam5/cam5_20260107_003234.jpg
cam6,2026-01-07 07:32:35,52,2,0,1,55,data/cam6/cam6_20260107_003235.jpg
cam7,2026-01-07 07:32:36,23,0,0,1,24,data/cam7/cam7_20260107_003236.jpg
cam8,2026-01-07 07:32:36,63,9,1,2,75,data/cam8/cam8_20260107_003236.jpg
cam1,2026-01-07 07:37:31,36,22,0,1,59,data/cam1/cam1_20260107_003731.jpg
cam2,2026-01-07 07:37:32,55,3,0,0,58,data/cam2/cam2_20260107_003732.jpg
cam3,2026-01-07 07:37:33,23,9,0,0,32,data/cam3/cam3_20260107_003733.jpg
cam4,2026-01-07 07:37:33,72,10,0,0,82,data/cam4/cam4_20260107_003733.jpg
cam5,2026-01-07 07:37:34,67,16,0,4,87,data/cam5/cam5_20260107_003734.jpg
cam6,2026-01-07 07:37:35,40,13,1,1,55,data/cam6/cam6_20260107_003735.jpg
cam7,2026-01-07 07:37:36,61,7,2,0,70,data/cam7/cam7_20260107_003736.jpg
cam8,2026-01-07 07:37:36,66,10,0,0,76,data/cam8/cam8_20260107_003736.jpg
cam1,2026-01-07 07:42:31,86,24,1,0,111,data/cam1/cam1_20260107_004231.jpg
cam2,2026-01-07 07:42:32,56,4,0,0,60,data/cam2/cam2_20260107_004232.jpg
cam3,2026-01-07 07:42:33,39,3,0,2,44,data/cam3/cam3_20260107_004233.jpg
cam4,2026-01-07 07:42:33,80,6,0,1,87,data/cam4/cam4_20260107_004233.jpg
cam5,2026-01-07 07:42:34,70,18,1,2,91,data/cam5/cam5_20260107_004234.jpg
cam6,2026-01-07 07:42:35,69,5,0,0,74,data/cam6/cam6_20260107_004235.jpg
cam7,2026-01-07 07:42:35,32,2,0,1,35,data/cam7/cam7_20260107_004235.jpg
cam8,2026-01-07 07:42:36,62,10,0,1,73,data/cam8/cam8_20260107_004236.jpg
cam1,2026-01-07 07:47:31,50,11,0,2,63,data/cam1/cam1_20260107_004731.jpg
cam2,2026-01-07 07:47:32,49,4,0,0,53,data/cam2/cam2_20260107_004732.jpg
cam3,2026-01-07 07:47:33,23,4,0,0,27,data/cam3/cam3_20260107_004733.jpg
cam4,2026-01-07 07:47:33,49,8,0,3,60,data/cam4/cam4_20260107_004733.jpg
cam5,2026-01-07 07:47:34,52,14,1,3,70,data/cam5/cam5_20260107_004734.jpg
cam6,2026-01-07 07:47:35,63,6,0,1,70,data/cam6/cam6_20260107_004735.jpg
cam7,2026-01-07 07:47:35,35,2,0,0,37,data/cam7/cam7_20260107_004735.jpg
cam8,2026-01-07 07:47:36,41,14,1,2,58,data/cam8/cam8_20260107_004736.jpg
cam1,2026-01-07 07:52:31,58,13,0,0,71,data/cam1/cam1_20260107_005231.jpg
cam2,2026-01-07 07:52:32,43,3,0,2,48,data/cam2/cam2_20260107_005232.jpg
cam3,2026-01-07 07:52:33,48,5,0,0,53,data/cam3/cam3_20260107_005233.jpg
cam4,2026-01-07 07:52:33,71,11,0,2,84,data/cam4/cam4_20260107_005233.jpg
cam5,2026-01-07 07:52:34,77,16,1,1,95,data/cam5/cam5_20260107_005234.jpg
cam6,2026-01-07 07:52:35,34,7,0,2,43,data/cam6/cam6_20260107_005235.jpg
cam7,2026-01-07 07:52:36,38,3,0,1,42,data/cam7/cam7_20260107_005236.jpg
cam8,2026-01-07 07:52:38,51,8,1,3,63,data/cam8/cam8_20260107_005238.jpg
cam1,2026-01-07 07:57:31,63,10,0,0,73,data/cam1/cam1_20260107_005731.jpg
cam2,2026-01-07 07:57:32,46,8,0,0,54,data/cam2/cam2_20260107_005732.jpg
cam3,2026-01-07 07:57:33,20,2,0,0,22,data/cam3/cam3_20260107_005733.jpg
cam4,2026-01-07 07:57:33,78,1,1,0,80,data/cam4/cam4_20260107_005733.jpg
cam5,2026-01-07 07:57:34,53,29,2,1,85,data/cam5/cam5_20260107_005734.jpg
cam6,2026-01-07 07:57:35,69,4,0,2,75,data/cam6/cam6_20260107_005735.jpg
cam7,2026-01-07 07:57:36,29,3,2,1,35,data/cam7/cam7_20260107_005736.jpg
cam8,2026-01-07 07:57:36,30,17,0,1,48,data/cam8/cam8_20260107_005736.jpg
cam1,2026-01-07 08:02:31,65,11,0,1,77,data/cam1/cam1_20260107_010231.jpg
cam2,2026-01-07 08:02:32,26,6,0,0,32,data/cam2/cam2_20260107_010232.jpg
cam3,2026-01-07 08:02:33,23,7,0,0,30,data/cam3/cam3_20260107_010233.jpg
cam4,2026-01-07 08:02:33,48,15,1,0,64,data/cam4/cam4_20260107_010233.jpg
cam5,2026-01-07 08:02:34,30,24,0,0,54,data/cam5/cam5_20260107_010234.jpg
cam6,2026-01-07 08:02:35,49,7,0,0,56,data/cam6/cam6_20260107_010235.jpg
cam7,2026-01-07 08:02:35,37,3,0,0,40,data/cam7/cam7_20260107_010235.jpg
cam8,2026-01-07 08:02:36,53,6,1,1,61,data/cam8/cam8_20260107_010236.jpg
cam1,2026-01-07 08:07:31,44,19,0,2,65,data/cam1/cam1_20260107_010731.jpg
cam2,2026-01-07 08:07:32,20,8,1,0,29,data/cam2/cam2_20260107_010732.jpg
cam3,2026-01-07 08:07:33,35,3,0,0,38,data/cam3/cam3_20260107_010733.jpg
cam4,2026-01-07 08:07:33,53,13,0,1,67,data/cam4/cam4_20260107_010733.jpg
cam5,2026-01-07 08:07:34,24,18,0,1,43,data/cam5/cam5_20260107_010734.jpg
cam6,2026-01-07 08:07:35,72,7,0,0,79,data/cam6/cam6_20260107_010735.jpg
cam7,2026-01-07 08:07:35,33,1,1,1,36,data/cam7/cam7_20260107_010735.jpg
cam8,2026-01-07 08:07:36,58,8,1,1,68,data/cam8/cam8_20260107_010736.jpg
cam1,2026-01-07 08:12:31,50,22,2,0,74,data/cam1/cam1_20260107_011231.jpg
cam2,2026-01-07 08:12:32,25,3,0,0,28,data/cam2/cam2_20260107_011232.jpg
cam3,2026-01-07 08:12:33,40,4,0,0,44,data/cam3/cam3_20260107_011233.jpg
cam4,2026-01-07 08:12:33,60,11,0,1,72,data/cam4/cam4_20260107_011233.jpg
cam5,2026-01-07 08:12:34,15,47,2,3,67,data/cam5/cam5_20260107_011234.jpg
cam6,2026-01-07 08:12:35,89,4,1,2,96,data/cam6/cam6_20260107_011235.jpg
cam7,2026-01-07 08:12:35,26,2,0,0,28,data/cam7/cam7_20260107_011235.jpg
cam8,2026-01-07 08:12:36,43,10,0,0,53,data/cam8/cam8_20260107_011236.jpg
cam1,2026-01-07 08:17:31,53,12,0,2,67,data/cam1/cam1_20260107_011731.jpg
cam2,2026-01-07 08:17:32,24,6,1,1,32,data/cam2/cam2_20260107_011732.jpg
cam3,2026-01-07 08:17:33,25,0,0,0,25,data/cam3/cam3_20260107_011733.jpg
cam4,2026-01-07 08:17:34,69,11,0,0,80,data/cam4/cam4_20260107_011734.jpg
cam5,2026-01-07 08:17:34,59,21,1,1,82,data/cam5/cam5_20260107_011734.jpg
cam6,2026-01-07 08:17:35,55,9,0,2,66,data/cam6/cam6_20260107_011735.jpg
cam7,2026-01-07 08:17:36,34,5,0,0,39,data/cam7/cam7_20260107_011736.jpg
cam8,2026-01-07 08:17:37,53,11,0,2,66,data/cam8/cam8_20260107_011737.jpg
cam1,2026-01-07 08:22:31,35,21,0,2,58,data/cam1/cam1_20260107_012231.jpg
cam2,2026-01-07 08:22:32,41,8,0,0,49,data/cam2/cam2_20260107_012232.jpg
cam3,2026-01-07 08:22:33,30,4,2,0,36,data/cam3/cam3_20260107_012233.jpg
cam4,2026-01-07 08:22:33,43,7,0,1,51,data/cam4/cam4_20260107_012233.jpg
cam5,2026-01-07 08:22:34,39,31,0,2,72,data/cam5/cam5_20260107_012234.jpg
cam6,2026-01-07 08:22:35,50,13,3,2,68,data/cam6/cam6_20260107_012235.jpg
cam7,2026-01-07 08:22:36,25,2,0,2,29,data/cam7/cam7_20260107_012236.jpg
cam8,2026-01-07 08:22:36,50,12,1,1,64,data/cam8/cam8_20260107_012236.jpg
cam1,2026-01-07 08:27:31,71,19,0,4,94,data/cam1/cam1_20260107_012731.jpg
cam2,2026-01-07 08:27:32,22,6,1,0,29,data/cam2/cam2_20260107_012732.jpg
cam3,2026-01-07 08:27:33,37,3,1,0,41,data/cam3/cam3_20260107_012733.jpg
cam4,2026-01-07 08:27:33,76,8,1,0,85,data/cam4/cam4_20260107_012733.jpg
cam5,2026-01-07 08:27:34,36,33,1,1,71,data/cam5/cam5_20260107_012734.jpg
cam6,2026-01-07 08:27:35,54,10,0,0,64,data/cam6/cam6_20260107_012735.jpg
cam7,2026-01-07 08:27:35,45,1,0,0,46,data/cam7/cam7_20260107_012735.jpg
cam8,2026-01-07 08:27:36,45,14,0,6,65,data/cam8/cam8_20260107_012736.jpg
cam1,2026-01-07 08:32:31,44,21,1,4,70,data/cam1/cam1_20260107_013231.jpg
cam2,2026-01-07 08:32:32,14,4,0,0,18,data/cam2/cam2_20260107_013232.jpg
cam3,2026-01-07 08:32:33,19,5,0,1,25,data/cam3/cam3_20260107_013233.jpg
cam4,2026-01-07 08:32:34,46,5,0,1,52,data/cam4/cam4_20260107_013234.jpg
cam5,2026-01-07 08:32:34,43,30,2,1,76,data/cam5/cam5_20260107_013234.jpg
cam6,2026-01-07 08:32:36,59,8,1,1,69,data/cam6/cam6_20260107_013236.jpg
cam7,2026-01-07 08:32:37,24,3,0,0,27,data/cam7/cam7_20260107_013237.jpg
cam8,2026-01-07 08:32:38,38,16,0,0,54,data/cam8/cam8_20260107_013238.jpg
cam1,2026-01-07 08:37:31,28,20,0,0,48,data/cam1/cam1_20260107_013731.jpg
cam2,2026-01-07 08:37:32,40,8,1,0,49,data/cam2/cam2_20260107_013732.jpg
cam3,2026-01-07 08:37:32,20,4,2,0,26,data/cam3/cam3_20260107_013732.jpg
cam4,2026-01-07 08:37:33,36,11,0,0,47,data/cam4/cam4_20260107_013733.jpg
cam5,2026-01-07 08:37:34,32,31,2,3,68,data/cam5/cam5_20260107_013734.jpg
cam6,2026-01-07 08:37:35,49,16,0,0,65,data/cam6/cam6_20260107_013735.jpg
cam7,2026-01-07 08:37:35,40,3,1,1,45,data/cam7/cam7_20260107_013735.jpg
cam8,2026-01-07 08:37:36,33,5,1,2,41,data/cam8/cam8_20260107_013736.jpg
cam1,2026-01-07 08:42:31,42,25,0,0,67,data/cam1/cam1_20260107_014231.jpg
cam2,2026-01-07 08:42:32,25,3,0,1,29,data/cam2/cam2_20260107_014232.jpg
cam3,2026-01-07 08:42:33,27,8,0,1,36,data/cam3/cam3_20260107_014233.jpg
cam4,2026-01-07 08:42:33,62,10,0,1,73,data/cam4/cam4_20260107_014233.jpg
cam5,2026-01-07 08:42:34,28,39,0,6,73,data/cam5/cam5_20260107_014234.jpg
cam6,2026-01-07 08:42:35,53,13,0,1,67,data/cam6/cam6_20260107_014235.jpg
cam7,2026-01-07 08:42:35,42,1,0,2,45,data/cam7/cam7_20260107_014235.jpg
cam8,2026-01-07 08:42:36,53,15,0,2,70,data/cam8/cam8_20260107_014236.jpg
cam1,2026-01-07 08:47:31,65,20,0,0,85,data/cam1/cam1_20260107_014731.jpg
cam2,2026-01-07 08:47:32,21,7,0,0,28,data/cam2/cam2_20260107_014732.jpg
cam3,2026-01-07 08:47:33,30,5,0,0,35,data/cam3/cam3_20260107_014733.jpg
cam4,2026-01-07 08:47:33,58,12,0,0,70,data/cam4/cam4_20260107_014733.jpg
cam5,2026-01-07 08:47:34,9,40,1,2,52,data/cam5/cam5_20260107_014734.jpg
cam6,2026-01-07 08:47:35,31,9,0,0,40,data/cam6/cam6_20260107_014735.jpg
cam7,2026-01-07 08:47:35,50,5,0,1,56,data/cam7/cam7_20260107_014735.jpg
cam8,2026-01-07 08:47:36,50,11,0,0,61,data/cam8/cam8_20260107_014736.jpg
cam1,2026-01-07 08:52:31,40,16,0,1,57,data/cam1/cam1_20260107_015231.jpg
cam2,2026-01-07 08:52:32,35,10,0,0,45,data/cam2/cam2_20260107_015232.jpg
cam3,2026-01-07 08:52:33,23,7,0,0,30,data/cam3/cam3_20260107_015233.jpg
cam4,2026-01-07 08:52:33,63,11,0,0,74,data/cam4/cam4_20260107_015233.jpg
cam5,2026-01-07 08:52:35,22,13,0,2,37,data/cam5/cam5_20260107_015235.jpg
cam6,2026-01-07 08:52:35,49,10,2,1,62,data/cam6/cam6_20260107_015235.jpg
cam7,2026-01-07 08:52:36,41,6,0,0,47,data/cam7/cam7_20260107_015236.jpg
cam8,2026-01-07 08:52:37,40,14,0,0,54,data/cam8/cam8_20260107_015237.jpg
cam1,2026-01-07 08:57:31,41,23,0,0,64,data/cam1/cam1_20260107_015731.jpg
cam2,2026-01-07 08:57:32,12,7,0,1,20,data/cam2/cam2_20260107_015732.jpg
cam3,2026-01-07 08:57:33,29,5,0,0,34,data/cam3/cam3_20260107_015733.jpg
cam4,2026-01-07 08:57:34,57,11,0,0,68,data/cam4/cam4_20260107_015734.jpg
cam5,2026-01-07 08:57:35,19,44,1,3,67,data/cam5/cam5_20260107_015735.jpg
cam6,2026-01-07 08:57:35,33,11,2,2,48,data/cam6/cam6_20260107_015735.jpg
cam7,2026-01-07 08:57:38,47,3,1,0,51,data/cam7/cam7_20260107_015738.jpg
cam8,2026-01-07 08:57:39,39,10,0,3,52,data/cam8/cam8_20260107_015739.jpg
cam1,2026-01-07 09:02:31,68,20,0,0,88,data/cam1/cam1_20260107_020231.jpg
cam2,2026-01-07 09:02:32,37,4,0,1,42,data/cam2/cam2_20260107_020232.jpg
cam3,2026-01-07 09:02:33,32,12,0,0,44,data/cam3/cam3_20260107_020233.jpg
cam4,2026-01-07 09:02:33,69,17,0,0,86,data/cam4/cam4_20260107_020233.jpg
cam5,2026-01-07 09:02:34,16,36,7,1,60,data/cam5/cam5_20260107_020234.jpg
cam6,2026-01-07 09:02:35,34,16,2,0,52,data/cam6/cam6_20260107_020235.jpg
cam7,2026-01-07 09:02:36,36,3,0,1,40,data/cam7/cam7_20260107_020236.jpg
cam8,2026-01-07 09:02:37,35,18,0,2,55,data/cam8/cam8_20260107_020237.jpg
cam1,2026-01-07 09:07:31,26,16,2,2,46,data/cam1/cam1_20260107_020731.jpg
cam2,2026-01-07 09:07:32,46,9,2,0,57,data/cam2/cam2_20260107_020732.jpg
cam3,2026-01-07 09:07:33,21,9,1,0,31,data/cam3/cam3_20260107_020733.jpg
cam4,2026-01-07 09:07:34,50,7,2,0,59,data/cam4/cam4_20260107_020734.jpg
cam5,2026-01-07 09:07:35,50,21,4,0,75,data/cam5/cam5_20260107_020735.jpg
cam6,2026-01-07 09:07:36,15,5,5,0,25,data/cam6/cam6_20260107_020736.jpg
cam7,2026-01-07 09:07:36,27,5,1,0,33,data/cam7/cam7_20260107_020736.jpg
cam8,2026-01-07 09:07:37,51,15,2,0,68,data/cam8/cam8_20260107_020737.jpg
cam1,2026-01-07 09:12:31,41,18,1,1,61,data/cam1/cam1_20260107_021231.jpg
cam2,2026-01-07 09:12:32,30,4,0,0,34,data/cam2/cam2_20260107_021232.jpg
cam3,2026-01-07 09:12:33,29,6,0,0,35,data/cam3/cam3_20260107_021233.jpg
cam4,2026-01-07 09:12:33,36,8,2,0,46,data/cam4/cam4_20260107_021233.jpg
cam5,2026-01-07 09:12:34,27,26,8,1,62,data/cam5/cam5_20260107_021234.jpg
cam6,2026-01-07 09:12:35,83,1,3,0,87,data/cam6/cam6_20260107_021235.jpg
cam7,2026-01-07 09:12:35,56,6,1,0,63,data/cam7/cam7_20260107_021235.jpg
cam8,2026-01-07 09:12:36,29,7,0,2,38,data/cam8/cam8_20260107_021236.jpg
cam1,2026-01-07 09:19:50,36,19,0,0,55,data/cam1/cam1_20260107_021950.jpg
cam2,2026-01-07 09:19:50,24,3,1,0,28,data/cam2/cam2_20260107_021950.jpg
cam3,2026-01-07 09:19:51,24,5,0,0,29,data/cam3/cam3_20260107_021951.jpg
cam4,2026-01-07 09:19:52,45,2,2,1,50,data/cam4/cam4_20260107_021952.jpg
cam5,2026-01-07 09:19:52,25,23,4,1,53,data/cam5/cam5_20260107_021952.jpg
cam6,2026-01-07 09:19:53,33,5,8,3,49,data/cam6/cam6_20260107_021953.jpg
cam7,2026-01-07 09:19:53,47,4,0,1,52,data/cam7/cam7_20260107_021953.jpg
cam8,2026-01-07 09:19:54,42,18,0,0,60,data/cam8/cam8_20260107_021954.jpg
cam1,2026-01-07 09:24:50,31,26,1,3,61,data/cam1/cam1_20260107_022450.jpg
cam2,2026-01-07 09:24:51,44,13,1,1,59,data/cam2/cam2_20260107_022451.jpg
cam3,2026-01-07 09:24:52,21,8,2,0,31,data/cam3/cam3_20260107_022452.jpg
cam4,2026-01-07 09:24:52,43,9,3,2,57,data/cam4/cam4_20260107_022452.jpg
cam5,2026-01-07 09:24:53,39,28,8,2,77,data/cam5/cam5_20260107_022453.jpg
cam6,2026-01-07 09:24:54,45,3,3,0,51,data/cam6/cam6_20260107_022454.jpg
cam7,2026-01-07 09:24:55,55,3,0,0,58,data/cam7/cam7_20260107_022455.jpg
cam8,2026-01-07 09:24:55,48,14,5,0,67,data/cam8/cam8_20260107_022455.jpg
cam1,2026-01-07 09:29:50,22,19,0,0,41,data/cam1/cam1_20260107_022950.jpg
cam2,2026-01-07 09:29:51,43,4,2,1,50,data/cam2/cam2_20260107_022951.jpg
cam3,2026-01-07 09:29:51,20,6,0,0,26,data/cam3/cam3_20260107_022951.jpg
cam4,2026-01-07 09:29:52,46,13,3,1,63,data/cam4/cam4_20260107_022952.jpg
cam5,2026-01-07 09:29:53,21,31,8,2,62,data/cam5/cam5_20260107_022953.jpg
cam6,2026-01-07 09:29:54,33,4,3,5,45,data/cam6/cam6_20260107_022954.jpg
cam7,2026-01-07 09:29:54,47,3,0,1,51,data/cam7/cam7_20260107_022954.jpg
cam8,2026-01-07 09:29:55,27,18,1,0,46,data/cam8/cam8_20260107_022955.jpg
cam1,2026-01-07 09:34:50,31,24,1,1,57,data/cam1/cam1_20260107_023450.jpg
cam2,2026-01-07 09:34:51,34,5,0,2,41,data/cam2/cam2_20260107_023451.jpg
cam3,2026-01-07 09:34:52,29,8,1,1,39,data/cam3/cam3_20260107_023452.jpg
cam4,2026-01-07 09:34:53,37,11,7,0,55,data/cam4/cam4_20260107_023453.jpg
cam5,2026-01-07 09:34:54,11,37,5,3,56,data/cam5/cam5_20260107_023454.jpg
cam6,2026-01-07 09:34:54,35,8,8,0,51,data/cam6/cam6_20260107_023454.jpg
cam7,2026-01-07 09:34:55,48,8,3,1,60,data/cam7/cam7_20260107_023455.jpg
cam8,2026-01-07 09:34:56,35,6,2,2,45,data/cam8/cam8_20260107_023456.jpg
cam1,2026-01-07 09:39:50,65,18,4,1,88,data/cam1/cam1_20260107_023950.jpg
cam2,2026-01-07 09:39:51,22,3,0,0,25,data/cam2/cam2_20260107_023951.jpg
cam3,2026-01-07 09:39:52,26,3,7,0,36,data/cam3/cam3_20260107_023952.jpg
cam4,2026-01-07 09:39:52,44,7,3,1,55,data/cam4/cam4_20260107_023952.jpg
cam5,2026-01-07 09:39:53,24,20,11,2,57,data/cam5/cam5_20260107_023953.jpg
cam6,2026-01-07 09:39:54,34,9,4,0,47,data/cam6/cam6_20260107_023954.jpg
cam7,2026-01-07 09:39:55,50,5,0,0,55,data/cam7/cam7_20260107_023955.jpg
cam8,2026-01-07 09:39:56,47,18,2,0,67,data/cam8/cam8_20260107_023956.jpg
cam1,2026-01-07 09:44:50,25,14,5,1,45,data/cam1/cam1_20260107_024450.jpg
cam2,2026-01-07 09:44:51,12,4,1,1,18,data/cam2/cam2_20260107_024451.jpg
cam3,2026-01-07 09:44:52,23,10,2,1,36,data/cam3/cam3_20260107_024452.jpg
cam4,2026-01-07 09:44:52,50,7,7,0,64,data/cam4/cam4_20260107_024452.jpg
cam5,2026-01-07 09:44:53,14,38,4,3,59,data/cam5/cam5_20260107_024453.jpg
cam6,2026-01-07 09:44:54,17,3,3,0,23,data/cam6/cam6_20260107_024454.jpg
cam7,2026-01-07 09:44:54,38,11,0,2,51,data/cam7/cam7_20260107_024454.jpg
cam8,2026-01-07 09:44:55,34,14,0,2,50,data/cam8/cam8_20260107_024455.jpg
cam1,2026-01-07 09:49:50,46,15,1,3,65,data/cam1/cam1_20260107_024950.jpg
cam2,2026-01-07 09:49:51,14,7,1,0,22,data/cam2/cam2_20260107_024951.jpg
cam3,2026-01-07 09:49:52,16,6,1,0,23,data/cam3/cam3_20260107_024952.jpg
cam4,2026-01-07 09:49:52,34,5,6,2,47,data/cam4/cam4_20260107_024952.jpg
cam5,2026-01-07 09:49:53,31,25,6,2,64,data/cam5/cam5_20260107_024953.jpg
cam6,2026-01-07 09:49:54,36,3,4,2,45,data/cam6/cam6_20260107_024954.jpg
cam7,2026-01-07 09:49:54,39,6,0,1,46,data/cam7/cam7_20260107_024954.jpg
cam8,2026-01-07 09:49:55,33,12,2,6,53,data/cam8/cam8_20260107_024955.jpg
cam1,2026-01-07 09:54:50,22,21,1,2,46,data/cam1/cam1_20260107_025450.jpg
cam2,2026-01-07 09:54:51,27,8,1,0,36,data/cam2/cam2_20260107_025451.jpg
cam3,2026-01-07 09:54:51,25,5,1,0,31,data/cam3/cam3_20260107_025451.jpg
cam4,2026-01-07 09:54:52,39,6,4,0,49,data/cam4/cam4_20260107_025452.jpg
cam5,2026-01-07 09:54:53,19,38,14,2,73,data/cam5/cam5_20260107_025453.jpg
cam6,2026-01-07 09:54:53,33,6,3,0,42,data/cam6/cam6_20260107_025453.jpg
cam7,2026-01-07 09:54:54,35,4,4,2,45,data/cam7/cam7_20260107_025454.jpg
cam8,2026-01-07 09:54:55,28,14,2,3,47,data/cam8/cam8_20260107_025455.jpg
cam1,2026-01-07 09:59:50,32,16,3,3,54,data/cam1/cam1_20260107_025950.jpg
cam2,2026-01-07 09:59:51,21,8,0,0,29,data/cam2/cam2_20260107_025951.jpg
cam3,2026-01-07 09:59:52,22,7,2,0,31,data/cam3/cam3_20260107_025952.jpg
cam4,2026-01-07 09:59:52,56,9,2,2,69,data/cam4/cam4_20260107_025952.jpg
cam5,2026-01-07 09:59:53,20,29,10,4,63,data/cam5/cam5_20260107_025953.jpg
cam6,2026-01-07 09:59:54,36,8,3,0,47,data/cam6/cam6_20260107_025954.jpg
cam7,2026-01-07 09:59:54,57,10,0,0,67,data/cam7/cam7_20260107_025954.jpg
cam8,2026-01-07 09:59:55,25,11,2,1,39,data/cam8/cam8_20260107_025955.jpg
cam1,2026-01-07 10:04:50,50,15,3,2,70,data/cam1/cam1_20260107_030450.jpg
cam2,2026-01-07 10:04:51,25,9,0,0,34,data/cam2/cam2_20260107_030451.jpg
cam3,2026-01-07 10:04:52,16,6,2,0,24,data/cam3/cam3_20260107_030452.jpg
cam4,2026-01-07 10:04:53,49,9,1,0,59,data/cam4/cam4_20260107_030453.jpg
cam5,2026-01-07 10:04:54,13,36,12,1,62,data/cam5/cam5_20260107_030454.jpg
cam6,2026-01-07 10:04:55,13,6,2,1,22,data/cam6/cam6_20260107_030455.jpg
cam7,2026-01-07 10:04:56,37,7,2,0,46,data/cam7/cam7_20260107_030456.jpg
cam8,2026-01-07 10:04:57,44,18,1,3,66,data/cam8/cam8_20260107_030457.jpg
cam1,2026-01-07 10:09:50,29,19,5,1,54,data/cam1/cam1_20260107_030950.jpg
cam2,2026-01-07 10:09:51,29,4,2,0,35,data/cam2/cam2_20260107_030951.jpg
cam3,2026-01-07 10:09:52,19,9,1,0,29,data/cam3/cam3_20260107_030952.jpg
cam4,2026-01-07 10:09:53,43,12,1,0,56,data/cam4/cam4_20260107_030953.jpg
cam5,2026-01-07 10:09:53,20,36,10,7,73,data/cam5/cam5_20260107_030953.jpg
cam6,2026-01-07 10:09:54,57,2,2,0,61,data/cam6/cam6_20260107_030954.jpg
cam7,2026-01-07 10:09:55,35,7,3,0,45,data/cam7/cam7_20260107_030955.jpg
cam8,2026-01-07 10:09:56,31,14,3,3,51,data/cam8/cam8_20260107_030956.jpg
cam1,2026-01-07 10:14:50,55,14,6,0,75,data/cam1/cam1_20260107_031450.jpg
cam2,2026-01-07 10:14:51,19,3,0,0,22,data/cam2/cam2_20260107_031451.jpg
cam3,2026-01-07 10:14:52,31,9,3,0,43,data/cam3/cam3_20260107_031452.jpg
cam4,2026-01-07 10:14:52,39,10,7,3,59,data/cam4/cam4_20260107_031452.jpg
cam5,2026-01-07 10:14:53,17,23,14,4,58,data/cam5/cam5_20260107_031453.jpg
cam6,2026-01-07 10:14:54,35,13,5,1,54,data/cam6/cam6_20260107_031454.jpg
cam7,2026-01-07 10:14:54,29,5,2,1,37,data/cam7/cam7_20260107_031454.jpg
cam8,2026-01-07 10:14:55,37,17,1,2,57,data/cam8/cam8_20260107_031455.jpg
cam1,2026-01-07 10:19:50,18,6,2,3,29,data/cam1/cam1_20260107_031950.jpg
cam2,2026-01-07 10:19:51,16,6,0,0,22,data/cam2/cam2_20260107_031951.jpg
cam3,2026-01-07 10:19:51,16,4,0,0,20,data/cam3/cam3_20260107_031951.jpg
cam4,2026-01-07 10:19:52,28,8,4,0,40,data/cam4/cam4_20260107_031952.jpg
cam5,2026-01-07 10:19:53,5,29,15,1,50,data/cam5/cam5_20260107_031953.jpg
cam6,2026-01-07 10:19:54,37,4,2,1,44,data/cam6/cam6_20260107_031954.jpg
cam7,2026-01-07 10:19:55,40,8,2,0,50,data/cam7/cam7_20260107_031955.jpg
cam8,2026-01-07 10:19:55,29,11,4,0,44,data/cam8/cam8_20260107_031955.jpg
cam1,2026-01-07 10:24:50,29,17,5,0,51,data/cam1/cam1_20260107_032450.jpg
cam2,2026-01-07 10:24:51,8,9,5,0,22,data/cam2/cam2_20260107_032451.jpg
cam3,2026-01-07 10:24:52,20,5,0,0,25,data/cam3/cam3_20260107_032452.jpg
cam4,2026-01-07 10:24:52,41,9,1,0,51,data/cam4/cam4_20260107_032452.jpg
cam5,2026-01-07 10:24:53,26,21,5,1,53,data/cam5/cam5_20260107_032453.jpg
cam6,2026-01-07 10:24:53,44,9,3,0,56,data/cam6/cam6_20260107_032453.jpg
cam7,2026-01-07 10:24:54,24,1,0,3,28,data/cam7/cam7_20260107_032454.jpg
cam8,2026-01-07 10:24:55,22,15,1,1,39,data/cam8/cam8_20260107_032455.jpg
cam1,2026-01-07 10:29:50,32,19,2,0,53,data/cam1/cam1_20260107_032950.jpg
cam2,2026-01-07 10:29:51,13,8,2,0,23,data/cam2/cam2_20260107_032951.jpg
cam3,2026-01-07 10:29:52,34,3,3,0,40,data/cam3/cam3_20260107_032952.jpg
cam4,2026-01-07 10:29:52,40,11,1,0,52,data/cam4/cam4_20260107_032952.jpg
cam5,2026-01-07 10:29:53,23,29,9,5,66,data/cam5/cam5_20260107_032953.jpg
cam6,2026-01-07 10:29:53,55,9,4,0,68,data/cam6/cam6_20260107_032953.jpg
cam7,2026-01-07 10:29:54,13,2,0,0,15,data/cam7/cam7_20260107_032954.jpg
cam8,2026-01-07 10:29:55,28,14,8,2,52,data/cam8/cam8_20260107_032955.jpg
cam1,2026-01-07 10:34:50,28,17,1,1,47,data/cam1/cam1_20260107_033450.jpg
cam2,2026-01-07 10:34:51,28,5,2,1,36,data/cam2/cam2_20260107_033451.jpg
cam3,2026-01-07 10:34:52,29,7,0,0,36,data/cam3/cam3_20260107_033452.jpg
cam4,2026-01-07 10:34:52,33,3,4,0,40,data/cam4/cam4_20260107_033452.jpg
cam5,2026-01-07 10:34:53,24,34,5,2,65,data/cam5/cam5_20260107_033453.jpg
cam6,2026-01-07 10:34:53,45,11,2,0,58,data/cam6/cam6_20260107_033453.jpg
cam7,2026-01-07 10:34:54,22,1,2,0,25,data/cam7/cam7_20260107_033454.jpg
cam8,2026-01-07 10:34:55,44,17,4,1,66,data/cam8/cam8_20260107_033455.jpg
cam1,2026-01-07 10:39:50,25,18,1,1,45,data/cam1/cam1_20260107_033950.jpg
cam2,2026-01-07 10:39:51,23,7,1,1,32,data/cam2/cam2_20260107_033951.jpg
cam3,2026-01-07 10:39:52,25,5,0,0,30,data/cam3/cam3_20260107_033952.jpg
cam4,2026-01-07 10:39:52,52,8,3,0,63,data/cam4/cam4_20260107_033952.jpg
cam5,2026-01-07 10:39:53,22,30,8,2,62,data/cam5/cam5_20260107_033953.jpg
cam6,2026-01-07 10:39:54,35,9,2,1,47,data/cam6/cam6_20260107_033954.jpg
cam7,2026-01-07 10:39:54,13,2,1,3,19,data/cam7/cam7_20260107_033954.jpg
cam8,2026-01-07 10:39:55,23,10,4,0,37,data/cam8/cam8_20260107_033955.jpg
cam1,2026-01-07 10:44:50,29,14,3,1,47,data/cam1/cam1_20260107_034450.jpg
cam2,2026-01-07 10:44:52,30,8,2,0,40,data/cam2/cam2_20260107_034452.jpg
cam3,2026-01-07 10:44:52,28,6,1,0,35,data/cam3/cam3_20260107_034452.jpg
cam4,2026-01-07 10:44:53,44,14,3,2,63,data/cam4/cam4_20260107_034453.jpg
cam5,2026-01-07 10:44:54,5,21,0,3,29,data/cam5/cam5_20260107_034454.jpg
cam6,2026-01-07 10:44:54,47,9,1,0,57,data/cam6/cam6_20260107_034454.jpg
cam7,2026-01-07 10:44:56,36,3,0,0,39,data/cam7/cam7_20260107_034456.jpg
cam8,2026-01-07 10:44:56,43,10,5,1,59,data/cam8/cam8_20260107_034456.jpg
cam1,2026-01-07 10:49:50,41,20,3,0,64,data/cam1/cam1_20260107_034950.jpg
cam2,2026-01-07 10:49:55,16,0,0,0,16,data/cam2/cam2_20260107_034955.jpg
cam3,2026-01-07 10:49:56,20,8,5,0,33,data/cam3/cam3_20260107_034956.jpg
cam4,2026-01-07 10:49:57,35,4,1,0,40,data/cam4/cam4_20260107_034957.jpg
cam5,2026-01-07 10:49:58,22,25,4,0,51,data/cam5/cam5_20260107_034958.jpg
cam6,2026-01-07 10:49:59,38,3,3,0,44,data/cam6/cam6_20260107_034959.jpg
cam7,2026-01-07 10:50:01,19,5,0,0,24,data/cam7/cam7_20260107_035001.jpg
cam8,2026-01-07 10:50:02,28,27,1,0,56,data/cam8/cam8_20260107_035002.jpg
cam1,2026-01-07 10:54:50,24,20,4,1,49,data/cam1/cam1_20260107_035450.jpg
cam2,2026-01-07 10:54:51,18,7,0,1,26,data/cam2/cam2_20260107_035451.jpg
cam3,2026-01-07 10:54:52,19,6,0,0,25,data/cam3/cam3_20260107_035452.jpg
cam4,2026-01-07 10:54:52,31,2,4,1,38,data/cam4/cam4_20260107_035452.jpg
cam5,2026-01-07 10:54:53,20,24,3,0,47,data/cam5/cam5_20260107_035453.jpg
cam6,2026-01-07 10:54:54,14,10,4,1,29,data/cam6/cam6_20260107_035454.jpg
cam7,2026-01-07 10:54:54,40,6,2,1,49,data/cam7/cam7_20260107_035454.jpg
cam8,2026-01-07 10:54:55,48,11,2,3,64,data/cam8/cam8_20260107_035455.jpg
cam1,2026-01-07 10:59:50,27,13,1,1,42,data/cam1/cam1_20260107_035950.jpg
cam2,2026-01-07 10:59:51,19,7,0,0,26,data/cam2/cam2_20260107_035951.jpg
cam3,2026-01-07 10:59:52,24,5,1,0,30,data/cam3/cam3_20260107_035952.jpg
cam4,2026-01-07 10:59:52,37,8,4,0,49,data/cam4/cam4_20260107_035952.jpg
cam5,2026-01-07 10:59:53,19,32,8,3,62,data/cam5/cam5_20260107_035953.jpg
cam6,2026-01-07 10:59:54,28,5,3,1,37,data/cam6/cam6_20260107_035954.jpg
cam7,2026-01-07 10:59:55,32,8,3,0,43,data/cam7/cam7_20260107_035955.jpg
cam8,2026-01-07 10:59:56,41,10,3,2,56,data/cam8/cam8_20260107_035956.jpg
cam1,2026-01-07 11:04:50,22,21,2,0,45,data/cam1/cam1_20260107_040450.jpg
cam2,2026-01-07 11:04:51,13,8,3,0,24,data/cam2/cam2_20260107_040451.jpg
cam3,2026-01-07 11:04:51,28,3,0,1,32,data/cam3/cam3_20260107_040451.jpg
cam4,2026-01-07 11:04:52,46,5,4,0,55,data/cam4/cam4_20260107_040452.jpg
cam5,2026-01-07 11:04:53,18,25,5,1,49,data/cam5/cam5_20260107_040453.jpg
cam6,2026-01-07 11:04:53,21,7,3,0,31,data/cam6/cam6_20260107_040453.jpg
cam7,2026-01-07 11:04:54,38,3,5,1,47,data/cam7/cam7_20260107_040454.jpg
cam8,2026-01-07 11:04:55,36,17,1,0,54,data/cam8/cam8_20260107_040455.jpg
cam1,2026-01-07 11:09:50,42,21,3,2,68,data/cam1/cam1_20260107_040950.jpg
cam2,2026-01-07 11:09:51,23,7,0,0,30,data/cam2/cam2_20260107_040951.jpg
cam3,2026-01-07 11:09:52,35,10,6,0,51,data/cam3/cam3_20260107_040952.jpg
cam4,2026-01-07 11:09:52,41,11,3,0,55,data/cam4/cam4_20260107_040952.jpg
cam5,2026-01-07 11:09:53,51,22,1,1,75,data/cam5/cam5_20260107_040953.jpg
cam6,2026-01-07 11:09:54,12,7,4,2,25,data/cam6/cam6_20260107_040954.jpg
cam7,2026-01-07 11:09:54,62,10,0,0,72,data/cam7/cam7_20260107_040954.jpg
cam8,2026-01-07 11:09:56,38,21,4,0,63,data/cam8/cam8_20260107_040956.jpg
cam1,2026-01-07 11:14:50,26,25,6,0,57,data/cam1/cam1_20260107_041450.jpg
cam2,2026-01-07 11:14:58,20,14,0,0,34,data/cam2/cam2_20260107_041458.jpg
cam3,2026-01-07 11:14:59,24,14,2,0,40,data/cam3/cam3_20260107_041459.jpg
cam4,2026-01-07 11:15:00,42,18,3,0,63,data/cam4/cam4_20260107_041500.jpg
cam5,2026-01-07 11:15:00,31,23,8,0,62,data/cam5/cam5_20260107_041500.jpg
cam6,2026-01-07 11:15:01,29,8,5,0,42,data/cam6/cam6_20260107_041501.jpg
cam7,2026-01-07 11:15:02,45,5,1,0,51,data/cam7/cam7_20260107_041502.jpg
cam8,2026-01-07 11:15:03,26,6,5,1,38,data/cam8/cam8_20260107_041503.jpg
cam1,2026-01-07 11:19:50,30,11,4,2,47,data/cam1/cam1_20260107_041950.jpg
cam2,2026-01-07 11:19:51,32,5,0,0,37,data/cam2/cam2_20260107_041951.jpg
cam3,2026-01-07 11:19:52,22,4,2,1,29,data/cam3/cam3_20260107_041952.jpg
cam4,2026-01-07 11:19:52,42,7,3,1,53,data/cam4/cam4_20260107_041952.jpg
cam5,2026-01-07 11:19:53,23,37,8,3,71,data/cam5/cam5_20260107_041953.jpg
cam6,2026-01-07 11:19:54,27,7,4,1,39,data/cam6/cam6_20260107_041954.jpg
cam7,2026-01-07 11:19:54,32,3,2,0,37,data/cam7/cam7_20260107_041954.jpg
cam8,2026-01-07 11:19:55,35,10,4,3,52,data/cam8/cam8_20260107_041955.jpg
cam1,2026-01-07 11:24:50,27,20,2,0,49,data/cam1/cam1_20260107_042450.jpg
cam2,2026-01-07 11:24:51,29,6,1,0,36,data/cam2/cam2_20260107_042451.jpg
cam3,2026-01-07 11:24:51,23,10,3,0,36,data/cam3/cam3_20260107_042451.jpg
cam4,2026-01-07 11:24:52,30,9,1,0,40,data/cam4/cam4_20260107_042452.jpg
cam5,2026-01-07 11:24:53,23,16,6,2,47,data/cam5/cam5_20260107_042453.jpg
cam6,2026-01-07 11:24:53,53,5,5,0,63,data/cam6/cam6_20260107_042453.jpg
cam7,2026-01-07 11:24:54,33,7,3,0,43,data/cam7/cam7_20260107_042454.jpg
cam8,2026-01-07 11:24:55,28,18,2,0,48,data/cam8/cam8_20260107_042455.jpg
cam1,2026-01-07 11:29:50,24,15,4,0,43,data/cam1/cam1_20260107_042950.jpg
cam2,2026-01-07 11:29:51,22,2,1,1,26,data/cam2/cam2_20260107_042951.jpg
cam3,2026-01-07 11:29:52,26,6,4,0,36,data/cam3/cam3_20260107_042952.jpg
cam4,2026-01-07 11:29:52,43,9,2,1,55,data/cam4/cam4_20260107_042952.jpg
cam5,2026-01-07 11:29:53,11,25,3,2,41,data/cam5/cam5_20260107_042953.jpg
cam6,2026-01-07 11:29:54,34,7,4,0,45,data/cam6/cam6_20260107_042954.jpg
cam7,2026-01-07 11:29:55,31,8,4,1,44,data/cam7/cam7_20260107_042955.jpg
cam8,2026-01-07 11:29:56,36,23,0,0,59,data/cam8/cam8_20260107_042956.jpg
cam1,2026-01-07 11:34:50,27,10,3,0,40,data/cam1/cam1_20260107_043450.jpg
cam2,2026-01-07 11:34:51,20,9,0,0,29,data/cam2/cam2_20260107_043451.jpg
cam3,2026-01-07 11:34:51,33,4,4,1,42,data/cam3/cam3_20260107_043451.jpg
cam4,2026-01-07 11:34:53,28,8,5,2,43,data/cam4/cam4_20260107_043453.jpg
cam5,2026-01-07 11:34:53,20,31,4,1,56,data/cam5/cam5_20260107_043453.jpg
cam6,2026-01-07 11:34:54,34,9,6,0,49,data/cam6/cam6_20260107_043454.jpg
cam7,2026-01-07 11:34:55,28,8,1,2,39,data/cam7/cam7_20260107_043455.jpg
cam8,2026-01-07 11:34:56,57,15,2,3,77,data/cam8/cam8_20260107_043456.jpg
cam1,2026-01-07 11:39:50,31,15,3,0,49,data/cam1/cam1_20260107_043950.jpg
cam2,2026-01-07 11:39:51,39,6,0,1,46,data/cam2/cam2_20260107_043951.jpg
cam3,2026-01-07 11:39:51,30,3,2,0,35,data/cam3/cam3_20260107_043951.jpg
cam4,2026-01-07 11:39:52,40,12,1,2,55,data/cam4/cam4_20260107_043952.jpg
cam5,2026-01-07 11:39:53,20,17,11,2,50,data/cam5/cam5_20260107_043953.jpg
cam6,2026-01-07 11:39:54,32,5,6,0,43,data/cam6/cam6_20260107_043954.jpg
cam7,2026-01-07 11:39:54,37,4,1,1,43,data/cam7/cam7_20260107_043954.jpg
cam8,2026-01-07 11:39:55,32,14,4,1,51,data/cam8/cam8_20260107_043955.jpg
cam1,2026-01-07 11:44:50,27,24,4,2,57,data/cam1/cam1_20260107_044450.jpg
cam2,2026-01-07 11:44:59,36,11,1,1,49,data/cam2/cam2_20260107_044459.jpg
cam3,2026-01-07 11:45:00,30,4,4,0,38,data/cam3/cam3_20260107_044500.jpg
cam4,2026-01-07 11:45:01,23,15,3,1,42,data/cam4/cam4_20260107_044501.jpg
cam5,2026-01-07 11:45:02,7,24,4,0,35,data/cam5/cam5_20260107_044502.jpg
cam6,2026-01-07 11:45:03,21,3,4,0,28,data/cam6/cam6_20260107_044503.jpg
cam7,2026-01-07 11:45:03,60,11,2,0,73,data/cam7/cam7_20260107_044503.jpg
cam8,2026-01-07 11:45:04,39,15,6,0,60,data/cam8/cam8_20260107_044504.jpg
cam1,2026-01-07 11:49:50,33,13,5,1,52,data/cam1/cam1_20260107_044950.jpg
cam2,2026-01-07 11:49:51,26,5,4,1,36,data/cam2/cam2_20260107_044951.jpg
cam3,2026-01-07 11:49:52,28,8,7,0,43,data/cam3/cam3_20260107_044952.jpg
cam4,2026-01-07 11:49:52,50,3,3,0,56,data/cam4/cam4_20260107_044952.jpg
cam5,2026-01-07 11:49:53,7,20,4,4,35,data/cam5/cam5_20260107_044953.jpg
cam6,2026-01-07 11:49:54,37,6,3,0,46,data/cam6/cam6_20260107_044954.jpg
cam7,2026-01-07 11:49:54,42,15,3,0,60,data/cam7/cam7_20260107_044954.jpg
cam8,2026-01-07 11:49:55,45,9,7,1,62,data/cam8/cam8_20260107_044955.jpg
cam1,2026-01-07 11:54:50,47,14,0,1,62,data/cam1/cam1_20260107_045450.jpg
cam2,2026-01-07 11:54:51,35,7,0,0,42,data/cam2/cam2_20260107_045451.jpg
cam3,2026-01-07 11:54:52,22,10,4,0,36,data/cam3/cam3_20260107_045452.jpg
cam4,2026-01-07 11:54:52,57,12,0,1,70,data/cam4/cam4_20260107_045452.jpg
cam5,2026-01-07 11:54:53,45,16,4,2,67,data/cam5/cam5_20260107_045453.jpg
cam6,2026-01-07 11:54:54,32,7,5,0,44,data/cam6/cam6_20260107_045454.jpg
cam7,2026-01-07 11:54:54,28,12,4,3,47,data/cam7/cam7_20260107_045454.jpg
cam8,2026-01-07 11:54:55,19,14,3,1,37,data/cam8/cam8_20260107_045455.jpg
cam1,2026-01-07 11:59:50,39,14,2,1,56,data/cam1/cam1_20260107_045950.jpg
cam2,2026-01-07 11:59:51,18,2,2,0,22,data/cam2/cam2_20260107_045951.jpg
cam3,2026-01-07 11:59:51,31,4,2,1,38,data/cam3/cam3_20260107_045951.jpg
cam4,2026-01-07 11:59:52,36,13,5,0,54,data/cam4/cam4_20260107_045952.jpg
cam5,2026-01-07 11:59:53,12,31,4,2,49,data/cam5/cam5_20260107_045953.jpg
cam6,2026-01-07 11:59:53,43,5,4,1,53,data/cam6/cam6_20260107_045953.jpg
cam7,2026-01-07 11:59:54,29,12,1,0,42,data/cam7/cam7_20260107_045954.jpg
cam8,2026-01-07 11:59:55,33,15,4,3,55,data/cam8/cam8_20260107_045955.jpg
cam1,2026-01-07 12:04:50,27,22,2,1,52,data/cam1/cam1_20260107_050450.jpg
cam2,2026-01-07 12:04:51,15,7,1,0,23,data/cam2/cam2_20260107_050451.jpg
cam3,2026-01-07 12:04:51,31,3,2,0,36,data/cam3/cam3_20260107_050451.jpg
cam4,2026-01-07 12:04:54,40,7,1,0,48,data/cam4/cam4_20260107_050454.jpg
cam5,2026-01-07 12:04:55,13,32,6,1,52,data/cam5/cam5_20260107_050455.jpg
cam6,2026-01-07 12:04:56,25,7,3,0,35,data/cam6/cam6_20260107_050456.jpg
cam7,2026-01-07 12:04:57,40,7,2,1,50,data/cam7/cam7_20260107_050457.jpg
cam8,2026-01-07 12:04:57,27,26,0,0,53,data/cam8/cam8_20260107_050457.jpg
cam1,2026-01-07 12:09:50,31,20,1,1,53,data/cam1/cam1_20260107_050950.jpg
cam2,2026-01-07 12:09:51,17,3,2,0,22,data/cam2/cam2_20260107_050951.jpg
cam3,2026-01-07 12:09:52,38,8,4,0,50,data/cam3/cam3_20260107_050952.jpg
cam4,2026-01-07 12:09:52,50,13,1,2,66,data/cam4/cam4_20260107_050952.jpg
cam5,2026-01-07 12:09:54,11,33,4,1,49,data/cam5/cam5_20260107_050954.jpg
cam6,2026-01-07 12:09:54,58,2,4,0,64,data/cam6/cam6_20260107_050954.jpg
cam7,2026-01-07 12:09:55,40,12,0,0,52,data/cam7/cam7_20260107_050955.jpg
cam8,2026-01-07 12:09:56,47,17,2,0,66,data/cam8/cam8_20260107_050956.jpg
cam1,2026-01-07 12:14:50,29,30,4,0,63,data/cam1/cam1_20260107_051450.jpg
cam2,2026-01-07 12:14:51,24,5,3,1,33,data/cam2/cam2_20260107_051451.jpg
cam3,2026-01-07 12:14:52,27,7,7,0,41,data/cam3/cam3_20260107_051452.jpg
cam4,2026-01-07 12:14:52,56,12,5,1,74,data/cam4/cam4_20260107_051452.jpg
cam5,2026-01-07 12:14:53,31,23,7,4,65,data/cam5/cam5_20260107_051453.jpg
cam6,2026-01-07 12:14:53,38,3,4,1,46,data/cam6/cam6_20260107_051453.jpg
cam7,2026-01-07 12:14:54,42,5,7,1,55,data/cam7/cam7_20260107_051454.jpg
cam8,2026-01-07 12:14:55,48,18,1,0,67,data/cam8/cam8_20260107_051455.jpg
cam1,2026-01-07 12:22:24,39,18,1,2,60,data/cam1/cam1_20260107_052224.jpg
cam2,2026-01-07 12:22:25,19,1,1,0,21,data/cam2/cam2_20260107_052225.jpg
cam3,2026-01-07 12:22:25,28,1,0,0,29,data/cam3/cam3_20260107_052225.jpg
cam4,2026-01-07 12:22:26,47,8,1,0,56,data/cam4/cam4_20260107_052226.jpg
cam5,2026-01-07 12:22:26,32,25,6,4,67,data/cam5/cam5_20260107_052226.jpg
cam6,2026-01-07 12:22:27,13,5,4,0,22,data/cam6/cam6_20260107_052227.jpg
cam7,2026-01-07 12:22:28,55,12,2,0,69,data/cam7/cam7_20260107_052228.jpg
cam8,2026-01-07 12:22:29,49,11,1,2,63,data/cam8/cam8_20260107_052229.jpg
cam1,2026-01-07 12:27:24,52,15,3,0,70,data/cam1/cam1_20260107_052724.jpg
cam2,2026-01-07 12:27:25,16,11,1,0,28,data/cam2/cam2_20260107_052725.jpg
cam3,2026-01-07 12:27:26,31,4,0,1,36,data/cam3/cam3_20260107_052726.jpg
cam4,2026-01-07 12:27:27,44,8,6,3,61,data/cam4/cam4_20260107_052727.jpg
cam5,2026-01-07 12:27:27,17,38,2,3,60,data/cam5/cam5_20260107_052727.jpg
cam6,2026-01-07 12:27:28,48,5,1,0,54,data/cam6/cam6_20260107_052728.jpg
cam7,2026-01-07 12:27:29,31,10,4,2,47,data/cam7/cam7_20260107_052729.jpg
cam8,2026-01-07 12:27:30,32,9,3,3,47,data/cam8/cam8_20260107_052730.jpg
cam1,2026-01-07 12:32:24,27,21,2,2,52,data/cam1/cam1_20260107_053224.jpg
cam2,2026-01-07 12:32:25,15,10,1,0,26,data/cam2/cam2_20260107_053225.jpg
cam3,2026-01-07 12:32:26,26,10,3,1,40,data/cam3/cam3_20260107_053226.jpg
cam4,2026-01-07 12:32:27,39,9,2,1,51,data/cam4/cam4_20260107_053227.jpg
cam5,2026-01-07 12:32:27,13,24,2,2,41,data/cam5/cam5_20260107_053227.jpg
cam6,2026-01-07 12:32:28,19,10,4,0,33,data/cam6/cam6_20260107_053228.jpg
cam7,2026-01-07 12:32:29,47,5,2,0,54,data/cam7/cam7_20260107_053229.jpg
cam8,2026-01-07 12:32:29,46,15,2,1,64,data/cam8/cam8_20260107_053229.jpg
cam1,2026-01-07 12:37:24,51,23,5,3,82,data/cam1/cam1_20260107_053724.jpg
cam2,2026-01-07 12:37:25,29,6,0,0,35,data/cam2/cam2_20260107_053725.jpg
cam3,2026-01-07 12:37:26,31,9,4,0,44,data/cam3/cam3_20260107_053726.jpg
cam4,2026-01-07 12:37:27,38,10,9,2,59,data/cam4/cam4_20260107_053727.jpg
cam5,2026-01-07 12:37:28,8,23,3,0,34,data/cam5/cam5_20260107_053728.jpg
cam6,2026-01-07 12:37:28,30,6,8,1,45,data/cam6/cam6_20260107_053728.jpg
cam7,2026-01-07 12:37:30,30,11,2,0,43,data/cam7/cam7_20260107_053730.jpg
cam8,2026-01-07 12:37:30,20,16,4,0,40,data/cam8/cam8_20260107_053730.jpg
cam1,2026-01-07 12:42:24,24,29,5,2,60,data/cam1/cam1_20260107_054224.jpg
cam2,2026-01-07 12:42:25,48,11,0,1,60,data/cam2/cam2_20260107_054225.jpg
cam3,2026-01-07 12:42:26,19,11,3,0,33,data/cam3/cam3_20260107_054226.jpg
cam4,2026-01-07 12:42:27,34,6,6,0,46,data/cam4/cam4_20260107_054227.jpg
cam5,2026-01-07 12:42:28,31,26,5,2,64,data/cam5/cam5_20260107_054228.jpg
cam6,2026-01-07 12:42:28,40,8,0,0,48,data/cam6/cam6_20260107_054228.jpg
cam7,2026-01-07 12:42:29,25,9,0,0,34,data/cam7/cam7_20260107_054229.jpg
cam8,2026-01-07 12:42:30,45,8,1,1,55,data/cam8/cam8_20260107_054230.jpg
cam1,2026-01-07 12:47:24,27,20,1,0,48,data/cam1/cam1_20260107_054724.jpg
cam2,2026-01-07 12:47:25,40,7,0,0,47,data/cam2/cam2_20260107_054725.jpg
cam3,2026-01-07 12:47:26,26,6,2,0,34,data/cam3/cam3_20260107_054726.jpg
cam4,2026-01-07 12:47:27,41,13,1,1,56,data/cam4/cam4_20260107_054727.jpg
cam5,2026-01-07 12:47:27,22,26,6,3,57,data/cam5/cam5_20260107_054727.jpg
cam6,2026-01-07 12:47:28,61,10,1,0,72,data/cam6/cam6_20260107_054728.jpg
cam7,2026-01-07 12:47:29,38,4,2,0,44,data/cam7/cam7_20260107_054729.jpg
cam8,2026-01-07 12:47:29,29,14,4,0,47,data/cam8/cam8_20260107_054729.jpg
cam1,2026-01-07 12:52:24,54,22,5,1,82,data/cam1/cam1_20260107_055224.jpg
cam2,2026-01-07 12:52:25,14,4,0,1,19,data/cam2/cam2_20260107_055225.jpg
cam3,2026-01-07 12:52:26,20,6,1,1,28,data/cam3/cam3_20260107_055226.jpg
cam4,2026-01-07 12:52:27,43,8,3,0,54,data/cam4/cam4_20260107_055227.jpg
cam5,2026-01-07 12:52:28,19,30,6,0,55,data/cam5/cam5_20260107_055228.jpg
cam6,2026-01-07 12:52:29,44,3,5,1,53,data/cam6/cam6_20260107_055229.jpg
cam7,2026-01-07 12:52:29,28,0,3,0,31,data/cam7/cam7_20260107_055229.jpg
cam8,2026-01-07 12:52:30,55,14,5,1,75,data/cam8/cam8_20260107_055230.jpg
cam1,2026-01-07 12:57:24,37,19,0,0,56,data/cam1/cam1_20260107_055724.jpg
cam2,2026-01-07 12:57:25,9,9,2,0,20,data/cam2/cam2_20260107_055725.jpg
cam3,2026-01-07 12:57:26,27,8,1,0,36,data/cam3/cam3_20260107_055726.jpg
cam4,2026-01-07 12:57:27,32,7,5,0,44,data/cam4/cam4_20260107_055727.jpg
cam5,2026-01-07 12:57:27,14,26,2,1,43,data/cam5/cam5_20260107_055727.jpg
cam6,2026-01-07 12:57:28,40,7,2,1,50,data/cam6/cam6_20260107_055728.jpg
cam7,2026-01-07 12:57:29,35,12,6,1,54,data/cam7/cam7_20260107_055729.jpg
cam8,2026-01-07 12:57:29,31,19,2,1,53,data/cam8/cam8_20260107_055729.jpg
cam1,2026-01-07 13:02:24,38,18,1,1,58,data/cam1/cam1_20260107_060224.jpg
cam2,2026-01-07 13:02:25,21,12,4,1,38,data/cam2/cam2_20260107_060225.jpg
cam3,2026-01-07 13:02:26,22,1,1,0,24,data/cam3/cam3_20260107_060226.jpg
cam4,2026-01-07 13:02:26,37,4,4,1,46,data/cam4/cam4_20260107_060226.jpg
cam5,2026-01-07 13:02:27,41,30,4,1,76,data/cam5/cam5_20260107_060227.jpg
cam6,2026-01-07 13:02:28,36,6,2,1,45,data/cam6/cam6_20260107_060228.jpg
cam7,2026-01-07 13:02:28,30,6,3,0,39,data/cam7/cam7_20260107_060228.jpg
cam8,2026-01-07 13:02:29,31,18,1,1,51,data/cam8/cam8_20260107_060229.jpg
cam1,2026-01-07 13:07:24,33,31,0,2,66,data/cam1/cam1_20260107_060724.jpg
cam2,2026-01-07 13:07:25,22,8,0,1,31,data/cam2/cam2_20260107_060725.jpg
cam3,2026-01-07 13:07:26,33,8,2,0,43,data/cam3/cam3_20260107_060726.jpg
cam4,2026-01-07 13:07:27,42,15,3,2,62,data/cam4/cam4_20260107_060727.jpg
cam5,2026-01-07 13:07:28,26,28,2,0,56,data/cam5/cam5_20260107_060728.jpg
cam6,2026-01-07 13:07:28,62,1,5,1,69,data/cam6/cam6_20260107_060728.jpg
cam7,2026-01-07 13:07:29,35,3,4,0,42,data/cam7/cam7_20260107_060729.jpg
cam8,2026-01-07 13:07:30,54,14,2,0,70,data/cam8/cam8_20260107_060730.jpg
cam1,2026-01-07 13:12:24,31,18,4,1,54,data/cam1/cam1_20260107_061224.jpg
cam2,2026-01-07 13:12:25,35,5,0,0,40,data/cam2/cam2_20260107_061225.jpg
cam3,2026-01-07 13:12:26,21,7,6,0,34,data/cam3/cam3_20260107_061226.jpg
cam4,2026-01-07 13:12:27,33,7,1,0,41,data/cam4/cam4_20260107_061227.jpg
cam5,2026-01-07 13:12:27,28,34,2,2,66,data/cam5/cam5_20260107_061227.jpg
cam6,2026-01-07 13:12:28,36,7,4,1,48,data/cam6/cam6_20260107_061228.jpg
cam7,2026-01-07 13:12:28,23,1,1,1,26,data/cam7/cam7_20260107_061228.jpg
cam8,2026-01-07 13:12:29,29,14,6,0,49,data/cam8/cam8_20260107_061229.jpg
cam1,2026-01-07 13:17:24,27,7,3,2,39,data/cam1/cam1_20260107_061724.jpg
cam2,2026-01-07 13:17:25,16,7,2,0,25,data/cam2/cam2_20260107_061725.jpg
cam3,2026-01-07 13:17:27,28,13,2,0,43,data/cam3/cam3_20260107_061727.jpg
cam4,2026-01-07 13:17:28,42,8,1,0,51,data/cam4/cam4_20260107_061728.jpg
cam5,2026-01-07 13:17:28,11,20,5,0,36,data/cam5/cam5_20260107_061728.jpg
cam6,2026-01-07 13:17:29,34,7,2,1,44,data/cam6/cam6_20260107_061729.jpg
cam7,2026-01-07 13:17:30,24,1,1,0,26,data/cam7/cam7_20260107_061730.jpg
cam8,2026-01-07 13:17:30,43,14,7,0,64,data/cam8/cam8_20260107_061730.jpg
cam1,2026-01-07 13:22:24,35,15,3,0,53,data/cam1/cam1_20260107_062224.jpg
cam2,2026-01-07 13:22:25,30,4,1,0,35,data/cam2/cam2_20260107_062225.jpg
cam3,2026-01-07 13:22:26,18,4,1,0,23,data/cam3/cam3_20260107_062226.jpg
cam4,2026-01-07 13:22:27,34,16,4,0,54,data/cam4/cam4_20260107_062227.jpg
cam5,2026-01-07 13:22:28,7,21,2,1,31,data/cam5/cam5_20260107_062228.jpg
cam6,2026-01-07 13:22:29,12,5,0,1,18,data/cam6/cam6_20260107_062229.jpg
cam7,2026-01-07 13:22:29,25,3,0,0,28,data/cam7/cam7_20260107_062229.jpg
cam8,2026-01-07 13:22:30,28,11,0,1,40,data/cam8/cam8_20260107_062230.jpg
cam1,2026-01-07 13:27:24,25,15,4,4,48,data/cam1/cam1_20260107_062724.jpg
cam2,2026-01-07 13:27:25,9,3,1,0,13,data/cam2/cam2_20260107_062725.jpg
cam3,2026-01-07 13:27:26,17,5,1,0,23,data/cam3/cam3_20260107_062726.jpg
cam4,2026-01-07 13:27:27,39,11,1,0,51,data/cam4/cam4_20260107_062727.jpg
cam5,2026-01-07 13:27:28,32,30,4,1,67,data/cam5/cam5_20260107_062728.jpg
cam6,2026-01-07 13:27:28,40,3,6,0,49,data/cam6/cam6_20260107_062728.jpg
cam7,2026-01-07 13:27:29,31,0,1,0,32,data/cam7/cam7_20260107_062729.jpg
cam8,2026-01-07 13:27:30,43,17,1,1,62,data/cam8/cam8_20260107_062730.jpg
cam1,2026-01-07 13:32:24,26,22,1,0,49,data/cam1/cam1_20260107_063224.jpg
cam2,2026-01-07 13:32:26,4,5,1,1,11,data/cam2/cam2_20260107_063226.jpg
cam3,2026-01-07 13:32:27,29,7,2,0,38,data/cam3/cam3_20260107_063227.jpg
cam4,2026-01-07 13:32:28,39,6,3,1,49,data/cam4/cam4_20260107_063228.jpg
cam5,2026-01-07 13:32:29,20,29,5,3,57,data/cam5/cam5_20260107_063229.jpg
cam6,2026-01-07 13:32:29,38,8,3,0,49,data/cam6/cam6_20260107_063229.jpg
cam7,2026-01-07 13:32:30,25,5,2,1,33,data/cam7/cam7_20260107_063230.jpg
cam8,2026-01-07 13:32:31,20,9,4,2,35,data/cam8/cam8_20260107_063231.jpg
cam1,2026-01-07 13:37:24,42,19,1,0,62,data/cam1/cam1_20260107_063724.jpg
cam2,2026-01-07 13:37:25,15,7,1,0,23,data/cam2/cam2_20260107_063725.jpg
cam3,2026-01-07 13:37:26,24,3,3,3,33,data/cam3/cam3_20260107_063726.jpg
cam4,2026-01-07 13:37:27,32,10,4,0,46,data/cam4/cam4_20260107_063727.jpg
cam5,2026-01-07 13:37:28,17,35,4,1,57,data/cam5/cam5_20260107_063728.jpg
cam6,2026-01-07 13:37:28,39,13,3,1,56,data/cam6/cam6_20260107_063728.jpg
cam7,2026-01-07 13:37:30,20,4,0,0,24,data/cam7/cam7_20260107_063730.jpg
cam8,2026-01-07 13:37:30,30,17,5,0,52,data/cam8/cam8_20260107_063730.jpg
cam1,2026-01-07 13:42:24,33,24,2,0,59,data/cam1/cam1_20260107_064224.jpg
cam2,2026-01-07 13:42:25,34,4,0,0,38,data/cam2/cam2_20260107_064225.jpg
cam3,2026-01-07 13:42:26,21,1,2,1,25,data/cam3/cam3_20260107_064226.jpg
cam4,2026-01-07 13:42:27,35,7,4,4,50,data/cam4/cam4_20260107_064227.jpg
cam5,2026-01-07 13:42:27,11,27,3,0,41,data/cam5/cam5_20260107_064227.jpg
cam6,2026-01-07 13:42:28,22,9,3,1,35,data/cam6/cam6_20260107_064228.jpg
cam7,2026-01-07 13:42:29,37,7,1,1,46,data/cam7/cam7_20260107_064229.jpg
cam8,2026-01-07 13:42:30,36,15,1,4,56,data/cam8/cam8_20260107_064230.jpg
cam1,2026-01-07 13:47:24,54,23,2,1,80,data/cam1/cam1_20260107_064724.jpg
cam2,2026-01-07 13:47:25,23,9,0,1,33,data/cam2/cam2_20260107_064725.jpg
cam3,2026-01-07 13:47:26,17,2,2,0,21,data/cam3/cam3_20260107_064726.jpg
cam4,2026-01-07 13:47:27,42,10,2,1,55,data/cam4/cam4_20260107_064727.jpg
cam5,2026-01-07 13:47:27,17,24,2,1,44,data/cam5/cam5_20260107_064727.jpg
cam6,2026-01-07 13:47:28,33,8,1,0,42,data/cam6/cam6_20260107_064728.jpg
cam7,2026-01-07 13:47:29,35,9,4,0,48,data/cam7/cam7_20260107_064729.jpg
cam8,2026-01-07 13:47:30,32,16,6,0,54,data/cam8/cam8_20260107_064730.jpg
cam1,2026-01-07 13:51:17,41,17,2,0,60,data/cam1/cam1_20260107_065117.jpg
cam2,2026-01-07 13:51:19,14,7,0,0,21,data/cam2/cam2_20260107_065119.jpg
cam3,2026-01-07 13:51:20,22,10,0,0,32,data/cam3/cam3_20260107_065120.jpg
cam4,2026-01-07 13:51:22,26,16,3,0,45,data/cam4/cam4_20260107_065122.jpg
cam5,2026-01-07 13:51:24,17,24,3,4,48,data/cam5/cam5_20260107_065124.jpg
cam6,2026-01-07 13:51:26,67,6,1,0,74,data/cam6/cam6_20260107_065126.jpg
cam7,2026-01-07 13:51:28,25,4,1,0,30,data/cam7/cam7_20260107_065128.jpg
cam8,2026-01-07 13:51:30,43,8,3,1,55,data/cam8/cam8_20260107_065130.jpg
cam1,2026-01-07 13:52:24,33,20,4,2,59,data/cam1/cam1_20260107_065224.jpg
cam2,2026-01-07 13:52:26,29,10,1,1,41,data/cam2/cam2_20260107_065226.jpg
cam3,2026-01-07 13:52:27,18,8,0,0,26,data/cam3/cam3_20260107_065227.jpg
cam4,2026-01-07 13:52:28,22,13,9,1,45,data/cam4/cam4_20260107_065228.jpg
cam5,2026-01-07 13:52:28,22,27,10,1,60,data/cam5/cam5_20260107_065228.jpg
cam6,2026-01-07 13:52:29,32,5,4,0,41,data/cam6/cam6_20260107_065229.jpg
cam7,2026-01-07 13:52:30,45,7,1,0,53,data/cam7/cam7_20260107_065230.jpg
cam8,2026-01-07 13:52:31,49,16,1,1,67,data/cam8/cam8_20260107_065231.jpg
cam1,2026-01-07 13:56:17,62,18,1,2,83,data/cam1/cam1_20260107_065617.jpg
cam2,2026-01-07 13:56:18,22,9,1,0,32,data/cam2/cam2_20260107_065618.jpg
cam3,2026-01-07 13:56:20,26,7,5,1,39,data/cam3/cam3_20260107_065620.jpg
cam4,2026-01-07 13:56:20,39,10,2,0,51,data/cam4/cam4_20260107_065620.jpg
cam5,2026-01-07 13:56:21,11,18,3,0,32,data/cam5/cam5_20260107_065621.jpg
cam6,2026-01-07 13:56:22,46,9,3,1,59,data/cam6/cam6_20260107_065622.jpg
cam7,2026-01-07 13:56:23,32,3,3,2,40,data/cam7/cam7_20260107_065623.jpg
cam8,2026-01-07 13:56:23,28,16,2,0,46,data/cam8/cam8_20260107_065623.jpg
cam1,2026-01-07 13:57:24,18,20,1,1,40,data/cam1/cam1_20260107_065724.jpg
cam2,2026-01-07 13:57:26,30,4,0,0,34,data/cam2/cam2_20260107_065726.jpg
cam3,2026-01-07 13:57:27,24,11,2,1,38,data/cam3/cam3_20260107_065727.jpg
cam4,2026-01-07 13:57:27,34,5,7,0,46,data/cam4/cam4_20260107_065727.jpg
cam5,2026-01-07 13:57:28,20,26,6,1,53,data/cam5/cam5_20260107_065728.jpg
cam6,2026-01-07 13:57:29,26,5,5,2,38,data/cam6/cam6_20260107_065729.jpg
cam7,2026-01-07 13:57:29,27,3,1,0,31,data/cam7/cam7_20260107_065729.jpg
cam8,2026-01-07 13:57:30,30,22,4,1,57,data/cam8/cam8_20260107_065730.jpg
cam1,2026-01-07 14:01:17,37,15,3,1,56,data/cam1/cam1_20260107_070117.jpg
cam2,2026-01-07 14:01:18,28,8,2,1,39,data/cam2/cam2_20260107_070118.jpg
cam3,2026-01-07 14:01:19,28,4,2,0,34,data/cam3/cam3_20260107_070119.jpg
cam4,2026-01-07 14:01:20,36,14,0,0,50,data/cam4/cam4_20260107_070120.jpg
cam5,2026-01-07 14:01:21,49,16,4,0,69,data/cam5/cam5_20260107_070121.jpg
cam6,2026-01-07 14:01:21,38,14,3,1,56,data/cam6/cam6_20260107_070121.jpg
cam7,2026-01-07 14:01:22,32,10,1,1,44,data/cam7/cam7_20260107_070122.jpg
cam8,2026-01-07 14:01:23,31,14,2,0,47,data/cam8/cam8_20260107_070123.jpg
cam1,2026-01-07 14:02:24,26,27,4,2,59,data/cam1/cam1_20260107_070224.jpg
cam2,2026-01-07 14:02:26,18,7,0,0,25,data/cam2/cam2_20260107_070226.jpg
cam3,2026-01-07 14:02:27,20,5,1,0,26,data/cam3/cam3_20260107_070227.jpg
cam4,2026-01-07 14:02:28,48,10,1,0,59,data/cam4/cam4_20260107_070228.jpg
cam5,2026-01-07 14:02:28,13,22,4,2,41,data/cam5/cam5_20260107_070228.jpg
cam6,2026-01-07 14:02:29,21,8,1,0,30,data/cam6/cam6_20260107_070229.jpg
cam7,2026-01-07 14:02:30,40,9,1,1,51,data/cam7/cam7_20260107_070230.jpg
cam8,2026-01-07 14:02:31,23,16,4,1,44,data/cam8/cam8_20260107_070231.jpg
cam1,2026-01-07 14:06:17,27,16,4,0,47,data/cam1/cam1_20260107_070617.jpg
cam2,2026-01-07 14:06:18,33,10,0,1,44,data/cam2/cam2_20260107_070618.jpg
cam3,2026-01-07 14:06:20,23,4,3,0,30,data/cam3/cam3_20260107_070620.jpg
cam4,2026-01-07 14:06:20,43,14,2,0,59,data/cam4/cam4_20260107_070620.jpg
cam5,2026-01-07 14:06:21,26,27,5,3,61,data/cam5/cam5_20260107_070621.jpg
cam6,2026-01-07 14:06:22,31,11,0,0,42,data/cam6/cam6_20260107_070622.jpg
cam7,2026-01-07 14:06:23,39,4,2,0,45,data/cam7/cam7_20260107_070623.jpg
cam8,2026-01-07 14:06:23,20,24,3,1,48,data/cam8/cam8_20260107_070623.jpg
cam1,2026-01-07 14:07:24,30,19,1,1,51,data/cam1/cam1_20260107_070724.jpg
cam2,2026-01-07 14:07:26,16,7,0,1,24,data/cam2/cam2_20260107_070726.jpg
cam3,2026-01-07 14:07:27,37,8,5,0,50,data/cam3/cam3_20260107_070727.jpg
cam4,2026-01-07 14:07:28,30,15,3,1,49,data/cam4/cam4_20260107_070728.jpg
cam5,2026-01-07 14:07:29,12,18,4,3,37,data/cam5/cam5_20260107_070729.jpg
cam6,2026-01-07 14:07:29,74,5,4,0,83,data/cam6/cam6_20260107_070729.jpg
cam7,2026-01-07 14:07:30,19,8,1,1,29,data/cam7/cam7_20260107_070730.jpg
cam8,2026-01-07 14:07:31,28,13,1,2,44,data/cam8/cam8_20260107_070731.jpg
cam1,2026-01-07 14:11:17,48,20,1,1,70,data/cam1/cam1_20260107_071117.jpg
cam2,2026-01-07 14:11:18,18,6,0,0,24,data/cam2/cam2_20260107_071118.jpg
cam3,2026-01-07 14:11:19,37,9,3,0,49,data/cam3/cam3_20260107_071119.jpg
cam4,2026-01-07 14:11:20,41,9,6,1,57,data/cam4/cam4_20260107_071120.jpg
cam5,2026-01-07 14:11:21,18,24,1,2,45,data/cam5/cam5_20260107_071121.jpg
cam6,2026-01-07 14:11:22,25,5,3,0,33,data/cam6/cam6_20260107_071122.jpg
cam7,2026-01-07 14:11:23,24,4,3,1,32,data/cam7/cam7_20260107_071123.jpg
cam8,2026-01-07 14:11:25,40,14,2,2,58,data/cam8/cam8_20260107_071125.jpg
cam1,2026-01-07 14:12:24,38,19,0,0,57,data/cam1/cam1_20260107_071224.jpg
cam2,2026-01-07 14:12:26,21,2,0,0,23,data/cam2/cam2_20260107_071226.jpg
cam3,2026-01-07 14:12:27,29,6,3,2,40,data/cam3/cam3_20260107_071227.jpg
cam4,2026-01-07 14:12:28,40,9,1,1,51,data/cam4/cam4_20260107_071228.jpg
cam5,2026-01-07 14:12:29,31,16,5,2,54,data/cam5/cam5_20260107_071229.jpg
cam6,2026-01-07 14:12:29,27,10,3,1,41,data/cam6/cam6_20260107_071229.jpg
cam7,2026-01-07 14:12:31,53,11,2,0,66,data/cam7/cam7_20260107_071231.jpg
cam8,2026-01-07 14:12:31,48,12,2,1,63,data/cam8/cam8_20260107_071231.jpg
cam1,2026-01-07 14:16:17,23,20,1,2,46,data/cam1/cam1_20260107_071617.jpg
cam2,2026-01-07 14:16:18,9,4,1,0,14,data/cam2/cam2_20260107_071618.jpg
cam3,2026-01-07 14:16:19,22,11,0,0,33,data/cam3/cam3_20260107_071619.jpg
cam4,2026-01-07 14:16:20,62,12,3,1,78,data/cam4/cam4_20260107_071620.jpg
cam5,2026-01-07 14:16:21,17,29,0,0,46,data/cam5/cam5_20260107_071621.jpg
cam6,2026-01-07 14:16:22,33,8,6,4,51,data/cam6/cam6_20260107_071622.jpg
cam7,2026-01-07 14:16:23,22,5,3,1,31,data/cam7/cam7_20260107_071623.jpg
cam8,2026-01-07 14:16:24,36,13,4,1,54,data/cam8/cam8_20260107_071624.jpg
cam1,2026-01-07 14:17:24,24,20,5,1,50,data/cam1/cam1_20260107_071724.jpg
cam2,2026-01-07 14:17:26,18,11,2,0,31,data/cam2/cam2_20260107_071726.jpg
cam3,2026-01-07 14:17:27,27,4,3,0,34,data/cam3/cam3_20260107_071727.jpg
cam4,2026-01-07 14:17:28,30,7,1,1,39,data/cam4/cam4_20260107_071728.jpg
cam5,2026-01-07 14:17:28,30,18,8,3,59,data/cam5/cam5_20260107_071728.jpg
cam6,2026-01-07 14:17:29,37,5,3,1,46,data/cam6/cam6_20260107_071729.jpg
cam7,2026-01-07 14:17:30,19,2,3,0,24,data/cam7/cam7_20260107_071730.jpg
cam8,2026-01-07 14:17:30,44,21,6,0,71,data/cam8/cam8_20260107_071730.jpg
cam1,2026-01-07 14:21:17,54,19,3,2,78,data/cam1/cam1_20260107_072117.jpg
cam2,2026-01-07 14:21:19,25,9,0,1,35,data/cam2/cam2_20260107_072119.jpg
cam3,2026-01-07 14:21:20,24,8,3,0,35,data/cam3/cam3_20260107_072120.jpg
cam4,2026-01-07 14:21:20,41,12,0,1,54,data/cam4/cam4_20260107_072120.jpg
cam5,2026-01-07 14:21:21,13,17,6,0,36,data/cam5/cam5_20260107_072121.jpg
cam6,2026-01-07 14:21:23,44,10,3,0,57,data/cam6/cam6_20260107_072123.jpg
cam7,2026-01-07 14:21:23,50,10,3,1,64,data/cam7/cam7_20260107_072123.jpg
cam8,2026-01-07 14:21:24,17,19,2,0,38,data/cam8/cam8_20260107_072124.jpg
cam1,2026-01-07 14:22:24,66,28,2,4,100,data/cam1/cam1_20260107_072224.jpg
cam2,2026-01-07 14:22:26,19,10,0,0,29,data/cam2/cam2_20260107_072226.jpg
cam3,2026-01-07 14:22:27,15,2,0,0,17,data/cam3/cam3_20260107_072227.jpg
cam4,2026-01-07 14:22:27,38,7,3,0,48,data/cam4/cam4_20260107_072227.jpg
cam5,2026-01-07 14:22:28,11,31,4,1,47,data/cam5/cam5_20260107_072228.jpg
cam6,2026-01-07 14:22:29,35,9,4,0,48,data/cam6/cam6_20260107_072229.jpg
cam7,2026-01-07 14:22:30,57,6,3,1,67,data/cam7/cam7_20260107_072230.jpg
cam8,2026-01-07 14:22:31,25,19,3,0,47,data/cam8/cam8_20260107_072231.jpg
cam1,2026-01-07 14:26:17,34,23,0,0,57,data/cam1/cam1_20260107_072617.jpg
cam2,2026-01-07 14:26:18,21,12,1,0,34,data/cam2/cam2_20260107_072618.jpg
cam3,2026-01-07 14:26:19,13,5,1,1,20,data/cam3/cam3_20260107_072619.jpg
cam4,2026-01-07 14:26:20,38,8,3,0,49,data/cam4/cam4_20260107_072620.jpg
cam5,2026-01-07 14:26:21,23,25,5,3,56,data/cam5/cam5_20260107_072621.jpg
cam6,2026-01-07 14:26:22,37,10,1,0,48,data/cam6/cam6_20260107_072622.jpg
cam7,2026-01-07 14:26:23,30,7,2,0,39,data/cam7/cam7_20260107_072623.jpg
cam8,2026-01-07 14:26:24,40,18,3,2,63,data/cam8/cam8_20260107_072624.jpg
cam1,2026-01-07 14:27:24,39,13,1,2,55,data/cam1/cam1_20260107_072724.jpg
cam2,2026-01-07 14:27:26,26,9,0,0,35,data/cam2/cam2_20260107_072726.jpg
cam3,2026-01-07 14:27:27,19,9,1,0,29,data/cam3/cam3_20260107_072727.jpg
cam4,2026-01-07 14:27:28,34,8,2,0,44,data/cam4/cam4_20260107_072728.jpg
cam5,2026-01-07 14:27:29,19,21,3,0,43,data/cam5/cam5_20260107_072729.jpg
cam6,2026-01-07 14:27:29,36,6,1,0,43,data/cam6/cam6_20260107_072729.jpg
cam7,2026-01-07 14:27:30,14,8,3,2,27,data/cam7/cam7_20260107_072730.jpg
cam8,2026-01-07 14:27:31,32,12,4,1,49,data/cam8/cam8_20260107_072731.jpg
cam1,2026-01-07 14:31:17,39,20,3,0,62,data/cam1/cam1_20260107_073117.jpg
cam2,2026-01-07 14:31:19,27,5,0,0,32,data/cam2/cam2_20260107_073119.jpg
cam3,2026-01-07 14:31:20,23,14,2,1,40,data/cam3/cam3_20260107_073120.jpg
cam4,2026-01-07 14:31:21,41,16,3,1,61,data/cam4/cam4_20260107_073121.jpg
cam5,2026-01-07 14:31:21,29,29,5,2,65,data/cam5/cam5_20260107_073121.jpg
cam6,2026-01-07 14:31:22,65,9,0,0,74,data/cam6/cam6_20260107_073122.jpg
cam7,2026-01-07 14:31:23,37,6,1,2,46,data/cam7/cam7_20260107_073123.jpg
cam8,2026-01-07 14:31:24,34,13,0,0,47,data/cam8/cam8_20260107_073124.jpg
cam1,2026-01-07 14:32:24,23,20,2,0,45,data/cam1/cam1_20260107_073224.jpg
cam2,2026-01-07 14:32:26,32,3,0,0,35,data/cam2/cam2_20260107_073226.jpg
cam3,2026-01-07 14:32:27,20,10,5,0,35,data/cam3/cam3_20260107_073227.jpg
cam4,2026-01-07 14:32:28,32,12,2,0,46,data/cam4/cam4_20260107_073228.jpg
cam5,2026-01-07 14:32:28,36,15,2,1,54,data/cam5/cam5_20260107_073228.jpg
cam6,2026-01-07 14:32:29,38,5,3,0,46,data/cam6/cam6_20260107_073229.jpg
cam7,2026-01-07 14:32:30,27,7,0,1,35,data/cam7/cam7_20260107_073230.jpg
cam8,2026-01-07 14:32:30,37,17,3,2,59,data/cam8/cam8_20260107_073230.jpg
cam1,2026-01-07 14:36:17,41,14,2,1,58,data/cam1/cam1_20260107_073617.jpg
cam2,2026-01-07 14:36:18,30,6,0,0,36,data/cam2/cam2_20260107_073618.jpg
cam3,2026-01-07 14:36:19,26,9,3,0,38,data/cam3/cam3_20260107_073619.jpg
cam4,2026-01-07 14:36:20,43,13,1,1,58,data/cam4/cam4_20260107_073620.jpg
cam5,2026-01-07 14:36:21,20,20,3,0,43,data/cam5/cam5_20260107_073621.jpg
cam6,2026-01-07 14:36:22,38,9,4,1,52,data/cam6/cam6_20260107_073622.jpg
cam7,2026-01-07 14:36:23,35,14,4,1,54,data/cam7/cam7_20260107_073623.jpg
cam8,2026-01-07 14:36:24,33,19,2,1,55,data/cam8/cam8_20260107_073624.jpg
cam1,2026-01-07 14:41:17,25,15,3,0,43,data/cam1/cam1_20260107_074117.jpg
cam2,2026-01-07 14:41:18,26,6,0,1,33,data/cam2/cam2_20260107_074118.jpg
cam3,2026-01-07 14:41:19,16,3,4,1,24,data/cam3/cam3_20260107_074119.jpg
cam4,2026-01-07 14:41:20,52,5,1,0,58,data/cam4/cam4_20260107_074120.jpg
cam5,2026-01-07 14:41:20,7,30,1,2,40,data/cam5/cam5_20260107_074120.jpg
cam6,2026-01-07 14:41:21,29,14,3,1,47,data/cam6/cam6_20260107_074121.jpg
cam7,2026-01-07 14:41:22,32,8,6,1,47,data/cam7/cam7_20260107_074122.jpg
cam8,2026-01-07 14:41:23,23,11,3,3,40,data/cam8/cam8_20260107_074123.jpg
cam1,2026-01-07 14:46:17,22,19,1,3,45,data/cam1/cam1_20260107_074617.jpg
cam2,2026-01-07 14:46:18,17,7,0,0,24,data/cam2/cam2_20260107_074618.jpg
cam3,2026-01-07 14:46:19,13,7,2,0,22,data/cam3/cam3_20260107_074619.jpg
cam4,2026-01-07 14:46:20,40,15,6,0,61,data/cam4/cam4_20260107_074620.jpg
cam5,2026-01-07 14:46:21,30,18,4,1,53,data/cam5/cam5_20260107_074621.jpg
cam6,2026-01-07 14:46:22,25,7,0,1,33,data/cam6/cam6_20260107_074622.jpg
cam7,2026-01-07 14:46:24,34,9,1,0,44,data/cam7/cam7_20260107_074624.jpg
cam8,2026-01-07 14:46:25,26,13,1,0,40,data/cam8/cam8_20260107_074625.jpg
cam1,2026-01-07 14:51:17,26,11,3,2,42,data/cam1/cam1_20260107_075117.jpg
cam2,2026-01-07 14:51:18,14,6,1,0,21,data/cam2/cam2_20260107_075118.jpg
cam3,2026-01-07 14:51:19,25,4,2,0,31,data/cam3/cam3_20260107_075119.jpg
cam4,2026-01-07 14:51:20,38,19,2,0,59,data/cam4/cam4_20260107_075120.jpg
cam5,2026-01-07 14:51:20,20,32,6,3,61,data/cam5/cam5_20260107_075120.jpg
cam6,2026-01-07 14:51:21,58,7,3,1,69,data/cam6/cam6_20260107_075121.jpg
cam7,2026-01-07 14:51:22,64,8,2,0,74,data/cam7/cam7_20260107_075122.jpg
cam8,2026-01-07 14:51:24,28,12,6,2,48,data/cam8/cam8_20260107_075124.jpg
cam1,2026-01-07 14:56:17,43,21,4,1,69,data/cam1/cam1_20260107_075617.jpg
cam2,2026-01-07 14:56:18,19,12,0,3,34,data/cam2/cam2_20260107_075618.jpg
cam3,2026-01-07 14:56:19,25,7,3,0,35,data/cam3/cam3_20260107_075619.jpg
cam4,2026-01-07 14:56:20,49,10,2,0,61,data/cam4/cam4_20260107_075620.jpg
cam5,2026-01-07 14:56:20,23,27,0,0,50,data/cam5/cam5_20260107_075620.jpg
cam6,2026-01-07 14:56:22,40,5,4,0,49,data/cam6/cam6_20260107_075622.jpg
cam7,2026-01-07 14:56:22,35,6,3,0,44,data/cam7/cam7_20260107_075622.jpg
cam8,2026-01-07 14:56:23,28,18,4,1,51,data/cam8/cam8_20260107_075623.jpg
cam1,2026-01-07 15:01:17,23,17,0,0,40,data/cam1/cam1_20260107_080117.jpg
cam2,2026-01-07 15:01:18,20,16,1,0,37,data/cam2/cam2_20260107_080118.jpg
cam3,2026-01-07 15:01:19,27,12,3,1,43,data/cam3/cam3_20260107_080119.jpg
cam4,2026-01-07 15:01:19,43,17,2,1,63,data/cam4/cam4_20260107_080119.jpg
cam5,2026-01-07 15:01:20,19,24,4,0,47,data/cam5/cam5_20260107_080120.jpg
cam6,2026-01-07 15:01:21,59,4,1,1,65,data/cam6/cam6_20260107_080121.jpg
cam7,2026-01-07 15:01:22,18,3,2,0,23,data/cam7/cam7_20260107_080122.jpg
cam8,2026-01-07 15:01:23,34,12,0,1,47,data/cam8/cam8_20260107_080123.jpg
cam1,2026-01-07 15:06:17,36,24,2,2,64,data/cam1/cam1_20260107_080617.jpg
cam2,2026-01-07 15:06:18,30,8,0,0,38,data/cam2/cam2_20260107_080618.jpg
cam3,2026-01-07 15:06:19,23,7,1,1,32,data/cam3/cam3_20260107_080619.jpg
cam4,2026-01-07 15:06:20,35,18,1,0,54,data/cam4/cam4_20260107_080620.jpg
cam5,2026-01-07 15:06:21,12,25,2,1,40,data/cam5/cam5_20260107_080621.jpg
cam6,2026-01-07 15:06:21,64,6,0,0,70,data/cam6/cam6_20260107_080621.jpg
cam7,2026-01-07 15:06:22,17,3,1,0,21,data/cam7/cam7_20260107_080622.jpg
cam8,2026-01-07 15:06:23,37,12,3,2,54,data/cam8/cam8_20260107_080623.jpg
cam1,2026-01-07 15:11:17,23,21,1,3,48,data/cam1/cam1_20260107_081117.jpg
cam2,2026-01-07 15:11:18,39,7,0,1,47,data/cam2/cam2_20260107_081118.jpg
cam3,2026-01-07 15:11:19,34,5,2,0,41,data/cam3/cam3_20260107_081119.jpg
cam4,2026-01-07 15:11:19,51,8,1,0,60,data/cam4/cam4_20260107_081119.jpg
cam5,2026-01-07 15:11:20,24,22,5,2,53,data/cam5/cam5_20260107_081120.jpg
cam6,2026-01-07 15:11:21,63,3,2,0,68,data/cam6/cam6_20260107_081121.jpg
cam7,2026-01-07 15:11:22,47,9,6,1,63,data/cam7/cam7_20260107_081122.jpg
cam8,2026-01-07 15:11:23,23,25,0,1,49,data/cam8/cam8_20260107_081123.jpg
cam1,2026-01-07 15:16:17,37,27,0,1,65,data/cam1/cam1_20260107_081617.jpg
cam2,2026-01-07 15:16:18,44,7,2,0,53,data/cam2/cam2_20260107_081618.jpg
cam3,2026-01-07 15:16:19,24,8,2,1,35,data/cam3/cam3_20260107_081619.jpg
cam4,2026-01-07 15:16:20,61,14,0,1,76,data/cam4/cam4_20260107_081620.jpg
cam5,2026-01-07 15:16:20,28,28,5,3,64,data/cam5/cam5_20260107_081620.jpg
cam6,2026-01-07 15:16:21,36,7,4,1,48,data/cam6/cam6_20260107_081621.jpg
cam7,2026-01-07 15:16:22,25,12,8,1,46,data/cam7/cam7_20260107_081622.jpg
cam8,2026-01-07 15:16:23,31,14,3,1,49,data/cam8/cam8_20260107_081623.jpg
cam1,2026-01-07 15:21:17,38,17,1,1,57,data/cam1/cam1_20260107_082117.jpg
cam2,2026-01-07 15:21:18,21,6,0,0,27,data/cam2/cam2_20260107_082118.jpg
cam3,2026-01-07 15:21:19,34,5,3,2,44,data/cam3/cam3_20260107_082119.jpg
cam4,2026-01-07 15:21:20,36,8,2,0,46,data/cam4/cam4_20260107_082120.jpg
cam5,2026-01-07 15:21:20,20,32,3,2,57,data/cam5/cam5_20260107_082120.jpg
cam6,2026-01-07 15:21:22,49,10,1,1,61,data/cam6/cam6_20260107_082122.jpg
cam7,2026-01-07 15:21:23,31,15,6,5,57,data/cam7/cam7_20260107_082123.jpg
cam8,2026-01-07 15:21:24,33,20,1,2,56,data/cam8/cam8_20260107_082124.jpg
cam1,2026-01-07 15:26:17,21,19,0,2,42,data/cam1/cam1_20260107_082617.jpg
cam2,2026-01-07 15:26:26,18,4,0,0,22,data/cam2/cam2_20260107_082626.jpg
cam3,2026-01-07 15:26:27,25,5,1,0,31,data/cam3/cam3_20260107_082627.jpg
cam4,2026-01-07 15:26:28,60,15,0,1,76,data/cam4/cam4_20260107_082628.jpg
cam5,2026-01-07 15:26:28,13,33,0,2,48,data/cam5/cam5_20260107_082628.jpg
cam6,2026-01-07 15:26:29,46,9,0,0,55,data/cam6/cam6_20260107_082629.jpg
cam7,2026-01-07 15:26:30,28,10,6,1,45,data/cam7/cam7_20260107_082630.jpg
cam8,2026-01-07 15:26:31,19,15,0,4,38,data/cam8/cam8_20260107_082631.jpg
cam1,2026-01-07 16:39:27,40,29,0,1,70,data/cam1/cam1_20260107_093927.jpg
cam2,2026-01-07 16:39:31,35,5,0,0,40,data/cam2/cam2_20260107_093931.jpg
cam3,2026-01-07 16:39:33,42,8,1,1,52,data/cam3/cam3_20260107_093933.jpg
cam4,2026-01-07 16:39:38,31,5,0,0,36,data/cam4/cam4_20260107_093938.jpg
cam5,2026-01-07 16:39:40,30,33,1,2,66,data/cam5/cam5_20260107_093940.jpg
cam6,2026-01-07 16:39:42,50,12,0,2,64,data/cam6/cam6_20260107_093942.jpg
cam7,2026-01-07 16:39:46,45,11,1,2,59,data/cam7/cam7_20260107_093946.jpg
cam8,2026-01-07 16:39:50,39,18,0,1,58,data/cam8/cam8_20260107_093950.jpg
cam2,2026-01-07 16:44:40,22,8,0,1,31,data/cam2/cam2_20260107_094440.jpg
cam3,2026-01-07 16:44:46,34,6,2,0,42,data/cam3/cam3_20260107_094446.jpg
cam4,2026-01-07 16:44:50,57,15,0,1,73,data/cam4/cam4_20260107_094450.jpg
cam5,2026-01-07 16:44:52,27,32,1,1,61,data/cam5/cam5_20260107_094452.jpg
cam6,2026-01-07 16:44:53,76,7,1,0,84,data/cam6/cam6_20260107_094453.jpg
cam7,2026-01-07 16:44:54,30,12,1,1,44,data/cam7/cam7_20260107_094454.jpg
cam8,2026-01-07 16:44:55,30,19,1,1,51,data/cam8/cam8_20260107_094455.jpg
cam1,2026-01-07 16:49:27,50,30,0,3,83,data/cam1/cam1_20260107_094927.jpg
cam2,2026-01-07 16:49:28,15,4,0,0,19,data/cam2/cam2_20260107_094928.jpg
cam3,2026-01-07 16:49:28,36,9,1,0,46,data/cam3/cam3_20260107_094928.jpg
cam4,2026-01-07 16:49:29,52,15,0,1,68,data/cam4/cam4_20260107_094929.jpg
cam5,2026-01-07 16:49:29,46,29,0,3,78,data/cam5/cam5_20260107_094929.jpg
cam6,2026-01-07 16:49:30,100,8,0,0,108,data/cam6/cam6_20260107_094930.jpg
cam7,2026-01-07 16:49:30,44,20,1,1,66,data/cam7/cam7_20260107_094930.jpg
cam8,2026-01-07 16:49:31,32,26,0,2,60,data/cam8/cam8_20260107_094931.jpg
cam1,2026-01-07 16:54:27,45,30,0,1,76,data/cam1/cam1_20260107_095427.jpg
cam2,2026-01-07 16:54:28,22,2,0,0,24,data/cam2/cam2_20260107_095428.jpg
cam3,2026-01-07 16:54:29,46,4,2,0,52,data/cam3/cam3_20260107_095429.jpg
cam4,2026-01-07 16:54:29,60,5,1,0,66,data/cam4/cam4_20260107_095429.jpg
cam5,2026-01-07 16:54:30,58,38,1,2,99,data/cam5/cam5_20260107_095430.jpg
cam6,2026-01-07 16:54:30,54,5,1,0,60,data/cam6/cam6_20260107_095430.jpg
cam7,2026-01-07 16:54:32,47,9,1,1,58,data/cam7/cam7_20260107_095432.jpg
cam8,2026-01-07 16:54:33,48,14,0,1,63,data/cam8/cam8_20260107_095433.jpg
cam1,2026-01-07 16:59:27,70,39,2,3,114,data/cam1/cam1_20260107_095927.jpg
cam2,2026-01-07 16:59:28,53,11,0,0,64,data/cam2/cam2_20260107_095928.jpg
cam3,2026-01-07 16:59:28,46,6,1,1,54,data/cam3/cam3_20260107_095928.jpg
cam4,2026-01-07 16:59:29,76,11,0,0,87,data/cam4/cam4_20260107_095929.jpg
cam5,2026-01-07 16:59:29,47,10,0,1,58,data/cam5/cam5_20260107_095929.jpg
cam6,2026-01-07 16:59:30,54,2,0,1,57,data/cam6/cam6_20260107_095930.jpg
cam7,2026-01-07 16:59:30,38,9,1,0,48,data/cam7/cam7_20260107_095930.jpg
cam8,2026-01-07 16:59:31,61,11,1,0,73,data/cam8/cam8_20260107_095931.jpg
cam1,2026-01-07 17:04:27,94,38,1,1,134,data/cam1/cam1_20260107_100427.jpg
cam2,2026-01-07 17:04:28,51,11,0,2,64,data/cam2/cam2_20260107_100428.jpg
cam3,2026-01-07 17:04:28,48,8,1,0,57,data/cam3/cam3_20260107_100428.jpg
cam4,2026-01-07 17:04:29,68,15,0,0,83,data/cam4/cam4_20260107_100429.jpg
cam5,2026-01-07 17:04:29,46,32,0,0,78,data/cam5/cam5_20260107_100429.jpg
cam6,2026-01-07 17:04:30,56,6,0,0,62,data/cam6/cam6_20260107_100430.jpg
cam7,2026-01-07 17:04:30,53,3,0,0,56,data/cam7/cam7_20260107_100430.jpg
cam8,2026-01-07 17:04:30,36,25,0,1,62,data/cam8/cam8_20260107_100430.jpg
cam1,2026-01-07 17:09:27,57,39,1,1,98,data/cam1/cam1_20260107_100927.jpg
cam2,2026-01-07 17:09:28,38,5,0,0,43,data/cam2/cam2_20260107_100928.jpg
cam3,2026-01-07 17:09:28,48,10,1,2,61,data/cam3/cam3_20260107_100928.jpg
cam4,2026-01-07 17:09:29,56,10,1,0,67,data/cam4/cam4_20260107_100929.jpg
cam5,2026-01-07 17:09:29,39,29,0,0,68,data/cam5/cam5_20260107_100929.jpg
cam6,2026-01-07 17:09:30,35,9,0,0,44,data/cam6/cam6_20260107_100930.jpg
cam7,2026-01-07 17:09:30,59,8,0,0,67,data/cam7/cam7_20260107_100930.jpg
cam8,2026-01-07 17:09:31,20,15,1,0,36,data/cam8/cam8_20260107_100931.jpg
cam1,2026-01-07 17:14:27,69,18,0,4,91,data/cam1/cam1_20260107_101427.jpg
cam2,2026-01-07 17:14:28,19,1,0,0,20,data/cam2/cam2_20260107_101428.jpg
cam3,2026-01-07 17:14:28,41,9,1,2,53,data/cam3/cam3_20260107_101428.jpg
cam4,2026-01-07 17:14:29,52,14,0,1,67,data/cam4/cam4_20260107_101429.jpg
cam5,2026-01-07 17:14:29,56,33,0,0,89,data/cam5/cam5_20260107_101429.jpg
cam6,2026-01-07 17:14:30,66,4,0,1,71,data/cam6/cam6_20260107_101430.jpg
cam7,2026-01-07 17:14:30,58,11,0,0,69,data/cam7/cam7_20260107_101430.jpg
cam8,2026-01-07 17:14:31,51,11,0,2,64,data/cam8/cam8_20260107_101431.jpg
cam2,2026-01-07 17:19:40,48,5,0,0,53,data/cam2/cam2_20260107_101940.jpg
cam3,2026-01-07 17:19:40,42,9,2,1,54,data/cam3/cam3_20260107_101940.jpg
cam4,2026-01-07 17:19:41,45,11,0,4,60,data/cam4/cam4_20260107_101941.jpg
cam5,2026-01-07 17:19:41,42,21,1,4,68,data/cam5/cam5_20260107_101941.jpg
cam6,2026-01-07 17:19:42,41,1,3,4,49,data/cam6/cam6_20260107_101942.jpg
cam7,2026-01-07 17:19:43,15,11,0,1,27,data/cam7/cam7_20260107_101943.jpg
cam8,2026-01-07 17:19:43,51,17,0,1,69,data/cam8/cam8_20260107_101943.jpg
cam1,2026-01-07 17:24:27,53,29,0,1,83,data/cam1/cam1_20260107_102427.jpg
cam2,2026-01-07 17:24:28,26,7,0,1,34,data/cam2/cam2_20260107_102428.jpg
cam3,2026-01-07 17:24:28,43,13,1,0,57,data/cam3/cam3_20260107_102428.jpg
cam4,2026-01-07 17:24:29,57,11,0,1,69,data/cam4/cam4_20260107_102429.jpg
cam5,2026-01-07 17:24:29,57,23,1,3,84,data/cam5/cam5_20260107_102429.jpg
cam6,2026-01-07 17:24:30,60,5,0,1,66,data/cam6/cam6_20260107_102430.jpg
cam7,2026-01-07 17:24:31,42,13,2,1,58,data/cam7/cam7_20260107_102431.jpg
cam8,2026-01-07 17:24:31,47,7,3,3,60,data/cam8/cam8_20260107_102431.jpg
cam1,2026-01-07 17:29:27,57,50,1,1,109,data/cam1/cam1_20260107_102927.jpg
cam2,2026-01-07 17:29:28,22,5,0,1,28,data/cam2/cam2_20260107_102928.jpg
cam3,2026-01-07 17:29:28,34,13,3,1,51,data/cam3/cam3_20260107_102928.jpg
cam4,2026-01-07 17:29:29,51,8,0,3,62,data/cam4/cam4_20260107_102929.jpg
cam5,2026-01-07 17:29:29,52,45,0,2,99,data/cam5/cam5_20260107_102929.jpg
cam6,2026-01-07 17:29:30,64,7,1,0,72,data/cam6/cam6_20260107_102930.jpg
cam7,2026-01-07 17:29:30,34,18,0,4,56,data/cam7/cam7_20260107_102930.jpg
cam8,2026-01-07 17:29:31,47,14,0,2,63,data/cam8/cam8_20260107_102931.jpg
cam1,2026-01-07 17:34:27,32,33,0,1,66,data/cam1/cam1_20260107_103427.jpg
cam2,2026-01-07 17:34:28,32,4,0,3,39,data/cam2/cam2_20260107_103428.jpg
cam3,2026-01-07 17:34:28,42,13,2,2,59,data/cam3/cam3_20260107_103428.jpg
cam4,2026-01-07 17:34:29,67,9,0,0,76,data/cam4/cam4_20260107_103429.jpg
cam5,2026-01-07 17:34:29,75,18,0,2,95,data/cam5/cam5_20260107_103429.jpg
cam6,2026-01-07 17:34:30,47,7,0,1,55,data/cam6/cam6_20260107_103430.jpg
cam7,2026-01-07 17:34:30,17,4,1,2,24,data/cam7/cam7_20260107_103430.jpg
cam8,2026-01-07 17:34:31,79,16,0,1,96,data/cam8/cam8_20260107_103431.jpg
cam1,2026-01-07 17:39:27,68,39,0,2,109,data/cam1/cam1_20260107_103927.jpg
cam2,2026-01-07 17:39:28,60,4,0,1,65,data/cam2/cam2_20260107_103928.jpg
cam3,2026-01-07 17:39:29,36,20,1,0,57,data/cam3/cam3_20260107_103929.jpg
cam4,2026-01-07 17:39:29,55,11,0,1,67,data/cam4/cam4_20260107_103929.jpg
cam5,2026-01-07 17:39:30,46,22,0,0,68,data/cam5/cam5_20260107_103930.jpg
cam6,2026-01-07 17:39:30,45,4,0,0,49,data/cam6/cam6_20260107_103930.jpg
cam7,2026-01-07 17:39:31,37,18,0,0,55,data/cam7/cam7_20260107_103931.jpg
cam8,2026-01-07 17:39:31,48,8,0,0,56,data/cam8/cam8_20260107_103931.jpg
cam1,2026-01-07 17:44:27,59,37,0,1,97,data/cam1/cam1_20260107_104427.jpg
cam2,2026-01-07 17:44:28,50,5,0,0,55,data/cam2/cam2_20260107_104428.jpg
cam3,2026-01-07 17:44:28,41,6,3,2,52,data/cam3/cam3_20260107_104428.jpg
cam4,2026-01-07 17:44:29,52,8,0,1,61,data/cam4/cam4_20260107_104429.jpg
cam5,2026-01-07 17:44:29,85,17,0,2,104,data/cam5/cam5_20260107_104429.jpg
cam6,2026-01-07 17:44:30,46,4,0,0,50,data/cam6/cam6_20260107_104430.jpg
cam7,2026-01-07 17:44:30,28,12,0,3,43,data/cam7/cam7_20260107_104430.jpg
cam8,2026-01-07 17:44:31,52,19,0,0,71,data/cam8/cam8_20260107_104431.jpg
cam1,2026-01-07 17:49:27,37,33,0,2,72,data/cam1/cam1_20260107_104927.jpg
cam2,2026-01-07 17:49:28,29,0,0,1,30,data/cam2/cam2_20260107_104928.jpg
cam3,2026-01-07 17:49:28,29,17,2,0,48,data/cam3/cam3_20260107_104928.jpg
cam4,2026-01-07 17:49:29,63,10,1,1,75,data/cam4/cam4_20260107_104929.jpg
cam5,2026-01-07 17:49:29,26,21,0,3,50,data/cam5/cam5_20260107_104929.jpg
cam6,2026-01-07 17:49:29,68,4,0,0,72,data/cam6/cam6_20260107_104929.jpg
cam7,2026-01-07 17:49:30,22,10,0,0,32,data/cam7/cam7_20260107_104930.jpg
cam8,2026-01-07 17:49:31,39,21,0,1,61,data/cam8/cam8_20260107_104931.jpg
cam1,2026-01-07 17:54:27,40,36,0,8,84,data/cam1/cam1_20260107_105427.jpg
cam2,2026-01-07 17:54:28,30,4,0,1,35,data/cam2/cam2_20260107_105428.jpg
cam3,2026-01-07 17:54:28,43,14,0,2,59,data/cam3/cam3_20260107_105428.jpg
cam4,2026-01-07 17:54:29,40,9,1,1,51,data/cam4/cam4_20260107_105429.jpg
cam5,2026-01-07 17:54:29,40,23,0,1,64,data/cam5/cam5_20260107_105429.jpg
cam6,2026-01-07 17:54:30,36,7,0,1,44,data/cam6/cam6_20260107_105430.jpg
cam7,2026-01-07 17:54:30,53,8,0,0,61,data/cam7/cam7_20260107_105430.jpg
cam8,2026-01-07 17:54:30,30,6,1,2,39,data/cam8/cam8_20260107_105430.jpg
cam1,2026-01-07 17:59:27,47,28,1,3,79,data/cam1/cam1_20260107_105927.jpg
cam2,2026-01-07 17:59:28,46,7,0,0,53,data/cam2/cam2_20260107_105928.jpg
cam3,2026-01-07 17:59:28,35,4,0,1,40,data/cam3/cam3_20260107_105928.jpg
cam4,2026-01-07 17:59:29,53,7,0,1,61,data/cam4/cam4_20260107_105929.jpg
cam5,2026-01-07 17:59:30,40,27,0,1,68,data/cam5/cam5_20260107_105930.jpg
cam6,2026-01-07 17:59:30,56,4,0,1,61,data/cam6/cam6_20260107_105930.jpg
cam7,2026-01-07 17:59:30,23,8,0,3,34,data/cam7/cam7_20260107_105930.jpg
cam8,2026-01-07 17:59:31,52,11,0,0,63,data/cam8/cam8_20260107_105931.jpg
cam1,2026-01-07 18:04:27,33,19,1,0,53,data/cam1/cam1_20260107_110427.jpg
cam2,2026-01-07 18:04:28,41,9,0,0,50,data/cam2/cam2_20260107_110428.jpg
cam3,2026-01-07 18:04:28,47,5,1,0,53,data/cam3/cam3_20260107_110428.jpg
cam4,2026-01-07 18:04:29,52,7,0,1,60,data/cam4/cam4_20260107_110429.jpg
cam5,2026-01-07 18:04:29,35,15,0,1,51,data/cam5/cam5_20260107_110429.jpg
cam6,2026-01-07 18:04:30,54,4,0,0,58,data/cam6/cam6_20260107_110430.jpg
cam7,2026-01-07 18:04:30,43,8,0,0,51,data/cam7/cam7_20260107_110430.jpg
cam8,2026-01-07 18:04:31,34,12,0,2,48,data/cam8/cam8_20260107_110431.jpg
cam1,2026-01-07 18:09:27,30,15,0,0,45,data/cam1/cam1_20260107_110927.jpg
cam2,2026-01-07 18:09:28,34,0,0,0,34,data/cam2/cam2_20260107_110928.jpg
cam3,2026-01-07 18:09:28,42,4,0,0,46,data/cam3/cam3_20260107_110928.jpg
cam4,2026-01-07 18:09:29,34,6,0,2,42,data/cam4/cam4_20260107_110929.jpg
cam5,2026-01-07 18:09:29,21,5,0,2,28,data/cam5/cam5_20260107_110929.jpg
cam6,2026-01-07 18:09:30,55,6,1,0,62,data/cam6/cam6_20260107_110930.jpg
cam7,2026-01-07 18:09:30,28,4,0,1,33,data/cam7/cam7_20260107_110930.jpg
cam8,2026-01-07 18:09:31,31,9,1,1,42,data/cam8/cam8_20260107_110931.jpg
cam1,2026-01-07 18:14:27,64,26,0,0,90,data/cam1/cam1_20260107_111427.jpg
cam2,2026-01-07 18:14:28,49,4,0,1,54,data/cam2/cam2_20260107_111428.jpg
cam3,2026-01-07 18:14:28,27,6,0,0,33,data/cam3/cam3_20260107_111428.jpg
cam4,2026-01-07 18:14:29,51,2,0,1,54,data/cam4/cam4_20260107_111429.jpg
cam5,2026-01-07 18:14:29,36,12,0,0,48,data/cam5/cam5_20260107_111429.jpg
cam6,2026-01-07 18:14:30,60,11,0,1,72,data/cam6/cam6_20260107_111430.jpg
cam7,2026-01-07 18:14:30,33,12,0,1,46,data/cam7/cam7_20260107_111430.jpg
cam8,2026-01-07 18:14:31,45,16,0,0,61,data/cam8/cam8_20260107_111431.jpg
cam1,2026-01-07 18:19:27,31,11,0,1,43,data/cam1/cam1_20260107_111927.jpg
cam2,2026-01-07 18:19:29,40,4,0,0,44,data/cam2/cam2_20260107_111929.jpg
cam3,2026-01-07 18:19:30,41,3,0,0,44,data/cam3/cam3_20260107_111930.jpg
cam4,2026-01-07 18:19:31,39,10,0,2,51,data/cam4/cam4_20260107_111931.jpg
cam5,2026-01-07 18:19:31,34,23,0,0,57,data/cam5/cam5_20260107_111931.jpg
cam6,2026-01-07 18:19:32,56,6,0,0,62,data/cam6/cam6_20260107_111932.jpg
cam7,2026-01-07 18:19:32,12,3,0,3,18,data/cam7/cam7_20260107_111932.jpg
cam8,2026-01-07 18:19:33,12,21,0,0,33,data/cam8/cam8_20260107_111933.jpg
cam1,2026-01-07 18:24:27,39,14,0,1,54,data/cam1/cam1_20260107_112427.jpg
cam2,2026-01-07 18:24:28,33,7,1,0,41,data/cam2/cam2_20260107_112428.jpg
cam3,2026-01-07 18:24:28,40,7,0,0,47,data/cam3/cam3_20260107_112428.jpg
cam4,2026-01-07 18:24:29,40,3,0,0,43,data/cam4/cam4_20260107_112429.jpg
cam5,2026-01-07 18:24:29,25,20,0,1,46,data/cam5/cam5_20260107_112429.jpg
cam6,2026-01-07 18:24:30,29,5,0,1,35,data/cam6/cam6_20260107_112430.jpg
cam7,2026-01-07 18:24:30,28,4,0,1,33,data/cam7/cam7_20260107_112430.jpg
cam8,2026-01-07 18:24:31,13,15,0,1,29,data/cam8/cam8_20260107_112431.jpg
cam1,2026-01-07 18:29:27,35,15,0,1,51,data/cam1/cam1_20260107_112927.jpg
cam2,2026-01-07 18:29:28,21,1,0,0,22,data/cam2/cam2_20260107_112928.jpg
cam3,2026-01-07 18:29:29,27,1,0,0,28,data/cam3/cam3_20260107_112929.jpg
cam4,2026-01-07 18:29:29,59,8,0,1,68,data/cam4/cam4_20260107_112929.jpg
cam5,2026-01-07 18:29:30,26,17,0,0,43,data/cam5/cam5_20260107_112930.jpg
cam6,2026-01-07 18:29:30,68,2,0,0,70,data/cam6/cam6_20260107_112930.jpg
cam7,2026-01-07 18:29:31,26,2,1,4,33,data/cam7/cam7_20260107_112931.jpg
cam8,2026-01-07 18:29:31,46,14,0,0,60,data/cam8/cam8_20260107_112931.jpg
cam1,2026-01-07 18:34:27,34,33,0,1,68,data/cam1/cam1_20260107_113427.jpg
cam2,2026-01-07 18:34:28,40,5,0,0,45,data/cam2/cam2_20260107_113428.jpg
cam3,2026-01-07 18:34:28,25,5,0,3,33,data/cam3/cam3_20260107_113428.jpg
cam4,2026-01-07 18:34:29,40,7,0,2,49,data/cam4/cam4_20260107_113429.jpg
cam5,2026-01-07 18:34:29,26,9,0,0,35,data/cam5/cam5_20260107_113429.jpg
cam6,2026-01-07 18:34:30,47,5,0,0,52,data/cam6/cam6_20260107_113430.jpg
cam7,2026-01-07 18:34:30,28,3,0,0,31,data/cam7/cam7_20260107_113430.jpg
cam8,2026-01-07 18:34:31,41,12,0,1,54,data/cam8/cam8_20260107_113431.jpg
cam1,2026-01-07 18:39:27,47,16,0,0,63,data/cam1/cam1_20260107_113927.jpg
cam2,2026-01-07 18:39:28,38,8,0,0,46,data/cam2/cam2_20260107_113928.jpg
cam3,2026-01-07 18:39:28,26,8,0,0,34,data/cam3/cam3_20260107_113928.jpg
cam4,2026-01-07 18:39:29,37,9,1,0,47,data/cam4/cam4_20260107_113929.jpg
cam5,2026-01-07 18:39:29,18,22,0,0,40,data/cam5/cam5_20260107_113929.jpg
cam6,2026-01-07 18:39:30,45,9,0,0,54,data/cam6/cam6_20260107_113930.jpg
cam7,2026-01-07 18:39:30,31,5,1,0,37,data/cam7/cam7_20260107_113930.jpg
cam8,2026-01-07 18:39:31,24,9,0,1,34,data/cam8/cam8_20260107_113931.jpg
cam1,2026-01-07 18:44:27,13,12,0,0,25,data/cam1/cam1_20260107_114427.jpg
cam2,2026-01-07 18:44:28,33,5,0,0,38,data/cam2/cam2_20260107_114428.jpg
cam3,2026-01-07 18:44:28,39,3,0,0,42,data/cam3/cam3_20260107_114428.jpg
cam4,2026-01-07 18:44:29,28,7,0,1,36,data/cam4/cam4_20260107_114429.jpg
cam5,2026-01-07 18:44:29,31,28,0,0,59,data/cam5/cam5_20260107_114429.jpg
cam6,2026-01-07 18:44:29,48,10,0,0,58,data/cam6/cam6_20260107_114429.jpg
cam7,2026-01-07 18:44:30,41,5,0,2,48,data/cam7/cam7_20260107_114430.jpg
cam8,2026-01-07 18:44:30,26,4,0,1,31,data/cam8/cam8_20260107_114430.jpg
cam1,2026-01-07 18:49:27,31,23,0,3,57,data/cam1/cam1_20260107_114927.jpg
cam2,2026-01-07 18:49:28,18,1,0,0,19,data/cam2/cam2_20260107_114928.jpg
cam3,2026-01-07 18:49:28,32,4,0,0,36,data/cam3/cam3_20260107_114928.jpg
cam4,2026-01-07 18:49:29,49,0,0,0,49,data/cam4/cam4_20260107_114929.jpg
cam5,2026-01-07 18:49:29,18,19,0,0,37,data/cam5/cam5_20260107_114929.jpg
cam6,2026-01-07 18:49:30,66,1,0,0,67,data/cam6/cam6_20260107_114930.jpg
cam7,2026-01-07 18:49:30,19,1,0,1,21,data/cam7/cam7_20260107_114930.jpg
cam8,2026-01-07 18:49:32,45,5,0,0,50,data/cam8/cam8_20260107_114932.jpg
cam1,2026-01-07 18:54:27,38,12,0,0,50,data/cam1/cam1_20260107_115427.jpg
cam2,2026-01-07 18:54:28,16,3,0,0,19,data/cam2/cam2_20260107_115428.jpg
cam3,2026-01-07 18:54:28,19,2,0,2,23,data/cam3/cam3_20260107_115428.jpg
cam4,2026-01-07 18:54:29,56,3,0,0,59,data/cam4/cam4_20260107_115429.jpg
cam5,2026-01-07 18:54:29,5,15,0,2,22,data/cam5/cam5_20260107_115429.jpg
cam6,2026-01-07 18:54:30,31,9,1,1,42,data/cam6/cam6_20260107_115430.jpg
cam7,2026-01-07 18:54:30,35,3,0,0,38,data/cam7/cam7_20260107_115430.jpg
cam8,2026-01-07 18:54:31,36,7,0,0,43,data/cam8/cam8_20260107_115431.jpg
cam1,2026-01-07 18:59:27,37,20,0,2,59,data/cam1/cam1_20260107_115927.jpg
cam2,2026-01-07 18:59:28,22,2,0,0,24,data/cam2/cam2_20260107_115928.jpg
cam3,2026-01-07 18:59:28,36,5,0,0,41,data/cam3/cam3_20260107_115928.jpg
cam4,2026-01-07 18:59:29,45,13,3,0,61,data/cam4/cam4_20260107_115929.jpg
cam5,2026-01-07 18:59:29,25,19,0,1,45,data/cam5/cam5_20260107_115929.jpg
cam6,2026-01-07 18:59:30,24,1,1,0,26,data/cam6/cam6_20260107_115930.jpg
cam7,2026-01-07 18:59:30,40,7,0,0,47,data/cam7/cam7_20260107_115930.jpg
cam8,2026-01-07 18:59:31,41,11,0,3,55,data/cam8/cam8_20260107_115931.jpg
cam1,2026-01-07 19:04:27,59,10,0,1,70,data/cam1/cam1_20260107_120427.jpg
cam2,2026-01-07 19:04:28,33,0,0,0,33,data/cam2/cam2_20260107_120428.jpg
cam3,2026-01-07 19:04:29,38,7,0,0,45,data/cam3/cam3_20260107_120429.jpg
cam4,2026-01-07 19:04:29,32,4,0,0,36,data/cam4/cam4_20260107_120429.jpg
cam5,2026-01-07 19:04:30,36,18,0,1,55,data/cam5/cam5_20260107_120430.jpg
cam6,2026-01-07 19:04:30,28,4,1,0,33,data/cam6/cam6_20260107_120430.jpg
cam7,2026-01-07 19:04:31,43,7,0,1,51,data/cam7/cam7_20260107_120431.jpg
cam8,2026-01-07 19:04:31,51,9,0,2,62,data/cam8/cam8_20260107_120431.jpg
cam1,2026-01-07 19:09:27,43,11,0,0,54,data/cam1/cam1_20260107_120927.jpg
cam2,2026-01-07 19:09:28,29,8,0,0,37,data/cam2/cam2_20260107_120928.jpg
cam3,2026-01-07 19:09:28,23,6,1,0,30,data/cam3/cam3_20260107_120928.jpg
cam4,2026-01-07 19:09:29,44,6,0,0,50,data/cam4/cam4_20260107_120929.jpg
cam5,2026-01-07 19:09:29,33,9,0,0,42,data/cam5/cam5_20260107_120929.jpg
cam6,2026-01-07 19:09:30,50,2,1,2,55,data/cam6/cam6_20260107_120930.jpg
cam7,2026-01-07 19:09:30,37,7,0,4,48,data/cam7/cam7_20260107_120930.jpg
cam8,2026-01-07 19:09:31,31,14,0,0,45,data/cam8/cam8_20260107_120931.jpg
cam1,2026-01-07 19:14:27,45,14,0,1,60,data/cam1/cam1_20260107_121427.jpg
cam2,2026-01-07 19:14:28,34,4,1,0,39,data/cam2/cam2_20260107_121428.jpg
cam3,2026-01-07 19:14:28,31,8,0,0,39,data/cam3/cam3_20260107_121428.jpg
cam4,2026-01-07 19:14:29,32,6,0,1,39,data/cam4/cam4_20260107_121429.jpg
cam5,2026-01-07 19:14:29,12,8,0,0,20,data/cam5/cam5_20260107_121429.jpg
cam6,2026-01-07 19:14:30,62,2,0,0,64,data/cam6/cam6_20260107_121430.jpg
cam7,2026-01-07 19:14:30,32,7,0,0,39,data/cam7/cam7_20260107_121430.jpg
cam8,2026-01-07 19:14:31,38,8,0,0,46,data/cam8/cam8_20260107_121431.jpg
cam1,2026-01-07 19:19:27,18,14,0,0,32,data/cam1/cam1_20260107_121927.jpg
cam2,2026-01-07 19:19:28,28,3,0,0,31,data/cam2/cam2_20260107_121928.jpg
cam3,2026-01-07 19:19:28,27,9,0,0,36,data/cam3/cam3_20260107_121928.jpg
cam4,2026-01-07 19:19:29,43,5,0,0,48,data/cam4/cam4_20260107_121929.jpg
cam5,2026-01-07 19:19:29,31,12,1,0,44,data/cam5/cam5_20260107_121929.jpg
cam6,2026-01-07 19:19:29,47,1,0,0,48,data/cam6/cam6_20260107_121929.jpg
cam7,2026-01-07 19:19:30,40,5,0,1,46,data/cam7/cam7_20260107_121930.jpg
cam8,2026-01-07 19:19:30,35,7,1,2,45,data/cam8/cam8_20260107_121930.jpg
cam1,2026-01-07 19:24:27,33,17,0,1,51,data/cam1/cam1_20260107_122427.jpg
cam2,2026-01-07 19:24:28,15,6,0,0,21,data/cam2/cam2_20260107_122428.jpg
cam3,2026-01-07 19:24:28,28,4,0,0,32,data/cam3/cam3_20260107_122428.jpg
cam4,2026-01-07 19:24:29,26,5,0,1,32,data/cam4/cam4_20260107_122429.jpg
cam5,2026-01-07 19:24:29,22,14,0,0,36,data/cam5/cam5_20260107_122429.jpg
cam6,2026-01-07 19:24:30,44,4,0,0,48,data/cam6/cam6_20260107_122430.jpg
cam7,2026-01-07 19:24:30,37,9,0,2,48,data/cam7/cam7_20260107_122430.jpg
cam8,2026-01-07 19:24:31,34,10,0,1,45,data/cam8/cam8_20260107_122431.jpg
cam1,2026-01-07 19:29:27,28,22,1,0,51,data/cam1/cam1_20260107_122927.jpg
cam2,2026-01-07 19:29:28,21,3,0,0,24,data/cam2/cam2_20260107_122928.jpg
cam3,2026-01-07 19:29:28,28,4,0,0,32,data/cam3/cam3_20260107_122928.jpg
cam4,2026-01-07 19:29:29,43,7,0,0,50,data/cam4/cam4_20260107_122929.jpg
cam5,2026-01-07 19:29:29,30,17,0,1,48,data/cam5/cam5_20260107_122929.jpg
cam6,2026-01-07 19:29:30,17,0,0,0,17,data/cam6/cam6_20260107_122930.jpg
cam7,2026-01-07 19:29:30,31,3,0,0,34,data/cam7/cam7_20260107_122930.jpg
cam8,2026-01-07 19:29:31,28,13,0,0,41,data/cam8/cam8_20260107_122931.jpg
cam1,2026-01-07 19:34:27,32,16,0,0,48,data/cam1/cam1_20260107_123427.jpg
cam2,2026-01-07 19:34:28,19,2,0,0,21,data/cam2/cam2_20260107_123428.jpg
cam3,2026-01-07 19:34:28,24,2,0,1,27,data/cam3/cam3_20260107_123428.jpg
cam4,2026-01-07 19:34:29,47,2,0,0,49,data/cam4/cam4_20260107_123429.jpg
cam5,2026-01-07 19:34:29,14,14,0,1,29,data/cam5/cam5_20260107_123429.jpg
cam6,2026-01-07 19:34:30,67,3,0,0,70,data/cam6/cam6_20260107_123430.jpg
cam7,2026-01-07 19:34:30,56,6,0,2,64,data/cam7/cam7_20260107_123430.jpg
cam8,2026-01-07 19:34:30,30,6,0,0,36,data/cam8/cam8_20260107_123430.jpg
cam1,2026-01-07 19:41:14,20,10,1,3,34,data/cam1/cam1_20260107_124114.jpg
cam2,2026-01-07 19:41:14,36,5,0,0,41,data/cam2/cam2_20260107_124114.jpg
cam3,2026-01-07 19:41:15,22,3,0,1,26,data/cam3/cam3_20260107_124115.jpg
cam4,2026-01-07 19:41:16,53,9,1,0,63,data/cam4/cam4_20260107_124116.jpg
cam5,2026-01-07 19:41:17,20,13,0,1,34,data/cam5/cam5_20260107_124117.jpg
cam6,2026-01-07 19:41:18,20,4,1,1,26,data/cam6/cam6_20260107_124118.jpg
cam7,2026-01-07 19:41:19,29,2,1,0,32,data/cam7/cam7_20260107_124119.jpg
cam8,2026-01-07 19:41:19,26,14,0,1,41,data/cam8/cam8_20260107_124119.jpg
cam1,2026-01-07 19:46:14,28,13,0,1,42,data/cam1/cam1_20260107_124614.jpg
cam2,2026-01-07 19:46:14,27,2,0,0,29,data/cam2/cam2_20260107_124614.jpg
cam3,2026-01-07 19:46:15,24,5,0,0,29,data/cam3/cam3_20260107_124615.jpg
cam4,2026-01-07 19:46:15,29,6,0,0,35,data/cam4/cam4_20260107_124615.jpg
cam5,2026-01-07 19:46:16,14,19,0,0,33,data/cam5/cam5_20260107_124616.jpg
cam6,2026-01-07 19:46:16,45,1,0,1,47,data/cam6/cam6_20260107_124616.jpg
cam7,2026-01-07 19:46:17,19,0,0,0,19,data/cam7/cam7_20260107_124617.jpg
cam8,2026-01-07 19:46:17,19,7,0,0,26,data/cam8/cam8_20260107_124617.jpg
cam1,2026-01-07 19:51:14,63,9,0,0,72,data/cam1/cam1_20260107_125114.jpg
cam2,2026-01-07 19:51:14,31,1,0,0,32,data/cam2/cam2_20260107_125114.jpg
cam3,2026-01-07 19:51:15,27,1,0,2,30,data/cam3/cam3_20260107_125115.jpg
cam4,2026-01-07 19:51:16,39,2,0,0,41,data/cam4/cam4_20260107_125116.jpg
cam5,2026-01-07 19:51:17,18,8,0,0,26,data/cam5/cam5_20260107_125117.jpg
cam6,2026-01-07 19:51:17,59,2,0,0,61,data/cam6/cam6_20260107_125117.jpg
cam7,2026-01-07 19:51:18,24,0,0,0,24,data/cam7/cam7_20260107_125118.jpg
cam8,2026-01-07 19:51:18,21,8,0,0,29,data/cam8/cam8_20260107_125118.jpg
cam1,2026-01-07 19:56:14,17,12,0,0,29,data/cam1/cam1_20260107_125614.jpg
cam2,2026-01-07 19:56:14,44,5,0,1,50,data/cam2/cam2_20260107_125614.jpg
cam3,2026-01-07 19:56:15,29,4,0,0,33,data/cam3/cam3_20260107_125615.jpg
cam4,2026-01-07 19:56:15,40,7,0,1,48,data/cam4/cam4_20260107_125615.jpg
cam5,2026-01-07 19:56:16,20,12,0,0,32,data/cam5/cam5_20260107_125616.jpg
cam6,2026-01-07 19:56:16,45,4,0,0,49,data/cam6/cam6_20260107_125616.jpg
cam7,2026-01-07 19:56:17,21,0,0,0,21,data/cam7/cam7_20260107_125617.jpg
cam8,2026-01-07 19:56:18,35,13,0,1,49,data/cam8/cam8_20260107_125618.jpg
cam1,2026-01-07 20:01:14,36,10,1,0,47,data/cam1/cam1_20260107_130114.jpg
cam2,2026-01-07 20:01:14,21,8,0,0,29,data/cam2/cam2_20260107_130114.jpg
cam3,2026-01-07 20:01:15,28,5,0,1,34,data/cam3/cam3_20260107_130115.jpg
cam4,2026-01-07 20:01:16,25,8,0,0,33,data/cam4/cam4_20260107_130116.jpg
cam5,2026-01-07 20:01:16,19,13,0,0,32,data/cam5/cam5_20260107_130116.jpg
cam6,2026-01-07 20:01:17,37,7,1,0,45,data/cam6/cam6_20260107_130117.jpg
cam7,2026-01-07 20:01:17,9,0,1,0,10,data/cam7/cam7_20260107_130117.jpg
cam8,2026-01-07 20:01:18,22,7,0,0,29,data/cam8/cam8_20260107_130118.jpg
cam1,2026-01-07 20:06:14,46,13,0,0,59,data/cam1/cam1_20260107_130614.jpg
cam2,2026-01-07 20:06:14,16,4,0,0,20,data/cam2/cam2_20260107_130614.jpg
cam3,2026-01-07 20:06:15,34,3,0,2,39,data/cam3/cam3_20260107_130615.jpg
cam4,2026-01-07 20:06:15,39,7,1,1,48,data/cam4/cam4_20260107_130615.jpg
cam5,2026-01-07 20:06:16,20,15,0,0,35,data/cam5/cam5_20260107_130616.jpg
cam6,2026-01-07 20:06:16,35,3,1,0,39,data/cam6/cam6_20260107_130616.jpg
cam7,2026-01-07 20:06:17,31,3,1,1,36,data/cam7/cam7_20260107_130617.jpg
cam8,2026-01-07 20:06:17,29,11,0,0,40,data/cam8/cam8_20260107_130617.jpg
cam1,2026-01-07 20:11:14,30,20,0,1,51,data/cam1/cam1_20260107_131114.jpg
cam2,2026-01-07 20:11:14,17,4,0,0,21,data/cam2/cam2_20260107_131114.jpg
cam3,2026-01-07 20:11:15,40,2,1,1,44,data/cam3/cam3_20260107_131115.jpg
cam4,2026-01-07 20:11:16,41,1,1,0,43,data/cam4/cam4_20260107_131116.jpg
cam5,2026-01-07 20:11:17,33,15,0,0,48,data/cam5/cam5_20260107_131117.jpg
cam6,2026-01-07 20:11:17,60,0,1,0,61,data/cam6/cam6_20260107_131117.jpg
cam7,2026-01-07 20:11:18,22,3,0,1,26,data/cam7/cam7_20260107_131118.jpg
cam8,2026-01-07 20:11:19,23,9,1,0,33,data/cam8/cam8_20260107_131119.jpg
cam1,2026-01-07 20:16:14,25,8,0,0,33,data/cam1/cam1_20260107_131614.jpg
cam2,2026-01-07 20:16:14,31,2,0,0,33,data/cam2/cam2_20260107_131614.jpg
cam3,2026-01-07 20:16:15,37,4,0,0,41,data/cam3/cam3_20260107_131615.jpg
cam4,2026-01-07 20:16:16,32,2,3,0,37,data/cam4/cam4_20260107_131616.jpg
cam5,2026-01-07 20:16:16,38,15,0,0,53,data/cam5/cam5_20260107_131616.jpg
cam6,2026-01-07 20:16:16,24,6,3,0,33,data/cam6/cam6_20260107_131616.jpg
cam7,2026-01-07 20:16:17,28,8,1,1,38,data/cam7/cam7_20260107_131617.jpg
cam8,2026-01-07 20:16:17,37,3,1,0,41,data/cam8/cam8_20260107_131617.jpg
cam1,2026-01-07 20:21:14,22,12,1,0,35,data/cam1/cam1_20260107_132114.jpg
cam2,2026-01-07 20:21:14,26,3,0,1,30,data/cam2/cam2_20260107_132114.jpg
cam3,2026-01-07 20:21:15,25,5,0,1,31,data/cam3/cam3_20260107_132115.jpg
cam4,2026-01-07 20:21:16,56,7,2,0,65,data/cam4/cam4_20260107_132116.jpg
cam5,2026-01-07 20:21:16,26,16,0,0,42,data/cam5/cam5_20260107_132116.jpg
cam6,2026-01-07 20:21:17,36,5,0,1,42,data/cam6/cam6_20260107_132117.jpg
cam7,2026-01-07 20:21:17,47,0,3,1,51,data/cam7/cam7_20260107_132117.jpg
cam8,2026-01-07 20:21:18,33,14,0,0,47,data/cam8/cam8_20260107_132118.jpg
cam1,2026-01-07 20:26:14,40,15,1,1,57,data/cam1/cam1_20260107_132614.jpg
cam2,2026-01-07 20:26:14,17,2,0,1,20,data/cam2/cam2_20260107_132614.jpg
cam3,2026-01-07 20:26:15,29,2,2,1,34,data/cam3/cam3_20260107_132615.jpg
cam4,2026-01-07 20:26:16,30,3,0,1,34,data/cam4/cam4_20260107_132616.jpg
cam5,2026-01-07 20:26:16,4,20,0,1,25,data/cam5/cam5_20260107_132616.jpg
cam6,2026-01-07 20:26:17,33,4,1,0,38,data/cam6/cam6_20260107_132617.jpg
cam7,2026-01-07 20:26:17,36,6,1,1,44,data/cam7/cam7_20260107_132617.jpg
cam8,2026-01-07 20:26:18,31,10,0,0,41,data/cam8/cam8_20260107_132618.jpg
cam1,2026-01-07 20:31:14,21,17,0,0,38,data/cam1/cam1_20260107_133114.jpg
cam2,2026-01-07 20:31:15,16,7,0,0,23,data/cam2/cam2_20260107_133115.jpg
cam3,2026-01-07 20:31:15,24,4,0,0,28,data/cam3/cam3_20260107_133115.jpg
cam4,2026-01-07 20:31:16,21,9,0,2,32,data/cam4/cam4_20260107_133116.jpg
cam5,2026-01-07 20:31:17,6,17,0,0,23,data/cam5/cam5_20260107_133117.jpg
cam6,2026-01-07 20:31:20,57,6,3,2,68,data/cam6/cam6_20260107_133120.jpg
cam7,2026-01-07 20:31:22,42,3,0,2,47,data/cam7/cam7_20260107_133122.jpg
cam8,2026-01-07 20:31:24,11,10,1,1,23,data/cam8/cam8_20260107_133124.jpg
cam1,2026-01-07 20:36:14,55,13,0,0,68,data/cam1/cam1_20260107_133614.jpg
cam2,2026-01-07 20:36:14,28,2,1,0,31,data/cam2/cam2_20260107_133614.jpg
cam3,2026-01-07 20:36:15,22,6,0,0,28,data/cam3/cam3_20260107_133615.jpg
cam4,2026-01-07 20:36:15,32,8,0,0,40,data/cam4/cam4_20260107_133615.jpg
cam5,2026-01-07 20:36:16,4,14,0,1,19,data/cam5/cam5_20260107_133616.jpg
cam6,2026-01-07 20:36:16,33,2,1,0,36,data/cam6/cam6_20260107_133616.jpg
cam7,2026-01-07 20:36:17,28,5,0,0,33,data/cam7/cam7_20260107_133617.jpg
cam8,2026-01-07 20:36:17,24,6,0,1,31,data/cam8/cam8_20260107_133617.jpg
cam1,2026-01-07 20:41:14,29,6,1,1,37,data/cam1/cam1_20260107_134114.jpg
cam2,2026-01-07 20:41:15,18,1,0,0,19,data/cam2/cam2_20260107_134115.jpg
cam3,2026-01-07 20:41:15,23,5,2,1,31,data/cam3/cam3_20260107_134115.jpg
cam4,2026-01-07 20:41:16,35,1,0,0,36,data/cam4/cam4_20260107_134116.jpg
cam5,2026-01-07 20:41:17,3,12,0,1,16,data/cam5/cam5_20260107_134117.jpg
cam6,2026-01-07 20:41:17,44,7,2,0,53,data/cam6/cam6_20260107_134117.jpg
cam7,2026-01-07 20:41:18,16,0,0,0,16,data/cam7/cam7_20260107_134118.jpg
cam8,2026-01-07 20:41:18,25,12,0,0,37,data/cam8/cam8_20260107_134118.jpg
cam1,2026-01-07 20:46:14,29,16,0,0,45,data/cam1/cam1_20260107_134614.jpg
cam2,2026-01-07 20:46:14,11,3,0,0,14,data/cam2/cam2_20260107_134614.jpg
cam3,2026-01-07 20:46:15,36,3,0,0,39,data/cam3/cam3_20260107_134615.jpg
cam4,2026-01-07 20:46:15,27,6,1,1,35,data/cam4/cam4_20260107_134615.jpg
cam5,2026-01-07 20:46:16,7,7,0,2,16,data/cam5/cam5_20260107_134616.jpg
cam6,2026-01-07 20:46:16,25,3,0,0,28,data/cam6/cam6_20260107_134616.jpg
cam7,2026-01-07 20:46:17,21,4,1,1,27,data/cam7/cam7_20260107_134617.jpg
cam8,2026-01-07 20:46:17,26,5,0,0,31,data/cam8/cam8_20260107_134617.jpg
cam1,2026-01-07 20:51:14,42,11,0,0,53,data/cam1/cam1_20260107_135114.jpg
cam2,2026-01-07 20:51:14,29,5,1,0,35,data/cam2/cam2_20260107_135114.jpg
cam3,2026-01-07 20:51:15,20,1,0,0,21,data/cam3/cam3_20260107_135115.jpg
cam4,2026-01-07 20:51:16,39,6,1,0,46,data/cam4/cam4_20260107_135116.jpg
cam5,2026-01-07 20:51:17,7,13,0,1,21,data/cam5/cam5_20260107_135117.jpg
cam6,2026-01-07 20:51:17,30,0,0,1,31,data/cam6/cam6_20260107_135117.jpg
cam7,2026-01-07 20:51:18,29,0,0,0,29,data/cam7/cam7_20260107_135118.jpg
cam8,2026-01-07 20:51:18,14,9,1,0,24,data/cam8/cam8_20260107_135118.jpg
cam1,2026-01-07 20:56:14,24,11,1,1,37,data/cam1/cam1_20260107_135614.jpg
cam2,2026-01-07 20:56:14,17,4,0,0,21,data/cam2/cam2_20260107_135614.jpg
cam3,2026-01-07 20:56:15,26,5,0,0,31,data/cam3/cam3_20260107_135615.jpg
cam4,2026-01-07 20:56:15,35,9,0,0,44,data/cam4/cam4_20260107_135615.jpg
cam5,2026-01-07 20:56:16,14,15,0,2,31,data/cam5/cam5_20260107_135616.jpg
cam6,2026-01-07 20:56:16,28,4,2,0,34,data/cam6/cam6_20260107_135616.jpg
cam7,2026-01-07 20:56:17,22,1,0,0,23,data/cam7/cam7_20260107_135617.jpg
cam8,2026-01-07 20:56:17,23,6,0,0,29,data/cam8/cam8_20260107_135617.jpg
cam3,2026-01-07 21:01:59,18,8,0,0,26,data/cam3/cam3_20260107_140159.jpg
cam4,2026-01-07 21:02:09,26,0,0,1,27,data/cam4/cam4_20260107_140209.jpg
cam5,2026-01-07 21:02:11,19,14,0,0,33,data/cam5/cam5_20260107_140211.jpg
cam6,2026-01-07 21:02:14,25,4,1,1,31,data/cam6/cam6_20260107_140214.jpg
cam7,2026-01-07 21:02:17,13,3,0,0,16,data/cam7/cam7_20260107_140217.jpg
cam8,2026-01-07 21:02:20,14,4,0,0,18,data/cam8/cam8_20260107_140220.jpg
cam1,2026-01-07 21:06:14,17,13,0,2,32,data/cam1/cam1_20260107_140614.jpg
cam2,2026-01-07 21:06:14,29,4,0,0,33,data/cam2/cam2_20260107_140614.jpg
cam3,2026-01-07 21:06:15,24,2,1,1,28,data/cam3/cam3_20260107_140615.jpg
cam4,2026-01-07 21:06:16,26,3,1,0,30,data/cam4/cam4_20260107_140616.jpg
cam5,2026-01-07 21:06:16,21,18,0,1,40,data/cam5/cam5_20260107_140616.jpg
cam6,2026-01-07 21:06:16,34,5,1,0,40,data/cam6/cam6_20260107_140616.jpg
cam7,2026-01-07 21:06:17,19,3,1,0,23,data/cam7/cam7_20260107_140617.jpg
cam8,2026-01-07 21:06:18,30,9,0,0,39,data/cam8/cam8_20260107_140618.jpg
cam1,2026-01-07 21:11:14,28,13,3,0,44,data/cam1/cam1_20260107_141114.jpg
cam2,2026-01-07 21:11:14,27,5,1,0,33,data/cam2/cam2_20260107_141114.jpg
cam3,2026-01-07 21:11:15,18,2,1,0,21,data/cam3/cam3_20260107_141115.jpg
cam4,2026-01-07 21:11:16,47,8,0,1,56,data/cam4/cam4_20260107_141116.jpg
cam5,2026-01-07 21:11:16,16,7,0,0,23,data/cam5/cam5_20260107_141116.jpg
cam6,2026-01-07 21:11:17,63,1,0,0,64,data/cam6/cam6_20260107_141117.jpg
cam7,2026-01-07 21:11:17,11,2,0,2,15,data/cam7/cam7_20260107_141117.jpg
cam8,2026-01-07 21:11:18,27,14,1,0,42,data/cam8/cam8_20260107_141118.jpg
cam1,2026-01-07 21:16:14,42,14,0,0,56,data/cam1/cam1_20260107_141614.jpg
cam2,2026-01-07 21:16:15,10,1,0,0,11,data/cam2/cam2_20260107_141615.jpg
cam3,2026-01-07 21:16:15,31,1,1,0,33,data/cam3/cam3_20260107_141615.jpg
cam4,2026-01-07 21:16:16,25,1,2,0,28,data/cam4/cam4_20260107_141616.jpg
cam5,2026-01-07 21:16:17,2,1,0,0,3,data/cam5/cam5_20260107_141617.jpg
cam6,2026-01-07 21:16:17,39,5,0,0,44,data/cam6/cam6_20260107_141617.jpg
cam7,2026-01-07 21:16:18,16,4,0,0,20,data/cam7/cam7_20260107_141618.jpg
cam8,2026-01-07 21:16:18,16,5,0,0,21,data/cam8/cam8_20260107_141618.jpg
cam1,2026-01-07 21:21:14,23,15,0,0,38,data/cam1/cam1_20260107_142114.jpg
cam2,2026-01-07 21:21:14,14,0,1,0,15,data/cam2/cam2_20260107_142114.jpg
cam3,2026-01-07 21:21:15,24,0,0,0,24,data/cam3/cam3_20260107_142115.jpg
cam4,2026-01-07 21:21:15,30,5,0,0,35,data/cam4/cam4_20260107_142115.jpg
cam5,2026-01-07 21:21:16,15,15,1,0,31,data/cam5/cam5_20260107_142116.jpg
cam6,2026-01-07 21:21:16,28,3,0,0,31,data/cam6/cam6_20260107_142116.jpg
cam7,2026-01-07 21:21:17,17,0,1,0,18,data/cam7/cam7_20260107_142117.jpg
cam8,2026-01-07 21:21:17,15,10,0,0,25,data/cam8/cam8_20260107_142117.jpg
cam1,2026-01-07 21:26:14,17,11,0,1,29,data/cam1/cam1_20260107_142614.jpg
cam2,2026-01-07 21:26:14,29,6,1,0,36,data/cam2/cam2_20260107_142614.jpg
cam3,2026-01-07 21:26:15,26,2,1,1,30,data/cam3/cam3_20260107_142615.jpg
cam4,2026-01-07 21:26:15,36,1,0,2,39,data/cam4/cam4_20260107_142615.jpg
cam5,2026-01-07 21:26:16,22,18,0,0,40,data/cam5/cam5_20260107_142616.jpg
cam6,2026-01-07 21:26:16,59,7,2,0,68,data/cam6/cam6_20260107_142616.jpg
cam7,2026-01-07 21:26:17,22,2,0,0,24,data/cam7/cam7_20260107_142617.jpg
cam8,2026-01-07 21:26:17,22,11,2,0,35,data/cam8/cam8_20260107_142617.jpg
cam1,2026-01-07 21:31:14,20,15,0,1,36,data/cam1/cam1_20260107_143114.jpg
cam2,2026-01-07 21:31:15,22,6,0,0,28,data/cam2/cam2_20260107_143115.jpg
cam3,2026-01-07 21:31:16,24,6,0,0,30,data/cam3/cam3_20260107_143116.jpg
cam4,2026-01-07 21:31:16,27,5,1,0,33,data/cam4/cam4_20260107_143116.jpg
cam5,2026-01-07 21:31:17,15,21,0,0,36,data/cam5/cam5_20260107_143117.jpg
cam6,2026-01-07 21:31:17,33,5,2,1,41,data/cam6/cam6_20260107_143117.jpg
cam7,2026-01-07 21:31:18,21,2,0,0,23,data/cam7/cam7_20260107_143118.jpg
cam8,2026-01-07 21:31:18,18,9,0,1,28,data/cam8/cam8_20260107_143118.jpg
cam1,2026-01-07 21:36:14,43,20,0,1,64,data/cam1/cam1_20260107_143614.jpg
cam2,2026-01-07 21:36:14,18,4,0,0,22,data/cam2/cam2_20260107_143614.jpg
cam3,2026-01-07 21:36:15,25,2,0,0,27,data/cam3/cam3_20260107_143615.jpg
cam4,2026-01-07 21:36:15,28,5,3,0,36,data/cam4/cam4_20260107_143615.jpg
cam5,2026-01-07 21:36:16,16,18,0,1,35,data/cam5/cam5_20260107_143616.jpg
cam6,2026-01-07 21:36:16,22,9,0,0,31,data/cam6/cam6_20260107_143616.jpg
cam7,2026-01-07 21:36:17,22,0,0,0,22,data/cam7/cam7_20260107_143617.jpg
cam8,2026-01-07 21:36:17,21,10,0,0,31,data/cam8/cam8_20260107_143617.jpg
cam1,2026-01-07 21:41:14,22,10,1,1,34,data/cam1/cam1_20260107_144114.jpg
cam2,2026-01-07 21:41:14,30,3,0,0,33,data/cam2/cam2_20260107_144114.jpg
cam3,2026-01-07 21:41:15,22,0,0,0,22,data/cam3/cam3_20260107_144115.jpg
cam4,2026-01-07 21:41:16,37,3,1,0,41,data/cam4/cam4_20260107_144116.jpg
cam5,2026-01-07 21:41:16,8,20,1,0,29,data/cam5/cam5_20260107_144116.jpg
cam6,2026-01-07 21:41:17,37,4,0,1,42,data/cam6/cam6_20260107_144117.jpg
cam7,2026-01-07 21:41:18,31,5,0,0,36,data/cam7/cam7_20260107_144118.jpg
cam8,2026-01-07 21:41:18,19,8,0,0,27,data/cam8/cam8_20260107_144118.jpg
cam1,2026-01-07 21:46:14,39,8,0,1,48,data/cam1/cam1_20260107_144614.jpg
cam2,2026-01-07 21:46:14,24,4,1,0,29,data/cam2/cam2_20260107_144614.jpg
cam3,2026-01-07 21:46:15,16,3,0,0,19,data/cam3/cam3_20260107_144615.jpg
cam4,2026-01-07 21:46:15,24,6,0,0,30,data/cam4/cam4_20260107_144615.jpg
cam5,2026-01-07 21:46:16,18,18,0,0,36,data/cam5/cam5_20260107_144616.jpg
cam6,2026-01-07 21:46:16,11,4,0,0,15,data/cam6/cam6_20260107_144616.jpg
cam7,2026-01-07 21:46:17,8,3,0,0,11,data/cam7/cam7_20260107_144617.jpg
cam8,2026-01-07 21:46:17,20,6,0,0,26,data/cam8/cam8_20260107_144617.jpg
cam1,2026-01-07 21:51:14,32,10,0,0,42,data/cam1/cam1_20260107_145114.jpg
cam2,2026-01-07 21:51:14,12,0,0,0,12,data/cam2/cam2_20260107_145114.jpg
cam3,2026-01-07 21:51:15,23,6,0,1,30,data/cam3/cam3_20260107_145115.jpg
cam4,2026-01-07 21:51:15,34,13,1,0,48,data/cam4/cam4_20260107_145115.jpg
cam5,2026-01-07 21:51:16,24,16,0,0,40,data/cam5/cam5_20260107_145116.jpg
cam6,2026-01-07 21:51:16,16,3,1,0,20,data/cam6/cam6_20260107_145116.jpg
cam7,2026-01-07 21:51:17,21,2,1,1,25,data/cam7/cam7_20260107_145117.jpg
cam8,2026-01-07 21:51:17,22,10,0,0,32,data/cam8/cam8_20260107_145117.jpg
cam1,2026-01-07 21:56:14,17,15,1,1,34,data/cam1/cam1_20260107_145614.jpg
cam2,2026-01-07 21:56:15,12,4,0,0,16,data/cam2/cam2_20260107_145615.jpg
cam3,2026-01-07 21:56:15,14,1,0,0,15,data/cam3/cam3_20260107_145615.jpg
cam4,2026-01-07 21:56:16,17,3,1,0,21,data/cam4/cam4_20260107_145616.jpg
cam5,2026-01-07 21:56:16,4,17,0,0,21,data/cam5/cam5_20260107_145616.jpg
cam6,2026-01-07 21:56:17,17,2,0,0,19,data/cam6/cam6_20260107_145617.jpg
cam7,2026-01-07 21:56:18,20,2,0,0,22,data/cam7/cam7_20260107_145618.jpg
cam8,2026-01-07 21:56:18,20,3,0,0,23,data/cam8/cam8_20260107_145618.jpg
cam1,2026-01-07 22:01:14,29,7,0,0,36,data/cam1/cam1_20260107_150114.jpg
cam2,2026-01-07 22:01:14,12,2,0,0,14,data/cam2/cam2_20260107_150114.jpg
cam3,2026-01-07 22:01:15,19,4,0,1,24,data/cam3/cam3_20260107_150115.jpg
cam4,2026-01-07 22:01:15,20,0,1,0,21,data/cam4/cam4_20260107_150115.jpg
cam5,2026-01-07 22:01:16,9,17,1,0,27,data/cam5/cam5_20260107_150116.jpg
cam6,2026-01-07 22:01:16,17,3,2,0,22,data/cam6/cam6_20260107_150116.jpg
cam7,2026-01-07 22:01:17,21,2,0,0,23,data/cam7/cam7_20260107_150117.jpg
cam8,2026-01-07 22:01:17,15,5,0,0,20,data/cam8/cam8_20260107_150117.jpg
cam1,2026-01-07 22:06:14,22,13,0,1,36,data/cam1/cam1_20260107_150614.jpg
cam2,2026-01-07 22:06:14,17,6,0,0,23,data/cam2/cam2_20260107_150614.jpg
cam3,2026-01-07 22:06:15,22,1,0,0,23,data/cam3/cam3_20260107_150615.jpg
cam4,2026-01-07 22:06:16,23,0,0,0,23,data/cam4/cam4_20260107_150616.jpg
cam5,2026-01-07 22:06:16,5,15,1,1,22,data/cam5/cam5_20260107_150616.jpg
cam6,2026-01-07 22:06:16,32,2,1,2,37,data/cam6/cam6_20260107_150616.jpg
cam7,2026-01-07 22:06:17,12,1,0,0,13,data/cam7/cam7_20260107_150617.jpg
cam8,2026-01-07 22:06:18,18,4,2,1,25,data/cam8/cam8_20260107_150618.jpg
cam1,2026-01-07 22:11:14,34,8,0,1,43,data/cam1/cam1_20260107_151114.jpg
cam2,2026-01-07 22:11:14,14,2,0,0,16,data/cam2/cam2_20260107_151114.jpg
cam3,2026-01-07 22:11:15,14,4,0,0,18,data/cam3/cam3_20260107_151115.jpg
cam4,2026-01-07 22:11:15,15,1,1,0,17,data/cam4/cam4_20260107_151115.jpg
cam5,2026-01-07 22:11:16,0,10,0,0,10,data/cam5/cam5_20260107_151116.jpg
cam6,2026-01-07 22:11:16,25,5,0,0,30,data/cam6/cam6_20260107_151116.jpg
cam7,2026-01-07 22:11:17,27,2,0,0,29,data/cam7/cam7_20260107_151117.jpg
cam8,2026-01-07 22:11:17,18,11,0,1,30,data/cam8/cam8_20260107_151117.jpg
cam1,2026-01-07 22:16:14,32,10,0,0,42,data/cam1/cam1_20260107_151614.jpg
cam2,2026-01-07 22:16:14,14,4,0,0,18,data/cam2/cam2_20260107_151614.jpg
cam3,2026-01-07 22:16:15,18,1,0,0,19,data/cam3/cam3_20260107_151615.jpg
cam4,2026-01-07 22:16:16,18,1,3,1,23,data/cam4/cam4_20260107_151616.jpg
cam5,2026-01-07 22:16:16,4,17,0,0,21,data/cam5/cam5_20260107_151616.jpg
cam6,2026-01-07 22:16:17,24,3,2,3,32,data/cam6/cam6_20260107_151617.jpg
cam7,2026-01-07 22:16:17,22,4,0,0,26,data/cam7/cam7_20260107_151617.jpg
cam8,2026-01-07 22:16:18,24,2,0,0,26,data/cam8/cam8_20260107_151618.jpg
cam1,2026-01-07 22:21:14,30,12,0,1,43,data/cam1/cam1_20260107_152114.jpg
cam2,2026-01-07 22:21:14,10,6,3,0,19,data/cam2/cam2_20260107_152114.jpg
cam3,2026-01-07 22:21:15,17,3,0,0,20,data/cam3/cam3_20260107_152115.jpg
cam4,2026-01-07 22:21:15,19,5,1,0,25,data/cam4/cam4_20260107_152115.jpg
cam5,2026-01-07 22:21:16,8,6,0,2,16,data/cam5/cam5_20260107_152116.jpg
cam6,2026-01-07 22:21:16,22,2,4,1,29,data/cam6/cam6_20260107_152116.jpg
cam7,2026-01-07 22:21:17,17,1,1,0,19,data/cam7/cam7_20260107_152117.jpg
cam8,2026-01-07 22:21:17,13,5,1,1,20,data/cam8/cam8_20260107_152117.jpg
cam1,2026-01-07 22:26:14,24,8,0,3,35,data/cam1/cam1_20260107_152614.jpg
cam2,2026-01-07 22:26:14,15,0,0,0,15,data/cam2/cam2_20260107_152614.jpg
cam3,2026-01-07 22:26:15,16,5,0,0,21,data/cam3/cam3_20260107_152615.jpg
cam4,2026-01-07 22:26:16,18,6,0,2,26,data/cam4/cam4_20260107_152616.jpg
cam5,2026-01-07 22:26:16,13,11,0,0,24,data/cam5/cam5_20260107_152616.jpg
cam6,2026-01-07 22:26:17,36,4,1,0,41,data/cam6/cam6_20260107_152617.jpg
cam7,2026-01-07 22:26:18,30,5,0,1,36,data/cam7/cam7_20260107_152618.jpg
cam8,2026-01-07 22:26:18,17,7,1,2,27,data/cam8/cam8_20260107_152618.jpg
cam1,2026-01-07 22:31:14,7,9,0,0,16,data/cam1/cam1_20260107_153114.jpg
cam2,2026-01-07 22:31:15,18,1,0,0,19,data/cam2/cam2_20260107_153115.jpg
cam3,2026-01-07 22:31:15,19,4,2,1,26,data/cam3/cam3_20260107_153115.jpg
cam4,2026-01-07 22:31:15,30,6,2,1,39,data/cam4/cam4_20260107_153115.jpg
cam5,2026-01-07 22:31:16,7,4,0,0,11,data/cam5/cam5_20260107_153116.jpg
cam6,2026-01-07 22:31:16,27,2,2,1,32,data/cam6/cam6_20260107_153116.jpg
cam7,2026-01-07 22:31:17,12,3,0,0,15,data/cam7/cam7_20260107_153117.jpg
cam8,2026-01-07 22:31:18,24,8,0,2,34,data/cam8/cam8_20260107_153118.jpg
cam1,2026-01-07 22:36:14,11,13,1,0,25,data/cam1/cam1_20260107_153614.jpg
cam2,2026-01-07 22:36:14,16,1,0,0,17,data/cam2/cam2_20260107_153614.jpg
cam3,2026-01-07 22:36:15,11,7,0,0,18,data/cam3/cam3_20260107_153615.jpg
cam4,2026-01-07 22:36:15,18,3,0,0,21,data/cam4/cam4_20260107_153615.jpg
cam5,2026-01-07 22:36:16,5,3,0,1,9,data/cam5/cam5_20260107_153616.jpg
cam6,2026-01-07 22:36:16,20,3,2,0,25,data/cam6/cam6_20260107_153616.jpg
cam7,2026-01-07 22:36:17,7,1,0,0,8,data/cam7/cam7_20260107_153617.jpg
cam8,2026-01-07 22:36:17,23,3,1,0,27,data/cam8/cam8_20260107_153617.jpg
cam1,2026-01-08 10:13:04,39,9,5,0,53,data/cam1/cam1_20260108_031304.jpg
cam2,2026-01-08 10:13:12,21,6,0,1,28,data/cam2/cam2_20260108_031312.jpg
cam3,2026-01-08 10:13:14,21,9,3,0,33,data/cam3/cam3_20260108_031314.jpg
cam4,2026-01-08 10:13:17,38,9,3,0,50,data/cam4/cam4_20260108_031317.jpg
cam5,2026-01-08 10:13:18,16,18,3,0,37,data/cam5/cam5_20260108_031318.jpg
cam6,2026-01-08 10:13:20,35,2,1,1,39,data/cam6/cam6_20260108_031320.jpg
cam7,2026-01-08 10:13:22,38,7,0,0,45,data/cam7/cam7_20260108_031322.jpg
cam8,2026-01-08 10:13:24,41,15,3,1,60,data/cam8/cam8_20260108_031324.jpg
cam1,2026-01-08 10:18:04,25,18,4,2,49,data/cam1/cam1_20260108_031804.jpg
cam2,2026-01-08 10:18:13,31,3,0,2,36,data/cam2/cam2_20260108_031813.jpg
cam3,2026-01-08 10:18:14,29,4,2,0,35,data/cam3/cam3_20260108_031814.jpg
cam4,2026-01-08 10:18:14,21,6,5,1,33,data/cam4/cam4_20260108_031814.jpg
cam5,2026-01-08 10:18:15,10,20,2,1,33,data/cam5/cam5_20260108_031815.jpg
cam6,2026-01-08 10:18:16,29,9,3,4,45,data/cam6/cam6_20260108_031816.jpg
cam7,2026-01-08 10:18:16,14,1,0,2,17,data/cam7/cam7_20260108_031816.jpg
cam8,2026-01-08 10:18:17,41,22,0,0,63,data/cam8/cam8_20260108_031817.jpg
cam1,2026-01-08 10:23:04,37,18,1,4,60,data/cam1/cam1_20260108_032304.jpg
cam2,2026-01-08 10:23:05,17,4,2,1,24,data/cam2/cam2_20260108_032305.jpg
cam3,2026-01-08 10:23:06,15,8,1,0,24,data/cam3/cam3_20260108_032306.jpg
cam4,2026-01-08 10:23:07,45,13,2,2,62,data/cam4/cam4_20260108_032307.jpg
cam5,2026-01-08 10:23:07,6,26,3,1,36,data/cam5/cam5_20260108_032307.jpg
cam6,2026-01-08 10:23:08,33,4,3,0,40,data/cam6/cam6_20260108_032308.jpg
cam7,2026-01-08 10:23:09,44,5,1,1,51,data/cam7/cam7_20260108_032309.jpg
cam8,2026-01-08 10:23:09,40,10,5,4,59,data/cam8/cam8_20260108_032309.jpg
cam1,2026-01-08 10:28:04,30,15,2,0,47,data/cam1/cam1_20260108_032804.jpg
cam2,2026-01-08 10:28:05,23,7,0,1,31,data/cam2/cam2_20260108_032805.jpg
cam3,2026-01-08 10:28:06,24,6,2,1,33,data/cam3/cam3_20260108_032806.jpg
cam4,2026-01-08 10:28:07,23,1,2,0,26,data/cam4/cam4_20260108_032807.jpg
cam5,2026-01-08 10:28:07,10,28,3,2,43,data/cam5/cam5_20260108_032807.jpg
cam6,2026-01-08 10:28:08,59,6,3,0,68,data/cam6/cam6_20260108_032808.jpg
cam7,2026-01-08 10:28:09,38,1,4,2,45,data/cam7/cam7_20260108_032809.jpg
cam8,2026-01-08 10:28:09,32,9,5,3,49,data/cam8/cam8_20260108_032809.jpg
cam1,2026-01-08 10:33:04,22,15,3,2,42,data/cam1/cam1_20260108_033304.jpg
cam2,2026-01-08 10:33:05,24,7,1,3,35,data/cam2/cam2_20260108_033305.jpg
cam3,2026-01-08 10:33:06,26,7,3,0,36,data/cam3/cam3_20260108_033306.jpg
cam4,2026-01-08 10:33:07,27,8,3,0,38,data/cam4/cam4_20260108_033307.jpg
cam5,2026-01-08 10:33:07,14,21,5,0,40,data/cam5/cam5_20260108_033307.jpg
cam6,2026-01-08 10:33:08,24,6,2,1,33,data/cam6/cam6_20260108_033308.jpg
cam7,2026-01-08 10:33:09,27,6,1,1,35,data/cam7/cam7_20260108_033309.jpg
cam8,2026-01-08 10:33:09,43,19,5,5,72,data/cam8/cam8_20260108_033309.jpg
cam1,2026-01-08 10:38:04,19,22,2,1,44,data/cam1/cam1_20260108_033804.jpg
cam2,2026-01-08 10:38:05,25,5,1,0,31,data/cam2/cam2_20260108_033805.jpg
cam3,2026-01-08 10:38:06,25,7,1,0,33,data/cam3/cam3_20260108_033806.jpg
cam4,2026-01-08 10:38:07,48,15,4,0,67,data/cam4/cam4_20260108_033807.jpg
cam5,2026-01-08 10:38:08,10,16,2,1,29,data/cam5/cam5_20260108_033808.jpg
cam6,2026-01-08 10:38:09,33,13,5,1,52,data/cam6/cam6_20260108_033809.jpg
cam7,2026-01-08 10:38:09,42,8,4,3,57,data/cam7/cam7_20260108_033809.jpg
cam8,2026-01-08 10:38:10,21,12,3,2,38,data/cam8/cam8_20260108_033810.jpg
cam1,2026-01-08 10:43:04,32,24,0,3,59,data/cam1/cam1_20260108_034304.jpg
cam2,2026-01-08 10:43:06,17,8,4,1,30,data/cam2/cam2_20260108_034306.jpg
cam3,2026-01-08 10:43:07,21,4,3,0,28,data/cam3/cam3_20260108_034307.jpg
cam4,2026-01-08 10:43:07,29,5,2,0,36,data/cam4/cam4_20260108_034307.jpg
cam5,2026-01-08 10:43:09,3,12,4,1,20,data/cam5/cam5_20260108_034309.jpg
cam6,2026-01-08 10:43:10,26,8,2,1,37,data/cam6/cam6_20260108_034310.jpg
cam7,2026-01-08 10:43:11,32,7,1,0,40,data/cam7/cam7_20260108_034311.jpg
cam8,2026-01-08 10:43:11,35,14,4,0,53,data/cam8/cam8_20260108_034311.jpg
cam1,2026-01-08 10:48:04,41,12,2,3,58,data/cam1/cam1_20260108_034804.jpg
cam2,2026-01-08 10:48:05,32,8,0,1,41,data/cam2/cam2_20260108_034805.jpg
cam3,2026-01-08 10:48:06,22,7,2,0,31,data/cam3/cam3_20260108_034806.jpg
cam4,2026-01-08 10:48:07,30,6,6,1,43,data/cam4/cam4_20260108_034807.jpg
cam5,2026-01-08 10:48:08,19,23,7,2,51,data/cam5/cam5_20260108_034808.jpg
cam6,2026-01-08 10:48:08,69,5,4,0,78,data/cam6/cam6_20260108_034808.jpg
cam7,2026-01-08 10:48:09,36,4,3,0,43,data/cam7/cam7_20260108_034809.jpg
cam8,2026-01-08 10:48:10,44,9,3,3,59,data/cam8/cam8_20260108_034810.jpg
cam1,2026-01-08 10:53:04,26,15,1,3,45,data/cam1/cam1_20260108_035304.jpg
cam2,2026-01-08 10:53:05,9,2,3,0,14,data/cam2/cam2_20260108_035305.jpg
cam3,2026-01-08 10:53:06,27,7,0,0,34,data/cam3/cam3_20260108_035306.jpg
cam4,2026-01-08 10:53:07,64,14,2,0,80,data/cam4/cam4_20260108_035307.jpg
cam5,2026-01-08 10:53:08,18,25,5,4,52,data/cam5/cam5_20260108_035308.jpg
cam6,2026-01-08 10:53:08,36,11,5,1,53,data/cam6/cam6_20260108_035308.jpg
cam7,2026-01-08 10:53:09,30,7,3,3,43,data/cam7/cam7_20260108_035309.jpg
cam8,2026-01-08 10:53:10,24,20,0,1,45,data/cam8/cam8_20260108_035310.jpg
cam1,2026-01-08 10:58:04,46,14,1,3,64,data/cam1/cam1_20260108_035804.jpg
cam2,2026-01-08 10:58:05,13,5,0,1,19,data/cam2/cam2_20260108_035805.jpg
cam3,2026-01-08 10:58:06,28,3,1,0,32,data/cam3/cam3_20260108_035806.jpg
cam4,2026-01-08 10:58:07,30,11,4,0,45,data/cam4/cam4_20260108_035807.jpg
cam5,2026-01-08 10:58:08,27,23,10,2,62,data/cam5/cam5_20260108_035808.jpg
cam6,2026-01-08 10:58:08,35,7,3,1,46,data/cam6/cam6_20260108_035808.jpg
cam7,2026-01-08 10:58:09,15,4,0,4,23,data/cam7/cam7_20260108_035809.jpg
cam8,2026-01-08 10:58:10,34,9,2,2,47,data/cam8/cam8_20260108_035810.jpg
cam1,2026-01-08 11:03:04,42,15,3,0,60,data/cam1/cam1_20260108_040304.jpg
cam2,2026-01-08 11:03:08,16,4,3,0,23,data/cam2/cam2_20260108_040308.jpg
cam3,2026-01-08 11:03:13,22,4,2,1,29,data/cam3/cam3_20260108_040313.jpg
cam4,2026-01-08 11:03:20,38,9,1,0,48,data/cam4/cam4_20260108_040320.jpg
cam5,2026-01-08 11:03:21,10,23,4,1,38,data/cam5/cam5_20260108_040321.jpg
cam6,2026-01-08 11:03:21,29,12,3,0,44,data/cam6/cam6_20260108_040321.jpg
cam7,2026-01-08 11:03:22,36,7,3,3,49,data/cam7/cam7_20260108_040322.jpg
cam8,2026-01-08 11:03:23,48,6,4,2,60,data/cam8/cam8_20260108_040323.jpg
cam1,2026-01-08 11:08:04,43,21,2,0,66,data/cam1/cam1_20260108_040804.jpg
cam2,2026-01-08 11:08:05,20,8,3,0,31,data/cam2/cam2_20260108_040805.jpg
cam3,2026-01-08 11:08:06,30,5,3,0,38,data/cam3/cam3_20260108_040806.jpg
cam4,2026-01-08 11:08:07,24,20,3,3,50,data/cam4/cam4_20260108_040807.jpg
cam5,2026-01-08 11:08:07,35,25,4,3,67,data/cam5/cam5_20260108_040807.jpg
cam6,2026-01-08 11:08:08,44,8,4,1,57,data/cam6/cam6_20260108_040808.jpg
cam7,2026-01-08 11:08:09,46,4,2,0,52,data/cam7/cam7_20260108_040809.jpg
cam8,2026-01-08 11:08:09,30,11,0,5,46,data/cam8/cam8_20260108_040809.jpg
cam1,2026-01-08 11:13:04,19,22,3,2,46,data/cam1/cam1_20260108_041304.jpg
cam2,2026-01-08 11:13:05,22,3,1,0,26,data/cam2/cam2_20260108_041305.jpg
cam3,2026-01-08 11:13:06,37,5,3,0,45,data/cam3/cam3_20260108_041306.jpg
cam4,2026-01-08 11:13:06,31,13,5,0,49,data/cam4/cam4_20260108_041306.jpg
cam5,2026-01-08 11:13:07,25,32,3,0,60,data/cam5/cam5_20260108_041307.jpg
cam6,2026-01-08 11:13:08,27,9,3,1,40,data/cam6/cam6_20260108_041308.jpg
cam7,2026-01-08 11:13:08,41,4,1,1,47,data/cam7/cam7_20260108_041308.jpg
cam8,2026-01-08 11:13:09,40,22,2,0,64,data/cam8/cam8_20260108_041309.jpg
cam1,2026-01-08 11:18:04,33,22,0,4,59,data/cam1/cam1_20260108_041804.jpg
cam2,2026-01-08 11:18:05,19,8,3,1,31,data/cam2/cam2_20260108_041805.jpg
cam3,2026-01-08 11:18:06,16,6,1,1,24,data/cam3/cam3_20260108_041806.jpg
cam4,2026-01-08 11:18:07,38,9,2,0,49,data/cam4/cam4_20260108_041807.jpg
cam5,2026-01-08 11:18:08,18,28,7,4,57,data/cam5/cam5_20260108_041808.jpg
cam6,2026-01-08 11:18:08,47,10,3,1,61,data/cam6/cam6_20260108_041808.jpg
cam7,2026-01-08 11:18:09,47,3,2,1,53,data/cam7/cam7_20260108_041809.jpg
cam8,2026-01-08 11:18:10,18,24,1,0,43,data/cam8/cam8_20260108_041810.jpg
cam1,2026-01-08 11:23:04,27,25,3,1,56,data/cam1/cam1_20260108_042304.jpg
cam2,2026-01-08 11:23:05,30,10,2,0,42,data/cam2/cam2_20260108_042305.jpg
cam3,2026-01-08 11:23:06,14,5,0,0,19,data/cam3/cam3_20260108_042306.jpg
cam4,2026-01-08 11:23:07,32,16,6,0,54,data/cam4/cam4_20260108_042307.jpg
cam5,2026-01-08 11:23:07,10,37,3,0,50,data/cam5/cam5_20260108_042307.jpg
cam6,2026-01-08 11:23:08,26,4,4,0,34,data/cam6/cam6_20260108_042308.jpg
cam7,2026-01-08 11:23:09,29,2,0,1,32,data/cam7/cam7_20260108_042309.jpg
cam8,2026-01-08 11:23:09,31,12,1,0,44,data/cam8/cam8_20260108_042309.jpg
cam1,2026-01-08 11:28:04,22,22,2,1,47,data/cam1/cam1_20260108_042804.jpg
cam2,2026-01-08 11:28:06,16,7,0,0,23,data/cam2/cam2_20260108_042806.jpg
cam3,2026-01-08 11:28:08,33,10,1,1,45,data/cam3/cam3_20260108_042808.jpg
cam4,2026-01-08 11:28:10,33,8,5,1,47,data/cam4/cam4_20260108_042810.jpg
cam5,2026-01-08 11:28:11,6,27,3,2,38,data/cam5/cam5_20260108_042811.jpg
cam6,2026-01-08 11:28:12,45,8,1,2,56,data/cam6/cam6_20260108_042812.jpg
cam7,2026-01-08 11:28:13,38,1,2,0,41,data/cam7/cam7_20260108_042813.jpg
cam8,2026-01-08 11:28:15,34,12,10,0,56,data/cam8/cam8_20260108_042815.jpg
cam1,2026-01-08 11:33:04,53,19,2,1,75,data/cam1/cam1_20260108_043304.jpg
cam2,2026-01-08 11:33:05,24,8,0,0,32,data/cam2/cam2_20260108_043305.jpg
cam3,2026-01-08 11:33:06,24,10,4,0,38,data/cam3/cam3_20260108_043306.jpg
cam4,2026-01-08 11:33:07,35,7,6,1,49,data/cam4/cam4_20260108_043307.jpg
cam5,2026-01-08 11:33:09,10,29,7,2,48,data/cam5/cam5_20260108_043309.jpg
cam6,2026-01-08 11:33:10,27,6,3,1,37,data/cam6/cam6_20260108_043310.jpg
cam7,2026-01-08 11:33:11,48,3,1,1,53,data/cam7/cam7_20260108_043311.jpg
cam8,2026-01-08 11:33:11,34,11,1,8,54,data/cam8/cam8_20260108_043311.jpg
cam1,2026-01-08 11:38:04,26,11,1,1,39,data/cam1/cam1_20260108_043804.jpg
cam2,2026-01-08 11:38:05,44,13,3,0,60,data/cam2/cam2_20260108_043805.jpg
cam3,2026-01-08 11:38:06,20,5,1,0,26,data/cam3/cam3_20260108_043806.jpg
cam4,2026-01-08 11:38:07,32,7,2,0,41,data/cam4/cam4_20260108_043807.jpg
cam5,2026-01-08 11:38:07,14,39,7,0,60,data/cam5/cam5_20260108_043807.jpg
cam6,2026-01-08 11:38:08,18,15,3,2,38,data/cam6/cam6_20260108_043808.jpg
cam7,2026-01-08 11:38:09,27,5,0,0,32,data/cam7/cam7_20260108_043809.jpg
cam8,2026-01-08 11:38:09,28,11,2,0,41,data/cam8/cam8_20260108_043809.jpg
cam1,2026-01-08 11:43:04,42,15,1,1,59,data/cam1/cam1_20260108_044304.jpg
cam2,2026-01-08 11:43:05,21,6,3,0,30,data/cam2/cam2_20260108_044305.jpg
cam3,2026-01-08 11:43:07,29,3,1,1,34,data/cam3/cam3_20260108_044307.jpg
cam4,2026-01-08 11:43:08,39,6,3,0,48,data/cam4/cam4_20260108_044308.jpg
cam5,2026-01-08 11:43:09,16,17,2,5,40,data/cam5/cam5_20260108_044309.jpg
cam6,2026-01-08 11:43:09,37,7,3,1,48,data/cam6/cam6_20260108_044309.jpg
cam7,2026-01-08 11:43:10,32,3,1,0,36,data/cam7/cam7_20260108_044310.jpg
cam8,2026-01-08 11:43:11,16,13,6,0,35,data/cam8/cam8_20260108_044311.jpg
cam1,2026-01-08 11:48:04,58,25,2,1,86,data/cam1/cam1_20260108_044804.jpg
cam2,2026-01-08 11:48:05,33,14,0,0,47,data/cam2/cam2_20260108_044805.jpg
cam3,2026-01-08 11:48:06,25,10,2,0,37,data/cam3/cam3_20260108_044806.jpg
cam4,2026-01-08 11:48:07,44,14,3,1,62,data/cam4/cam4_20260108_044807.jpg
cam5,2026-01-08 11:48:07,5,22,5,0,32,data/cam5/cam5_20260108_044807.jpg
cam6,2026-01-08 11:48:08,43,5,2,0,50,data/cam6/cam6_20260108_044808.jpg
cam7,2026-01-08 11:48:10,22,2,3,0,27,data/cam7/cam7_20260108_044810.jpg
cam8,2026-01-08 11:48:10,41,17,5,1,64,data/cam8/cam8_20260108_044810.jpg
cam1,2026-01-08 11:53:04,21,1,1,2,25,data/cam1/cam1_20260108_045304.jpg
cam2,2026-01-08 11:53:05,26,9,0,0,35,data/cam2/cam2_20260108_045305.jpg
cam3,2026-01-08 11:53:06,19,11,3,0,33,data/cam3/cam3_20260108_045306.jpg
cam4,2026-01-08 11:53:07,39,10,3,1,53,data/cam4/cam4_20260108_045307.jpg
cam5,2026-01-08 11:53:08,36,18,7,0,61,data/cam5/cam5_20260108_045308.jpg
cam6,2026-01-08 11:53:08,43,6,4,1,54,data/cam6/cam6_20260108_045308.jpg
cam7,2026-01-08 11:53:09,42,6,1,0,49,data/cam7/cam7_20260108_045309.jpg
cam8,2026-01-08 11:53:10,40,22,4,4,70,data/cam8/cam8_20260108_045310.jpg
cam1,2026-01-08 11:58:04,34,21,2,0,57,data/cam1/cam1_20260108_045804.jpg
cam2,2026-01-08 11:58:05,30,6,1,0,37,data/cam2/cam2_20260108_045805.jpg
cam3,2026-01-08 11:58:07,23,9,4,0,36,data/cam3/cam3_20260108_045807.jpg
cam4,2026-01-08 11:58:07,33,12,7,1,53,data/cam4/cam4_20260108_045807.jpg
cam5,2026-01-08 11:58:08,18,21,3,1,43,data/cam5/cam5_20260108_045808.jpg
cam6,2026-01-08 11:58:09,24,11,5,0,40,data/cam6/cam6_20260108_045809.jpg
cam7,2026-01-08 11:58:10,23,6,5,2,36,data/cam7/cam7_20260108_045810.jpg
cam8,2026-01-08 11:58:11,27,11,1,1,40,data/cam8/cam8_20260108_045811.jpg
cam1,2026-01-08 12:03:04,20,22,3,2,47,data/cam1/cam1_20260108_050304.jpg
cam2,2026-01-08 12:03:05,29,3,0,0,32,data/cam2/cam2_20260108_050305.jpg
cam3,2026-01-08 12:03:06,18,5,2,0,25,data/cam3/cam3_20260108_050306.jpg
cam4,2026-01-08 12:03:07,33,4,4,1,42,data/cam4/cam4_20260108_050307.jpg
cam5,2026-01-08 12:03:07,16,33,5,2,56,data/cam5/cam5_20260108_050307.jpg
cam6,2026-01-08 12:03:08,16,4,3,1,24,data/cam6/cam6_20260108_050308.jpg
cam7,2026-01-08 12:03:09,34,5,5,0,44,data/cam7/cam7_20260108_050309.jpg
cam8,2026-01-08 12:03:09,51,8,4,2,65,data/cam8/cam8_20260108_050309.jpg
cam1,2026-01-08 12:08:04,31,29,0,0,60,data/cam1/cam1_20260108_050804.jpg
cam2,2026-01-08 12:08:05,18,8,1,0,27,data/cam2/cam2_20260108_050805.jpg
cam3,2026-01-08 12:08:06,35,11,3,0,49,data/cam3/cam3_20260108_050806.jpg
cam4,2026-01-08 12:08:07,47,12,4,0,63,data/cam4/cam4_20260108_050807.jpg
cam5,2026-01-08 12:08:08,14,16,7,2,39,data/cam5/cam5_20260108_050808.jpg
cam6,2026-01-08 12:08:08,61,8,3,1,73,data/cam6/cam6_20260108_050808.jpg
cam7,2026-01-08 12:08:09,46,9,1,1,57,data/cam7/cam7_20260108_050809.jpg
cam8,2026-01-08 12:08:10,34,15,0,5,54,data/cam8/cam8_20260108_050810.jpg
cam1,2026-01-08 12:13:04,29,13,3,1,46,data/cam1/cam1_20260108_051304.jpg
cam2,2026-01-08 12:13:05,8,9,0,1,18,data/cam2/cam2_20260108_051305.jpg
cam1,2026-01-08 12:42:16,51,11,2,1,65,data/cam1/cam1_20260108_054216.jpg
cam2,2026-01-08 12:42:19,20,5,0,0,25,data/cam2/cam2_20260108_054219.jpg
cam3,2026-01-08 12:42:21,16,7,1,0,24,data/cam3/cam3_20260108_054221.jpg
cam4,2026-01-08 12:42:24,32,7,3,0,42,data/cam4/cam4_20260108_054224.jpg
cam5,2026-01-08 12:42:26,7,17,2,5,31,data/cam5/cam5_20260108_054226.jpg
cam6,2026-01-08 12:42:28,23,6,4,1,34,data/cam6/cam6_20260108_054228.jpg
cam7,2026-01-08 12:42:30,19,8,5,1,33,data/cam7/cam7_20260108_054230.jpg
cam8,2026-01-08 12:42:33,19,10,6,2,37,data/cam8/cam8_20260108_054233.jpg
cam1,2026-01-08 12:47:16,29,18,0,2,49,data/cam1/cam1_20260108_054716.jpg
cam2,2026-01-08 12:47:17,23,8,1,0,32,data/cam2/cam2_20260108_054717.jpg
cam3,2026-01-08 12:47:18,14,9,1,0,24,data/cam3/cam3_20260108_054718.jpg
cam4,2026-01-08 12:47:19,34,5,6,0,45,data/cam4/cam4_20260108_054719.jpg
cam5,2026-01-08 12:47:20,40,22,1,3,66,data/cam5/cam5_20260108_054720.jpg
cam6,2026-01-08 12:47:21,29,7,7,0,43,data/cam6/cam6_20260108_054721.jpg
cam7,2026-01-08 12:47:22,49,6,3,1,59,data/cam7/cam7_20260108_054722.jpg
cam8,2026-01-08 12:47:23,30,13,2,0,45,data/cam8/cam8_20260108_054723.jpg
cam1,2026-01-08 12:52:16,45,18,0,2,65,data/cam1/cam1_20260108_055216.jpg
cam2,2026-01-08 12:52:17,37,8,2,1,48,data/cam2/cam2_20260108_055217.jpg
cam3,2026-01-08 12:52:18,20,5,3,0,28,data/cam3/cam3_20260108_055218.jpg
cam4,2026-01-08 12:52:19,29,8,0,1,38,data/cam4/cam4_20260108_055219.jpg
cam5,2026-01-08 12:52:20,15,21,4,4,44,data/cam5/cam5_20260108_055220.jpg
cam6,2026-01-08 12:52:20,34,4,4,0,42,data/cam6/cam6_20260108_055220.jpg
cam7,2026-01-08 12:52:22,15,5,1,2,23,data/cam7/cam7_20260108_055222.jpg
cam8,2026-01-08 12:52:23,17,7,2,1,27,data/cam8/cam8_20260108_055223.jpg
cam1,2026-01-08 12:57:16,18,21,1,1,41,data/cam1/cam1_20260108_055716.jpg
cam2,2026-01-08 12:57:17,25,5,1,0,31,data/cam2/cam2_20260108_055717.jpg
cam3,2026-01-08 12:57:18,30,6,3,1,40,data/cam3/cam3_20260108_055718.jpg
cam4,2026-01-08 12:57:19,40,5,1,0,46,data/cam4/cam4_20260108_055719.jpg
cam5,2026-01-08 12:57:20,19,16,0,1,36,data/cam5/cam5_20260108_055720.jpg
cam6,2026-01-08 12:57:20,20,3,1,0,24,data/cam6/cam6_20260108_055720.jpg
cam7,2026-01-08 12:57:21,17,1,3,2,23,data/cam7/cam7_20260108_055721.jpg
cam8,2026-01-08 12:57:22,37,14,2,4,57,data/cam8/cam8_20260108_055722.jpg
cam1,2026-01-08 13:02:16,13,23,2,0,38,data/cam1/cam1_20260108_060216.jpg
cam2,2026-01-08 13:02:17,8,4,0,0,12,data/cam2/cam2_20260108_060217.jpg
cam3,2026-01-08 13:02:18,22,11,2,1,36,data/cam3/cam3_20260108_060218.jpg
cam4,2026-01-08 13:02:18,31,11,0,0,42,data/cam4/cam4_20260108_060218.jpg
cam5,2026-01-08 13:02:19,16,18,7,4,45,data/cam5/cam5_20260108_060219.jpg
cam6,2026-01-08 13:02:20,22,12,4,2,40,data/cam6/cam6_20260108_060220.jpg
cam7,2026-01-08 13:02:21,21,1,1,0,23,data/cam7/cam7_20260108_060221.jpg
cam8,2026-01-08 13:02:21,42,11,3,0,56,data/cam8/cam8_20260108_060221.jpg
cam1,2026-01-08 13:07:16,46,15,3,1,65,data/cam1/cam1_20260108_060716.jpg
cam2,2026-01-08 13:07:18,8,4,1,1,14,data/cam2/cam2_20260108_060718.jpg
cam3,2026-01-08 13:07:19,15,3,4,0,22,data/cam3/cam3_20260108_060719.jpg
cam4,2026-01-08 13:07:19,33,2,1,0,36,data/cam4/cam4_20260108_060719.jpg
cam5,2026-01-08 13:07:20,6,24,2,4,36,data/cam5/cam5_20260108_060720.jpg
cam6,2026-01-08 13:07:21,30,5,6,1,42,data/cam6/cam6_20260108_060721.jpg
cam7,2026-01-08 13:07:22,22,3,1,0,26,data/cam7/cam7_20260108_060722.jpg
cam8,2026-01-08 13:07:22,25,14,1,0,40,data/cam8/cam8_20260108_060722.jpg
cam1,2026-01-08 13:12:16,23,15,1,0,39,data/cam1/cam1_20260108_061216.jpg
cam2,2026-01-08 13:12:17,13,8,2,0,23,data/cam2/cam2_20260108_061217.jpg
cam3,2026-01-08 13:12:18,15,5,2,0,22,data/cam3/cam3_20260108_061218.jpg
cam4,2026-01-08 13:12:18,35,14,0,1,50,data/cam4/cam4_20260108_061218.jpg
cam5,2026-01-08 13:12:19,15,14,10,3,42,data/cam5/cam5_20260108_061219.jpg
cam6,2026-01-08 13:12:20,32,10,1,0,43,data/cam6/cam6_20260108_061220.jpg
cam7,2026-01-08 13:12:20,24,3,4,1,32,data/cam7/cam7_20260108_061220.jpg
cam8,2026-01-08 13:12:21,31,16,6,3,56,data/cam8/cam8_20260108_061221.jpg
cam1,2026-01-08 13:17:16,22,23,5,4,54,data/cam1/cam1_20260108_061716.jpg
cam2,2026-01-08 13:17:17,7,4,2,0,13,data/cam2/cam2_20260108_061717.jpg
cam3,2026-01-08 13:17:18,14,10,4,1,29,data/cam3/cam3_20260108_061718.jpg
cam4,2026-01-08 13:17:19,35,12,0,1,48,data/cam4/cam4_20260108_061719.jpg
cam5,2026-01-08 13:17:20,18,23,7,2,50,data/cam5/cam5_20260108_061720.jpg
cam6,2026-01-08 13:17:21,71,8,1,0,80,data/cam6/cam6_20260108_061721.jpg
cam7,2026-01-08 13:17:22,38,9,0,0,47,data/cam7/cam7_20260108_061722.jpg
cam8,2026-01-08 13:17:23,33,10,1,2,46,data/cam8/cam8_20260108_061723.jpg
cam1,2026-01-08 13:22:16,25,10,4,2,41,data/cam1/cam1_20260108_062216.jpg
cam2,2026-01-08 13:22:17,11,8,1,1,21,data/cam2/cam2_20260108_062217.jpg
cam3,2026-01-08 13:22:18,17,13,2,0,32,data/cam3/cam3_20260108_062218.jpg
cam4,2026-01-08 13:22:19,52,4,2,0,58,data/cam4/cam4_20260108_062219.jpg
cam5,2026-01-08 13:22:19,16,21,1,0,38,data/cam5/cam5_20260108_062219.jpg
cam6,2026-01-08 13:22:20,26,4,6,2,38,data/cam6/cam6_20260108_062220.jpg
cam7,2026-01-08 13:22:21,26,4,2,0,32,data/cam7/cam7_20260108_062221.jpg
cam8,2026-01-08 13:22:22,40,24,4,1,69,data/cam8/cam8_20260108_062222.jpg
cam1,2026-01-08 13:27:16,19,10,1,2,32,data/cam1/cam1_20260108_062716.jpg
cam2,2026-01-08 13:27:17,14,4,0,1,19,data/cam2/cam2_20260108_062717.jpg
cam3,2026-01-08 13:27:18,27,4,1,2,34,data/cam3/cam3_20260108_062718.jpg
cam4,2026-01-08 13:27:19,38,13,0,0,51,data/cam4/cam4_20260108_062719.jpg
cam5,2026-01-08 13:27:21,12,23,4,0,39,data/cam5/cam5_20260108_062721.jpg
cam6,2026-01-08 13:27:21,40,9,3,0,52,data/cam6/cam6_20260108_062721.jpg
cam7,2026-01-08 13:27:23,22,2,0,0,24,data/cam7/cam7_20260108_062723.jpg
cam8,2026-01-08 13:27:24,30,23,1,4,58,data/cam8/cam8_20260108_062724.jpg
cam1,2026-01-08 13:32:16,16,19,2,0,37,data/cam1/cam1_20260108_063216.jpg
cam2,2026-01-08 13:32:17,4,3,0,0,7,data/cam2/cam2_20260108_063217.jpg
cam3,2026-01-08 13:32:18,23,5,3,0,31,data/cam3/cam3_20260108_063218.jpg
cam4,2026-01-08 13:32:19,39,17,2,0,58,data/cam4/cam4_20260108_063219.jpg
cam5,2026-01-08 13:32:19,29,29,3,2,63,data/cam5/cam5_20260108_063219.jpg
cam6,2026-01-08 13:32:20,25,6,3,1,35,data/cam6/cam6_20260108_063220.jpg
cam7,2026-01-08 13:32:21,30,3,1,0,34,data/cam7/cam7_20260108_063221.jpg
cam8,2026-01-08 13:32:21,10,22,1,5,38,data/cam8/cam8_20260108_063221.jpg
cam1,2026-01-08 13:37:16,33,17,1,1,52,data/cam1/cam1_20260108_063716.jpg
cam2,2026-01-08 13:37:17,13,7,0,0,20,data/cam2/cam2_20260108_063717.jpg
cam3,2026-01-08 13:37:18,18,9,2,1,30,data/cam3/cam3_20260108_063718.jpg
cam4,2026-01-08 13:37:19,37,4,1,0,42,data/cam4/cam4_20260108_063719.jpg
cam5,2026-01-08 13:37:20,13,29,4,5,51,data/cam5/cam5_20260108_063720.jpg
cam6,2026-01-08 13:37:21,54,6,0,1,61,data/cam6/cam6_20260108_063721.jpg
cam7,2026-01-08 13:37:22,26,3,0,0,29,data/cam7/cam7_20260108_063722.jpg
cam8,2026-01-08 13:37:23,37,16,6,3,62,data/cam8/cam8_20260108_063723.jpg
cam1,2026-01-08 13:42:16,35,19,3,2,59,data/cam1/cam1_20260108_064216.jpg
cam2,2026-01-08 13:42:17,13,2,0,0,15,data/cam2/cam2_20260108_064217.jpg
cam3,2026-01-08 13:42:18,30,7,3,0,40,data/cam3/cam3_20260108_064218.jpg
cam4,2026-01-08 13:42:19,42,10,3,0,55,data/cam4/cam4_20260108_064219.jpg
cam5,2026-01-08 13:42:19,17,21,5,1,44,data/cam5/cam5_20260108_064219.jpg
cam6,2026-01-08 13:42:20,33,8,6,3,50,data/cam6/cam6_20260108_064220.jpg
cam7,2026-01-08 13:42:21,15,4,1,0,20,data/cam7/cam7_20260108_064221.jpg
cam8,2026-01-08 13:42:21,30,11,4,3,48,data/cam8/cam8_20260108_064221.jpg
cam1,2026-01-08 13:47:16,22,19,3,2,46,data/cam1/cam1_20260108_064716.jpg
cam2,2026-01-08 13:47:17,30,7,2,0,39,data/cam2/cam2_20260108_064717.jpg
cam3,2026-01-08 13:47:18,23,2,3,0,28,data/cam3/cam3_20260108_064718.jpg
cam4,2026-01-08 13:47:19,46,12,4,1,63,data/cam4/cam4_20260108_064719.jpg
cam5,2026-01-08 13:47:20,8,31,8,2,49,data/cam5/cam5_20260108_064720.jpg
cam6,2026-01-08 13:47:20,24,6,3,0,33,data/cam6/cam6_20260108_064720.jpg
cam7,2026-01-08 13:47:21,39,3,1,0,43,data/cam7/cam7_20260108_064721.jpg
cam8,2026-01-08 13:47:22,38,13,1,3,55,data/cam8/cam8_20260108_064722.jpg
cam1,2026-01-08 13:52:16,25,23,2,1,51,data/cam1/cam1_20260108_065216.jpg
cam2,2026-01-08 13:52:18,23,9,0,1,33,data/cam2/cam2_20260108_065218.jpg
cam3,2026-01-08 13:52:19,15,5,2,0,22,data/cam3/cam3_20260108_065219.jpg
cam4,2026-01-08 13:52:19,31,7,2,0,40,data/cam4/cam4_20260108_065219.jpg
cam5,2026-01-08 13:52:20,9,36,7,0,52,data/cam5/cam5_20260108_065220.jpg
cam6,2026-01-08 13:52:21,22,5,3,1,31,data/cam6/cam6_20260108_065221.jpg
cam7,2026-01-08 13:52:22,23,4,1,0,28,data/cam7/cam7_20260108_065222.jpg
cam8,2026-01-08 13:52:23,43,13,3,1,60,data/cam8/cam8_20260108_065223.jpg
cam1,2026-01-08 13:57:16,22,22,0,3,47,data/cam1/cam1_20260108_065716.jpg
cam2,2026-01-08 13:57:17,28,6,1,0,35,data/cam2/cam2_20260108_065717.jpg
cam3,2026-01-08 13:57:19,23,7,6,0,36,data/cam3/cam3_20260108_065719.jpg
cam4,2026-01-08 13:57:21,44,16,1,0,61,data/cam4/cam4_20260108_065721.jpg
cam5,2026-01-08 13:57:22,15,36,4,2,57,data/cam5/cam5_20260108_065722.jpg
cam6,2026-01-08 13:57:23,56,4,4,0,64,data/cam6/cam6_20260108_065723.jpg
cam7,2026-01-08 13:57:23,39,3,3,2,47,data/cam7/cam7_20260108_065723.jpg
cam8,2026-01-08 13:57:25,30,20,2,4,56,data/cam8/cam8_20260108_065725.jpg
cam1,2026-01-08 14:02:16,39,31,4,0,74,data/cam1/cam1_20260108_070216.jpg
cam2,2026-01-08 14:02:17,22,6,2,0,30,data/cam2/cam2_20260108_070217.jpg
cam3,2026-01-08 14:02:18,22,2,3,0,27,data/cam3/cam3_20260108_070218.jpg
cam4,2026-01-08 14:02:19,32,17,5,1,55,data/cam4/cam4_20260108_070219.jpg
cam5,2026-01-08 14:02:20,25,21,2,0,48,data/cam5/cam5_20260108_070220.jpg
cam6,2026-01-08 14:02:20,37,5,6,2,50,data/cam6/cam6_20260108_070220.jpg
cam7,2026-01-08 14:02:21,30,5,3,0,38,data/cam7/cam7_20260108_070221.jpg
cam8,2026-01-08 14:02:22,25,15,0,2,42,data/cam8/cam8_20260108_070222.jpg
cam1,2026-01-08 14:07:16,30,20,4,2,56,data/cam1/cam1_20260108_070716.jpg
cam2,2026-01-08 14:07:17,17,6,1,0,24,data/cam2/cam2_20260108_070717.jpg
cam3,2026-01-08 14:07:18,22,2,4,0,28,data/cam3/cam3_20260108_070718.jpg
cam4,2026-01-08 14:07:19,29,8,1,0,38,data/cam4/cam4_20260108_070719.jpg
cam5,2026-01-08 14:07:19,16,39,3,3,61,data/cam5/cam5_20260108_070719.jpg
cam6,2026-01-08 14:07:20,37,9,3,0,49,data/cam6/cam6_20260108_070720.jpg
cam7,2026-01-08 14:07:21,24,5,2,2,33,data/cam7/cam7_20260108_070721.jpg
cam8,2026-01-08 14:07:22,28,18,2,1,49,data/cam8/cam8_20260108_070722.jpg
cam1,2026-01-08 14:12:16,44,15,2,1,62,data/cam1/cam1_20260108_071216.jpg
cam2,2026-01-08 14:12:17,13,9,3,0,25,data/cam2/cam2_20260108_071217.jpg
cam3,2026-01-08 14:12:18,17,9,1,1,28,data/cam3/cam3_20260108_071218.jpg
cam4,2026-01-08 14:12:19,40,13,1,0,54,data/cam4/cam4_20260108_071219.jpg
cam5,2026-01-08 14:12:20,36,16,6,1,59,data/cam5/cam5_20260108_071220.jpg
cam6,2026-01-08 14:12:20,52,10,3,0,65,data/cam6/cam6_20260108_071220.jpg
cam7,2026-01-08 14:12:21,37,3,2,1,43,data/cam7/cam7_20260108_071221.jpg
cam8,2026-01-08 14:12:22,32,18,1,4,55,data/cam8/cam8_20260108_071222.jpg
cam1,2026-01-08 14:17:16,24,14,6,2,46,data/cam1/cam1_20260108_071716.jpg
cam2,2026-01-08 14:17:17,25,4,1,0,30,data/cam2/cam2_20260108_071717.jpg
cam3,2026-01-08 14:17:18,24,9,2,0,35,data/cam3/cam3_20260108_071718.jpg
cam4,2026-01-08 14:17:26,34,10,2,2,48,data/cam4/cam4_20260108_071726.jpg
cam5,2026-01-08 14:17:27,12,21,2,0,35,data/cam5/cam5_20260108_071727.jpg
cam6,2026-01-08 14:17:28,43,7,2,2,54,data/cam6/cam6_20260108_071728.jpg
cam7,2026-01-08 14:17:29,43,7,2,0,52,data/cam7/cam7_20260108_071729.jpg
cam8,2026-01-08 14:17:29,58,13,6,5,82,data/cam8/cam8_20260108_071729.jpg
cam1,2026-01-08 14:22:16,16,14,5,2,37,data/cam1/cam1_20260108_072216.jpg
cam2,2026-01-08 14:22:17,37,5,0,1,43,data/cam2/cam2_20260108_072217.jpg
cam3,2026-01-08 14:22:18,18,2,6,0,26,data/cam3/cam3_20260108_072218.jpg
cam4,2026-01-08 14:22:19,39,6,0,0,45,data/cam4/cam4_20260108_072219.jpg
cam5,2026-01-08 14:22:20,16,21,3,3,43,data/cam5/cam5_20260108_072220.jpg
cam6,2026-01-08 14:22:21,63,3,4,0,70,data/cam6/cam6_20260108_072221.jpg
cam7,2026-01-08 14:22:21,44,7,4,0,55,data/cam7/cam7_20260108_072221.jpg
cam8,2026-01-08 14:22:22,31,19,1,1,52,data/cam8/cam8_20260108_072222.jpg
cam1,2026-01-08 14:27:16,42,15,0,2,59,data/cam1/cam1_20260108_072716.jpg
cam2,2026-01-08 14:27:17,19,11,1,0,31,data/cam2/cam2_20260108_072717.jpg
cam3,2026-01-08 14:27:18,23,5,2,1,31,data/cam3/cam3_20260108_072718.jpg
cam4,2026-01-08 14:27:22,46,15,2,0,63,data/cam4/cam4_20260108_072722.jpg
cam5,2026-01-08 14:27:23,27,33,2,3,65,data/cam5/cam5_20260108_072723.jpg
cam6,2026-01-08 14:27:23,51,8,7,0,66,data/cam6/cam6_20260108_072723.jpg
cam7,2026-01-08 14:27:25,29,4,2,1,36,data/cam7/cam7_20260108_072725.jpg
cam8,2026-01-08 14:27:26,39,14,1,4,58,data/cam8/cam8_20260108_072726.jpg
cam1,2026-01-08 14:32:16,20,22,2,2,46,data/cam1/cam1_20260108_073216.jpg
cam2,2026-01-08 14:32:20,25,5,2,0,32,data/cam2/cam2_20260108_073220.jpg
cam3,2026-01-08 14:32:23,15,8,2,0,25,data/cam3/cam3_20260108_073223.jpg
cam4,2026-01-08 14:32:26,29,9,4,1,43,data/cam4/cam4_20260108_073226.jpg
cam5,2026-01-08 14:32:27,35,31,2,2,70,data/cam5/cam5_20260108_073227.jpg
cam6,2026-01-08 14:32:28,23,11,1,2,37,data/cam6/cam6_20260108_073228.jpg
cam7,2026-01-08 14:32:28,46,11,2,0,59,data/cam7/cam7_20260108_073228.jpg
cam8,2026-01-08 14:32:29,35,13,2,2,52,data/cam8/cam8_20260108_073229.jpg
cam1,2026-01-08 14:37:16,60,22,1,2,85,data/cam1/cam1_20260108_073716.jpg
cam2,2026-01-08 14:37:17,15,4,1,0,20,data/cam2/cam2_20260108_073717.jpg
cam3,2026-01-08 14:37:19,24,10,2,0,36,data/cam3/cam3_20260108_073719.jpg
cam4,2026-01-08 14:37:20,47,8,0,0,55,data/cam4/cam4_20260108_073720.jpg
cam5,2026-01-08 14:37:21,9,31,4,6,50,data/cam5/cam5_20260108_073721.jpg
cam6,2026-01-08 14:37:22,41,14,0,0,55,data/cam6/cam6_20260108_073722.jpg
cam7,2026-01-08 14:37:23,37,9,3,2,51,data/cam7/cam7_20260108_073723.jpg
cam8,2026-01-08 14:37:24,40,10,2,2,54,data/cam8/cam8_20260108_073724.jpg
cam1,2026-01-08 14:42:16,23,24,5,0,52,data/cam1/cam1_20260108_074216.jpg
cam2,2026-01-08 14:42:17,14,8,2,0,24,data/cam2/cam2_20260108_074217.jpg
cam3,2026-01-08 14:42:23,24,7,3,0,34,data/cam3/cam3_20260108_074223.jpg
cam4,2026-01-08 14:42:23,62,9,4,0,75,data/cam4/cam4_20260108_074223.jpg
cam5,2026-01-08 14:42:24,21,32,2,4,59,data/cam5/cam5_20260108_074224.jpg
cam6,2026-01-08 14:42:25,43,9,4,0,56,data/cam6/cam6_20260108_074225.jpg
cam7,2026-01-08 14:42:25,39,7,2,2,50,data/cam7/cam7_20260108_074225.jpg
cam8,2026-01-08 14:42:26,35,15,1,2,53,data/cam8/cam8_20260108_074226.jpg
cam1,2026-01-08 14:47:16,34,32,2,1,69,data/cam1/cam1_20260108_074716.jpg
cam2,2026-01-08 14:47:17,12,2,0,0,14,data/cam2/cam2_20260108_074717.jpg
cam3,2026-01-08 14:47:18,25,3,1,0,29,data/cam3/cam3_20260108_074718.jpg
cam4,2026-01-08 14:47:19,43,13,4,0,60,data/cam4/cam4_20260108_074719.jpg
cam5,2026-01-08 14:47:20,9,29,5,6,49,data/cam5/cam5_20260108_074720.jpg
cam6,2026-01-08 14:47:20,42,10,6,0,58,data/cam6/cam6_20260108_074720.jpg
cam7,2026-01-08 14:47:21,52,8,4,0,64,data/cam7/cam7_20260108_074721.jpg
cam8,2026-01-08 14:47:22,26,19,3,3,51,data/cam8/cam8_20260108_074722.jpg
cam1,2026-01-08 14:50:28,26,12,1,0,39,data/cam1/cam1_20260108_075028.jpg
cam2,2026-01-08 14:50:29,21,8,1,0,30,data/cam2/cam2_20260108_075029.jpg
cam3,2026-01-08 14:50:30,17,8,3,0,28,data/cam3/cam3_20260108_075030.jpg
cam4,2026-01-08 14:50:31,34,12,4,1,51,data/cam4/cam4_20260108_075031.jpg
cam5,2026-01-08 14:50:32,11,25,6,4,46,data/cam5/cam5_20260108_075032.jpg
cam6,2026-01-08 14:50:32,45,8,2,0,55,data/cam6/cam6_20260108_075032.jpg
cam7,2026-01-08 14:50:33,38,15,0,0,53,data/cam7/cam7_20260108_075033.jpg
cam8,2026-01-08 14:50:34,27,20,0,1,48,data/cam8/cam8_20260108_075034.jpg
cam1,2026-01-08 14:55:28,33,14,0,1,48,data/cam1/cam1_20260108_075528.jpg
cam2,2026-01-08 14:55:29,14,16,1,0,31,data/cam2/cam2_20260108_075529.jpg
cam3,2026-01-08 14:55:30,18,8,2,1,29,data/cam3/cam3_20260108_075530.jpg
cam4,2026-01-08 14:55:31,37,9,0,0,46,data/cam4/cam4_20260108_075531.jpg
cam5,2026-01-08 14:55:32,28,28,2,1,59,data/cam5/cam5_20260108_075532.jpg
cam6,2026-01-08 14:55:32,19,3,1,1,24,data/cam6/cam6_20260108_075532.jpg
cam7,2026-01-08 14:55:33,38,4,0,2,44,data/cam7/cam7_20260108_075533.jpg
cam8,2026-01-08 14:55:34,31,19,0,5,55,data/cam8/cam8_20260108_075534.jpg
cam1,2026-01-08 15:00:28,54,21,5,1,81,data/cam1/cam1_20260108_080028.jpg
cam2,2026-01-08 15:00:29,35,7,0,1,43,data/cam2/cam2_20260108_080029.jpg
cam3,2026-01-08 15:00:30,10,3,1,0,14,data/cam3/cam3_20260108_080030.jpg
cam4,2026-01-08 15:00:31,43,11,1,0,55,data/cam4/cam4_20260108_080031.jpg
cam5,2026-01-08 15:00:32,21,26,5,5,57,data/cam5/cam5_20260108_080032.jpg
cam6,2026-01-08 15:00:32,36,6,5,1,48,data/cam6/cam6_20260108_080032.jpg
cam7,2026-01-08 15:00:33,29,6,1,1,37,data/cam7/cam7_20260108_080033.jpg
cam8,2026-01-08 15:00:34,40,13,1,5,59,data/cam8/cam8_20260108_080034.jpg
cam1,2026-01-08 15:05:28,24,14,3,1,42,data/cam1/cam1_20260108_080528.jpg
cam2,2026-01-08 15:05:29,25,5,0,1,31,data/cam2/cam2_20260108_080529.jpg
cam3,2026-01-08 15:05:30,24,9,2,0,35,data/cam3/cam3_20260108_080530.jpg
cam4,2026-01-08 15:05:31,44,8,2,0,54,data/cam4/cam4_20260108_080531.jpg
cam5,2026-01-08 15:05:32,23,17,7,3,50,data/cam5/cam5_20260108_080532.jpg
cam6,2026-01-08 15:05:32,41,1,1,0,43,data/cam6/cam6_20260108_080532.jpg
cam7,2026-01-08 15:05:34,38,9,3,1,51,data/cam7/cam7_20260108_080534.jpg
cam8,2026-01-08 15:05:35,36,16,1,0,53,data/cam8/cam8_20260108_080535.jpg
cam1,2026-01-08 15:10:28,35,23,2,2,62,data/cam1/cam1_20260108_081028.jpg
cam2,2026-01-08 15:10:29,16,3,1,0,20,data/cam2/cam2_20260108_081029.jpg
cam3,2026-01-08 15:10:30,19,11,0,1,31,data/cam3/cam3_20260108_081030.jpg
cam4,2026-01-08 15:10:32,50,8,1,1,60,data/cam4/cam4_20260108_081032.jpg
cam5,2026-01-08 15:10:33,11,30,5,1,47,data/cam5/cam5_20260108_081033.jpg
cam6,2026-01-08 15:10:34,60,8,2,0,70,data/cam6/cam6_20260108_081034.jpg
cam7,2026-01-08 15:10:36,26,4,2,1,33,data/cam7/cam7_20260108_081036.jpg
cam8,2026-01-08 15:10:36,36,19,1,1,57,data/cam8/cam8_20260108_081036.jpg
cam1,2026-01-08 15:15:28,30,25,2,3,60,data/cam1/cam1_20260108_081528.jpg
cam2,2026-01-08 15:15:29,12,1,0,0,13,data/cam2/cam2_20260108_081529.jpg
cam3,2026-01-08 15:15:30,21,7,2,2,32,data/cam3/cam3_20260108_081530.jpg
cam4,2026-01-08 15:15:30,38,10,4,3,55,data/cam4/cam4_20260108_081530.jpg
cam5,2026-01-08 15:15:31,15,25,0,0,40,data/cam5/cam5_20260108_081531.jpg
cam6,2026-01-08 15:15:32,26,8,0,1,35,data/cam6/cam6_20260108_081532.jpg
cam7,2026-01-08 15:15:32,37,9,2,0,48,data/cam7/cam7_20260108_081532.jpg
cam8,2026-01-08 15:15:33,16,14,2,2,34,data/cam8/cam8_20260108_081533.jpg
cam1,2026-01-08 15:20:28,49,20,1,1,71,data/cam1/cam1_20260108_082028.jpg
cam2,2026-01-08 15:20:29,22,9,0,2,33,data/cam2/cam2_20260108_082029.jpg
cam3,2026-01-08 15:20:30,21,0,1,0,22,data/cam3/cam3_20260108_082030.jpg
cam4,2026-01-08 15:20:30,23,13,1,1,38,data/cam4/cam4_20260108_082030.jpg
cam5,2026-01-08 15:20:31,27,26,0,6,59,data/cam5/cam5_20260108_082031.jpg
cam6,2026-01-08 15:20:32,24,5,2,1,32,data/cam6/cam6_20260108_082032.jpg
cam7,2026-01-08 15:20:32,36,14,2,2,54,data/cam7/cam7_20260108_082032.jpg
cam8,2026-01-08 15:20:33,40,15,0,2,57,data/cam8/cam8_20260108_082033.jpg
cam1,2026-01-08 15:25:28,26,18,0,2,46,data/cam1/cam1_20260108_082528.jpg
cam2,2026-01-08 15:25:29,26,12,1,0,39,data/cam2/cam2_20260108_082529.jpg
cam3,2026-01-08 15:25:31,34,11,4,1,50,data/cam3/cam3_20260108_082531.jpg
cam4,2026-01-08 15:25:32,40,4,1,0,45,data/cam4/cam4_20260108_082532.jpg
cam5,2026-01-08 15:25:33,19,29,4,5,57,data/cam5/cam5_20260108_082533.jpg
cam6,2026-01-08 15:25:34,43,8,5,4,60,data/cam6/cam6_20260108_082534.jpg
cam7,2026-01-08 15:25:36,48,11,2,0,61,data/cam7/cam7_20260108_082536.jpg
cam8,2026-01-08 15:25:37,42,22,0,2,66,data/cam8/cam8_20260108_082537.jpg
cam1,2026-01-08 15:30:28,46,20,0,2,68,data/cam1/cam1_20260108_083028.jpg
cam2,2026-01-08 15:30:29,32,7,0,0,39,data/cam2/cam2_20260108_083029.jpg
cam3,2026-01-08 15:30:30,26,12,2,0,40,data/cam3/cam3_20260108_083030.jpg
cam4,2026-01-08 15:30:31,47,12,2,2,63,data/cam4/cam4_20260108_083031.jpg
cam5,2026-01-08 15:30:32,23,26,1,2,52,data/cam5/cam5_20260108_083032.jpg
cam6,2026-01-08 15:30:33,76,8,1,2,87,data/cam6/cam6_20260108_083033.jpg
cam7,2026-01-08 15:30:33,18,6,0,1,25,data/cam7/cam7_20260108_083033.jpg
cam8,2026-01-08 15:30:34,25,19,2,4,50,data/cam8/cam8_20260108_083034.jpg
cam1,2026-01-08 15:35:28,31,18,1,0,50,data/cam1/cam1_20260108_083528.jpg
cam2,2026-01-08 15:35:29,14,4,0,3,21,data/cam2/cam2_20260108_083529.jpg
cam3,2026-01-08 15:35:31,26,1,3,1,31,data/cam3/cam3_20260108_083531.jpg
cam4,2026-01-08 15:35:32,41,10,1,1,53,data/cam4/cam4_20260108_083532.jpg
cam5,2026-01-08 15:35:32,5,28,2,0,35,data/cam5/cam5_20260108_083532.jpg
cam6,2026-01-08 15:35:33,46,6,5,1,58,data/cam6/cam6_20260108_083533.jpg
cam7,2026-01-08 15:35:33,24,2,0,1,27,data/cam7/cam7_20260108_083533.jpg
cam8,2026-01-08 15:35:34,59,19,1,2,81,data/cam8/cam8_20260108_083534.jpg
cam1,2026-01-08 15:40:28,42,21,0,3,66,data/cam1/cam1_20260108_084028.jpg
cam2,2026-01-08 15:40:29,29,12,0,0,41,data/cam2/cam2_20260108_084029.jpg
cam3,2026-01-08 15:40:30,19,8,2,0,29,data/cam3/cam3_20260108_084030.jpg
cam4,2026-01-08 15:40:32,47,9,0,0,56,data/cam4/cam4_20260108_084032.jpg
cam5,2026-01-08 15:40:33,36,22,3,0,61,data/cam5/cam5_20260108_084033.jpg
cam6,2026-01-08 15:40:34,51,7,0,1,59,data/cam6/cam6_20260108_084034.jpg
cam7,2026-01-08 15:40:35,39,4,2,0,45,data/cam7/cam7_20260108_084035.jpg
cam8,2026-01-08 15:40:35,43,15,0,2,60,data/cam8/cam8_20260108_084035.jpg
cam1,2026-01-08 15:45:28,52,21,3,0,76,data/cam1/cam1_20260108_084528.jpg
cam2,2026-01-08 15:45:30,17,2,1,0,20,data/cam2/cam2_20260108_084530.jpg
cam3,2026-01-08 15:45:30,35,9,2,1,47,data/cam3/cam3_20260108_084530.jpg
cam4,2026-01-08 15:45:31,59,15,0,0,74,data/cam4/cam4_20260108_084531.jpg
cam5,2026-01-08 15:45:32,30,23,0,5,58,data/cam5/cam5_20260108_084532.jpg
cam6,2026-01-08 15:45:32,30,5,1,3,39,data/cam6/cam6_20260108_084532.jpg
cam7,2026-01-08 15:45:33,32,3,2,0,37,data/cam7/cam7_20260108_084533.jpg
cam8,2026-01-08 15:45:34,53,12,0,3,68,data/cam8/cam8_20260108_084534.jpg
cam1,2026-01-08 15:50:28,26,17,0,3,46,data/cam1/cam1_20260108_085028.jpg
cam2,2026-01-08 15:50:29,14,3,0,0,17,data/cam2/cam2_20260108_085029.jpg
cam3,2026-01-08 15:50:30,27,4,1,0,32,data/cam3/cam3_20260108_085030.jpg
cam4,2026-01-08 15:50:30,42,8,1,1,52,data/cam4/cam4_20260108_085030.jpg
cam5,2026-01-08 15:50:31,26,41,1,2,70,data/cam5/cam5_20260108_085031.jpg
cam6,2026-01-08 15:50:32,48,7,0,0,55,data/cam6/cam6_20260108_085032.jpg
cam7,2026-01-08 15:50:32,29,2,0,0,31,data/cam7/cam7_20260108_085032.jpg
cam8,2026-01-08 15:50:33,46,29,2,3,80,data/cam8/cam8_20260108_085033.jpg
cam1,2026-01-08 15:55:28,54,32,1,1,88,data/cam1/cam1_20260108_085528.jpg
cam2,2026-01-08 15:55:29,17,7,0,0,24,data/cam2/cam2_20260108_085529.jpg
cam3,2026-01-08 15:55:30,24,6,3,2,35,data/cam3/cam3_20260108_085530.jpg
cam4,2026-01-08 15:55:31,44,6,0,0,50,data/cam4/cam4_20260108_085531.jpg
cam5,2026-01-08 15:55:31,29,28,0,1,58,data/cam5/cam5_20260108_085531.jpg
cam6,2026-01-08 15:55:32,30,13,0,0,43,data/cam6/cam6_20260108_085532.jpg
cam7,2026-01-08 15:55:33,43,8,1,1,53,data/cam7/cam7_20260108_085533.jpg
cam8,2026-01-08 15:55:34,23,12,2,1,38,data/cam8/cam8_20260108_085534.jpg
cam1,2026-01-08 16:00:28,32,17,0,1,50,data/cam1/cam1_20260108_090028.jpg
cam2,2026-01-08 16:00:29,24,12,0,0,36,data/cam2/cam2_20260108_090029.jpg
cam3,2026-01-08 16:00:30,21,7,2,0,30,data/cam3/cam3_20260108_090030.jpg
cam4,2026-01-08 16:00:31,43,12,0,2,57,data/cam4/cam4_20260108_090031.jpg
cam5,2026-01-08 16:00:32,10,30,1,2,43,data/cam5/cam5_20260108_090032.jpg
cam6,2026-01-08 16:00:32,41,6,0,0,47,data/cam6/cam6_20260108_090032.jpg
cam7,2026-01-08 16:00:33,37,8,1,0,46,data/cam7/cam7_20260108_090033.jpg
cam8,2026-01-08 16:00:34,38,13,1,1,53,data/cam8/cam8_20260108_090034.jpg
cam1,2026-01-08 16:05:28,54,23,0,1,78,data/cam1/cam1_20260108_090528.jpg
cam2,2026-01-08 16:05:29,32,3,0,2,37,data/cam2/cam2_20260108_090529.jpg
cam3,2026-01-08 16:05:30,39,7,2,1,49,data/cam3/cam3_20260108_090530.jpg
cam4,2026-01-08 16:05:30,47,8,0,0,55,data/cam4/cam4_20260108_090530.jpg
cam5,2026-01-08 16:05:31,32,30,2,1,65,data/cam5/cam5_20260108_090531.jpg
cam6,2026-01-08 16:05:32,48,13,0,2,63,data/cam6/cam6_20260108_090532.jpg
cam7,2026-01-08 16:05:32,48,10,0,1,59,data/cam7/cam7_20260108_090532.jpg
cam8,2026-01-08 16:05:33,34,15,0,2,51,data/cam8/cam8_20260108_090533.jpg
cam1,2026-01-08 16:10:28,63,18,0,1,82,data/cam1/cam1_20260108_091028.jpg
cam2,2026-01-08 16:10:29,36,6,1,1,44,data/cam2/cam2_20260108_091029.jpg
cam3,2026-01-08 16:10:30,42,9,1,1,53,data/cam3/cam3_20260108_091030.jpg
cam4,2026-01-08 16:10:30,56,11,0,1,68,data/cam4/cam4_20260108_091030.jpg
cam5,2026-01-08 16:10:31,26,35,0,4,65,data/cam5/cam5_20260108_091031.jpg
cam6,2026-01-08 16:10:32,91,2,2,0,95,data/cam6/cam6_20260108_091032.jpg
cam7,2026-01-08 16:10:33,61,10,1,0,72,data/cam7/cam7_20260108_091033.jpg
cam8,2026-01-08 16:10:33,49,21,0,0,70,data/cam8/cam8_20260108_091033.jpg
cam1,2026-01-08 16:15:28,41,23,0,1,65,data/cam1/cam1_20260108_091528.jpg
cam2,2026-01-08 16:15:33,50,4,0,0,54,data/cam2/cam2_20260108_091533.jpg
cam3,2026-01-08 16:15:34,33,15,2,0,50,data/cam3/cam3_20260108_091534.jpg
cam4,2026-01-08 16:15:35,62,17,0,1,80,data/cam4/cam4_20260108_091535.jpg
cam5,2026-01-08 16:15:36,21,35,0,3,59,data/cam5/cam5_20260108_091536.jpg
cam6,2026-01-08 16:15:37,45,8,0,1,54,data/cam6/cam6_20260108_091537.jpg
cam7,2026-01-08 16:15:38,36,5,0,2,43,data/cam7/cam7_20260108_091538.jpg
cam8,2026-01-08 16:15:38,34,12,0,1,47,data/cam8/cam8_20260108_091538.jpg
cam1,2026-01-08 16:20:28,34,17,1,1,53,data/cam1/cam1_20260108_092028.jpg
cam2,2026-01-08 16:20:29,15,2,0,0,17,data/cam2/cam2_20260108_092029.jpg
cam3,2026-01-08 16:20:30,28,10,3,1,42,data/cam3/cam3_20260108_092030.jpg
cam4,2026-01-08 16:20:31,61,14,1,2,78,data/cam4/cam4_20260108_092031.jpg
cam5,2026-01-08 16:20:32,11,35,0,2,48,data/cam5/cam5_20260108_092032.jpg
cam6,2026-01-08 16:20:32,46,9,1,1,57,data/cam6/cam6_20260108_092032.jpg
cam7,2026-01-08 16:20:33,28,13,1,2,44,data/cam7/cam7_20260108_092033.jpg
cam8,2026-01-08 16:20:34,36,18,0,1,55,data/cam8/cam8_20260108_092034.jpg
cam1,2026-01-08 16:25:28,26,21,1,2,50,data/cam1/cam1_20260108_092528.jpg
cam2,2026-01-08 16:25:29,20,2,1,0,23,data/cam2/cam2_20260108_092529.jpg
cam3,2026-01-08 16:25:30,40,11,1,0,52,data/cam3/cam3_20260108_092530.jpg
cam4,2026-01-08 16:25:31,48,7,0,1,56,data/cam4/cam4_20260108_092531.jpg
cam5,2026-01-08 16:25:32,33,25,1,0,59,data/cam5/cam5_20260108_092532.jpg
cam6,2026-01-08 16:25:32,70,1,0,0,71,data/cam6/cam6_20260108_092532.jpg
cam7,2026-01-08 16:25:33,33,16,1,4,54,data/cam7/cam7_20260108_092533.jpg
cam8,2026-01-08 16:25:34,33,8,0,0,41,data/cam8/cam8_20260108_092534.jpg
cam1,2026-01-08 16:30:28,67,24,0,1,92,data/cam1/cam1_20260108_093028.jpg
cam2,2026-01-08 16:30:29,36,7,0,1,44,data/cam2/cam2_20260108_093029.jpg
cam3,2026-01-08 16:30:30,22,7,1,0,30,data/cam3/cam3_20260108_093030.jpg
cam4,2026-01-08 16:30:31,42,14,1,2,59,data/cam4/cam4_20260108_093031.jpg
cam5,2026-01-08 16:30:32,39,30,1,0,70,data/cam5/cam5_20260108_093032.jpg
cam6,2026-01-08 16:30:32,56,2,0,0,58,data/cam6/cam6_20260108_093032.jpg
cam7,2026-01-08 16:30:33,26,3,0,0,29,data/cam7/cam7_20260108_093033.jpg
cam8,2026-01-08 16:30:34,57,11,1,1,70,data/cam8/cam8_20260108_093034.jpg
cam1,2026-01-08 16:35:28,46,30,0,6,82,data/cam1/cam1_20260108_093528.jpg
cam2,2026-01-08 16:35:29,22,12,0,0,34,data/cam2/cam2_20260108_093529.jpg
cam3,2026-01-08 16:35:30,44,8,1,0,53,data/cam3/cam3_20260108_093530.jpg
cam4,2026-01-08 16:35:30,57,17,0,0,74,data/cam4/cam4_20260108_093530.jpg
cam5,2026-01-08 16:35:31,37,28,2,0,67,data/cam5/cam5_20260108_093531.jpg
cam6,2026-01-08 16:35:32,48,10,1,0,59,data/cam6/cam6_20260108_093532.jpg
cam7,2026-01-08 16:35:33,25,1,0,0,26,data/cam7/cam7_20260108_093533.jpg
cam8,2026-01-08 16:35:34,45,12,0,2,59,data/cam8/cam8_20260108_093534.jpg
cam1,2026-01-08 16:40:28,53,20,1,1,75,data/cam1/cam1_20260108_094028.jpg
cam2,2026-01-08 16:40:29,27,8,1,0,36,data/cam2/cam2_20260108_094029.jpg
cam3,2026-01-08 16:40:30,21,8,1,0,30,data/cam3/cam3_20260108_094030.jpg
cam4,2026-01-08 16:40:30,48,15,0,0,63,data/cam4/cam4_20260108_094030.jpg
cam5,2026-01-08 16:40:31,40,36,2,0,78,data/cam5/cam5_20260108_094031.jpg
cam6,2026-01-08 16:40:32,102,6,1,0,109,data/cam6/cam6_20260108_094032.jpg
cam7,2026-01-08 16:40:32,40,6,0,0,46,data/cam7/cam7_20260108_094032.jpg
cam8,2026-01-08 16:40:33,37,12,0,1,50,data/cam8/cam8_20260108_094033.jpg
cam1,2026-01-08 16:45:28,51,22,1,1,75,data/cam1/cam1_20260108_094528.jpg
cam2,2026-01-08 16:45:30,33,7,0,1,41,data/cam2/cam2_20260108_094530.jpg
cam3,2026-01-08 16:45:31,50,6,2,0,58,data/cam3/cam3_20260108_094531.jpg
cam4,2026-01-08 16:45:32,51,7,0,0,58,data/cam4/cam4_20260108_094532.jpg
cam5,2026-01-08 16:45:33,21,29,0,0,50,data/cam5/cam5_20260108_094533.jpg
cam6,2026-01-08 16:45:33,47,10,1,0,58,data/cam6/cam6_20260108_094533.jpg
cam7,2026-01-08 16:45:34,22,2,0,0,24,data/cam7/cam7_20260108_094534.jpg
cam8,2026-01-08 16:45:35,58,9,0,0,67,data/cam8/cam8_20260108_094535.jpg
cam1,2026-01-08 16:50:28,41,30,0,1,72,data/cam1/cam1_20260108_095028.jpg
cam2,2026-01-08 16:50:29,61,13,0,0,74,data/cam2/cam2_20260108_095029.jpg
cam3,2026-01-08 16:50:30,46,12,1,0,59,data/cam3/cam3_20260108_095030.jpg
cam4,2026-01-08 16:50:31,56,8,0,0,64,data/cam4/cam4_20260108_095031.jpg
cam5,2026-01-08 16:50:32,80,27,0,3,110,data/cam5/cam5_20260108_095032.jpg
cam6,2026-01-08 16:50:32,65,8,0,0,73,data/cam6/cam6_20260108_095032.jpg
cam7,2026-01-08 16:50:33,30,8,0,1,39,data/cam7/cam7_20260108_095033.jpg
cam8,2026-01-08 16:50:34,39,15,0,1,55,data/cam8/cam8_20260108_095034.jpg
cam1,2026-01-08 16:55:28,31,20,0,1,52,data/cam1/cam1_20260108_095528.jpg
cam2,2026-01-08 16:55:29,21,7,0,1,29,data/cam2/cam2_20260108_095529.jpg
cam3,2026-01-08 16:55:30,29,8,1,0,38,data/cam3/cam3_20260108_095530.jpg
cam4,2026-01-08 16:55:31,74,18,0,0,92,data/cam4/cam4_20260108_095531.jpg
cam5,2026-01-08 16:55:31,27,41,0,2,70,data/cam5/cam5_20260108_095531.jpg
cam6,2026-01-08 16:55:32,44,6,0,1,51,data/cam6/cam6_20260108_095532.jpg
cam7,2026-01-08 16:55:33,37,5,0,0,42,data/cam7/cam7_20260108_095533.jpg
cam8,2026-01-08 16:55:33,50,9,3,2,64,data/cam8/cam8_20260108_095533.jpg
cam1,2026-01-08 17:00:28,53,30,0,1,84,data/cam1/cam1_20260108_100028.jpg
cam2,2026-01-08 17:00:29,24,1,0,2,27,data/cam2/cam2_20260108_100029.jpg
cam3,2026-01-08 17:00:30,38,3,1,0,42,data/cam3/cam3_20260108_100030.jpg
cam4,2026-01-08 17:00:31,46,5,0,0,51,data/cam4/cam4_20260108_100031.jpg
cam5,2026-01-08 17:00:32,37,42,0,1,80,data/cam5/cam5_20260108_100032.jpg
cam6,2026-01-08 17:00:32,70,6,0,2,78,data/cam6/cam6_20260108_100032.jpg
cam7,2026-01-08 17:00:33,57,5,0,0,62,data/cam7/cam7_20260108_100033.jpg
cam8,2026-01-08 17:00:34,31,18,0,0,49,data/cam8/cam8_20260108_100034.jpg
cam1,2026-01-08 17:05:28,76,25,0,1,102,data/cam1/cam1_20260108_100528.jpg
cam2,2026-01-08 17:05:29,33,8,0,0,41,data/cam2/cam2_20260108_100529.jpg
cam3,2026-01-08 17:05:30,38,10,1,0,49,data/cam3/cam3_20260108_100530.jpg
cam4,2026-01-08 17:05:31,50,14,1,0,65,data/cam4/cam4_20260108_100531.jpg
cam5,2026-01-08 17:05:32,49,40,1,4,94,data/cam5/cam5_20260108_100532.jpg
cam6,2026-01-08 17:05:32,52,9,0,0,61,data/cam6/cam6_20260108_100532.jpg
cam7,2026-01-08 17:05:33,36,4,0,0,40,data/cam7/cam7_20260108_100533.jpg
cam8,2026-01-08 17:05:34,63,15,0,2,80,data/cam8/cam8_20260108_100534.jpg
cam1,2026-01-08 17:10:28,53,23,0,0,76,data/cam1/cam1_20260108_101028.jpg
cam2,2026-01-08 17:10:29,37,9,0,1,47,data/cam2/cam2_20260108_101029.jpg
cam3,2026-01-08 17:10:30,41,10,1,1,53,data/cam3/cam3_20260108_101030.jpg
cam4,2026-01-08 17:10:31,66,15,0,4,85,data/cam4/cam4_20260108_101031.jpg
cam5,2026-01-08 17:10:32,40,29,1,2,72,data/cam5/cam5_20260108_101032.jpg
cam6,2026-01-08 17:10:32,92,8,0,0,100,data/cam6/cam6_20260108_101032.jpg
cam7,2026-01-08 17:10:33,28,2,0,0,30,data/cam7/cam7_20260108_101033.jpg
cam8,2026-01-08 17:10:33,53,13,0,3,69,data/cam8/cam8_20260108_101033.jpg
cam1,2026-01-08 17:15:28,42,19,0,3,64,data/cam1/cam1_20260108_101528.jpg
cam2,2026-01-08 17:15:29,48,10,1,0,59,data/cam2/cam2_20260108_101529.jpg
cam3,2026-01-08 17:15:30,34,11,1,0,46,data/cam3/cam3_20260108_101530.jpg
cam4,2026-01-08 17:15:31,68,11,0,0,79,data/cam4/cam4_20260108_101531.jpg
cam5,2026-01-08 17:15:31,50,31,1,1,83,data/cam5/cam5_20260108_101531.jpg
cam6,2026-01-08 17:15:32,45,3,0,1,49,data/cam6/cam6_20260108_101532.jpg
cam7,2026-01-08 17:15:33,26,7,0,2,35,data/cam7/cam7_20260108_101533.jpg
cam8,2026-01-08 17:15:34,57,11,0,0,68,data/cam8/cam8_20260108_101534.jpg
cam1,2026-01-08 17:20:28,28,30,0,1,59,data/cam1/cam1_20260108_102028.jpg
cam2,2026-01-08 17:20:29,43,8,0,0,51,data/cam2/cam2_20260108_102029.jpg
cam3,2026-01-08 17:20:30,35,5,1,0,41,data/cam3/cam3_20260108_102030.jpg
cam4,2026-01-08 17:20:31,43,12,0,1,56,data/cam4/cam4_20260108_102031.jpg
cam5,2026-01-08 17:20:32,24,25,3,3,55,data/cam5/cam5_20260108_102032.jpg
cam6,2026-01-08 17:20:32,66,6,0,1,73,data/cam6/cam6_20260108_102032.jpg
cam7,2026-01-08 17:20:33,34,3,0,1,38,data/cam7/cam7_20260108_102033.jpg
cam8,2026-01-08 17:20:34,50,16,0,2,68,data/cam8/cam8_20260108_102034.jpg
cam1,2026-01-08 17:25:28,77,22,1,3,103,data/cam1/cam1_20260108_102528.jpg
cam2,2026-01-08 17:25:29,30,9,0,1,40,data/cam2/cam2_20260108_102529.jpg
cam3,2026-01-08 17:25:30,31,6,1,0,38,data/cam3/cam3_20260108_102530.jpg
cam4,2026-01-08 17:25:31,46,14,0,1,61,data/cam4/cam4_20260108_102531.jpg
cam5,2026-01-08 17:25:32,43,29,2,2,76,data/cam5/cam5_20260108_102532.jpg
cam6,2026-01-08 17:25:32,75,8,1,0,84,data/cam6/cam6_20260108_102532.jpg
cam7,2026-01-08 17:25:33,41,4,0,0,45,data/cam7/cam7_20260108_102533.jpg
cam8,2026-01-08 17:25:34,62,11,0,1,74,data/cam8/cam8_20260108_102534.jpg
cam1,2026-01-08 17:30:28,52,29,0,4,85,data/cam1/cam1_20260108_103028.jpg
cam2,2026-01-08 17:30:29,54,9,1,0,64,data/cam2/cam2_20260108_103029.jpg
cam3,2026-01-08 17:30:30,33,5,1,0,39,data/cam3/cam3_20260108_103030.jpg
cam4,2026-01-08 17:30:30,61,10,0,0,71,data/cam4/cam4_20260108_103030.jpg
cam5,2026-01-08 17:30:31,48,27,1,1,77,data/cam5/cam5_20260108_103031.jpg
cam6,2026-01-08 17:30:32,42,2,0,2,46,data/cam6/cam6_20260108_103032.jpg
cam7,2026-01-08 17:30:32,38,5,1,1,45,data/cam7/cam7_20260108_103032.jpg
cam8,2026-01-08 17:30:33,29,19,0,1,49,data/cam8/cam8_20260108_103033.jpg
cam1,2026-01-08 17:35:28,35,40,1,0,76,data/cam1/cam1_20260108_103528.jpg
cam2,2026-01-08 17:35:29,49,7,0,1,57,data/cam2/cam2_20260108_103529.jpg
cam3,2026-01-08 17:35:30,29,4,1,1,35,data/cam3/cam3_20260108_103530.jpg
cam4,2026-01-08 17:35:30,39,9,0,2,50,data/cam4/cam4_20260108_103530.jpg
cam5,2026-01-08 17:35:31,41,24,2,2,69,data/cam5/cam5_20260108_103531.jpg
cam6,2026-01-08 17:35:32,65,3,1,1,70,data/cam6/cam6_20260108_103532.jpg
cam7,2026-01-08 17:35:33,37,13,0,2,52,data/cam7/cam7_20260108_103533.jpg
cam8,2026-01-08 17:35:33,32,19,0,5,56,data/cam8/cam8_20260108_103533.jpg
cam1,2026-01-08 17:40:28,70,36,0,1,107,data/cam1/cam1_20260108_104028.jpg
cam2,2026-01-08 17:40:29,38,12,0,0,50,data/cam2/cam2_20260108_104029.jpg
cam3,2026-01-08 17:40:30,42,6,0,0,48,data/cam3/cam3_20260108_104030.jpg
cam4,2026-01-08 17:40:30,53,10,0,0,63,data/cam4/cam4_20260108_104030.jpg
cam5,2026-01-08 17:40:31,37,28,1,0,66,data/cam5/cam5_20260108_104031.jpg
cam6,2026-01-08 17:40:32,66,9,0,0,75,data/cam6/cam6_20260108_104032.jpg
cam7,2026-01-08 17:40:32,58,7,0,1,66,data/cam7/cam7_20260108_104032.jpg
cam8,2026-01-08 17:40:33,67,9,0,1,77,data/cam8/cam8_20260108_104033.jpg
cam1,2026-01-08 17:45:28,72,19,0,2,93,data/cam1/cam1_20260108_104528.jpg
cam2,2026-01-08 17:45:29,46,8,0,0,54,data/cam2/cam2_20260108_104529.jpg
cam3,2026-01-08 17:45:30,24,5,1,1,31,data/cam3/cam3_20260108_104530.jpg
cam4,2026-01-08 17:45:30,64,6,0,0,70,data/cam4/cam4_20260108_104530.jpg
cam5,2026-01-08 17:45:31,54,37,1,1,93,data/cam5/cam5_20260108_104531.jpg
cam6,2026-01-08 17:45:32,71,2,0,0,73,data/cam6/cam6_20260108_104532.jpg
cam7,2026-01-08 17:45:32,30,10,0,3,43,data/cam7/cam7_20260108_104532.jpg
cam8,2026-01-08 17:45:33,86,9,0,1,96,data/cam8/cam8_20260108_104533.jpg
cam1,2026-01-08 17:51:11,71,25,0,1,97,data/cam1/cam1_20260108_105111.jpg
cam2,2026-01-08 17:51:11,48,13,1,1,63,data/cam2/cam2_20260108_105111.jpg
cam3,2026-01-08 17:51:12,39,8,0,0,47,data/cam3/cam3_20260108_105112.jpg
cam4,2026-01-08 17:51:13,57,10,0,0,67,data/cam4/cam4_20260108_105113.jpg
cam5,2026-01-08 17:51:13,37,23,0,0,60,data/cam5/cam5_20260108_105113.jpg
cam6,2026-01-08 17:51:14,88,3,0,0,91,data/cam6/cam6_20260108_105114.jpg
cam7,2026-01-08 17:51:15,59,12,0,0,71,data/cam7/cam7_20260108_105115.jpg
cam8,2026-01-08 17:51:15,41,9,0,1,51,data/cam8/cam8_20260108_105115.jpg
cam1,2026-01-08 17:56:11,37,27,0,2,66,data/cam1/cam1_20260108_105611.jpg
cam2,2026-01-08 17:56:12,25,2,0,0,27,data/cam2/cam2_20260108_105612.jpg
cam3,2026-01-08 17:56:12,30,6,0,0,36,data/cam3/cam3_20260108_105612.jpg
cam4,2026-01-08 17:56:13,50,6,0,0,56,data/cam4/cam4_20260108_105613.jpg
cam5,2026-01-08 17:56:14,51,33,0,0,84,data/cam5/cam5_20260108_105614.jpg
cam6,2026-01-08 17:56:14,70,7,0,0,77,data/cam6/cam6_20260108_105614.jpg
cam7,2026-01-08 17:56:15,30,12,0,1,43,data/cam7/cam7_20260108_105615.jpg
cam8,2026-01-08 17:56:16,64,12,0,0,76,data/cam8/cam8_20260108_105616.jpg
cam1,2026-01-08 18:01:11,37,22,1,0,60,data/cam1/cam1_20260108_110111.jpg
cam2,2026-01-08 18:01:12,40,9,0,1,50,data/cam2/cam2_20260108_110112.jpg
cam3,2026-01-08 18:01:13,24,9,0,0,33,data/cam3/cam3_20260108_110113.jpg
cam4,2026-01-08 18:01:14,45,5,1,0,51,data/cam4/cam4_20260108_110114.jpg
cam5,2026-01-08 18:01:14,24,25,0,1,50,data/cam5/cam5_20260108_110114.jpg
cam6,2026-01-08 18:01:15,51,6,0,1,58,data/cam6/cam6_20260108_110115.jpg
cam7,2026-01-08 18:01:15,50,7,0,1,58,data/cam7/cam7_20260108_110115.jpg
cam8,2026-01-08 18:01:16,27,7,0,5,39,data/cam8/cam8_20260108_110116.jpg
cam1,2026-01-08 18:06:11,26,19,0,1,46,data/cam1/cam1_20260108_110611.jpg
cam2,2026-01-08 18:06:12,53,1,1,0,55,data/cam2/cam2_20260108_110612.jpg
cam3,2026-01-08 18:06:12,35,3,1,1,40,data/cam3/cam3_20260108_110612.jpg
cam4,2026-01-08 18:06:13,31,10,1,0,42,data/cam4/cam4_20260108_110613.jpg
cam5,2026-01-08 18:06:14,39,5,2,1,47,data/cam5/cam5_20260108_110614.jpg
cam6,2026-01-08 18:06:14,44,7,0,0,51,data/cam6/cam6_20260108_110614.jpg
cam7,2026-01-08 18:06:15,19,12,0,1,32,data/cam7/cam7_20260108_110615.jpg
cam8,2026-01-08 18:06:16,55,3,0,0,58,data/cam8/cam8_20260108_110616.jpg
cam1,2026-01-08 18:11:11,36,16,0,1,53,data/cam1/cam1_20260108_111111.jpg
cam2,2026-01-08 18:11:12,38,7,0,0,45,data/cam2/cam2_20260108_111112.jpg
cam3,2026-01-08 18:11:12,28,6,0,0,34,data/cam3/cam3_20260108_111112.jpg
cam4,2026-01-08 18:11:13,44,6,2,0,52,data/cam4/cam4_20260108_111113.jpg
cam5,2026-01-08 18:11:14,31,25,0,0,56,data/cam5/cam5_20260108_111114.jpg
cam6,2026-01-08 18:11:14,57,2,0,1,60,data/cam6/cam6_20260108_111114.jpg
cam7,2026-01-08 18:11:15,27,5,3,3,38,data/cam7/cam7_20260108_111115.jpg
cam8,2026-01-08 18:11:16,52,8,0,2,62,data/cam8/cam8_20260108_111116.jpg
cam1,2026-01-08 18:16:11,36,17,0,1,54,data/cam1/cam1_20260108_111611.jpg
cam2,2026-01-08 18:16:12,28,4,0,0,32,data/cam2/cam2_20260108_111612.jpg
cam3,2026-01-08 18:16:12,24,9,0,0,33,data/cam3/cam3_20260108_111612.jpg
cam4,2026-01-08 18:16:13,48,2,0,0,50,data/cam4/cam4_20260108_111613.jpg
cam5,2026-01-08 18:16:14,10,14,0,0,24,data/cam5/cam5_20260108_111614.jpg
cam6,2026-01-08 18:16:14,55,10,0,0,65,data/cam6/cam6_20260108_111614.jpg
cam7,2026-01-08 18:16:15,13,13,0,1,27,data/cam7/cam7_20260108_111615.jpg
cam8,2026-01-08 18:16:16,35,11,0,1,47,data/cam8/cam8_20260108_111616.jpg
cam1,2026-01-08 18:21:11,58,16,0,4,78,data/cam1/cam1_20260108_112111.jpg
cam2,2026-01-08 18:21:12,34,1,0,0,35,data/cam2/cam2_20260108_112112.jpg
cam3,2026-01-08 18:21:12,24,6,0,1,31,data/cam3/cam3_20260108_112112.jpg
cam4,2026-01-08 18:21:13,46,11,0,1,58,data/cam4/cam4_20260108_112113.jpg
cam5,2026-01-08 18:21:14,29,10,0,1,40,data/cam5/cam5_20260108_112114.jpg
cam6,2026-01-08 18:21:14,75,3,0,1,79,data/cam6/cam6_20260108_112114.jpg
cam7,2026-01-08 18:21:15,38,7,0,1,46,data/cam7/cam7_20260108_112115.jpg
cam8,2026-01-08 18:21:16,46,7,0,2,55,data/cam8/cam8_20260108_112116.jpg
cam1,2026-01-08 18:26:11,35,16,0,0,51,data/cam1/cam1_20260108_112611.jpg
cam2,2026-01-08 18:26:12,31,9,0,0,40,data/cam2/cam2_20260108_112612.jpg
cam3,2026-01-08 18:26:12,25,4,0,0,29,data/cam3/cam3_20260108_112612.jpg
cam4,2026-01-08 18:26:13,36,0,0,0,36,data/cam4/cam4_20260108_112613.jpg
cam5,2026-01-08 18:26:14,25,24,0,2,51,data/cam5/cam5_20260108_112614.jpg
cam6,2026-01-08 18:26:14,58,0,0,0,58,data/cam6/cam6_20260108_112614.jpg
cam7,2026-01-08 18:26:15,26,9,0,1,36,data/cam7/cam7_20260108_112615.jpg
cam8,2026-01-08 18:26:16,39,13,0,0,52,data/cam8/cam8_20260108_112616.jpg
cam1,2026-01-08 18:31:11,43,22,0,1,66,data/cam1/cam1_20260108_113111.jpg
cam2,2026-01-08 18:31:12,40,5,0,0,45,data/cam2/cam2_20260108_113112.jpg
cam3,2026-01-08 18:31:12,27,1,0,0,28,data/cam3/cam3_20260108_113112.jpg
cam4,2026-01-08 18:31:13,66,6,0,2,74,data/cam4/cam4_20260108_113113.jpg
cam5,2026-01-08 18:31:14,34,20,0,0,54,data/cam5/cam5_20260108_113114.jpg
cam6,2026-01-08 18:31:15,39,10,0,1,50,data/cam6/cam6_20260108_113115.jpg
cam7,2026-01-08 18:31:15,17,7,1,2,27,data/cam7/cam7_20260108_113115.jpg
cam8,2026-01-08 18:31:16,19,8,0,0,27,data/cam8/cam8_20260108_113116.jpg
cam1,2026-01-08 18:36:11,50,21,0,1,72,data/cam1/cam1_20260108_113611.jpg
cam2,2026-01-08 18:36:12,35,5,0,0,40,data/cam2/cam2_20260108_113612.jpg
cam3,2026-01-08 18:36:13,34,3,0,0,37,data/cam3/cam3_20260108_113613.jpg
cam4,2026-01-08 18:36:13,43,16,0,1,60,data/cam4/cam4_20260108_113613.jpg
cam5,2026-01-08 18:36:14,25,18,1,0,44,data/cam5/cam5_20260108_113614.jpg
cam6,2026-01-08 18:36:15,41,12,0,0,53,data/cam6/cam6_20260108_113615.jpg
cam7,2026-01-08 18:36:15,13,5,0,0,18,data/cam7/cam7_20260108_113615.jpg
cam8,2026-01-08 18:36:16,30,6,0,3,39,data/cam8/cam8_20260108_113616.jpg
cam1,2026-01-08 18:41:11,46,23,0,2,71,data/cam1/cam1_20260108_114111.jpg
cam2,2026-01-08 18:41:12,42,6,0,0,48,data/cam2/cam2_20260108_114112.jpg
cam3,2026-01-08 18:41:12,31,7,0,1,39,data/cam3/cam3_20260108_114112.jpg
cam4,2026-01-08 18:41:13,27,3,0,0,30,data/cam4/cam4_20260108_114113.jpg
cam5,2026-01-08 18:41:14,17,21,0,1,39,data/cam5/cam5_20260108_114114.jpg
cam6,2026-01-08 18:41:14,55,7,0,0,62,data/cam6/cam6_20260108_114114.jpg
cam7,2026-01-08 18:41:15,39,5,0,0,44,data/cam7/cam7_20260108_114115.jpg
cam8,2026-01-08 18:41:16,33,8,1,2,44,data/cam8/cam8_20260108_114116.jpg
cam1,2026-01-08 18:46:11,21,15,0,0,36,data/cam1/cam1_20260108_114611.jpg
cam2,2026-01-08 18:46:12,66,1,0,0,67,data/cam2/cam2_20260108_114612.jpg
cam3,2026-01-08 18:46:12,27,4,0,1,32,data/cam3/cam3_20260108_114612.jpg
cam4,2026-01-08 18:46:13,72,5,0,0,77,data/cam4/cam4_20260108_114613.jpg
cam5,2026-01-08 18:46:14,28,22,0,0,50,data/cam5/cam5_20260108_114614.jpg
cam6,2026-01-08 18:46:14,40,5,0,1,46,data/cam6/cam6_20260108_114614.jpg
cam7,2026-01-08 18:46:15,19,4,0,1,24,data/cam7/cam7_20260108_114615.jpg
cam8,2026-01-08 18:46:16,41,9,0,3,53,data/cam8/cam8_20260108_114616.jpg
cam1,2026-01-08 18:51:11,32,17,1,1,51,data/cam1/cam1_20260108_115111.jpg
cam2,2026-01-08 18:51:12,12,5,0,0,17,data/cam2/cam2_20260108_115112.jpg
cam3,2026-01-08 18:51:12,27,1,0,1,29,data/cam3/cam3_20260108_115112.jpg
cam4,2026-01-08 18:51:14,46,3,0,1,50,data/cam4/cam4_20260108_115114.jpg
cam5,2026-01-08 18:51:14,23,21,0,0,44,data/cam5/cam5_20260108_115114.jpg
cam6,2026-01-08 18:51:15,31,6,0,0,37,data/cam6/cam6_20260108_115115.jpg
cam7,2026-01-08 18:51:15,24,8,0,1,33,data/cam7/cam7_20260108_115115.jpg
cam8,2026-01-08 18:51:16,47,5,0,2,54,data/cam8/cam8_20260108_115116.jpg
cam1,2026-01-08 18:56:11,71,21,0,1,93,data/cam1/cam1_20260108_115611.jpg
cam2,2026-01-08 18:56:12,21,3,0,0,24,data/cam2/cam2_20260108_115612.jpg
cam3,2026-01-08 18:56:12,36,6,0,0,42,data/cam3/cam3_20260108_115612.jpg
cam4,2026-01-08 18:56:13,33,3,0,0,36,data/cam4/cam4_20260108_115613.jpg
cam5,2026-01-08 18:56:14,28,15,0,0,43,data/cam5/cam5_20260108_115614.jpg
cam6,2026-01-08 18:56:14,65,2,1,0,68,data/cam6/cam6_20260108_115614.jpg
cam7,2026-01-08 18:56:15,27,7,0,0,34,data/cam7/cam7_20260108_115615.jpg
cam8,2026-01-08 18:56:16,33,8,0,0,41,data/cam8/cam8_20260108_115616.jpg
cam1,2026-01-08 19:01:11,27,12,0,1,40,data/cam1/cam1_20260108_120111.jpg
cam2,2026-01-08 19:01:12,31,8,0,0,39,data/cam2/cam2_20260108_120112.jpg
cam3,2026-01-08 19:01:12,32,5,0,1,38,data/cam3/cam3_20260108_120112.jpg
cam4,2026-01-08 19:01:13,45,6,0,0,51,data/cam4/cam4_20260108_120113.jpg
cam5,2026-01-08 19:01:14,10,19,0,0,29,data/cam5/cam5_20260108_120114.jpg
cam6,2026-01-08 19:01:14,42,8,1,0,51,data/cam6/cam6_20260108_120114.jpg
cam7,2026-01-08 19:01:15,26,1,0,0,27,data/cam7/cam7_20260108_120115.jpg
cam8,2026-01-08 19:01:16,30,9,0,0,39,data/cam8/cam8_20260108_120116.jpg
cam1,2026-01-08 19:06:11,57,6,1,0,64,data/cam1/cam1_20260108_120611.jpg
cam2,2026-01-08 19:06:12,35,2,0,1,38,data/cam2/cam2_20260108_120612.jpg
cam3,2026-01-08 19:06:12,27,3,0,0,30,data/cam3/cam3_20260108_120612.jpg
cam4,2026-01-08 19:06:14,43,8,0,0,51,data/cam4/cam4_20260108_120614.jpg
cam5,2026-01-08 19:06:14,42,15,0,0,57,data/cam5/cam5_20260108_120614.jpg
cam6,2026-01-08 19:06:15,38,5,0,1,44,data/cam6/cam6_20260108_120615.jpg
cam7,2026-01-08 19:06:16,35,4,0,0,39,data/cam7/cam7_20260108_120616.jpg
cam8,2026-01-08 19:06:17,24,6,0,0,30,data/cam8/cam8_20260108_120617.jpg
cam1,2026-01-08 19:11:11,29,14,0,2,45,data/cam1/cam1_20260108_121111.jpg
cam2,2026-01-08 19:11:12,47,5,0,0,52,data/cam2/cam2_20260108_121112.jpg
cam3,2026-01-08 19:11:13,12,5,0,0,17,data/cam3/cam3_20260108_121113.jpg
cam4,2026-01-08 19:11:13,48,2,0,0,50,data/cam4/cam4_20260108_121113.jpg
cam5,2026-01-08 19:11:14,15,32,0,0,47,data/cam5/cam5_20260108_121114.jpg
cam6,2026-01-08 19:11:14,42,3,0,0,45,data/cam6/cam6_20260108_121114.jpg
cam7,2026-01-08 19:11:15,19,8,0,1,28,data/cam7/cam7_20260108_121115.jpg
cam8,2026-01-08 19:11:16,31,8,1,0,40,data/cam8/cam8_20260108_121116.jpg
cam1,2026-01-08 19:16:11,29,8,0,0,37,data/cam1/cam1_20260108_121611.jpg
cam2,2026-01-08 19:16:12,48,3,0,0,51,data/cam2/cam2_20260108_121612.jpg
cam3,2026-01-08 19:16:13,45,1,0,1,47,data/cam3/cam3_20260108_121613.jpg
cam4,2026-01-08 19:16:13,26,3,0,0,29,data/cam4/cam4_20260108_121613.jpg
cam5,2026-01-08 19:16:14,24,20,0,0,44,data/cam5/cam5_20260108_121614.jpg
cam6,2026-01-08 19:16:15,55,4,0,0,59,data/cam6/cam6_20260108_121615.jpg
cam7,2026-01-08 19:16:15,22,2,0,0,24,data/cam7/cam7_20260108_121615.jpg
cam8,2026-01-08 19:16:16,34,11,0,0,45,data/cam8/cam8_20260108_121616.jpg
cam1,2026-01-08 19:21:11,41,14,0,1,56,data/cam1/cam1_20260108_122111.jpg
cam2,2026-01-08 19:21:12,42,3,0,0,45,data/cam2/cam2_20260108_122112.jpg
cam3,2026-01-08 19:21:12,32,3,0,1,36,data/cam3/cam3_20260108_122112.jpg
cam4,2026-01-08 19:21:13,33,4,1,1,39,data/cam4/cam4_20260108_122113.jpg
cam5,2026-01-08 19:21:14,14,15,0,1,30,data/cam5/cam5_20260108_122114.jpg
cam6,2026-01-08 19:21:14,48,6,0,0,54,data/cam6/cam6_20260108_122114.jpg
cam7,2026-01-08 19:21:15,13,3,0,0,16,data/cam7/cam7_20260108_122115.jpg
cam8,2026-01-08 19:21:16,29,12,0,0,41,data/cam8/cam8_20260108_122116.jpg
cam1,2026-01-08 19:26:11,20,17,0,1,38,data/cam1/cam1_20260108_122611.jpg
cam2,2026-01-08 19:26:12,13,2,0,0,15,data/cam2/cam2_20260108_122612.jpg
cam3,2026-01-08 19:26:12,24,4,0,0,28,data/cam3/cam3_20260108_122612.jpg
cam4,2026-01-08 19:26:13,45,7,0,0,52,data/cam4/cam4_20260108_122613.jpg
cam5,2026-01-08 19:26:14,35,17,0,1,53,data/cam5/cam5_20260108_122614.jpg
cam6,2026-01-08 19:26:14,32,5,0,0,37,data/cam6/cam6_20260108_122614.jpg
cam7,2026-01-08 19:26:15,34,2,0,0,36,data/cam7/cam7_20260108_122615.jpg
cam8,2026-01-08 19:26:16,29,7,0,1,37,data/cam8/cam8_20260108_122616.jpg
cam1,2026-01-08 19:31:11,40,16,0,1,57,data/cam1/cam1_20260108_123111.jpg
cam2,2026-01-08 19:31:12,16,1,0,0,17,data/cam2/cam2_20260108_123112.jpg
cam3,2026-01-08 19:31:12,27,0,0,0,27,data/cam3/cam3_20260108_123112.jpg
cam4,2026-01-08 19:31:13,58,9,0,0,67,data/cam4/cam4_20260108_123113.jpg
cam5,2026-01-08 19:31:14,20,26,0,1,47,data/cam5/cam5_20260108_123114.jpg
cam6,2026-01-08 19:31:14,31,2,0,0,33,data/cam6/cam6_20260108_123114.jpg
cam7,2026-01-08 19:31:15,25,2,0,0,27,data/cam7/cam7_20260108_123115.jpg
cam8,2026-01-08 19:31:16,32,4,0,0,36,data/cam8/cam8_20260108_123116.jpg
cam1,2026-01-08 19:36:11,17,10,0,1,28,data/cam1/cam1_20260108_123611.jpg
cam2,2026-01-08 19:36:12,24,2,0,0,26,data/cam2/cam2_20260108_123612.jpg
cam3,2026-01-08 19:36:12,29,3,0,0,32,data/cam3/cam3_20260108_123612.jpg
cam4,2026-01-08 19:36:13,36,4,0,1,41,data/cam4/cam4_20260108_123613.jpg
cam5,2026-01-08 19:36:14,11,6,0,0,17,data/cam5/cam5_20260108_123614.jpg
cam6,2026-01-08 19:36:15,50,0,0,0,50,data/cam6/cam6_20260108_123615.jpg
cam7,2026-01-08 19:36:16,34,5,0,1,40,data/cam7/cam7_20260108_123616.jpg
cam8,2026-01-08 19:36:16,42,12,0,1,55,data/cam8/cam8_20260108_123616.jpg
cam1,2026-01-08 19:41:11,22,10,1,2,35,data/cam1/cam1_20260108_124111.jpg
cam2,2026-01-08 19:41:12,27,4,0,0,31,data/cam2/cam2_20260108_124112.jpg
cam3,2026-01-08 19:41:12,32,1,0,1,34,data/cam3/cam3_20260108_124112.jpg
cam4,2026-01-08 19:41:13,32,4,0,0,36,data/cam4/cam4_20260108_124113.jpg
cam5,2026-01-08 19:41:14,14,21,0,0,35,data/cam5/cam5_20260108_124114.jpg
cam6,2026-01-08 19:41:14,34,4,0,1,39,data/cam6/cam6_20260108_124114.jpg
cam7,2026-01-08 19:41:15,18,3,0,1,22,data/cam7/cam7_20260108_124115.jpg
cam8,2026-01-08 19:41:15,35,6,1,0,42,data/cam8/cam8_20260108_124115.jpg
cam1,2026-01-08 19:46:11,49,17,0,1,67,data/cam1/cam1_20260108_124611.jpg
cam2,2026-01-08 19:46:12,31,4,0,0,35,data/cam2/cam2_20260108_124612.jpg
cam3,2026-01-08 19:46:12,23,2,2,0,27,data/cam3/cam3_20260108_124612.jpg
cam4,2026-01-08 19:46:13,49,7,0,0,56,data/cam4/cam4_20260108_124613.jpg
cam5,2026-01-08 19:46:14,6,13,0,0,19,data/cam5/cam5_20260108_124614.jpg
cam6,2026-01-08 19:46:14,34,4,1,2,41,data/cam6/cam6_20260108_124614.jpg
cam7,2026-01-08 19:46:15,20,0,0,0,20,data/cam7/cam7_20260108_124615.jpg
cam8,2026-01-08 19:46:16,19,5,0,3,27,data/cam8/cam8_20260108_124616.jpg
cam1,2026-01-08 19:51:11,17,11,0,0,28,data/cam1/cam1_20260108_125111.jpg
cam2,2026-01-08 19:51:12,36,3,0,0,39,data/cam2/cam2_20260108_125112.jpg
cam3,2026-01-08 19:51:12,23,1,0,0,24,data/cam3/cam3_20260108_125112.jpg
cam4,2026-01-08 19:51:13,37,2,0,0,39,data/cam4/cam4_20260108_125113.jpg
cam5,2026-01-08 19:51:14,18,20,0,2,40,data/cam5/cam5_20260108_125114.jpg
cam6,2026-01-08 19:51:15,24,4,0,0,28,data/cam6/cam6_20260108_125115.jpg
cam7,2026-01-08 19:51:16,14,0,0,0,14,data/cam7/cam7_20260108_125116.jpg
cam8,2026-01-08 19:51:17,19,7,0,0,26,data/cam8/cam8_20260108_125117.jpg
cam1,2026-01-08 19:56:11,14,4,0,1,19,data/cam1/cam1_20260108_125611.jpg
cam2,2026-01-08 19:56:12,28,1,0,0,29,data/cam2/cam2_20260108_125612.jpg
cam3,2026-01-08 19:56:12,28,4,0,0,32,data/cam3/cam3_20260108_125612.jpg
cam4,2026-01-08 19:56:13,35,1,0,0,36,data/cam4/cam4_20260108_125613.jpg
cam5,2026-01-08 19:56:14,17,10,0,0,27,data/cam5/cam5_20260108_125614.jpg
cam6,2026-01-08 19:56:14,20,5,0,0,25,data/cam6/cam6_20260108_125614.jpg
cam7,2026-01-08 19:56:15,18,2,0,0,20,data/cam7/cam7_20260108_125615.jpg
cam8,2026-01-08 19:56:15,24,4,0,1,29,data/cam8/cam8_20260108_125615.jpg
cam1,2026-01-08 20:01:11,23,7,0,1,31,data/cam1/cam1_20260108_130111.jpg
cam2,2026-01-08 20:01:12,43,3,0,0,46,data/cam2/cam2_20260108_130112.jpg
cam3,2026-01-08 20:01:12,29,7,0,0,36,data/cam3/cam3_20260108_130112.jpg
cam4,2026-01-08 20:01:13,39,5,0,1,45,data/cam4/cam4_20260108_130113.jpg
cam5,2026-01-08 20:01:14,16,18,0,0,34,data/cam5/cam5_20260108_130114.jpg
cam6,2026-01-08 20:01:14,44,5,0,0,49,data/cam6/cam6_20260108_130114.jpg
cam7,2026-01-08 20:01:15,27,1,0,2,30,data/cam7/cam7_20260108_130115.jpg
cam8,2026-01-08 20:01:16,35,8,1,0,44,data/cam8/cam8_20260108_130116.jpg
cam1,2026-01-08 20:06:11,51,26,0,1,78,data/cam1/cam1_20260108_130611.jpg
cam2,2026-01-08 20:06:12,26,1,0,0,27,data/cam2/cam2_20260108_130612.jpg
cam3,2026-01-08 20:06:12,42,2,0,1,45,data/cam3/cam3_20260108_130612.jpg
cam4,2026-01-08 20:06:13,52,6,0,0,58,data/cam4/cam4_20260108_130613.jpg
cam5,2026-01-08 20:06:14,10,11,0,0,21,data/cam5/cam5_20260108_130614.jpg
cam6,2026-01-08 20:06:14,28,7,1,0,36,data/cam6/cam6_20260108_130614.jpg
cam7,2026-01-08 20:06:15,17,1,0,0,18,data/cam7/cam7_20260108_130615.jpg
cam8,2026-01-08 20:06:16,36,10,1,0,47,data/cam8/cam8_20260108_130616.jpg
cam1,2026-01-08 20:11:11,17,8,0,0,25,data/cam1/cam1_20260108_131111.jpg
cam2,2026-01-08 20:11:12,17,4,0,0,21,data/cam2/cam2_20260108_131112.jpg
cam3,2026-01-08 20:11:12,23,6,0,1,30,data/cam3/cam3_20260108_131112.jpg
cam4,2026-01-08 20:11:13,31,6,1,1,39,data/cam4/cam4_20260108_131113.jpg
cam5,2026-01-08 20:11:14,15,4,0,0,19,data/cam5/cam5_20260108_131114.jpg
cam6,2026-01-08 20:11:14,13,2,0,0,15,data/cam6/cam6_20260108_131114.jpg
cam7,2026-01-08 20:11:15,25,1,1,0,27,data/cam7/cam7_20260108_131115.jpg
cam8,2026-01-08 20:11:15,16,4,1,0,21,data/cam8/cam8_20260108_131115.jpg
cam1,2026-01-08 20:16:11,22,13,0,1,36,data/cam1/cam1_20260108_131611.jpg
cam2,2026-01-08 20:16:12,31,4,0,0,35,data/cam2/cam2_20260108_131612.jpg
cam3,2026-01-08 20:16:12,22,2,0,1,25,data/cam3/cam3_20260108_131612.jpg
cam4,2026-01-08 20:16:13,35,10,2,1,48,data/cam4/cam4_20260108_131613.jpg
cam5,2026-01-08 20:16:14,13,7,1,3,24,data/cam5/cam5_20260108_131614.jpg
cam6,2026-01-08 20:16:14,42,2,0,0,44,data/cam6/cam6_20260108_131614.jpg
cam7,2026-01-08 20:16:15,38,2,0,0,40,data/cam7/cam7_20260108_131615.jpg
cam8,2026-01-08 20:16:15,24,9,0,1,34,data/cam8/cam8_20260108_131615.jpg
cam1,2026-01-08 20:21:11,25,9,0,0,34,data/cam1/cam1_20260108_132111.jpg
cam2,2026-01-08 20:21:12,29,9,0,0,38,data/cam2/cam2_20260108_132112.jpg
cam3,2026-01-08 20:21:12,37,6,0,0,43,data/cam3/cam3_20260108_132112.jpg
cam4,2026-01-08 20:21:13,28,8,1,0,37,data/cam4/cam4_20260108_132113.jpg
cam5,2026-01-08 20:21:14,21,19,1,0,41,data/cam5/cam5_20260108_132114.jpg
cam6,2026-01-08 20:21:14,22,2,6,2,32,data/cam6/cam6_20260108_132114.jpg
cam7,2026-01-08 20:21:15,23,2,1,0,26,data/cam7/cam7_20260108_132115.jpg
cam8,2026-01-08 20:21:16,36,7,0,0,43,data/cam8/cam8_20260108_132116.jpg
cam1,2026-01-08 20:26:11,29,18,2,0,49,data/cam1/cam1_20260108_132611.jpg
cam2,2026-01-08 20:26:12,11,5,1,0,17,data/cam2/cam2_20260108_132612.jpg
cam3,2026-01-08 20:26:15,23,5,0,0,28,data/cam3/cam3_20260108_132615.jpg
cam4,2026-01-08 20:26:17,40,4,0,0,44,data/cam4/cam4_20260108_132617.jpg
cam5,2026-01-08 20:26:19,12,11,0,1,24,data/cam5/cam5_20260108_132619.jpg
cam6,2026-01-08 20:26:22,30,5,2,1,38,data/cam6/cam6_20260108_132622.jpg
cam7,2026-01-08 20:26:25,30,3,0,0,33,data/cam7/cam7_20260108_132625.jpg
cam8,2026-01-08 20:26:29,38,8,0,1,47,data/cam8/cam8_20260108_132629.jpg
cam1,2026-01-08 20:31:11,20,9,0,0,29,data/cam1/cam1_20260108_133111.jpg
cam2,2026-01-08 20:31:12,11,4,1,0,16,data/cam2/cam2_20260108_133112.jpg
cam3,2026-01-08 20:31:12,34,2,2,0,38,data/cam3/cam3_20260108_133112.jpg
cam4,2026-01-08 20:31:13,53,11,1,0,65,data/cam4/cam4_20260108_133113.jpg
cam5,2026-01-08 20:31:14,10,12,0,2,24,data/cam5/cam5_20260108_133114.jpg
cam6,2026-01-08 20:31:14,37,0,0,1,38,data/cam6/cam6_20260108_133114.jpg
cam7,2026-01-08 20:31:15,33,5,0,1,39,data/cam7/cam7_20260108_133115.jpg
cam8,2026-01-08 20:31:16,22,13,0,0,35,data/cam8/cam8_20260108_133116.jpg
cam1,2026-01-08 20:36:11,18,9,0,1,28,data/cam1/cam1_20260108_133611.jpg
cam2,2026-01-08 20:36:19,36,6,0,0,42,data/cam2/cam2_20260108_133619.jpg
cam3,2026-01-08 20:36:20,24,2,0,0,26,data/cam3/cam3_20260108_133620.jpg
cam4,2026-01-08 20:36:21,38,6,2,0,46,data/cam4/cam4_20260108_133621.jpg
cam5,2026-01-08 20:36:21,23,13,0,1,37,data/cam5/cam5_20260108_133621.jpg
cam6,2026-01-08 20:36:22,62,2,1,1,66,data/cam6/cam6_20260108_133622.jpg
cam7,2026-01-08 20:36:23,16,2,0,0,18,data/cam7/cam7_20260108_133623.jpg
cam8,2026-01-08 20:36:23,33,7,2,1,43,data/cam8/cam8_20260108_133623.jpg
cam1,2026-01-08 20:41:11,41,19,1,1,62,data/cam1/cam1_20260108_134111.jpg
cam2,2026-01-08 20:41:12,24,4,0,0,28,data/cam2/cam2_20260108_134112.jpg
cam3,2026-01-08 20:41:12,24,5,0,0,29,data/cam3/cam3_20260108_134112.jpg
cam4,2026-01-08 20:41:13,30,14,0,0,44,data/cam4/cam4_20260108_134113.jpg
cam5,2026-01-08 20:41:14,15,15,0,2,32,data/cam5/cam5_20260108_134114.jpg
cam6,2026-01-08 20:41:15,40,3,2,0,45,data/cam6/cam6_20260108_134115.jpg
cam7,2026-01-08 20:41:15,10,3,0,0,13,data/cam7/cam7_20260108_134115.jpg
cam8,2026-01-08 20:41:16,18,5,2,0,25,data/cam8/cam8_20260108_134116.jpg
cam1,2026-01-08 20:46:11,19,6,0,0,25,data/cam1/cam1_20260108_134611.jpg
cam2,2026-01-08 20:46:12,24,0,0,0,24,data/cam2/cam2_20260108_134612.jpg
cam3,2026-01-08 20:46:13,17,4,0,0,21,data/cam3/cam3_20260108_134613.jpg
cam4,2026-01-08 20:46:14,30,4,1,0,35,data/cam4/cam4_20260108_134614.jpg
cam5,2026-01-08 20:46:15,22,20,0,0,42,data/cam5/cam5_20260108_134615.jpg
cam6,2026-01-08 20:46:15,35,6,2,0,43,data/cam6/cam6_20260108_134615.jpg
cam7,2026-01-08 20:46:16,19,5,0,0,24,data/cam7/cam7_20260108_134616.jpg
cam8,2026-01-08 20:46:17,28,3,0,2,33,data/cam8/cam8_20260108_134617.jpg
cam1,2026-01-08 20:53:54,49,15,0,2,66,data/cam1/cam1_20260108_135354.jpg
cam2,2026-01-08 20:53:55,25,6,1,0,32,data/cam2/cam2_20260108_135355.jpg
cam3,2026-01-08 20:53:56,23,5,0,1,29,data/cam3/cam3_20260108_135356.jpg
cam4,2026-01-08 20:53:57,48,4,0,1,53,data/cam4/cam4_20260108_135357.jpg
cam5,2026-01-08 20:53:57,19,16,1,0,36,data/cam5/cam5_20260108_135357.jpg
cam6,2026-01-08 20:53:58,22,1,0,0,23,data/cam6/cam6_20260108_135358.jpg
cam7,2026-01-08 20:53:58,21,3,0,0,24,data/cam7/cam7_20260108_135358.jpg
cam8,2026-01-08 20:53:59,30,7,0,0,37,data/cam8/cam8_20260108_135359.jpg
cam1,2026-01-08 20:58:54,22,10,0,0,32,data/cam1/cam1_20260108_135854.jpg
cam2,2026-01-08 20:58:55,19,1,0,0,20,data/cam2/cam2_20260108_135855.jpg
cam3,2026-01-08 20:58:56,21,7,1,2,31,data/cam3/cam3_20260108_135856.jpg
cam4,2026-01-08 20:58:56,39,2,1,0,42,data/cam4/cam4_20260108_135856.jpg
cam5,2026-01-08 20:58:57,16,18,0,0,34,data/cam5/cam5_20260108_135857.jpg
cam6,2026-01-08 20:58:57,59,1,0,0,60,data/cam6/cam6_20260108_135857.jpg
cam7,2026-01-08 20:58:58,14,0,0,0,14,data/cam7/cam7_20260108_135858.jpg
cam8,2026-01-08 20:58:59,20,12,0,0,32,data/cam8/cam8_20260108_135859.jpg
cam1,2026-01-08 21:03:54,33,8,0,0,41,data/cam1/cam1_20260108_140354.jpg
cam2,2026-01-08 21:03:55,22,3,0,0,25,data/cam2/cam2_20260108_140355.jpg
cam3,2026-01-08 21:03:55,21,7,0,0,28,data/cam3/cam3_20260108_140355.jpg
cam4,2026-01-08 21:03:56,15,10,1,1,27,data/cam4/cam4_20260108_140356.jpg
cam5,2026-01-08 21:03:57,15,19,0,0,34,data/cam5/cam5_20260108_140357.jpg
cam6,2026-01-08 21:03:57,29,3,2,0,34,data/cam6/cam6_20260108_140357.jpg
cam7,2026-01-08 21:03:58,11,1,2,0,14,data/cam7/cam7_20260108_140358.jpg
cam8,2026-01-08 21:03:59,24,8,1,0,33,data/cam8/cam8_20260108_140359.jpg
cam1,2026-01-08 21:08:54,28,9,0,1,38,data/cam1/cam1_20260108_140854.jpg
cam2,2026-01-08 21:08:55,22,5,1,0,28,data/cam2/cam2_20260108_140855.jpg
cam3,2026-01-08 21:08:55,26,2,0,0,28,data/cam3/cam3_20260108_140855.jpg
cam4,2026-01-08 21:08:56,43,5,0,0,48,data/cam4/cam4_20260108_140856.jpg
cam5,2026-01-08 21:08:57,25,9,1,0,35,data/cam5/cam5_20260108_140857.jpg
cam6,2026-01-08 21:08:57,33,2,1,2,38,data/cam6/cam6_20260108_140857.jpg
cam7,2026-01-08 21:08:58,24,0,0,0,24,data/cam7/cam7_20260108_140858.jpg
cam8,2026-01-08 21:08:59,23,10,0,0,33,data/cam8/cam8_20260108_140859.jpg
cam1,2026-01-08 21:13:54,44,12,0,0,56,data/cam1/cam1_20260108_141354.jpg
cam2,2026-01-08 21:13:55,14,3,0,0,17,data/cam2/cam2_20260108_141355.jpg
cam3,2026-01-08 21:13:56,19,4,1,0,24,data/cam3/cam3_20260108_141356.jpg
cam4,2026-01-08 21:13:56,34,2,0,0,36,data/cam4/cam4_20260108_141356.jpg
cam5,2026-01-08 21:13:57,7,8,0,0,15,data/cam5/cam5_20260108_141357.jpg
cam6,2026-01-08 21:13:58,15,2,0,0,17,data/cam6/cam6_20260108_141358.jpg
cam7,2026-01-08 21:13:58,19,2,0,0,21,data/cam7/cam7_20260108_141358.jpg
cam8,2026-01-08 21:13:59,36,10,0,0,46,data/cam8/cam8_20260108_141359.jpg
cam1,2026-01-08 21:18:54,25,8,1,0,34,data/cam1/cam1_20260108_141854.jpg
cam2,2026-01-08 21:18:55,14,2,0,0,16,data/cam2/cam2_20260108_141855.jpg
cam3,2026-01-08 21:18:56,30,2,0,0,32,data/cam3/cam3_20260108_141856.jpg
cam4,2026-01-08 21:18:56,39,8,0,0,47,data/cam4/cam4_20260108_141856.jpg
cam5,2026-01-08 21:18:57,13,12,0,0,25,data/cam5/cam5_20260108_141857.jpg
cam6,2026-01-08 21:18:58,38,3,0,0,41,data/cam6/cam6_20260108_141858.jpg
cam7,2026-01-08 21:18:58,13,3,0,0,16,data/cam7/cam7_20260108_141858.jpg
cam8,2026-01-08 21:18:59,36,6,0,1,43,data/cam8/cam8_20260108_141859.jpg
cam1,2026-01-08 21:23:54,19,8,0,1,28,data/cam1/cam1_20260108_142354.jpg
cam2,2026-01-08 21:23:55,28,0,1,0,29,data/cam2/cam2_20260108_142355.jpg
cam3,2026-01-08 21:23:55,18,5,1,1,25,data/cam3/cam3_20260108_142355.jpg
cam4,2026-01-08 21:23:56,23,4,0,0,27,data/cam4/cam4_20260108_142356.jpg
cam5,2026-01-08 21:23:57,6,11,0,1,18,data/cam5/cam5_20260108_142357.jpg
cam6,2026-01-08 21:23:57,17,4,1,2,24,data/cam6/cam6_20260108_142357.jpg
cam7,2026-01-08 21:23:58,21,1,1,0,23,data/cam7/cam7_20260108_142358.jpg
cam8,2026-01-08 21:23:59,24,6,0,1,31,data/cam8/cam8_20260108_142359.jpg
cam1,2026-01-08 21:28:54,54,10,0,0,64,data/cam1/cam1_20260108_142854.jpg
cam2,2026-01-08 21:28:55,16,4,0,0,20,data/cam2/cam2_20260108_142855.jpg
cam3,2026-01-08 21:28:56,29,3,1,0,33,data/cam3/cam3_20260108_142856.jpg
cam4,2026-01-08 21:28:57,24,1,2,1,28,data/cam4/cam4_20260108_142857.jpg
cam5,2026-01-08 21:28:57,2,22,0,1,25,data/cam5/cam5_20260108_142857.jpg
cam6,2026-01-08 21:28:58,31,4,0,0,35,data/cam6/cam6_20260108_142858.jpg
cam7,2026-01-08 21:28:58,10,3,0,0,13,data/cam7/cam7_20260108_142858.jpg
cam8,2026-01-08 21:28:59,22,10,0,0,32,data/cam8/cam8_20260108_142859.jpg
cam1,2026-01-08 21:33:54,15,10,0,1,26,data/cam1/cam1_20260108_143354.jpg
cam2,2026-01-08 21:33:55,10,4,0,0,14,data/cam2/cam2_20260108_143355.jpg
cam3,2026-01-08 21:33:55,22,1,1,0,24,data/cam3/cam3_20260108_143355.jpg
cam4,2026-01-08 21:33:56,24,5,0,0,29,data/cam4/cam4_20260108_143356.jpg
cam5,2026-01-08 21:33:57,10,18,0,0,28,data/cam5/cam5_20260108_143357.jpg
cam6,2026-01-08 21:33:57,39,5,0,0,44,data/cam6/cam6_20260108_143357.jpg
cam7,2026-01-08 21:33:58,16,0,0,0,16,data/cam7/cam7_20260108_143358.jpg
cam8,2026-01-08 21:33:59,28,9,0,0,37,data/cam8/cam8_20260108_143359.jpg
cam1,2026-01-08 21:38:54,24,8,0,1,33,data/cam1/cam1_20260108_143854.jpg
cam2,2026-01-08 21:38:55,26,6,1,0,33,data/cam2/cam2_20260108_143855.jpg
cam3,2026-01-08 21:38:55,16,3,0,0,19,data/cam3/cam3_20260108_143855.jpg
cam4,2026-01-08 21:38:56,25,2,0,0,27,data/cam4/cam4_20260108_143856.jpg
cam5,2026-01-08 21:38:57,8,18,0,0,26,data/cam5/cam5_20260108_143857.jpg
cam6,2026-01-08 21:38:57,49,2,2,0,53,data/cam6/cam6_20260108_143857.jpg
cam7,2026-01-08 21:38:58,17,2,0,0,19,data/cam7/cam7_20260108_143858.jpg
cam8,2026-01-08 21:38:59,29,11,0,0,40,data/cam8/cam8_20260108_143859.jpg
cam1,2026-01-08 21:43:54,12,14,0,0,26,data/cam1/cam1_20260108_144354.jpg
cam2,2026-01-08 21:43:55,25,5,0,0,30,data/cam2/cam2_20260108_144355.jpg
cam3,2026-01-08 21:43:55,28,5,0,0,33,data/cam3/cam3_20260108_144355.jpg
cam4,2026-01-08 21:43:56,33,15,0,0,48,data/cam4/cam4_20260108_144356.jpg
cam5,2026-01-08 21:43:57,10,16,1,1,28,data/cam5/cam5_20260108_144357.jpg
cam6,2026-01-08 21:43:57,14,0,2,0,16,data/cam6/cam6_20260108_144357.jpg
cam7,2026-01-08 21:43:58,20,1,0,0,21,data/cam7/cam7_20260108_144358.jpg
cam8,2026-01-08 21:43:59,19,6,1,0,26,data/cam8/cam8_20260108_144359.jpg
cam1,2026-01-08 21:48:54,26,12,0,0,38,data/cam1/cam1_20260108_144854.jpg
cam2,2026-01-08 21:48:55,23,4,1,0,28,data/cam2/cam2_20260108_144855.jpg
cam3,2026-01-08 21:48:56,14,4,0,0,18,data/cam3/cam3_20260108_144856.jpg
cam4,2026-01-08 21:48:56,15,3,2,0,20,data/cam4/cam4_20260108_144856.jpg
cam5,2026-01-08 21:48:57,9,12,0,0,21,data/cam5/cam5_20260108_144857.jpg
cam6,2026-01-08 21:48:57,25,3,2,0,30,data/cam6/cam6_20260108_144857.jpg
cam7,2026-01-08 21:48:58,7,2,0,0,9,data/cam7/cam7_20260108_144858.jpg
cam8,2026-01-08 21:48:59,20,7,0,0,27,data/cam8/cam8_20260108_144859.jpg
cam1,2026-01-08 21:53:54,15,12,0,0,27,data/cam1/cam1_20260108_145354.jpg
cam2,2026-01-08 21:53:55,16,3,1,0,20,data/cam2/cam2_20260108_145355.jpg
cam3,2026-01-08 21:53:55,17,0,0,0,17,data/cam3/cam3_20260108_145355.jpg
cam4,2026-01-08 21:53:56,22,3,0,0,25,data/cam4/cam4_20260108_145356.jpg
cam5,2026-01-08 21:53:57,14,8,0,0,22,data/cam5/cam5_20260108_145357.jpg
cam6,2026-01-08 21:53:57,33,2,1,0,36,data/cam6/cam6_20260108_145357.jpg
cam7,2026-01-08 21:53:58,15,3,0,0,18,data/cam7/cam7_20260108_145358.jpg
cam8,2026-01-08 21:53:59,29,8,0,0,37,data/cam8/cam8_20260108_145359.jpg
cam1,2026-01-08 21:58:54,24,6,1,0,31,data/cam1/cam1_20260108_145854.jpg
cam2,2026-01-08 21:58:55,39,3,0,0,42,data/cam2/cam2_20260108_145855.jpg
cam3,2026-01-08 21:58:55,30,3,1,0,34,data/cam3/cam3_20260108_145855.jpg
cam4,2026-01-08 21:58:56,22,6,1,0,29,data/cam4/cam4_20260108_145856.jpg
cam5,2026-01-08 21:58:57,7,14,0,0,21,data/cam5/cam5_20260108_145857.jpg
cam6,2026-01-08 21:58:57,51,3,0,0,54,data/cam6/cam6_20260108_145857.jpg
cam7,2026-01-08 21:58:58,15,2,0,1,18,data/cam7/cam7_20260108_145858.jpg
cam8,2026-01-08 21:58:59,21,4,0,0,25,data/cam8/cam8_20260108_145859.jpg
cam1,2026-01-08 22:03:54,22,9,0,0,31,data/cam1/cam1_20260108_150354.jpg
cam2,2026-01-08 22:03:55,20,7,0,0,27,data/cam2/cam2_20260108_150355.jpg
cam3,2026-01-08 22:03:55,15,4,0,0,19,data/cam3/cam3_20260108_150355.jpg
cam4,2026-01-08 22:03:56,23,6,1,0,30,data/cam4/cam4_20260108_150356.jpg
cam5,2026-01-08 22:03:57,15,10,0,0,25,data/cam5/cam5_20260108_150357.jpg
cam6,2026-01-08 22:03:57,16,1,2,1,20,data/cam6/cam6_20260108_150357.jpg
cam7,2026-01-08 22:03:58,9,2,0,0,11,data/cam7/cam7_20260108_150358.jpg
cam8,2026-01-08 22:03:59,29,6,0,0,35,data/cam8/cam8_20260108_150359.jpg
cam1,2026-01-08 22:08:54,20,12,2,1,35,data/cam1/cam1_20260108_150854.jpg
cam2,2026-01-08 22:08:55,15,6,0,0,21,data/cam2/cam2_20260108_150855.jpg
cam3,2026-01-08 22:08:56,13,1,1,0,15,data/cam3/cam3_20260108_150856.jpg
cam4,2026-01-08 22:08:56,19,7,0,1,27,data/cam4/cam4_20260108_150856.jpg
cam5,2026-01-08 22:08:57,10,13,0,1,24,data/cam5/cam5_20260108_150857.jpg
cam6,2026-01-08 22:08:57,46,0,1,0,47,data/cam6/cam6_20260108_150857.jpg
cam7,2026-01-08 22:08:58,17,1,0,0,18,data/cam7/cam7_20260108_150858.jpg
cam8,2026-01-08 22:08:59,29,6,0,0,35,data/cam8/cam8_20260108_150859.jpg
cam1,2026-01-08 22:13:54,35,5,0,1,41,data/cam1/cam1_20260108_151354.jpg
cam2,2026-01-08 22:13:55,13,10,1,0,24,data/cam2/cam2_20260108_151355.jpg
cam3,2026-01-08 22:13:55,16,7,0,0,23,data/cam3/cam3_20260108_151355.jpg
cam4,2026-01-08 22:13:56,23,4,0,0,27,data/cam4/cam4_20260108_151356.jpg
cam5,2026-01-08 22:13:57,11,17,0,0,28,data/cam5/cam5_20260108_151357.jpg
cam6,2026-01-08 22:13:57,36,2,1,0,39,data/cam6/cam6_20260108_151357.jpg
cam7,2026-01-08 22:13:58,13,1,0,1,15,data/cam7/cam7_20260108_151358.jpg
cam8,2026-01-08 22:13:59,24,4,1,2,31,data/cam8/cam8_20260108_151359.jpg
cam1,2026-01-08 22:18:54,12,8,0,2,22,data/cam1/cam1_20260108_151854.jpg
cam2,2026-01-08 22:18:55,24,7,2,0,33,data/cam2/cam2_20260108_151855.jpg
cam3,2026-01-08 22:18:55,25,2,0,1,28,data/cam3/cam3_20260108_151855.jpg
cam4,2026-01-08 22:18:56,14,1,1,0,16,data/cam4/cam4_20260108_151856.jpg
cam5,2026-01-08 22:18:57,5,8,0,0,13,data/cam5/cam5_20260108_151857.jpg
cam6,2026-01-08 22:18:57,43,0,2,0,45,data/cam6/cam6_20260108_151857.jpg
cam7,2026-01-08 22:18:58,11,0,2,0,13,data/cam7/cam7_20260108_151858.jpg
cam8,2026-01-08 22:18:59,21,9,0,0,30,data/cam8/cam8_20260108_151859.jpg
cam1,2026-01-08 22:23:54,32,21,0,0,53,data/cam1/cam1_20260108_152354.jpg
cam2,2026-01-08 22:23:55,12,8,2,1,23,data/cam2/cam2_20260108_152355.jpg
cam3,2026-01-08 22:23:56,18,1,0,0,19,data/cam3/cam3_20260108_152356.jpg
cam4,2026-01-08 22:23:56,27,4,1,1,33,data/cam4/cam4_20260108_152356.jpg
cam5,2026-01-08 22:23:57,12,6,0,0,18,data/cam5/cam5_20260108_152357.jpg
cam6,2026-01-08 22:23:58,22,3,1,1,27,data/cam6/cam6_20260108_152358.jpg
cam7,2026-01-08 22:23:58,11,1,0,0,12,data/cam7/cam7_20260108_152358.jpg
cam8,2026-01-08 22:23:59,21,6,1,1,29,data/cam8/cam8_20260108_152359.jpg
cam1,2026-01-08 22:28:54,16,15,0,1,32,data/cam1/cam1_20260108_152854.jpg
cam2,2026-01-08 22:28:55,10,3,0,0,13,data/cam2/cam2_20260108_152855.jpg
cam3,2026-01-08 22:28:55,16,5,0,0,21,data/cam3/cam3_20260108_152855.jpg
cam4,2026-01-08 22:28:57,26,5,0,2,33,data/cam4/cam4_20260108_152857.jpg
cam5,2026-01-08 22:28:57,16,9,0,3,28,data/cam5/cam5_20260108_152857.jpg
cam6,2026-01-08 22:28:58,29,5,1,1,36,data/cam6/cam6_20260108_152858.jpg
cam7,2026-01-08 22:28:59,19,1,0,0,20,data/cam7/cam7_20260108_152859.jpg
cam8,2026-01-08 22:28:59,23,3,0,2,28,data/cam8/cam8_20260108_152859.jpg
cam1,2026-01-08 22:33:54,18,13,1,0,32,data/cam1/cam1_20260108_153354.jpg
cam2,2026-01-08 22:33:55,18,4,1,0,23,data/cam2/cam2_20260108_153355.jpg
cam3,2026-01-08 22:33:55,14,3,0,0,17,data/cam3/cam3_20260108_153355.jpg
cam4,2026-01-08 22:33:56,23,9,1,0,33,data/cam4/cam4_20260108_153356.jpg
cam5,2026-01-08 22:33:57,17,11,0,0,28,data/cam5/cam5_20260108_153357.jpg
cam6,2026-01-08 22:33:57,19,0,1,1,21,data/cam6/cam6_20260108_153357.jpg
cam7,2026-01-08 22:33:58,10,2,0,0,12,data/cam7/cam7_20260108_153358.jpg
cam8,2026-01-08 22:33:59,14,4,1,3,22,data/cam8/cam8_20260108_153359.jpg
cam1,2026-01-08 22:38:54,29,15,0,0,44,data/cam1/cam1_20260108_153854.jpg
cam2,2026-01-08 22:38:55,11,3,0,0,14,data/cam2/cam2_20260108_153855.jpg
cam3,2026-01-08 22:38:55,9,2,0,0,11,data/cam3/cam3_20260108_153855.jpg
cam4,2026-01-08 22:38:56,24,3,1,0,28,data/cam4/cam4_20260108_153856.jpg
cam5,2026-01-08 22:38:57,5,14,0,1,20,data/cam5/cam5_20260108_153857.jpg
cam6,2026-01-08 22:38:57,43,3,0,0,46,data/cam6/cam6_20260108_153857.jpg
cam7,2026-01-08 22:38:58,12,4,0,2,18,data/cam7/cam7_20260108_153858.jpg
cam8,2026-01-08 22:38:59,18,2,0,1,21,data/cam8/cam8_20260108_153859.jpg
cam1,2026-01-08 22:43:54,9,10,0,1,20,data/cam1/cam1_20260108_154354.jpg
cam2,2026-01-08 22:43:55,8,3,0,0,11,data/cam2/cam2_20260108_154355.jpg
cam3,2026-01-08 22:43:55,14,3,1,0,18,data/cam3/cam3_20260108_154355.jpg
cam4,2026-01-08 22:43:56,18,3,0,0,21,data/cam4/cam4_20260108_154356.jpg
cam5,2026-01-08 22:43:57,10,8,0,0,18,data/cam5/cam5_20260108_154357.jpg
cam6,2026-01-08 22:43:57,23,3,2,0,28,data/cam6/cam6_20260108_154357.jpg
cam7,2026-01-08 22:43:58,8,1,1,1,11,data/cam7/cam7_20260108_154358.jpg
cam8,2026-01-08 22:43:59,20,4,0,0,24,data/cam8/cam8_20260108_154359.jpg
cam1,2026-01-08 22:48:54,28,7,0,1,36,data/cam1/cam1_20260108_154854.jpg
cam2,2026-01-08 22:48:55,5,4,0,0,9,data/cam2/cam2_20260108_154855.jpg
cam3,2026-01-08 22:48:55,11,0,0,1,12,data/cam3/cam3_20260108_154855.jpg
cam4,2026-01-08 22:48:56,20,10,1,2,33,data/cam4/cam4_20260108_154856.jpg
cam5,2026-01-08 22:48:57,13,11,0,1,25,data/cam5/cam5_20260108_154857.jpg
cam6,2026-01-08 22:48:57,13,3,3,0,19,data/cam6/cam6_20260108_154857.jpg
cam7,2026-01-08 22:48:58,7,3,0,0,10,data/cam7/cam7_20260108_154858.jpg
cam8,2026-01-08 22:48:59,8,5,0,0,13,data/cam8/cam8_20260108_154859.jpg
cam1,2026-01-08 22:53:54,17,16,1,0,34,data/cam1/cam1_20260108_155354.jpg
cam2,2026-01-08 22:53:55,8,5,0,0,13,data/cam2/cam2_20260108_155355.jpg
cam3,2026-01-08 22:53:55,16,2,0,0,18,data/cam3/cam3_20260108_155355.jpg
cam4,2026-01-08 22:53:56,17,2,0,0,19,data/cam4/cam4_20260108_155356.jpg
cam5,2026-01-08 22:53:57,8,6,0,0,14,data/cam5/cam5_20260108_155357.jpg
cam6,2026-01-08 22:53:57,13,5,1,0,19,data/cam6/cam6_20260108_155357.jpg
cam7,2026-01-08 22:53:58,10,3,0,0,13,data/cam7/cam7_20260108_155358.jpg
cam8,2026-01-08 22:53:59,24,1,0,1,26,data/cam8/cam8_20260108_155359.jpg
cam1,2026-01-08 22:58:54,24,16,0,0,40,data/cam1/cam1_20260108_155854.jpg
cam2,2026-01-08 22:58:55,5,1,0,0,6,data/cam2/cam2_20260108_155855.jpg
cam3,2026-01-08 22:58:55,11,1,0,0,12,data/cam3/cam3_20260108_155855.jpg
cam4,2026-01-08 22:58:56,15,2,0,1,18,data/cam4/cam4_20260108_155856.jpg
cam5,2026-01-08 22:58:57,7,18,1,0,26,data/cam5/cam5_20260108_155857.jpg
cam6,2026-01-08 22:58:57,22,7,0,0,29,data/cam6/cam6_20260108_155857.jpg
cam7,2026-01-08 22:58:58,8,0,2,2,12,data/cam7/cam7_20260108_155858.jpg
cam8,2026-01-08 22:58:59,22,5,0,0,27,data/cam8/cam8_20260108_155859.jpg
cam1,2026-01-08 23:03:54,17,10,0,0,27,data/cam1/cam1_20260108_160354.jpg
cam2,2026-01-08 23:03:55,6,4,0,0,10,data/cam2/cam2_20260108_160355.jpg
cam3,2026-01-08 23:03:55,8,5,1,0,14,data/cam3/cam3_20260108_160355.jpg
cam4,2026-01-08 23:03:56,11,1,0,0,12,data/cam4/cam4_20260108_160356.jpg
cam5,2026-01-08 23:03:57,5,15,0,0,20,data/cam5/cam5_20260108_160357.jpg
cam6,2026-01-08 23:03:57,6,5,2,0,13,data/cam6/cam6_20260108_160357.jpg
cam7,2026-01-08 23:03:58,11,2,0,0,13,data/cam7/cam7_20260108_160358.jpg
cam8,2026-01-08 23:03:59,10,5,0,0,15,data/cam8/cam8_20260108_160359.jpg
cam1,2026-01-08 23:08:54,20,7,0,1,28,data/cam1/cam1_20260108_160854.jpg
cam2,2026-01-08 23:08:55,8,2,0,0,10,data/cam2/cam2_20260108_160855.jpg
cam3,2026-01-08 23:08:55,7,4,0,0,11,data/cam3/cam3_20260108_160855.jpg
cam4,2026-01-08 23:08:56,14,2,0,0,16,data/cam4/cam4_20260108_160856.jpg
cam5,2026-01-08 23:08:57,3,15,0,0,18,data/cam5/cam5_20260108_160857.jpg
cam6,2026-01-08 23:08:57,21,1,1,0,23,data/cam6/cam6_20260108_160857.jpg
cam7,2026-01-08 23:08:58,21,2,0,0,23,data/cam7/cam7_20260108_160858.jpg
cam8,2026-01-08 23:08:59,10,1,0,0,11,data/cam8/cam8_20260108_160859.jpg
cam1,2026-01-08 23:13:54,26,11,0,0,37,data/cam1/cam1_20260108_161354.jpg
cam2,2026-01-08 23:13:55,10,2,0,0,12,data/cam2/cam2_20260108_161355.jpg
cam3,2026-01-08 23:13:55,4,0,0,0,4,data/cam3/cam3_20260108_161355.jpg
cam4,2026-01-08 23:13:56,6,2,3,0,11,data/cam4/cam4_20260108_161356.jpg
cam5,2026-01-08 23:13:57,2,14,0,0,16,data/cam5/cam5_20260108_161357.jpg
cam6,2026-01-08 23:13:57,8,0,1,0,9,data/cam6/cam6_20260108_161357.jpg
cam7,2026-01-08 23:13:58,9,4,0,2,15,data/cam7/cam7_20260108_161358.jpg
cam8,2026-01-08 23:13:59,15,3,0,0,18,data/cam8/cam8_20260108_161359.jpg
cam1,2026-01-08 23:18:54,7,10,1,0,18,data/cam1/cam1_20260108_161854.jpg
cam2,2026-01-08 23:18:55,3,3,0,0,6,data/cam2/cam2_20260108_161855.jpg
cam3,2026-01-08 23:18:55,4,0,0,1,5,data/cam3/cam3_20260108_161855.jpg
cam4,2026-01-08 23:18:56,13,2,1,0,16,data/cam4/cam4_20260108_161856.jpg
cam5,2026-01-08 23:18:57,8,9,0,0,17,data/cam5/cam5_20260108_161857.jpg
cam6,2026-01-08 23:18:57,26,0,1,0,27,data/cam6/cam6_20260108_161857.jpg
cam7,2026-01-08 23:18:58,9,0,0,0,9,data/cam7/cam7_20260108_161858.jpg
cam8,2026-01-08 23:18:59,5,1,0,0,6,data/cam8/cam8_20260108_161859.jpg
cam1,2026-01-08 23:23:54,10,11,0,1,22,data/cam1/cam1_20260108_162354.jpg
cam2,2026-01-08 23:23:55,13,0,0,0,13,data/cam2/cam2_20260108_162355.jpg
cam3,2026-01-08 23:23:55,6,4,0,0,10,data/cam3/cam3_20260108_162355.jpg
cam4,2026-01-08 23:23:56,3,0,0,0,3,data/cam4/cam4_20260108_162356.jpg
cam5,2026-01-08 23:23:57,2,9,0,1,12,data/cam5/cam5_20260108_162357.jpg
cam6,2026-01-08 23:23:58,9,2,0,0,11,data/cam6/cam6_20260108_162358.jpg
cam7,2026-01-08 23:23:59,4,0,0,0,4,data/cam7/cam7_20260108_162359.jpg
cam8,2026-01-08 23:23:59,11,2,0,0,13,data/cam8/cam8_20260108_162359.jpg
cam1,2026-01-08 23:28:54,14,9,0,0,23,data/cam1/cam1_20260108_162854.jpg
cam2,2026-01-08 23:28:55,7,1,0,0,8,data/cam2/cam2_20260108_162855.jpg
cam3,2026-01-08 23:28:55,5,0,0,0,5,data/cam3/cam3_20260108_162855.jpg
cam4,2026-01-08 23:28:56,24,6,0,2,32,data/cam4/cam4_20260108_162856.jpg
cam5,2026-01-08 23:28:57,7,12,0,0,19,data/cam5/cam5_20260108_162857.jpg
cam6,2026-01-08 23:28:57,12,1,3,1,17,data/cam6/cam6_20260108_162857.jpg
cam7,2026-01-08 23:28:58,10,0,0,1,11,data/cam7/cam7_20260108_162858.jpg
cam8,2026-01-08 23:28:59,17,4,0,1,22,data/cam8/cam8_20260108_162859.jpg
cam1,2026-01-08 23:33:54,18,10,1,0,29,data/cam1/cam1_20260108_163354.jpg
cam2,2026-01-08 23:33:55,8,3,0,0,11,data/cam2/cam2_20260108_163355.jpg
cam3,2026-01-08 23:33:55,4,1,0,0,5,data/cam3/cam3_20260108_163355.jpg
cam4,2026-01-08 23:33:56,13,1,1,2,17,data/cam4/cam4_20260108_163356.jpg
cam5,2026-01-08 23:33:57,3,14,0,0,17,data/cam5/cam5_20260108_163357.jpg
cam6,2026-01-08 23:33:57,14,2,0,0,16,data/cam6/cam6_20260108_163357.jpg
cam7,2026-01-08 23:33:58,11,0,0,0,11,data/cam7/cam7_20260108_163358.jpg
cam8,2026-01-08 23:33:59,23,0,0,0,23,data/cam8/cam8_20260108_163359.jpg
cam1,2026-01-08 23:38:54,15,6,0,0,21,data/cam1/cam1_20260108_163854.jpg
cam2,2026-01-08 23:38:55,4,3,0,0,7,data/cam2/cam2_20260108_163855.jpg
cam3,2026-01-08 23:38:55,4,2,0,0,6,data/cam3/cam3_20260108_163855.jpg
cam4,2026-01-08 23:38:56,10,1,0,0,11,data/cam4/cam4_20260108_163856.jpg
cam5,2026-01-08 23:38:57,3,9,0,0,12,data/cam5/cam5_20260108_163857.jpg
cam6,2026-01-08 23:38:57,18,1,1,0,20,data/cam6/cam6_20260108_163857.jpg
cam7,2026-01-08 23:38:58,1,0,0,0,1,data/cam7/cam7_20260108_163858.jpg
cam8,2026-01-08 23:38:58,5,2,1,0,8,data/cam8/cam8_20260108_163858.jpg
cam1,2026-01-08 23:43:54,8,11,1,1,21,data/cam1/cam1_20260108_164354.jpg
cam2,2026-01-08 23:43:55,9,2,1,0,12,data/cam2/cam2_20260108_164355.jpg
cam3,2026-01-08 23:43:56,3,1,0,0,4,data/cam3/cam3_20260108_164356.jpg
cam4,2026-01-08 23:43:56,11,2,2,0,15,data/cam4/cam4_20260108_164356.jpg
cam5,2026-01-08 23:43:57,6,5,1,1,13,data/cam5/cam5_20260108_164357.jpg
cam6,2026-01-08 23:43:58,6,1,0,0,7,data/cam6/cam6_20260108_164358.jpg
cam7,2026-01-08 23:43:58,7,2,0,0,9,data/cam7/cam7_20260108_164358.jpg
cam8,2026-01-08 23:43:59,5,1,0,0,6,data/cam8/cam8_20260108_164359.jpg
cam1,2026-01-08 23:48:54,11,8,1,0,20,data/cam1/cam1_20260108_164854.jpg
cam2,2026-01-08 23:48:55,5,1,0,0,6,data/cam2/cam2_20260108_164855.jpg
cam3,2026-01-08 23:48:55,7,0,0,0,7,data/cam3/cam3_20260108_164855.jpg
cam4,2026-01-08 23:48:56,9,1,0,0,10,data/cam4/cam4_20260108_164856.jpg
cam5,2026-01-08 23:48:57,7,8,0,0,15,data/cam5/cam5_20260108_164857.jpg
cam6,2026-01-08 23:48:57,15,0,3,1,19,data/cam6/cam6_20260108_164857.jpg
cam7,2026-01-08 23:48:58,4,0,0,1,5,data/cam7/cam7_20260108_164858.jpg
cam8,2026-01-08 23:48:59,12,2,0,0,14,data/cam8/cam8_20260108_164859.jpg
cam1,2026-01-09 06:50:18,29,8,0,2,39,data/cam1/cam1_20260108_235018.jpg
cam2,2026-01-09 06:50:21,6,1,0,0,7,data/cam2/cam2_20260108_235021.jpg
cam3,2026-01-09 06:50:23,14,5,0,1,20,data/cam3/cam3_20260108_235023.jpg
cam4,2026-01-09 06:50:25,55,7,1,2,65,data/cam4/cam4_20260108_235025.jpg
cam5,2026-01-09 06:50:27,16,39,0,1,56,data/cam5/cam5_20260108_235027.jpg
cam6,2026-01-09 06:50:29,59,7,0,0,66,data/cam6/cam6_20260108_235029.jpg
cam7,2026-01-09 06:50:32,28,5,0,0,33,data/cam7/cam7_20260108_235032.jpg
cam8,2026-01-09 06:50:34,44,7,0,1,52,data/cam8/cam8_20260108_235034.jpg
cam1,2026-01-09 06:55:18,58,25,0,0,83,data/cam1/cam1_20260108_235518.jpg
cam2,2026-01-09 06:55:18,10,3,0,0,13,data/cam2/cam2_20260108_235518.jpg
cam3,2026-01-09 06:55:19,28,2,0,1,31,data/cam3/cam3_20260108_235519.jpg
cam4,2026-01-09 06:55:20,39,12,0,2,53,data/cam4/cam4_20260108_235520.jpg
cam5,2026-01-09 06:55:20,30,28,0,1,59,data/cam5/cam5_20260108_235520.jpg
cam6,2026-01-09 06:55:21,44,5,0,0,49,data/cam6/cam6_20260108_235521.jpg
cam7,2026-01-09 06:55:22,16,4,0,0,20,data/cam7/cam7_20260108_235522.jpg
cam8,2026-01-09 06:55:22,34,14,0,1,49,data/cam8/cam8_20260108_235522.jpg
cam1,2026-01-09 07:00:18,34,6,0,0,40,data/cam1/cam1_20260109_000018.jpg
cam2,2026-01-09 07:00:18,13,1,0,0,14,data/cam2/cam2_20260109_000018.jpg
cam3,2026-01-09 07:00:19,35,3,0,0,38,data/cam3/cam3_20260109_000019.jpg
cam4,2026-01-09 07:00:20,35,10,0,0,45,data/cam4/cam4_20260109_000020.jpg
cam5,2026-01-09 07:00:20,5,9,0,0,14,data/cam5/cam5_20260109_000020.jpg
cam6,2026-01-09 07:00:21,36,10,0,1,47,data/cam6/cam6_20260109_000021.jpg
cam7,2026-01-09 07:00:22,19,2,0,0,21,data/cam7/cam7_20260109_000022.jpg
cam8,2026-01-09 07:00:22,37,6,0,1,44,data/cam8/cam8_20260109_000022.jpg
cam1,2026-01-09 07:05:18,16,6,0,1,23,data/cam1/cam1_20260109_000518.jpg
cam2,2026-01-09 07:05:19,19,1,0,0,20,data/cam2/cam2_20260109_000519.jpg
cam3,2026-01-09 07:05:19,37,5,0,0,42,data/cam3/cam3_20260109_000519.jpg
cam4,2026-01-09 07:05:21,46,10,0,1,57,data/cam4/cam4_20260109_000521.jpg
cam5,2026-01-09 07:05:24,41,14,0,1,56,data/cam5/cam5_20260109_000524.jpg
cam6,2026-01-09 07:05:25,65,6,0,0,71,data/cam6/cam6_20260109_000525.jpg
cam7,2026-01-09 07:05:26,32,4,0,0,36,data/cam7/cam7_20260109_000526.jpg
cam8,2026-01-09 07:05:27,37,12,0,1,50,data/cam8/cam8_20260109_000527.jpg
cam1,2026-01-09 07:10:18,16,16,0,2,34,data/cam1/cam1_20260109_001018.jpg
cam2,2026-01-09 07:10:18,11,0,0,0,11,data/cam2/cam2_20260109_001018.jpg
cam3,2026-01-09 07:10:19,21,5,0,0,26,data/cam3/cam3_20260109_001019.jpg
cam4,2026-01-09 07:10:20,43,10,0,1,54,data/cam4/cam4_20260109_001020.jpg
cam5,2026-01-09 07:10:21,8,6,0,0,14,data/cam5/cam5_20260109_001021.jpg
cam6,2026-01-09 07:10:21,60,2,0,0,62,data/cam6/cam6_20260109_001021.jpg
cam7,2026-01-09 07:10:22,36,4,0,0,40,data/cam7/cam7_20260109_001022.jpg
cam8,2026-01-09 07:10:23,31,5,0,2,38,data/cam8/cam8_20260109_001023.jpg
cam1,2026-01-09 07:15:18,44,13,0,4,61,data/cam1/cam1_20260109_001518.jpg
cam2,2026-01-09 07:15:18,17,2,0,1,20,data/cam2/cam2_20260109_001518.jpg
cam3,2026-01-09 07:15:19,23,4,0,0,27,data/cam3/cam3_20260109_001519.jpg
cam4,2026-01-09 07:15:20,54,13,0,0,67,data/cam4/cam4_20260109_001520.jpg
cam5,2026-01-09 07:15:21,28,12,1,0,41,data/cam5/cam5_20260109_001521.jpg
cam6,2026-01-09 07:15:21,38,4,0,0,42,data/cam6/cam6_20260109_001521.jpg
cam7,2026-01-09 07:15:22,26,3,0,0,29,data/cam7/cam7_20260109_001522.jpg
cam8,2026-01-09 07:15:23,41,6,0,0,47,data/cam8/cam8_20260109_001523.jpg
cam1,2026-01-09 07:20:18,41,19,0,3,63,data/cam1/cam1_20260109_002018.jpg
cam2,2026-01-09 07:20:18,10,2,0,0,12,data/cam2/cam2_20260109_002018.jpg
cam3,2026-01-09 07:20:19,31,5,0,0,36,data/cam3/cam3_20260109_002019.jpg
cam4,2026-01-09 07:20:20,58,14,0,2,74,data/cam4/cam4_20260109_002020.jpg
cam5,2026-01-09 07:20:21,19,23,0,0,42,data/cam5/cam5_20260109_002021.jpg
cam6,2026-01-09 07:20:22,38,2,0,0,40,data/cam6/cam6_20260109_002022.jpg
cam7,2026-01-09 07:20:23,29,1,0,0,30,data/cam7/cam7_20260109_002023.jpg
cam8,2026-01-09 07:20:24,49,21,0,0,70,data/cam8/cam8_20260109_002024.jpg
cam1,2026-01-09 07:25:18,31,23,0,0,54,data/cam1/cam1_20260109_002518.jpg
cam2,2026-01-09 07:25:18,13,5,0,0,18,data/cam2/cam2_20260109_002518.jpg
cam3,2026-01-09 07:25:19,20,6,0,0,26,data/cam3/cam3_20260109_002519.jpg
cam4,2026-01-09 07:25:20,40,4,0,2,46,data/cam4/cam4_20260109_002520.jpg
cam5,2026-01-09 07:25:21,34,21,0,3,58,data/cam5/cam5_20260109_002521.jpg
cam6,2026-01-09 07:25:21,56,4,0,0,60,data/cam6/cam6_20260109_002521.jpg
cam7,2026-01-09 07:25:22,10,2,0,1,13,data/cam7/cam7_20260109_002522.jpg
cam8,2026-01-09 07:25:23,34,16,0,2,52,data/cam8/cam8_20260109_002523.jpg
cam1,2026-01-09 07:30:18,52,18,1,1,72,data/cam1/cam1_20260109_003018.jpg
cam2,2026-01-09 07:30:19,34,3,0,0,37,data/cam2/cam2_20260109_003019.jpg
cam3,2026-01-09 07:30:19,33,2,0,1,36,data/cam3/cam3_20260109_003019.jpg
cam4,2026-01-09 07:30:20,53,6,1,0,60,data/cam4/cam4_20260109_003020.jpg
cam5,2026-01-09 07:30:21,50,17,0,0,67,data/cam5/cam5_20260109_003021.jpg
cam6,2026-01-09 07:30:22,40,3,0,2,45,data/cam6/cam6_20260109_003022.jpg
cam7,2026-01-09 07:30:23,29,5,0,0,34,data/cam7/cam7_20260109_003023.jpg
cam8,2026-01-09 07:30:24,39,13,0,0,52,data/cam8/cam8_20260109_003024.jpg
cam1,2026-01-09 07:35:18,69,27,0,1,97,data/cam1/cam1_20260109_003518.jpg
cam2,2026-01-09 07:35:19,24,7,0,1,32,data/cam2/cam2_20260109_003519.jpg
cam3,2026-01-09 07:35:19,30,5,0,0,35,data/cam3/cam3_20260109_003519.jpg
cam4,2026-01-09 07:35:20,48,8,0,0,56,data/cam4/cam4_20260109_003520.jpg
cam5,2026-01-09 07:35:21,44,27,0,1,72,data/cam5/cam5_20260109_003521.jpg
cam6,2026-01-09 07:35:22,48,6,0,0,54,data/cam6/cam6_20260109_003522.jpg
cam7,2026-01-09 07:35:22,29,2,0,0,31,data/cam7/cam7_20260109_003522.jpg
cam8,2026-01-09 07:35:23,25,16,0,0,41,data/cam8/cam8_20260109_003523.jpg
cam1,2026-01-09 07:40:18,16,11,0,1,28,data/cam1/cam1_20260109_004018.jpg
cam2,2026-01-09 07:40:19,15,1,0,0,16,data/cam2/cam2_20260109_004019.jpg
cam3,2026-01-09 07:40:19,23,3,0,0,26,data/cam3/cam3_20260109_004019.jpg
cam4,2026-01-09 07:40:20,66,5,0,1,72,data/cam4/cam4_20260109_004020.jpg
cam5,2026-01-09 07:40:21,34,14,0,1,49,data/cam5/cam5_20260109_004021.jpg
cam6,2026-01-09 07:40:22,42,4,1,0,47,data/cam6/cam6_20260109_004022.jpg
cam7,2026-01-09 07:40:23,42,4,0,0,46,data/cam7/cam7_20260109_004023.jpg
cam8,2026-01-09 07:40:24,47,10,1,1,59,data/cam8/cam8_20260109_004024.jpg
cam1,2026-01-09 07:45:18,66,13,1,0,80,data/cam1/cam1_20260109_004518.jpg
cam2,2026-01-09 07:45:19,24,7,0,0,31,data/cam2/cam2_20260109_004519.jpg
cam3,2026-01-09 07:45:20,12,4,0,0,16,data/cam3/cam3_20260109_004520.jpg
cam4,2026-01-09 07:45:20,64,6,0,0,70,data/cam4/cam4_20260109_004520.jpg
cam5,2026-01-09 07:45:21,52,11,0,2,65,data/cam5/cam5_20260109_004521.jpg
cam6,2026-01-09 07:45:22,49,3,0,0,52,data/cam6/cam6_20260109_004522.jpg
cam7,2026-01-09 07:45:22,31,2,0,0,33,data/cam7/cam7_20260109_004522.jpg
cam8,2026-01-09 07:45:23,36,15,0,2,53,data/cam8/cam8_20260109_004523.jpg
cam1,2026-01-09 07:50:18,63,29,0,0,92,data/cam1/cam1_20260109_005018.jpg
cam2,2026-01-09 07:50:19,32,8,0,1,41,data/cam2/cam2_20260109_005019.jpg
cam3,2026-01-09 07:50:19,26,2,1,1,30,data/cam3/cam3_20260109_005019.jpg
cam4,2026-01-09 07:50:20,61,6,0,1,68,data/cam4/cam4_20260109_005020.jpg
cam5,2026-01-09 07:50:21,46,8,0,3,57,data/cam5/cam5_20260109_005021.jpg
cam6,2026-01-09 07:50:21,47,7,0,3,57,data/cam6/cam6_20260109_005021.jpg
cam7,2026-01-09 07:50:22,38,3,0,0,41,data/cam7/cam7_20260109_005022.jpg
cam8,2026-01-09 07:50:23,50,13,0,0,63,data/cam8/cam8_20260109_005023.jpg
cam1,2026-01-09 07:55:18,42,18,1,0,61,data/cam1/cam1_20260109_005518.jpg
cam2,2026-01-09 07:55:19,22,3,1,0,26,data/cam2/cam2_20260109_005519.jpg
cam3,2026-01-09 07:55:20,27,4,0,0,31,data/cam3/cam3_20260109_005520.jpg
cam4,2026-01-09 07:55:20,55,12,1,1,69,data/cam4/cam4_20260109_005520.jpg
cam5,2026-01-09 07:55:21,51,16,1,0,68,data/cam5/cam5_20260109_005521.jpg
cam6,2026-01-09 07:55:22,55,8,0,0,63,data/cam6/cam6_20260109_005522.jpg
cam7,2026-01-09 07:55:23,20,4,0,0,24,data/cam7/cam7_20260109_005523.jpg
cam8,2026-01-09 07:55:24,40,10,0,4,54,data/cam8/cam8_20260109_005524.jpg
cam1,2026-01-09 08:00:18,23,14,1,1,39,data/cam1/cam1_20260109_010018.jpg
cam2,2026-01-09 08:00:18,29,4,0,0,33,data/cam2/cam2_20260109_010018.jpg
cam3,2026-01-09 08:00:19,32,4,0,0,36,data/cam3/cam3_20260109_010019.jpg
cam4,2026-01-09 08:00:20,46,7,0,2,55,data/cam4/cam4_20260109_010020.jpg
cam5,2026-01-09 08:00:21,35,21,1,0,57,data/cam5/cam5_20260109_010021.jpg
cam6,2026-01-09 08:00:21,47,7,0,1,55,data/cam6/cam6_20260109_010021.jpg
cam7,2026-01-09 08:00:22,37,3,0,0,40,data/cam7/cam7_20260109_010022.jpg
cam8,2026-01-09 08:00:22,38,11,0,1,50,data/cam8/cam8_20260109_010022.jpg
cam1,2026-01-09 08:05:18,61,24,1,1,87,data/cam1/cam1_20260109_010518.jpg
cam2,2026-01-09 08:05:19,25,6,0,1,32,data/cam2/cam2_20260109_010519.jpg
cam3,2026-01-09 08:05:19,29,6,0,0,35,data/cam3/cam3_20260109_010519.jpg
cam4,2026-01-09 08:05:20,44,12,1,1,58,data/cam4/cam4_20260109_010520.jpg
cam5,2026-01-09 08:05:21,7,16,2,3,28,data/cam5/cam5_20260109_010521.jpg
cam6,2026-01-09 08:05:21,39,7,0,1,47,data/cam6/cam6_20260109_010521.jpg
cam7,2026-01-09 08:05:22,21,6,0,0,27,data/cam7/cam7_20260109_010522.jpg
cam8,2026-01-09 08:05:23,36,6,0,1,43,data/cam8/cam8_20260109_010523.jpg
cam1,2026-01-09 08:10:18,25,15,0,0,40,data/cam1/cam1_20260109_011018.jpg
cam2,2026-01-09 08:10:19,20,7,0,0,27,data/cam2/cam2_20260109_011019.jpg
cam3,2026-01-09 08:10:19,23,6,1,0,30,data/cam3/cam3_20260109_011019.jpg
cam4,2026-01-09 08:10:20,46,11,0,3,60,data/cam4/cam4_20260109_011020.jpg
cam5,2026-01-09 08:10:21,24,16,0,1,41,data/cam5/cam5_20260109_011021.jpg
cam6,2026-01-09 08:10:22,35,11,0,1,47,data/cam6/cam6_20260109_011022.jpg
cam7,2026-01-09 08:10:23,22,3,0,1,26,data/cam7/cam7_20260109_011023.jpg
cam8,2026-01-09 08:10:23,39,13,1,3,56,data/cam8/cam8_20260109_011023.jpg
cam1,2026-01-09 08:15:18,42,21,0,0,63,data/cam1/cam1_20260109_011518.jpg
cam2,2026-01-09 08:15:19,18,5,1,0,24,data/cam2/cam2_20260109_011519.jpg
cam3,2026-01-09 08:15:19,30,5,0,0,35,data/cam3/cam3_20260109_011519.jpg
cam4,2026-01-09 08:15:20,47,11,1,1,60,data/cam4/cam4_20260109_011520.jpg
cam5,2026-01-09 08:15:21,5,21,2,1,29,data/cam5/cam5_20260109_011521.jpg
cam6,2026-01-09 08:15:21,39,6,0,1,46,data/cam6/cam6_20260109_011521.jpg
cam7,2026-01-09 08:15:22,19,6,1,1,27,data/cam7/cam7_20260109_011522.jpg
cam8,2026-01-09 08:15:23,54,17,0,0,71,data/cam8/cam8_20260109_011523.jpg
cam1,2026-01-09 08:20:18,31,22,0,1,54,data/cam1/cam1_20260109_012018.jpg
cam2,2026-01-09 08:20:18,27,3,0,0,30,data/cam2/cam2_20260109_012018.jpg
cam3,2026-01-09 08:20:19,21,5,0,1,27,data/cam3/cam3_20260109_012019.jpg
cam4,2026-01-09 08:20:20,38,13,0,0,51,data/cam4/cam4_20260109_012020.jpg
cam5,2026-01-09 08:20:21,10,22,1,1,34,data/cam5/cam5_20260109_012021.jpg
cam6,2026-01-09 08:20:21,27,13,0,0,40,data/cam6/cam6_20260109_012021.jpg
cam7,2026-01-09 08:20:22,38,0,2,0,40,data/cam7/cam7_20260109_012022.jpg
cam8,2026-01-09 08:20:23,42,13,0,1,56,data/cam8/cam8_20260109_012023.jpg
cam1,2026-01-09 08:25:18,29,33,0,2,64,data/cam1/cam1_20260109_012518.jpg
cam2,2026-01-09 08:25:19,32,7,0,1,40,data/cam2/cam2_20260109_012519.jpg
cam3,2026-01-09 08:25:20,30,5,0,2,37,data/cam3/cam3_20260109_012520.jpg
cam4,2026-01-09 08:25:20,54,7,0,0,61,data/cam4/cam4_20260109_012520.jpg
cam5,2026-01-09 08:25:21,23,25,0,1,49,data/cam5/cam5_20260109_012521.jpg
cam6,2026-01-09 08:25:22,55,6,2,2,65,data/cam6/cam6_20260109_012522.jpg
cam7,2026-01-09 08:25:22,28,2,0,1,31,data/cam7/cam7_20260109_012522.jpg
cam8,2026-01-09 08:25:23,31,12,0,1,44,data/cam8/cam8_20260109_012523.jpg
cam1,2026-01-09 08:28:43,22,29,0,1,52,data/cam1/cam1_20260109_012843.jpg
cam2,2026-01-09 08:28:43,25,11,0,1,37,data/cam2/cam2_20260109_012843.jpg
cam3,2026-01-09 08:28:44,30,5,0,0,35,data/cam3/cam3_20260109_012844.jpg
cam4,2026-01-09 08:28:45,47,4,0,0,51,data/cam4/cam4_20260109_012845.jpg
cam5,2026-01-09 08:28:45,16,44,1,4,65,data/cam5/cam5_20260109_012845.jpg
cam6,2026-01-09 08:28:46,36,8,0,1,45,data/cam6/cam6_20260109_012846.jpg
cam7,2026-01-09 08:28:47,24,3,0,0,27,data/cam7/cam7_20260109_012847.jpg
cam8,2026-01-09 08:28:47,26,17,1,4,48,data/cam8/cam8_20260109_012847.jpg
cam1,2026-01-09 08:33:43,53,29,1,2,85,data/cam1/cam1_20260109_013343.jpg
cam2,2026-01-09 08:33:44,27,7,1,2,37,data/cam2/cam2_20260109_013344.jpg
cam3,2026-01-09 08:33:45,20,12,0,0,32,data/cam3/cam3_20260109_013345.jpg
cam4,2026-01-09 08:33:46,45,2,1,0,48,data/cam4/cam4_20260109_013346.jpg
cam5,2026-01-09 08:33:47,21,38,1,1,61,data/cam5/cam5_20260109_013347.jpg
cam6,2026-01-09 08:33:47,38,10,0,0,48,data/cam6/cam6_20260109_013347.jpg
cam7,2026-01-09 08:33:48,29,5,0,0,34,data/cam7/cam7_20260109_013348.jpg
cam8,2026-01-09 08:33:49,37,22,0,0,59,data/cam8/cam8_20260109_013349.jpg
cam1,2026-01-09 08:38:43,26,18,0,4,48,data/cam1/cam1_20260109_013843.jpg
cam2,2026-01-09 08:38:44,18,4,0,1,23,data/cam2/cam2_20260109_013844.jpg
cam3,2026-01-09 08:38:44,19,7,0,0,26,data/cam3/cam3_20260109_013844.jpg
cam4,2026-01-09 08:38:45,43,7,0,1,51,data/cam4/cam4_20260109_013845.jpg
cam5,2026-01-09 08:38:46,20,37,0,1,58,data/cam5/cam5_20260109_013846.jpg
cam6,2026-01-09 08:38:47,34,6,0,1,41,data/cam6/cam6_20260109_013847.jpg
cam7,2026-01-09 08:38:48,29,7,1,1,38,data/cam7/cam7_20260109_013848.jpg
cam8,2026-01-09 08:38:49,49,21,0,1,71,data/cam8/cam8_20260109_013849.jpg
cam1,2026-01-09 08:43:43,49,29,0,2,80,data/cam1/cam1_20260109_014343.jpg
cam2,2026-01-09 08:43:44,45,5,0,0,50,data/cam2/cam2_20260109_014344.jpg
cam3,2026-01-09 08:43:45,30,3,0,0,33,data/cam3/cam3_20260109_014345.jpg
cam4,2026-01-09 08:43:46,34,8,0,3,45,data/cam4/cam4_20260109_014346.jpg
cam5,2026-01-09 08:43:47,22,41,0,0,63,data/cam5/cam5_20260109_014347.jpg
cam6,2026-01-09 08:43:48,38,7,1,2,48,data/cam6/cam6_20260109_014348.jpg
cam7,2026-01-09 08:43:48,24,3,0,0,27,data/cam7/cam7_20260109_014348.jpg
cam8,2026-01-09 08:43:49,31,11,1,3,46,data/cam8/cam8_20260109_014349.jpg
cam1,2026-01-09 08:48:43,36,17,0,1,54,data/cam1/cam1_20260109_014843.jpg
cam2,2026-01-09 08:48:44,27,9,2,1,39,data/cam2/cam2_20260109_014844.jpg
cam3,2026-01-09 08:48:45,32,5,1,0,38,data/cam3/cam3_20260109_014845.jpg
cam4,2026-01-09 08:48:45,62,8,0,0,70,data/cam4/cam4_20260109_014845.jpg
cam5,2026-01-09 08:48:46,33,35,0,0,68,data/cam5/cam5_20260109_014846.jpg
cam6,2026-01-09 08:48:47,37,12,0,1,50,data/cam6/cam6_20260109_014847.jpg
cam7,2026-01-09 08:48:47,41,8,0,0,49,data/cam7/cam7_20260109_014847.jpg
cam8,2026-01-09 08:48:48,48,12,0,0,60,data/cam8/cam8_20260109_014848.jpg
cam1,2026-01-09 10:39:44,30,20,5,0,55,data/cam1/cam1_20260109_033944.jpg
cam2,2026-01-09 10:39:47,11,3,0,1,15,data/cam2/cam2_20260109_033947.jpg
cam3,2026-01-09 10:39:51,27,7,1,1,36,data/cam3/cam3_20260109_033951.jpg
cam4,2026-01-09 10:39:53,47,13,10,0,70,data/cam4/cam4_20260109_033953.jpg
cam5,2026-01-09 10:39:55,40,22,2,0,64,data/cam5/cam5_20260109_033955.jpg
cam6,2026-01-09 10:39:58,49,3,0,0,52,data/cam6/cam6_20260109_033958.jpg
cam7,2026-01-09 10:40:00,31,5,2,0,38,data/cam7/cam7_20260109_034000.jpg
cam8,2026-01-09 10:40:03,53,17,3,1,74,data/cam8/cam8_20260109_034003.jpg
cam1,2026-01-09 10:44:44,27,22,4,0,53,data/cam1/cam1_20260109_034444.jpg
cam2,2026-01-09 10:44:45,16,6,4,1,27,data/cam2/cam2_20260109_034445.jpg
cam3,2026-01-09 10:44:46,18,7,5,0,30,data/cam3/cam3_20260109_034446.jpg
cam4,2026-01-09 10:44:47,31,12,5,1,49,data/cam4/cam4_20260109_034447.jpg
cam5,2026-01-09 10:44:48,17,19,8,1,45,data/cam5/cam5_20260109_034448.jpg
cam6,2026-01-09 10:44:48,25,5,5,1,36,data/cam6/cam6_20260109_034448.jpg
cam7,2026-01-09 10:44:49,30,3,1,1,35,data/cam7/cam7_20260109_034449.jpg
cam8,2026-01-09 10:44:50,36,15,0,1,52,data/cam8/cam8_20260109_034450.jpg
cam1,2026-01-09 10:49:44,14,12,4,2,32,data/cam1/cam1_20260109_034944.jpg
cam2,2026-01-09 10:49:46,20,5,3,0,28,data/cam2/cam2_20260109_034946.jpg
cam3,2026-01-09 10:49:47,24,6,2,0,32,data/cam3/cam3_20260109_034947.jpg
cam4,2026-01-09 10:49:47,40,7,2,0,49,data/cam4/cam4_20260109_034947.jpg
cam5,2026-01-09 10:49:48,11,27,10,1,49,data/cam5/cam5_20260109_034948.jpg
cam6,2026-01-09 10:49:49,25,8,6,0,39,data/cam6/cam6_20260109_034949.jpg
cam7,2026-01-09 10:49:50,32,5,2,0,39,data/cam7/cam7_20260109_034950.jpg
cam8,2026-01-09 10:49:51,33,17,3,1,54,data/cam8/cam8_20260109_034951.jpg
cam1,2026-01-09 10:54:44,27,15,4,1,47,data/cam1/cam1_20260109_035444.jpg
cam2,2026-01-09 10:54:45,22,7,1,0,30,data/cam2/cam2_20260109_035445.jpg
cam3,2026-01-09 10:54:46,22,8,2,1,33,data/cam3/cam3_20260109_035446.jpg
cam4,2026-01-09 10:54:47,44,14,5,0,63,data/cam4/cam4_20260109_035447.jpg
cam5,2026-01-09 10:54:48,19,34,8,0,61,data/cam5/cam5_20260109_035448.jpg
cam6,2026-01-09 10:54:49,62,8,2,0,72,data/cam6/cam6_20260109_035449.jpg
cam7,2026-01-09 10:54:50,30,7,2,0,39,data/cam7/cam7_20260109_035450.jpg
cam8,2026-01-09 10:54:51,47,16,3,2,68,data/cam8/cam8_20260109_035451.jpg
cam1,2026-01-09 10:59:44,27,25,1,2,55,data/cam1/cam1_20260109_035944.jpg
cam2,2026-01-09 10:59:46,30,10,1,0,41,data/cam2/cam2_20260109_035946.jpg
cam3,2026-01-09 10:59:46,30,6,1,0,37,data/cam3/cam3_20260109_035946.jpg
cam4,2026-01-09 10:59:47,40,10,4,0,54,data/cam4/cam4_20260109_035947.jpg
cam5,2026-01-09 10:59:48,13,32,2,4,51,data/cam5/cam5_20260109_035948.jpg
cam6,2026-01-09 10:59:49,40,8,5,0,53,data/cam6/cam6_20260109_035949.jpg
cam7,2026-01-09 10:59:49,35,11,1,1,48,data/cam7/cam7_20260109_035949.jpg
cam8,2026-01-09 10:59:50,25,9,6,0,40,data/cam8/cam8_20260109_035950.jpg
cam1,2026-01-09 11:04:44,18,11,5,1,35,data/cam1/cam1_20260109_040444.jpg
cam2,2026-01-09 11:04:45,33,7,0,0,40,data/cam2/cam2_20260109_040445.jpg
cam3,2026-01-09 11:04:46,41,9,2,0,52,data/cam3/cam3_20260109_040446.jpg
cam4,2026-01-09 11:04:47,28,14,7,1,50,data/cam4/cam4_20260109_040447.jpg
cam5,2026-01-09 11:04:49,22,19,3,2,46,data/cam5/cam5_20260109_040449.jpg
cam6,2026-01-09 11:04:49,20,10,6,0,36,data/cam6/cam6_20260109_040449.jpg
cam7,2026-01-09 11:04:50,39,6,2,1,48,data/cam7/cam7_20260109_040450.jpg
cam8,2026-01-09 11:04:51,48,13,5,1,67,data/cam8/cam8_20260109_040451.jpg
cam1,2026-01-09 11:09:44,19,16,7,2,44,data/cam1/cam1_20260109_040944.jpg
cam2,2026-01-09 11:09:45,29,1,1,0,31,data/cam2/cam2_20260109_040945.jpg
cam3,2026-01-09 11:09:46,26,4,4,0,34,data/cam3/cam3_20260109_040946.jpg
cam4,2026-01-09 11:09:47,35,6,2,2,45,data/cam4/cam4_20260109_040947.jpg
cam5,2026-01-09 11:09:48,17,34,5,0,56,data/cam5/cam5_20260109_040948.jpg
cam6,2026-01-09 11:09:48,53,5,2,0,60,data/cam6/cam6_20260109_040948.jpg
cam7,2026-01-09 11:09:49,27,6,2,1,36,data/cam7/cam7_20260109_040949.jpg
cam8,2026-01-09 11:09:50,36,15,3,0,54,data/cam8/cam8_20260109_040950.jpg
cam1,2026-01-09 11:14:44,33,16,3,0,52,data/cam1/cam1_20260109_041444.jpg
cam2,2026-01-09 11:14:45,9,4,1,0,14,data/cam2/cam2_20260109_041445.jpg
cam3,2026-01-09 11:14:46,30,4,0,0,34,data/cam3/cam3_20260109_041446.jpg
cam4,2026-01-09 11:14:47,39,12,1,2,54,data/cam4/cam4_20260109_041447.jpg
cam5,2026-01-09 11:14:48,33,24,11,3,71,data/cam5/cam5_20260109_041448.jpg
cam6,2026-01-09 11:14:49,35,6,3,1,45,data/cam6/cam6_20260109_041449.jpg
cam7,2026-01-09 11:14:49,34,9,1,0,44,data/cam7/cam7_20260109_041449.jpg
cam8,2026-01-09 11:14:50,31,25,0,1,57,data/cam8/cam8_20260109_041450.jpg
cam1,2026-01-09 11:19:44,27,20,2,1,50,data/cam1/cam1_20260109_041944.jpg
cam2,2026-01-09 11:19:45,11,7,0,1,19,data/cam2/cam2_20260109_041945.jpg
cam3,2026-01-09 11:19:46,28,5,2,0,35,data/cam3/cam3_20260109_041946.jpg
cam4,2026-01-09 11:19:47,42,18,3,0,63,data/cam4/cam4_20260109_041947.jpg
cam5,2026-01-09 11:19:48,8,39,2,1,50,data/cam5/cam5_20260109_041948.jpg
cam6,2026-01-09 11:19:48,36,9,6,1,52,data/cam6/cam6_20260109_041948.jpg
cam7,2026-01-09 11:19:49,22,9,1,2,34,data/cam7/cam7_20260109_041949.jpg
cam8,2026-01-09 11:19:50,18,19,1,1,39,data/cam8/cam8_20260109_041950.jpg
cam1,2026-01-09 11:24:44,33,21,2,1,57,data/cam1/cam1_20260109_042444.jpg
cam2,2026-01-09 11:24:46,17,8,1,0,26,data/cam2/cam2_20260109_042446.jpg
cam3,2026-01-09 11:24:47,18,5,2,1,26,data/cam3/cam3_20260109_042447.jpg
cam4,2026-01-09 11:24:47,39,8,6,0,53,data/cam4/cam4_20260109_042447.jpg
cam5,2026-01-09 11:24:48,33,21,3,0,57,data/cam5/cam5_20260109_042448.jpg
cam6,2026-01-09 11:24:49,29,9,10,1,49,data/cam6/cam6_20260109_042449.jpg
cam7,2026-01-09 11:24:50,38,8,4,0,50,data/cam7/cam7_20260109_042450.jpg
cam8,2026-01-09 11:24:51,47,11,0,2,60,data/cam8/cam8_20260109_042451.jpg
cam1,2026-01-09 11:29:44,15,29,0,0,44,data/cam1/cam1_20260109_042944.jpg
cam2,2026-01-09 11:29:45,23,10,2,0,35,data/cam2/cam2_20260109_042945.jpg
cam3,2026-01-09 11:29:47,20,5,3,1,29,data/cam3/cam3_20260109_042947.jpg
cam4,2026-01-09 11:29:47,36,14,5,0,55,data/cam4/cam4_20260109_042947.jpg
cam5,2026-01-09 11:29:48,22,28,5,1,56,data/cam5/cam5_20260109_042948.jpg
cam6,2026-01-09 11:29:49,44,4,3,0,51,data/cam6/cam6_20260109_042949.jpg
cam7,2026-01-09 11:29:50,28,9,4,3,44,data/cam7/cam7_20260109_042950.jpg
cam8,2026-01-09 11:29:50,40,15,1,1,57,data/cam8/cam8_20260109_042950.jpg
cam1,2026-01-09 11:34:44,35,23,1,1,60,data/cam1/cam1_20260109_043444.jpg
cam2,2026-01-09 11:34:45,28,12,0,2,42,data/cam2/cam2_20260109_043445.jpg
cam3,2026-01-09 11:34:46,19,6,2,0,27,data/cam3/cam3_20260109_043446.jpg
cam4,2026-01-09 11:34:48,46,13,2,0,61,data/cam4/cam4_20260109_043448.jpg
cam5,2026-01-09 11:34:49,24,23,8,3,58,data/cam5/cam5_20260109_043449.jpg
cam6,2026-01-09 11:34:49,41,6,5,0,52,data/cam6/cam6_20260109_043449.jpg
cam7,2026-01-09 11:34:50,43,16,4,2,65,data/cam7/cam7_20260109_043450.jpg
cam8,2026-01-09 11:34:51,35,15,3,1,54,data/cam8/cam8_20260109_043451.jpg
cam1,2026-01-09 11:39:44,39,12,2,2,55,data/cam1/cam1_20260109_043944.jpg
cam2,2026-01-09 11:39:45,26,9,0,0,35,data/cam2/cam2_20260109_043945.jpg
cam3,2026-01-09 11:39:46,29,11,2,0,42,data/cam3/cam3_20260109_043946.jpg
cam4,2026-01-09 11:39:47,37,7,5,0,49,data/cam4/cam4_20260109_043947.jpg
cam5,2026-01-09 11:39:48,13,28,6,4,51,data/cam5/cam5_20260109_043948.jpg
cam6,2026-01-09 11:39:49,35,5,2,1,43,data/cam6/cam6_20260109_043949.jpg
cam7,2026-01-09 11:39:50,39,9,6,1,55,data/cam7/cam7_20260109_043950.jpg
cam8,2026-01-09 11:39:50,38,8,2,0,48,data/cam8/cam8_20260109_043950.jpg
cam1,2026-01-09 11:44:44,31,19,1,1,52,data/cam1/cam1_20260109_044444.jpg
cam2,2026-01-09 11:44:45,23,4,0,1,28,data/cam2/cam2_20260109_044445.jpg
cam3,2026-01-09 11:44:47,18,8,7,3,36,data/cam3/cam3_20260109_044447.jpg
cam4,2026-01-09 11:44:47,31,15,5,1,52,data/cam4/cam4_20260109_044447.jpg
cam5,2026-01-09 11:44:48,15,13,3,2,33,data/cam5/cam5_20260109_044448.jpg
cam6,2026-01-09 11:44:49,32,5,6,0,43,data/cam6/cam6_20260109_044449.jpg
cam7,2026-01-09 11:44:50,35,12,3,0,50,data/cam7/cam7_20260109_044450.jpg
cam8,2026-01-09 11:44:51,25,10,3,2,40,data/cam8/cam8_20260109_044451.jpg
cam1,2026-01-09 11:49:44,46,13,3,5,67,data/cam1/cam1_20260109_044944.jpg
cam2,2026-01-09 11:49:45,14,4,0,0,18,data/cam2/cam2_20260109_044945.jpg
cam3,2026-01-09 11:49:46,22,1,2,1,26,data/cam3/cam3_20260109_044946.jpg
cam4,2026-01-09 11:49:47,38,6,0,0,44,data/cam4/cam4_20260109_044947.jpg
cam5,2026-01-09 11:49:48,32,25,3,2,62,data/cam5/cam5_20260109_044948.jpg
cam6,2026-01-09 11:49:49,43,4,7,0,54,data/cam6/cam6_20260109_044949.jpg
cam7,2026-01-09 11:49:49,31,9,0,0,40,data/cam7/cam7_20260109_044949.jpg
cam8,2026-01-09 11:49:51,36,18,2,1,57,data/cam8/cam8_20260109_044951.jpg
cam1,2026-01-09 11:53:10,24,20,3,1,48,data/cam1/cam1_20260109_045310.jpg
cam2,2026-01-09 11:53:10,12,12,0,0,24,data/cam2/cam2_20260109_045310.jpg
cam3,2026-01-09 11:53:11,20,2,0,0,22,data/cam3/cam3_20260109_045311.jpg
cam4,2026-01-09 11:53:12,36,7,2,2,47,data/cam4/cam4_20260109_045312.jpg
cam5,2026-01-09 11:53:12,32,25,5,0,62,data/cam5/cam5_20260109_045312.jpg
cam6,2026-01-09 11:53:13,38,10,2,0,50,data/cam6/cam6_20260109_045313.jpg
cam7,2026-01-09 11:53:14,25,12,3,3,43,data/cam7/cam7_20260109_045314.jpg
cam8,2026-01-09 11:53:15,36,22,0,2,60,data/cam8/cam8_20260109_045315.jpg
cam1,2026-01-09 11:58:10,28,26,4,1,59,data/cam1/cam1_20260109_045810.jpg
cam2,2026-01-09 11:58:11,11,12,0,0,23,data/cam2/cam2_20260109_045811.jpg
cam3,2026-01-09 11:58:12,19,13,5,0,37,data/cam3/cam3_20260109_045812.jpg
cam4,2026-01-09 11:58:12,28,22,4,1,55,data/cam4/cam4_20260109_045812.jpg
cam5,2026-01-09 11:58:13,19,35,7,2,63,data/cam5/cam5_20260109_045813.jpg
cam6,2026-01-09 11:58:14,31,6,4,2,43,data/cam6/cam6_20260109_045814.jpg
cam7,2026-01-09 11:58:15,23,5,4,2,34,data/cam7/cam7_20260109_045815.jpg
cam8,2026-01-09 11:58:15,29,14,2,4,49,data/cam8/cam8_20260109_045815.jpg
cam1,2026-01-09 12:03:10,45,20,2,0,67,data/cam1/cam1_20260109_050310.jpg
cam2,2026-01-09 12:03:11,23,7,1,1,32,data/cam2/cam2_20260109_050311.jpg
cam3,2026-01-09 12:03:12,17,8,5,1,31,data/cam3/cam3_20260109_050312.jpg
cam4,2026-01-09 12:03:12,37,7,2,0,46,data/cam4/cam4_20260109_050312.jpg
cam5,2026-01-09 12:03:13,15,28,3,4,50,data/cam5/cam5_20260109_050313.jpg
cam6,2026-01-09 12:03:14,38,9,1,1,49,data/cam6/cam6_20260109_050314.jpg
cam7,2026-01-09 12:03:15,50,13,1,3,67,data/cam7/cam7_20260109_050315.jpg
cam8,2026-01-09 12:03:16,36,22,2,3,63,data/cam8/cam8_20260109_050316.jpg
cam1,2026-01-09 12:08:10,27,26,0,0,53,data/cam1/cam1_20260109_050810.jpg
cam2,2026-01-09 12:08:11,17,4,0,0,21,data/cam2/cam2_20260109_050811.jpg
cam3,2026-01-09 12:08:12,16,4,3,0,23,data/cam3/cam3_20260109_050812.jpg
cam4,2026-01-09 12:08:12,49,8,5,0,62,data/cam4/cam4_20260109_050812.jpg
cam5,2026-01-09 12:08:13,34,15,3,1,53,data/cam5/cam5_20260109_050813.jpg
cam6,2026-01-09 12:08:14,52,4,1,0,57,data/cam6/cam6_20260109_050814.jpg
cam7,2026-01-09 12:08:15,33,10,4,0,47,data/cam7/cam7_20260109_050815.jpg
cam8,2026-01-09 12:08:16,49,12,2,0,63,data/cam8/cam8_20260109_050816.jpg
cam1,2026-01-09 12:13:10,46,30,4,0,80,data/cam1/cam1_20260109_051310.jpg
cam2,2026-01-09 12:13:11,14,10,0,1,25,data/cam2/cam2_20260109_051311.jpg
cam3,2026-01-09 12:13:12,28,4,0,2,34,data/cam3/cam3_20260109_051312.jpg
cam4,2026-01-09 12:13:12,39,8,5,1,53,data/cam4/cam4_20260109_051312.jpg
cam5,2026-01-09 12:13:13,32,25,6,3,66,data/cam5/cam5_20260109_051313.jpg
cam6,2026-01-09 12:13:14,20,7,6,1,34,data/cam6/cam6_20260109_051314.jpg
cam7,2026-01-09 12:13:15,50,10,3,0,63,data/cam7/cam7_20260109_051315.jpg
cam8,2026-01-09 12:13:15,30,12,7,1,50,data/cam8/cam8_20260109_051315.jpg
cam1,2026-01-09 12:18:10,32,32,4,4,72,data/cam1/cam1_20260109_051810.jpg
cam2,2026-01-09 12:18:11,31,6,0,0,37,data/cam2/cam2_20260109_051811.jpg
cam3,2026-01-09 12:18:12,32,4,2,0,38,data/cam3/cam3_20260109_051812.jpg
cam4,2026-01-09 12:18:12,26,4,6,1,37,data/cam4/cam4_20260109_051812.jpg
cam5,2026-01-09 12:18:13,32,29,6,1,68,data/cam5/cam5_20260109_051813.jpg
cam6,2026-01-09 12:18:14,39,8,7,0,54,data/cam6/cam6_20260109_051814.jpg
cam7,2026-01-09 12:18:15,45,8,1,1,55,data/cam7/cam7_20260109_051815.jpg
cam8,2026-01-09 12:18:15,14,13,1,3,31,data/cam8/cam8_20260109_051815.jpg
cam1,2026-01-09 12:23:10,26,27,3,0,56,data/cam1/cam1_20260109_052310.jpg
cam2,2026-01-09 12:23:11,11,7,5,1,24,data/cam2/cam2_20260109_052311.jpg
cam3,2026-01-09 12:23:12,31,12,2,2,47,data/cam3/cam3_20260109_052312.jpg
cam4,2026-01-09 12:23:13,31,11,0,0,42,data/cam4/cam4_20260109_052313.jpg
cam5,2026-01-09 12:23:13,23,34,5,0,62,data/cam5/cam5_20260109_052313.jpg
cam6,2026-01-09 12:23:14,36,5,4,0,45,data/cam6/cam6_20260109_052314.jpg
cam7,2026-01-09 12:23:15,30,5,2,0,37,data/cam7/cam7_20260109_052315.jpg
cam8,2026-01-09 12:23:16,37,12,3,0,52,data/cam8/cam8_20260109_052316.jpg
cam1,2026-01-09 12:28:10,32,40,3,1,76,data/cam1/cam1_20260109_052810.jpg
cam2,2026-01-09 12:28:11,11,1,2,0,14,data/cam2/cam2_20260109_052811.jpg
cam3,2026-01-09 12:28:12,20,2,0,1,23,data/cam3/cam3_20260109_052812.jpg
cam4,2026-01-09 12:28:12,31,11,0,0,42,data/cam4/cam4_20260109_052812.jpg
cam5,2026-01-09 12:28:13,10,25,6,4,45,data/cam5/cam5_20260109_052813.jpg
cam6,2026-01-09 12:28:14,49,7,2,1,59,data/cam6/cam6_20260109_052814.jpg
cam7,2026-01-09 12:28:15,21,12,0,1,34,data/cam7/cam7_20260109_052815.jpg
cam8,2026-01-09 12:28:15,35,18,8,2,63,data/cam8/cam8_20260109_052815.jpg
cam1,2026-01-09 12:33:10,36,22,2,1,61,data/cam1/cam1_20260109_053310.jpg
cam2,2026-01-09 12:33:11,12,13,1,1,27,data/cam2/cam2_20260109_053311.jpg
cam3,2026-01-09 12:33:12,32,4,3,1,40,data/cam3/cam3_20260109_053312.jpg
cam4,2026-01-09 12:33:12,31,11,0,0,42,data/cam4/cam4_20260109_053312.jpg
cam5,2026-01-09 12:33:13,35,33,4,1,73,data/cam5/cam5_20260109_053313.jpg
cam6,2026-01-09 12:33:14,41,4,1,0,46,data/cam6/cam6_20260109_053314.jpg
cam7,2026-01-09 12:33:15,44,9,1,1,55,data/cam7/cam7_20260109_053315.jpg
cam8,2026-01-09 12:33:16,36,11,3,1,51,data/cam8/cam8_20260109_053316.jpg
cam1,2026-01-09 12:38:10,21,28,2,0,51,data/cam1/cam1_20260109_053810.jpg
cam2,2026-01-09 12:38:11,17,6,0,1,24,data/cam2/cam2_20260109_053811.jpg
cam3,2026-01-09 12:38:12,20,9,1,0,30,data/cam3/cam3_20260109_053812.jpg
cam4,2026-01-09 12:38:12,45,8,2,2,57,data/cam4/cam4_20260109_053812.jpg
cam5,2026-01-09 12:38:13,26,22,3,2,53,data/cam5/cam5_20260109_053813.jpg
cam6,2026-01-09 12:38:14,34,12,1,2,49,data/cam6/cam6_20260109_053814.jpg
cam7,2026-01-09 12:38:15,48,10,4,1,63,data/cam7/cam7_20260109_053815.jpg
cam8,2026-01-09 12:38:16,50,18,6,2,76,data/cam8/cam8_20260109_053816.jpg
cam1,2026-01-09 12:43:10,18,15,1,1,35,data/cam1/cam1_20260109_054310.jpg
cam2,2026-01-09 12:43:11,28,4,1,3,36,data/cam2/cam2_20260109_054311.jpg
cam3,2026-01-09 12:43:11,32,2,1,2,37,data/cam3/cam3_20260109_054311.jpg
cam4,2026-01-09 12:43:12,43,8,4,4,59,data/cam4/cam4_20260109_054312.jpg
cam5,2026-01-09 12:43:13,12,30,8,2,52,data/cam5/cam5_20260109_054313.jpg
cam6,2026-01-09 12:43:14,16,4,1,1,22,data/cam6/cam6_20260109_054314.jpg
cam7,2026-01-09 12:43:15,34,6,2,1,43,data/cam7/cam7_20260109_054315.jpg
cam8,2026-01-09 12:43:16,21,10,2,1,34,data/cam8/cam8_20260109_054316.jpg
cam1,2026-01-09 12:48:10,39,27,10,1,77,data/cam1/cam1_20260109_054810.jpg
cam2,2026-01-09 12:48:11,16,5,2,1,24,data/cam2/cam2_20260109_054811.jpg
cam3,2026-01-09 12:48:12,17,4,3,0,24,data/cam3/cam3_20260109_054812.jpg
cam4,2026-01-09 12:48:12,25,14,6,0,45,data/cam4/cam4_20260109_054812.jpg
cam5,2026-01-09 12:48:13,9,38,0,0,47,data/cam5/cam5_20260109_054813.jpg
cam6,2026-01-09 12:48:14,45,11,2,1,59,data/cam6/cam6_20260109_054814.jpg
cam7,2026-01-09 12:48:15,25,1,3,1,30,data/cam7/cam7_20260109_054815.jpg
cam8,2026-01-09 12:48:15,50,13,0,2,65,data/cam8/cam8_20260109_054815.jpg
cam1,2026-01-09 12:53:10,27,21,2,0,50,data/cam1/cam1_20260109_055310.jpg
cam2,2026-01-09 12:53:11,34,11,1,0,46,data/cam2/cam2_20260109_055311.jpg
cam3,2026-01-09 12:53:12,17,4,1,0,22,data/cam3/cam3_20260109_055312.jpg
cam4,2026-01-09 12:53:12,38,9,2,0,49,data/cam4/cam4_20260109_055312.jpg
cam5,2026-01-09 12:53:13,31,15,8,2,56,data/cam5/cam5_20260109_055313.jpg
cam6,2026-01-09 12:53:14,37,8,3,0,48,data/cam6/cam6_20260109_055314.jpg
cam7,2026-01-09 12:53:15,18,3,0,1,22,data/cam7/cam7_20260109_055315.jpg
cam8,2026-01-09 12:53:15,33,16,0,0,49,data/cam8/cam8_20260109_055315.jpg
cam1,2026-01-09 12:58:10,27,18,2,2,49,data/cam1/cam1_20260109_055810.jpg
cam2,2026-01-09 12:58:11,6,2,2,0,10,data/cam2/cam2_20260109_055811.jpg
cam3,2026-01-09 12:58:12,26,9,2,1,38,data/cam3/cam3_20260109_055812.jpg
cam4,2026-01-09 12:58:12,35,10,8,2,55,data/cam4/cam4_20260109_055812.jpg
cam5,2026-01-09 12:58:13,14,26,2,2,44,data/cam5/cam5_20260109_055813.jpg
cam6,2026-01-09 12:58:14,30,10,8,0,48,data/cam6/cam6_20260109_055814.jpg
cam7,2026-01-09 12:58:15,35,0,0,2,37,data/cam7/cam7_20260109_055815.jpg
cam8,2026-01-09 12:58:16,29,19,4,0,52,data/cam8/cam8_20260109_055816.jpg
cam1,2026-01-09 13:03:10,44,18,2,1,65,data/cam1/cam1_20260109_060310.jpg
cam2,2026-01-09 13:03:11,16,5,1,0,22,data/cam2/cam2_20260109_060311.jpg
cam3,2026-01-09 13:03:12,23,7,2,0,32,data/cam3/cam3_20260109_060312.jpg
cam4,2026-01-09 13:03:12,34,7,0,0,41,data/cam4/cam4_20260109_060312.jpg
cam5,2026-01-09 13:03:13,38,10,7,3,58,data/cam5/cam5_20260109_060313.jpg
cam6,2026-01-09 13:03:14,26,7,6,1,40,data/cam6/cam6_20260109_060314.jpg
cam7,2026-01-09 13:03:15,26,4,0,0,30,data/cam7/cam7_20260109_060315.jpg
cam8,2026-01-09 13:03:16,35,21,1,0,57,data/cam8/cam8_20260109_060316.jpg
cam1,2026-01-09 13:08:10,27,23,1,0,51,data/cam1/cam1_20260109_060810.jpg
cam2,2026-01-09 13:08:11,14,7,0,0,21,data/cam2/cam2_20260109_060811.jpg
cam3,2026-01-09 13:08:12,15,4,1,0,20,data/cam3/cam3_20260109_060812.jpg
cam4,2026-01-09 13:08:12,32,9,1,1,43,data/cam4/cam4_20260109_060812.jpg
cam5,2026-01-09 13:08:13,26,17,2,2,47,data/cam5/cam5_20260109_060813.jpg
cam6,2026-01-09 13:08:14,56,7,2,0,65,data/cam6/cam6_20260109_060814.jpg
cam7,2026-01-09 13:08:15,49,5,2,0,56,data/cam7/cam7_20260109_060815.jpg
cam8,2026-01-09 13:08:15,35,15,1,3,54,data/cam8/cam8_20260109_060815.jpg
cam1,2026-01-09 13:13:10,19,15,1,4,39,data/cam1/cam1_20260109_061310.jpg
cam2,2026-01-09 13:13:11,9,4,0,0,13,data/cam2/cam2_20260109_061311.jpg
cam3,2026-01-09 13:13:12,15,4,2,0,21,data/cam3/cam3_20260109_061312.jpg
cam4,2026-01-09 13:13:12,34,16,2,1,53,data/cam4/cam4_20260109_061312.jpg
cam5,2026-01-09 13:13:13,6,22,2,1,31,data/cam5/cam5_20260109_061313.jpg
cam6,2026-01-09 13:13:14,41,7,2,1,51,data/cam6/cam6_20260109_061314.jpg
cam7,2026-01-09 13:13:15,22,2,0,0,24,data/cam7/cam7_20260109_061315.jpg
cam8,2026-01-09 13:13:15,39,16,1,4,60,data/cam8/cam8_20260109_061315.jpg
cam1,2026-01-09 13:18:10,29,22,1,1,53,data/cam1/cam1_20260109_061810.jpg
cam2,2026-01-09 13:18:11,24,3,1,0,28,data/cam2/cam2_20260109_061811.jpg
cam3,2026-01-09 13:18:12,17,1,4,2,24,data/cam3/cam3_20260109_061812.jpg
cam4,2026-01-09 13:18:12,29,5,2,0,36,data/cam4/cam4_20260109_061812.jpg
cam5,2026-01-09 13:18:13,18,20,2,1,41,data/cam5/cam5_20260109_061813.jpg
cam6,2026-01-09 13:18:14,44,8,8,0,60,data/cam6/cam6_20260109_061814.jpg
cam7,2026-01-09 13:18:15,35,4,1,1,41,data/cam7/cam7_20260109_061815.jpg
cam8,2026-01-09 13:18:16,39,28,1,3,71,data/cam8/cam8_20260109_061816.jpg
cam1,2026-01-09 13:23:10,22,25,3,1,51,data/cam1/cam1_20260109_062310.jpg
cam2,2026-01-09 13:23:11,22,8,1,0,31,data/cam2/cam2_20260109_062311.jpg
cam3,2026-01-09 13:23:12,19,11,2,0,32,data/cam3/cam3_20260109_062312.jpg
cam4,2026-01-09 13:23:12,34,12,2,0,48,data/cam4/cam4_20260109_062312.jpg
cam5,2026-01-09 13:23:13,21,19,5,4,49,data/cam5/cam5_20260109_062313.jpg
cam6,2026-01-09 13:23:14,17,14,2,0,33,data/cam6/cam6_20260109_062314.jpg
cam7,2026-01-09 13:23:15,23,4,0,0,27,data/cam7/cam7_20260109_062315.jpg
cam8,2026-01-09 13:23:16,27,16,3,7,53,data/cam8/cam8_20260109_062316.jpg
cam1,2026-01-09 13:28:10,24,21,0,0,45,data/cam1/cam1_20260109_062810.jpg
cam2,2026-01-09 13:28:11,42,13,3,0,58,data/cam2/cam2_20260109_062811.jpg
cam3,2026-01-09 13:28:12,21,4,2,0,27,data/cam3/cam3_20260109_062812.jpg
cam4,2026-01-09 13:28:12,35,16,5,0,56,data/cam4/cam4_20260109_062812.jpg
cam5,2026-01-09 13:28:13,20,19,8,1,48,data/cam5/cam5_20260109_062813.jpg
cam6,2026-01-09 13:28:14,47,4,5,0,56,data/cam6/cam6_20260109_062814.jpg
cam7,2026-01-09 13:28:15,37,2,0,1,40,data/cam7/cam7_20260109_062815.jpg
cam8,2026-01-09 13:28:16,27,17,1,1,46,data/cam8/cam8_20260109_062816.jpg
cam1,2026-01-09 13:33:10,39,18,7,2,66,data/cam1/cam1_20260109_063310.jpg
cam2,2026-01-09 13:33:11,10,6,2,0,18,data/cam2/cam2_20260109_063311.jpg
cam3,2026-01-09 13:33:12,22,9,1,0,32,data/cam3/cam3_20260109_063312.jpg
cam4,2026-01-09 13:33:13,26,13,0,0,39,data/cam4/cam4_20260109_063313.jpg
cam5,2026-01-09 13:33:14,12,13,6,3,34,data/cam5/cam5_20260109_063314.jpg
cam6,2026-01-09 13:33:16,13,6,4,1,24,data/cam6/cam6_20260109_063316.jpg
cam7,2026-01-09 13:33:16,24,4,3,0,31,data/cam7/cam7_20260109_063316.jpg
cam8,2026-01-09 13:33:17,38,16,4,3,61,data/cam8/cam8_20260109_063317.jpg
cam1,2026-01-09 13:38:10,33,26,3,1,63,data/cam1/cam1_20260109_063810.jpg
cam2,2026-01-09 13:38:11,6,7,0,0,13,data/cam2/cam2_20260109_063811.jpg
cam3,2026-01-09 13:38:12,19,11,3,0,33,data/cam3/cam3_20260109_063812.jpg
cam4,2026-01-09 13:38:12,50,7,1,0,58,data/cam4/cam4_20260109_063812.jpg
cam5,2026-01-09 13:38:13,38,18,1,1,58,data/cam5/cam5_20260109_063813.jpg
cam6,2026-01-09 13:38:14,41,5,3,5,54,data/cam6/cam6_20260109_063814.jpg
cam7,2026-01-09 13:38:15,32,2,0,0,34,data/cam7/cam7_20260109_063815.jpg
cam8,2026-01-09 13:38:15,25,30,1,5,61,data/cam8/cam8_20260109_063815.jpg
cam1,2026-01-09 13:43:10,20,14,3,2,39,data/cam1/cam1_20260109_064310.jpg
cam2,2026-01-09 13:43:11,11,6,1,1,19,data/cam2/cam2_20260109_064311.jpg
cam3,2026-01-09 13:43:12,17,4,1,0,22,data/cam3/cam3_20260109_064312.jpg
cam4,2026-01-09 13:43:13,33,14,2,0,49,data/cam4/cam4_20260109_064313.jpg
cam5,2026-01-09 13:43:14,12,27,5,2,46,data/cam5/cam5_20260109_064314.jpg
cam6,2026-01-09 13:43:14,33,3,5,0,41,data/cam6/cam6_20260109_064314.jpg
cam7,2026-01-09 13:43:15,34,6,2,0,42,data/cam7/cam7_20260109_064315.jpg
cam8,2026-01-09 13:43:16,21,13,1,2,37,data/cam8/cam8_20260109_064316.jpg
cam1,2026-01-09 13:48:10,54,25,1,1,81,data/cam1/cam1_20260109_064810.jpg
cam2,2026-01-09 13:48:12,17,8,1,0,26,data/cam2/cam2_20260109_064812.jpg
cam3,2026-01-09 13:48:13,25,2,1,1,29,data/cam3/cam3_20260109_064813.jpg
cam4,2026-01-09 13:48:15,41,14,4,1,60,data/cam4/cam4_20260109_064815.jpg
cam5,2026-01-09 13:48:16,37,23,5,1,66,data/cam5/cam5_20260109_064816.jpg
cam6,2026-01-09 13:48:17,29,7,9,1,46,data/cam6/cam6_20260109_064817.jpg
cam7,2026-01-09 13:48:18,37,7,2,0,46,data/cam7/cam7_20260109_064818.jpg
cam8,2026-01-09 13:48:21,29,17,4,3,53,data/cam8/cam8_20260109_064821.jpg
cam1,2026-01-09 13:53:10,25,17,2,0,44,data/cam1/cam1_20260109_065310.jpg
cam2,2026-01-09 13:53:11,27,7,2,0,36,data/cam2/cam2_20260109_065311.jpg
cam3,2026-01-09 13:53:11,21,7,1,0,29,data/cam3/cam3_20260109_065311.jpg
cam4,2026-01-09 13:53:12,48,5,4,0,57,data/cam4/cam4_20260109_065312.jpg
cam5,2026-01-09 13:53:13,13,23,4,1,41,data/cam5/cam5_20260109_065313.jpg
cam6,2026-01-09 13:53:14,22,6,1,0,29,data/cam6/cam6_20260109_065314.jpg
cam7,2026-01-09 13:53:14,44,7,1,0,52,data/cam7/cam7_20260109_065314.jpg
cam8,2026-01-09 13:53:15,35,17,0,1,53,data/cam8/cam8_20260109_065315.jpg
cam1,2026-01-09 13:58:10,44,18,1,1,64,data/cam1/cam1_20260109_065810.jpg
cam2,2026-01-09 13:58:11,31,10,0,0,41,data/cam2/cam2_20260109_065811.jpg
cam3,2026-01-09 13:58:13,24,8,1,0,33,data/cam3/cam3_20260109_065813.jpg
cam4,2026-01-09 13:58:14,39,19,1,0,59,data/cam4/cam4_20260109_065814.jpg
cam5,2026-01-09 13:58:15,6,27,2,0,35,data/cam5/cam5_20260109_065815.jpg
cam6,2026-01-09 13:58:15,47,6,3,1,57,data/cam6/cam6_20260109_065815.jpg
cam7,2026-01-09 13:58:16,25,8,1,1,35,data/cam7/cam7_20260109_065816.jpg
cam8,2026-01-09 13:58:17,33,16,2,4,55,data/cam8/cam8_20260109_065817.jpg
cam1,2026-01-09 14:03:10,37,19,2,3,61,data/cam1/cam1_20260109_070310.jpg
cam2,2026-01-09 14:03:11,29,5,3,0,37,data/cam2/cam2_20260109_070311.jpg
cam3,2026-01-09 14:03:12,28,10,1,1,40,data/cam3/cam3_20260109_070312.jpg
cam4,2026-01-09 14:03:13,24,5,5,1,35,data/cam4/cam4_20260109_070313.jpg
cam5,2026-01-09 14:03:14,30,29,1,1,61,data/cam5/cam5_20260109_070314.jpg
cam6,2026-01-09 14:03:15,44,7,5,2,58,data/cam6/cam6_20260109_070315.jpg
cam7,2026-01-09 14:03:16,26,12,2,2,42,data/cam7/cam7_20260109_070316.jpg
cam8,2026-01-09 14:03:17,15,18,3,2,38,data/cam8/cam8_20260109_070317.jpg
cam1,2026-01-09 14:08:10,30,21,2,0,53,data/cam1/cam1_20260109_070810.jpg
cam2,2026-01-09 14:08:11,8,7,2,0,17,data/cam2/cam2_20260109_070811.jpg
cam3,2026-01-09 14:08:12,15,5,1,0,21,data/cam3/cam3_20260109_070812.jpg
cam4,2026-01-09 14:08:13,36,8,2,0,46,data/cam4/cam4_20260109_070813.jpg
cam5,2026-01-09 14:08:15,20,22,6,3,51,data/cam5/cam5_20260109_070815.jpg
cam6,2026-01-09 14:08:16,23,9,4,0,36,data/cam6/cam6_20260109_070816.jpg
cam7,2026-01-09 14:08:17,29,5,0,0,34,data/cam7/cam7_20260109_070817.jpg
cam8,2026-01-09 14:08:18,48,14,1,3,66,data/cam8/cam8_20260109_070818.jpg
cam1,2026-01-09 14:13:10,35,18,5,2,60,data/cam1/cam1_20260109_071310.jpg
cam2,2026-01-09 14:13:11,9,7,0,0,16,data/cam2/cam2_20260109_071311.jpg
cam3,2026-01-09 14:13:12,27,7,4,1,39,data/cam3/cam3_20260109_071312.jpg
cam4,2026-01-09 14:13:13,44,10,5,0,59,data/cam4/cam4_20260109_071313.jpg
cam5,2026-01-09 14:13:14,14,26,8,2,50,data/cam5/cam5_20260109_071314.jpg
cam6,2026-01-09 14:13:15,24,5,1,1,31,data/cam6/cam6_20260109_071315.jpg
cam7,2026-01-09 14:13:16,22,2,3,1,28,data/cam7/cam7_20260109_071316.jpg
cam8,2026-01-09 14:13:17,35,16,2,4,57,data/cam8/cam8_20260109_071317.jpg
cam1,2026-01-09 14:18:10,20,24,3,1,48,data/cam1/cam1_20260109_071810.jpg
cam2,2026-01-09 14:18:11,8,14,1,0,23,data/cam2/cam2_20260109_071811.jpg
cam3,2026-01-09 14:18:12,22,8,8,0,38,data/cam3/cam3_20260109_071812.jpg
cam4,2026-01-09 14:18:12,21,8,0,2,31,data/cam4/cam4_20260109_071812.jpg
cam5,2026-01-09 14:18:13,5,24,6,3,38,data/cam5/cam5_20260109_071813.jpg
cam6,2026-01-09 14:18:14,67,5,1,1,74,data/cam6/cam6_20260109_071814.jpg
cam7,2026-01-09 14:18:15,44,8,2,1,55,data/cam7/cam7_20260109_071815.jpg
cam8,2026-01-09 14:18:16,29,28,0,2,59,data/cam8/cam8_20260109_071816.jpg
cam1,2026-01-09 14:23:10,33,15,4,8,60,data/cam1/cam1_20260109_072310.jpg
cam2,2026-01-09 14:23:11,27,3,1,0,31,data/cam2/cam2_20260109_072311.jpg
cam3,2026-01-09 14:23:12,25,9,2,0,36,data/cam3/cam3_20260109_072312.jpg
cam4,2026-01-09 14:23:13,35,7,5,0,47,data/cam4/cam4_20260109_072313.jpg
cam5,2026-01-09 14:23:14,40,15,5,0,60,data/cam5/cam5_20260109_072314.jpg
cam6,2026-01-09 14:23:15,25,9,4,0,38,data/cam6/cam6_20260109_072315.jpg
cam7,2026-01-09 14:23:16,40,3,1,3,47,data/cam7/cam7_20260109_072316.jpg
cam8,2026-01-09 14:23:17,48,34,2,0,84,data/cam8/cam8_20260109_072317.jpg
cam1,2026-01-09 14:28:10,26,23,1,1,51,data/cam1/cam1_20260109_072810.jpg
cam2,2026-01-09 14:28:11,17,5,2,0,24,data/cam2/cam2_20260109_072811.jpg
cam3,2026-01-09 14:28:12,22,3,1,0,26,data/cam3/cam3_20260109_072812.jpg
cam4,2026-01-09 14:28:13,35,14,1,2,52,data/cam4/cam4_20260109_072813.jpg
cam5,2026-01-09 14:28:14,10,28,6,4,48,data/cam5/cam5_20260109_072814.jpg
cam6,2026-01-09 14:28:15,24,11,3,0,38,data/cam6/cam6_20260109_072815.jpg
cam7,2026-01-09 14:28:17,31,2,4,2,39,data/cam7/cam7_20260109_072817.jpg
cam8,2026-01-09 14:28:21,30,18,1,6,55,data/cam8/cam8_20260109_072821.jpg
cam1,2026-01-09 14:33:10,33,22,4,2,61,data/cam1/cam1_20260109_073310.jpg
cam2,2026-01-09 14:33:11,29,9,0,0,38,data/cam2/cam2_20260109_073311.jpg
cam3,2026-01-09 14:33:12,25,4,1,0,30,data/cam3/cam3_20260109_073312.jpg
cam4,2026-01-09 14:33:13,34,10,2,1,47,data/cam4/cam4_20260109_073313.jpg
cam5,2026-01-09 14:33:14,19,26,11,2,58,data/cam5/cam5_20260109_073314.jpg
cam6,2026-01-09 14:33:15,31,11,4,0,46,data/cam6/cam6_20260109_073315.jpg
cam7,2026-01-09 14:33:16,30,6,6,1,43,data/cam7/cam7_20260109_073316.jpg
cam8,2026-01-09 14:33:16,28,21,0,1,50,data/cam8/cam8_20260109_073316.jpg
cam1,2026-01-09 14:38:10,28,17,2,0,47,data/cam1/cam1_20260109_073810.jpg
cam2,2026-01-09 14:38:11,17,7,1,0,25,data/cam2/cam2_20260109_073811.jpg
cam3,2026-01-09 14:38:12,21,9,2,0,32,data/cam3/cam3_20260109_073812.jpg
cam4,2026-01-09 14:38:12,46,13,0,1,60,data/cam4/cam4_20260109_073812.jpg
cam5,2026-01-09 14:38:13,15,16,3,1,35,data/cam5/cam5_20260109_073813.jpg
cam6,2026-01-09 14:38:14,53,3,3,0,59,data/cam6/cam6_20260109_073814.jpg
cam7,2026-01-09 14:38:15,29,11,9,1,50,data/cam7/cam7_20260109_073815.jpg
cam8,2026-01-09 14:38:16,40,19,0,4,63,data/cam8/cam8_20260109_073816.jpg
cam1,2026-01-09 14:43:10,29,10,2,3,44,data/cam1/cam1_20260109_074310.jpg
cam2,2026-01-09 14:43:11,14,3,0,0,17,data/cam2/cam2_20260109_074311.jpg
cam3,2026-01-09 14:43:12,29,7,1,0,37,data/cam3/cam3_20260109_074312.jpg
cam4,2026-01-09 14:43:13,37,17,4,1,59,data/cam4/cam4_20260109_074313.jpg
cam5,2026-01-09 14:43:14,28,20,1,1,50,data/cam5/cam5_20260109_074314.jpg
cam6,2026-01-09 14:43:15,44,14,1,2,61,data/cam6/cam6_20260109_074315.jpg
cam7,2026-01-09 14:43:16,31,7,1,0,39,data/cam7/cam7_20260109_074316.jpg
cam8,2026-01-09 14:43:17,30,17,3,0,50,data/cam8/cam8_20260109_074317.jpg
cam1,2026-01-09 14:48:10,24,18,2,2,46,data/cam1/cam1_20260109_074810.jpg
cam2,2026-01-09 14:48:11,22,9,1,2,34,data/cam2/cam2_20260109_074811.jpg
cam3,2026-01-09 14:48:11,19,7,1,0,27,data/cam3/cam3_20260109_074811.jpg
cam4,2026-01-09 14:48:12,29,12,4,1,46,data/cam4/cam4_20260109_074812.jpg
cam5,2026-01-09 14:48:13,22,25,3,1,51,data/cam5/cam5_20260109_074813.jpg
cam6,2026-01-09 14:48:14,25,11,5,1,42,data/cam6/cam6_20260109_074814.jpg
cam7,2026-01-09 14:48:15,34,7,3,0,44,data/cam7/cam7_20260109_074815.jpg
cam8,2026-01-09 14:48:16,49,16,4,4,73,data/cam8/cam8_20260109_074816.jpg
cam1,2026-01-09 15:24:44,33,30,4,3,70,data/cam1/cam1_20260109_082444.jpg
cam2,2026-01-09 15:24:45,22,11,0,1,34,data/cam2/cam2_20260109_082445.jpg
cam3,2026-01-09 15:24:46,24,6,3,1,34,data/cam3/cam3_20260109_082446.jpg
cam4,2026-01-09 15:24:46,35,9,0,2,46,data/cam4/cam4_20260109_082446.jpg
cam5,2026-01-09 15:24:47,25,28,4,0,57,data/cam5/cam5_20260109_082447.jpg
cam6,2026-01-09 15:24:48,62,4,2,2,70,data/cam6/cam6_20260109_082448.jpg
cam7,2026-01-09 15:24:49,28,8,1,2,39,data/cam7/cam7_20260109_082449.jpg
cam8,2026-01-09 15:24:49,22,10,1,4,37,data/cam8/cam8_20260109_082449.jpg
cam1,2026-01-09 15:29:44,34,16,0,2,52,data/cam1/cam1_20260109_082944.jpg
cam2,2026-01-09 15:29:45,41,6,0,1,48,data/cam2/cam2_20260109_082945.jpg
cam3,2026-01-09 15:29:46,16,4,2,1,23,data/cam3/cam3_20260109_082946.jpg
cam4,2026-01-09 15:29:47,56,16,1,1,74,data/cam4/cam4_20260109_082947.jpg
cam5,2026-01-09 15:29:48,22,26,3,2,53,data/cam5/cam5_20260109_082948.jpg
cam6,2026-01-09 15:29:48,33,10,2,3,48,data/cam6/cam6_20260109_082948.jpg
cam7,2026-01-09 15:29:49,35,17,4,2,58,data/cam7/cam7_20260109_082949.jpg
cam8,2026-01-09 15:29:50,36,15,3,0,54,data/cam8/cam8_20260109_082950.jpg
cam1,2026-01-09 15:34:44,32,23,3,1,59,data/cam1/cam1_20260109_083444.jpg
cam2,2026-01-09 15:34:45,18,6,0,0,24,data/cam2/cam2_20260109_083445.jpg
cam3,2026-01-09 15:34:46,25,7,1,0,33,data/cam3/cam3_20260109_083446.jpg
cam4,2026-01-09 15:34:47,46,8,0,0,54,data/cam4/cam4_20260109_083447.jpg
cam5,2026-01-09 15:34:48,5,31,2,1,39,data/cam5/cam5_20260109_083448.jpg
cam6,2026-01-09 15:34:48,44,11,0,0,55,data/cam6/cam6_20260109_083448.jpg
cam7,2026-01-09 15:34:49,18,5,6,3,32,data/cam7/cam7_20260109_083449.jpg
cam8,2026-01-09 15:34:50,27,16,1,0,44,data/cam8/cam8_20260109_083450.jpg
cam1,2026-01-09 15:39:44,63,25,1,2,91,data/cam1/cam1_20260109_083944.jpg
cam2,2026-01-09 15:39:45,26,5,0,0,31,data/cam2/cam2_20260109_083945.jpg
cam3,2026-01-09 15:39:46,30,5,1,0,36,data/cam3/cam3_20260109_083946.jpg
cam4,2026-01-09 15:39:47,35,10,1,0,46,data/cam4/cam4_20260109_083947.jpg
cam5,2026-01-09 15:39:48,19,24,3,5,51,data/cam5/cam5_20260109_083948.jpg
cam6,2026-01-09 15:39:49,79,6,1,0,86,data/cam6/cam6_20260109_083949.jpg
cam7,2026-01-09 15:39:49,43,13,2,2,60,data/cam7/cam7_20260109_083949.jpg
cam8,2026-01-09 15:39:50,14,23,1,2,40,data/cam8/cam8_20260109_083950.jpg
cam1,2026-01-09 15:44:44,36,33,0,2,71,data/cam1/cam1_20260109_084444.jpg
cam2,2026-01-09 15:44:45,14,4,1,0,19,data/cam2/cam2_20260109_084445.jpg
cam3,2026-01-09 15:44:46,25,6,3,1,35,data/cam3/cam3_20260109_084446.jpg
cam4,2026-01-09 15:44:47,41,10,1,1,53,data/cam4/cam4_20260109_084447.jpg
cam5,2026-01-09 15:44:48,32,33,1,1,67,data/cam5/cam5_20260109_084448.jpg
cam6,2026-01-09 15:44:49,28,7,2,4,41,data/cam6/cam6_20260109_084449.jpg
cam7,2026-01-09 15:44:49,25,16,4,2,47,data/cam7/cam7_20260109_084449.jpg
cam8,2026-01-09 15:44:50,32,16,0,1,49,data/cam8/cam8_20260109_084450.jpg
cam1,2026-01-09 15:49:44,40,17,0,1,58,data/cam1/cam1_20260109_084944.jpg
cam2,2026-01-09 15:49:45,24,9,1,0,34,data/cam2/cam2_20260109_084945.jpg
cam3,2026-01-09 15:49:46,29,8,1,1,39,data/cam3/cam3_20260109_084946.jpg
cam4,2026-01-09 15:49:47,31,16,1,1,49,data/cam4/cam4_20260109_084947.jpg
cam5,2026-01-09 15:49:48,16,24,4,3,47,data/cam5/cam5_20260109_084948.jpg
cam6,2026-01-09 15:49:49,23,10,0,2,35,data/cam6/cam6_20260109_084949.jpg
cam7,2026-01-09 15:49:50,28,17,4,0,49,data/cam7/cam7_20260109_084950.jpg
cam8,2026-01-09 15:49:50,36,21,0,4,61,data/cam8/cam8_20260109_084950.jpg
cam1,2026-01-09 15:54:44,22,25,0,0,47,data/cam1/cam1_20260109_085444.jpg
cam2,2026-01-09 15:54:45,28,11,0,1,40,data/cam2/cam2_20260109_085445.jpg
cam3,2026-01-09 15:54:46,35,11,2,0,48,data/cam3/cam3_20260109_085446.jpg
cam4,2026-01-09 15:54:47,36,8,0,1,45,data/cam4/cam4_20260109_085447.jpg
cam5,2026-01-09 15:54:48,12,20,3,5,40,data/cam5/cam5_20260109_085448.jpg
cam6,2026-01-09 15:54:49,27,10,0,2,39,data/cam6/cam6_20260109_085449.jpg
cam7,2026-01-09 15:54:50,48,12,1,0,61,data/cam7/cam7_20260109_085450.jpg
cam8,2026-01-09 15:54:51,49,20,0,2,71,data/cam8/cam8_20260109_085451.jpg
cam1,2026-01-09 15:59:44,24,36,0,1,61,data/cam1/cam1_20260109_085944.jpg
cam2,2026-01-09 15:59:45,27,9,0,0,36,data/cam2/cam2_20260109_085945.jpg
cam3,2026-01-09 15:59:46,28,10,2,1,41,data/cam3/cam3_20260109_085946.jpg
cam4,2026-01-09 15:59:47,33,18,0,1,52,data/cam4/cam4_20260109_085947.jpg
cam5,2026-01-09 15:59:48,25,22,2,2,51,data/cam5/cam5_20260109_085948.jpg
cam6,2026-01-09 15:59:49,53,3,1,0,57,data/cam6/cam6_20260109_085949.jpg
cam7,2026-01-09 15:59:50,44,10,0,3,57,data/cam7/cam7_20260109_085950.jpg
cam8,2026-01-09 15:59:51,43,18,0,3,64,data/cam8/cam8_20260109_085951.jpg
cam1,2026-01-09 16:04:44,41,22,1,3,67,data/cam1/cam1_20260109_090444.jpg
cam2,2026-01-09 16:04:52,30,5,0,0,35,data/cam2/cam2_20260109_090452.jpg
cam3,2026-01-09 16:04:52,19,8,2,3,32,data/cam3/cam3_20260109_090452.jpg
cam4,2026-01-09 16:04:53,36,9,0,0,45,data/cam4/cam4_20260109_090453.jpg
cam5,2026-01-09 16:04:54,23,37,1,4,65,data/cam5/cam5_20260109_090454.jpg
cam6,2026-01-09 16:04:55,44,7,0,1,52,data/cam6/cam6_20260109_090455.jpg
cam7,2026-01-09 16:04:56,42,4,0,1,47,data/cam7/cam7_20260109_090456.jpg
cam8,2026-01-09 16:04:57,40,18,0,1,59,data/cam8/cam8_20260109_090457.jpg
cam1,2026-01-09 16:09:44,33,22,1,0,56,data/cam1/cam1_20260109_090944.jpg
cam2,2026-01-09 16:09:45,46,1,0,0,47,data/cam2/cam2_20260109_090945.jpg
cam3,2026-01-09 16:09:46,43,12,1,0,56,data/cam3/cam3_20260109_090946.jpg
cam4,2026-01-09 16:09:47,58,12,1,0,71,data/cam4/cam4_20260109_090947.jpg
cam5,2026-01-09 16:09:48,40,50,1,1,92,data/cam5/cam5_20260109_090948.jpg
cam6,2026-01-09 16:09:49,26,12,0,3,41,data/cam6/cam6_20260109_090949.jpg
cam7,2026-01-09 16:09:50,33,8,1,1,43,data/cam7/cam7_20260109_090950.jpg
cam8,2026-01-09 16:09:51,53,14,0,1,68,data/cam8/cam8_20260109_090951.jpg
cam1,2026-01-09 16:14:44,47,21,2,2,72,data/cam1/cam1_20260109_091444.jpg
cam2,2026-01-09 16:14:45,26,3,0,0,29,data/cam2/cam2_20260109_091445.jpg
cam3,2026-01-09 16:14:46,39,7,1,1,48,data/cam3/cam3_20260109_091446.jpg
cam4,2026-01-09 16:14:47,55,16,0,1,72,data/cam4/cam4_20260109_091447.jpg
cam5,2026-01-09 16:14:48,22,30,2,5,59,data/cam5/cam5_20260109_091448.jpg
cam6,2026-01-09 16:14:49,44,7,0,1,52,data/cam6/cam6_20260109_091449.jpg
cam7,2026-01-09 16:14:50,36,7,0,2,45,data/cam7/cam7_20260109_091450.jpg
cam8,2026-01-09 16:14:51,44,18,1,3,66,data/cam8/cam8_20260109_091451.jpg
cam1,2026-01-09 16:19:44,48,31,1,2,82,data/cam1/cam1_20260109_091944.jpg
cam2,2026-01-09 16:19:45,17,5,0,0,22,data/cam2/cam2_20260109_091945.jpg
cam3,2026-01-09 16:19:46,34,10,1,1,46,data/cam3/cam3_20260109_091946.jpg
cam4,2026-01-09 16:19:47,55,10,0,0,65,data/cam4/cam4_20260109_091947.jpg
cam5,2026-01-09 16:19:48,53,14,0,3,70,data/cam5/cam5_20260109_091948.jpg
cam6,2026-01-09 16:19:49,39,6,0,0,45,data/cam6/cam6_20260109_091949.jpg
cam7,2026-01-09 16:19:49,59,12,0,1,72,data/cam7/cam7_20260109_091949.jpg
cam8,2026-01-09 16:19:50,56,10,1,2,69,data/cam8/cam8_20260109_091950.jpg
cam1,2026-01-09 16:24:44,44,23,1,1,69,data/cam1/cam1_20260109_092444.jpg
cam2,2026-01-09 16:24:45,35,7,0,1,43,data/cam2/cam2_20260109_092445.jpg
cam3,2026-01-09 16:24:46,31,8,1,2,42,data/cam3/cam3_20260109_092446.jpg
cam4,2026-01-09 16:24:47,55,11,0,0,66,data/cam4/cam4_20260109_092447.jpg
cam5,2026-01-09 16:24:48,45,28,1,2,76,data/cam5/cam5_20260109_092448.jpg
cam6,2026-01-09 16:24:50,44,13,1,0,58,data/cam6/cam6_20260109_092450.jpg
cam7,2026-01-09 16:24:51,42,13,0,1,56,data/cam7/cam7_20260109_092451.jpg
cam8,2026-01-09 16:24:52,22,18,0,1,41,data/cam8/cam8_20260109_092452.jpg
cam1,2026-01-09 16:29:44,68,23,0,8,99,data/cam1/cam1_20260109_092944.jpg
cam2,2026-01-09 16:29:45,15,5,0,1,21,data/cam2/cam2_20260109_092945.jpg
cam3,2026-01-09 16:29:46,41,10,1,1,53,data/cam3/cam3_20260109_092946.jpg
cam4,2026-01-09 16:29:47,63,15,1,0,79,data/cam4/cam4_20260109_092947.jpg
cam5,2026-01-09 16:29:48,30,25,0,2,57,data/cam5/cam5_20260109_092948.jpg
cam6,2026-01-09 16:29:49,31,7,0,0,38,data/cam6/cam6_20260109_092949.jpg
cam7,2026-01-09 16:29:49,24,8,0,0,32,data/cam7/cam7_20260109_092949.jpg
cam8,2026-01-09 16:29:50,35,18,0,1,54,data/cam8/cam8_20260109_092950.jpg
cam1,2026-01-09 16:34:44,45,28,1,0,74,data/cam1/cam1_20260109_093444.jpg
cam2,2026-01-09 16:34:45,19,7,0,0,26,data/cam2/cam2_20260109_093445.jpg
cam3,2026-01-09 16:34:46,37,9,1,1,48,data/cam3/cam3_20260109_093446.jpg
cam4,2026-01-09 16:34:47,74,6,0,1,81,data/cam4/cam4_20260109_093447.jpg
cam5,2026-01-09 16:34:48,46,26,0,0,72,data/cam5/cam5_20260109_093448.jpg
cam6,2026-01-09 16:35:00,49,7,0,0,56,data/cam6/cam6_20260109_093500.jpg
cam7,2026-01-09 16:35:09,23,15,1,1,40,data/cam7/cam7_20260109_093509.jpg
cam8,2026-01-09 16:35:10,46,19,1,1,67,data/cam8/cam8_20260109_093510.jpg
cam1,2026-01-09 16:39:44,42,16,1,4,63,data/cam1/cam1_20260109_093944.jpg
cam2,2026-01-09 16:39:45,31,11,0,1,43,data/cam2/cam2_20260109_093945.jpg
cam3,2026-01-09 16:39:46,47,9,3,0,59,data/cam3/cam3_20260109_093946.jpg
cam4,2026-01-09 16:39:47,66,12,0,0,78,data/cam4/cam4_20260109_093947.jpg
cam5,2026-01-09 16:39:52,52,34,0,3,89,data/cam5/cam5_20260109_093952.jpg
cam6,2026-01-09 16:39:53,108,8,1,0,117,data/cam6/cam6_20260109_093953.jpg
cam7,2026-01-09 16:39:55,42,2,0,1,45,data/cam7/cam7_20260109_093955.jpg
cam8,2026-01-09 16:39:56,42,27,0,1,70,data/cam8/cam8_20260109_093956.jpg
cam1,2026-01-09 16:44:44,41,32,1,4,78,data/cam1/cam1_20260109_094444.jpg
cam2,2026-01-09 16:44:45,30,4,0,0,34,data/cam2/cam2_20260109_094445.jpg
cam3,2026-01-09 16:44:46,40,8,2,0,50,data/cam3/cam3_20260109_094446.jpg
cam4,2026-01-09 16:44:47,65,16,0,0,81,data/cam4/cam4_20260109_094447.jpg
cam5,2026-01-09 16:44:48,50,25,2,4,81,data/cam5/cam5_20260109_094448.jpg
cam6,2026-01-09 16:44:49,95,9,0,3,107,data/cam6/cam6_20260109_094449.jpg
cam7,2026-01-09 16:44:50,36,3,0,0,39,data/cam7/cam7_20260109_094450.jpg
cam8,2026-01-09 16:44:50,50,10,0,2,62,data/cam8/cam8_20260109_094450.jpg
cam1,2026-01-09 16:49:44,84,32,1,4,121,data/cam1/cam1_20260109_094944.jpg
cam2,2026-01-09 16:49:46,36,5,0,0,41,data/cam2/cam2_20260109_094946.jpg
cam3,2026-01-09 16:49:48,29,10,1,0,40,data/cam3/cam3_20260109_094948.jpg
cam4,2026-01-09 16:49:50,53,10,0,1,64,data/cam4/cam4_20260109_094950.jpg
cam5,2026-01-09 16:49:51,35,27,0,0,62,data/cam5/cam5_20260109_094951.jpg
cam6,2026-01-09 16:49:52,45,13,0,0,58,data/cam6/cam6_20260109_094952.jpg
cam7,2026-01-09 16:49:53,40,10,0,0,50,data/cam7/cam7_20260109_094953.jpg
cam8,2026-01-09 16:49:54,52,17,0,1,70,data/cam8/cam8_20260109_094954.jpg
cam1,2026-01-09 16:54:44,52,25,0,4,81,data/cam1/cam1_20260109_095444.jpg
cam2,2026-01-09 16:54:45,45,19,0,0,64,data/cam2/cam2_20260109_095445.jpg
cam3,2026-01-09 16:54:46,51,9,1,0,61,data/cam3/cam3_20260109_095446.jpg
cam4,2026-01-09 16:54:47,53,16,0,1,70,data/cam4/cam4_20260109_095447.jpg
cam5,2026-01-09 16:54:48,58,29,0,2,89,data/cam5/cam5_20260109_095448.jpg
cam6,2026-01-09 16:54:49,38,9,1,2,50,data/cam6/cam6_20260109_095449.jpg
cam7,2026-01-09 16:54:49,27,13,0,0,40,data/cam7/cam7_20260109_095449.jpg
cam8,2026-01-09 16:54:50,55,17,0,2,74,data/cam8/cam8_20260109_095450.jpg
cam1,2026-01-09 16:59:44,40,27,1,1,69,data/cam1/cam1_20260109_095944.jpg
cam2,2026-01-09 16:59:46,49,7,1,0,57,data/cam2/cam2_20260109_095946.jpg
cam3,2026-01-09 16:59:48,43,4,1,0,48,data/cam3/cam3_20260109_095948.jpg
cam4,2026-01-09 16:59:49,64,19,0,0,83,data/cam4/cam4_20260109_095949.jpg
cam5,2026-01-09 16:59:50,35,29,1,0,65,data/cam5/cam5_20260109_095950.jpg
cam6,2026-01-09 16:59:51,44,8,0,1,53,data/cam6/cam6_20260109_095951.jpg
cam7,2026-01-09 16:59:51,46,8,0,1,55,data/cam7/cam7_20260109_095951.jpg
cam8,2026-01-09 16:59:52,54,13,0,2,69,data/cam8/cam8_20260109_095952.jpg
cam1,2026-01-09 17:04:44,36,17,1,1,55,data/cam1/cam1_20260109_100444.jpg
cam2,2026-01-09 17:04:45,40,1,0,0,41,data/cam2/cam2_20260109_100445.jpg
cam3,2026-01-09 17:04:46,46,8,1,0,55,data/cam3/cam3_20260109_100446.jpg
cam4,2026-01-09 17:04:47,40,17,0,1,58,data/cam4/cam4_20260109_100447.jpg
cam5,2026-01-09 17:04:48,51,41,0,0,92,data/cam5/cam5_20260109_100448.jpg
cam6,2026-01-09 17:04:58,42,7,1,1,51,data/cam6/cam6_20260109_100458.jpg
cam7,2026-01-09 17:04:59,49,7,0,0,56,data/cam7/cam7_20260109_100459.jpg
cam8,2026-01-09 17:04:59,65,15,0,3,83,data/cam8/cam8_20260109_100459.jpg
cam1,2026-01-09 17:09:44,47,28,0,2,77,data/cam1/cam1_20260109_100944.jpg
cam2,2026-01-09 17:09:46,48,12,1,0,61,data/cam2/cam2_20260109_100946.jpg
cam3,2026-01-09 17:09:46,53,7,1,0,61,data/cam3/cam3_20260109_100946.jpg
cam4,2026-01-09 17:09:47,55,13,0,0,68,data/cam4/cam4_20260109_100947.jpg
cam5,2026-01-09 17:09:48,25,24,1,4,54,data/cam5/cam5_20260109_100948.jpg
cam6,2026-01-09 17:09:49,86,2,1,0,89,data/cam6/cam6_20260109_100949.jpg
cam7,2026-01-09 17:09:49,40,7,0,0,47,data/cam7/cam7_20260109_100949.jpg
cam8,2026-01-09 17:09:50,48,26,1,1,76,data/cam8/cam8_20260109_100950.jpg
cam1,2026-01-09 17:14:44,86,26,0,1,113,data/cam1/cam1_20260109_101444.jpg
cam2,2026-01-09 17:14:49,50,11,1,1,63,data/cam2/cam2_20260109_101449.jpg
cam3,2026-01-09 17:14:49,51,5,1,1,58,data/cam3/cam3_20260109_101449.jpg
cam4,2026-01-09 17:14:50,71,14,0,0,85,data/cam4/cam4_20260109_101450.jpg
cam5,2026-01-09 17:14:51,44,24,1,4,73,data/cam5/cam5_20260109_101451.jpg
cam6,2026-01-09 17:14:58,102,7,0,0,109,data/cam6/cam6_20260109_101458.jpg
cam7,2026-01-09 17:15:02,36,4,0,0,40,data/cam7/cam7_20260109_101502.jpg
cam8,2026-01-09 17:15:05,64,16,0,4,84,data/cam8/cam8_20260109_101505.jpg
cam1,2026-01-09 17:19:44,45,34,2,7,88,data/cam1/cam1_20260109_101944.jpg
cam2,2026-01-09 17:19:45,46,14,0,0,60,data/cam2/cam2_20260109_101945.jpg
cam3,2026-01-09 17:19:46,40,6,1,0,47,data/cam3/cam3_20260109_101946.jpg
cam4,2026-01-09 17:19:47,57,15,0,2,74,data/cam4/cam4_20260109_101947.jpg
cam5,2026-01-09 17:19:48,45,51,1,4,101,data/cam5/cam5_20260109_101948.jpg
cam6,2026-01-09 17:19:57,58,5,0,1,64,data/cam6/cam6_20260109_101957.jpg
cam7,2026-01-09 17:19:58,28,8,1,2,39,data/cam7/cam7_20260109_101958.jpg
cam8,2026-01-09 17:19:59,36,19,0,0,55,data/cam8/cam8_20260109_101959.jpg
cam1,2026-01-09 17:24:44,61,42,0,2,105,data/cam1/cam1_20260109_102444.jpg
cam2,2026-01-09 17:24:46,50,5,0,0,55,data/cam2/cam2_20260109_102446.jpg
cam3,2026-01-09 17:24:47,47,6,1,0,54,data/cam3/cam3_20260109_102447.jpg
cam4,2026-01-09 17:24:48,76,7,0,1,84,data/cam4/cam4_20260109_102448.jpg
cam5,2026-01-09 17:24:52,45,32,0,0,77,data/cam5/cam5_20260109_102452.jpg
cam6,2026-01-09 17:24:53,64,4,0,0,68,data/cam6/cam6_20260109_102453.jpg
cam7,2026-01-09 17:24:55,37,12,1,2,52,data/cam7/cam7_20260109_102455.jpg
cam8,2026-01-09 17:24:56,63,16,0,4,83,data/cam8/cam8_20260109_102456.jpg
cam1,2026-01-09 17:29:44,103,39,0,2,144,data/cam1/cam1_20260109_102944.jpg
cam2,2026-01-09 17:29:46,32,9,0,1,42,data/cam2/cam2_20260109_102946.jpg
cam3,2026-01-09 17:29:47,32,5,2,1,40,data/cam3/cam3_20260109_102947.jpg
cam4,2026-01-09 17:29:48,63,10,1,0,74,data/cam4/cam4_20260109_102948.jpg
cam5,2026-01-09 17:29:49,52,26,1,2,81,data/cam5/cam5_20260109_102949.jpg
cam6,2026-01-09 17:29:50,62,10,1,0,73,data/cam6/cam6_20260109_102950.jpg
cam7,2026-01-09 17:29:51,36,11,0,1,48,data/cam7/cam7_20260109_102951.jpg
cam8,2026-01-09 17:29:52,45,5,0,2,52,data/cam8/cam8_20260109_102952.jpg
cam1,2026-01-09 17:34:44,27,40,0,0,67,data/cam1/cam1_20260109_103444.jpg
cam2,2026-01-09 17:34:45,18,5,0,0,23,data/cam2/cam2_20260109_103445.jpg
cam3,2026-01-09 17:34:46,37,9,1,0,47,data/cam3/cam3_20260109_103446.jpg
cam4,2026-01-09 17:34:47,46,5,0,0,51,data/cam4/cam4_20260109_103447.jpg
cam5,2026-01-09 17:34:48,23,47,0,3,73,data/cam5/cam5_20260109_103448.jpg
cam6,2026-01-09 17:34:49,44,8,1,2,55,data/cam6/cam6_20260109_103449.jpg
cam7,2026-01-09 17:34:50,22,12,1,0,35,data/cam7/cam7_20260109_103450.jpg
cam8,2026-01-09 17:34:51,43,18,0,0,61,data/cam8/cam8_20260109_103451.jpg
cam1,2026-01-09 17:39:44,63,35,0,1,99,data/cam1/cam1_20260109_103944.jpg
cam2,2026-01-09 17:39:55,18,5,0,0,23,data/cam2/cam2_20260109_103955.jpg
cam3,2026-01-09 17:39:56,40,4,2,0,46,data/cam3/cam3_20260109_103956.jpg
cam4,2026-01-09 17:39:56,51,8,0,1,60,data/cam4/cam4_20260109_103956.jpg
cam5,2026-01-09 17:39:57,88,18,0,1,107,data/cam5/cam5_20260109_103957.jpg
cam6,2026-01-09 17:39:58,49,11,0,0,60,data/cam6/cam6_20260109_103958.jpg
cam7,2026-01-09 17:39:59,39,14,0,0,53,data/cam7/cam7_20260109_103959.jpg
cam8,2026-01-09 17:40:00,59,11,1,2,73,data/cam8/cam8_20260109_104000.jpg
cam1,2026-01-09 17:44:44,73,36,0,0,109,data/cam1/cam1_20260109_104444.jpg
cam2,2026-01-09 17:44:45,28,6,0,1,35,data/cam2/cam2_20260109_104445.jpg
cam3,2026-01-09 17:44:46,34,5,1,0,40,data/cam3/cam3_20260109_104446.jpg
cam4,2026-01-09 17:44:47,62,15,0,0,77,data/cam4/cam4_20260109_104447.jpg
cam5,2026-01-09 17:44:48,36,37,0,1,74,data/cam5/cam5_20260109_104448.jpg
cam6,2026-01-09 17:44:49,70,7,0,1,78,data/cam6/cam6_20260109_104449.jpg
cam7,2026-01-09 17:44:49,52,6,0,0,58,data/cam7/cam7_20260109_104449.jpg
cam8,2026-01-09 17:44:50,40,14,0,0,54,data/cam8/cam8_20260109_104450.jpg
cam1,2026-01-09 17:49:44,35,23,0,2,60,data/cam1/cam1_20260109_104944.jpg
cam2,2026-01-09 17:49:45,26,9,0,0,35,data/cam2/cam2_20260109_104945.jpg
cam3,2026-01-09 17:49:46,29,5,1,0,35,data/cam3/cam3_20260109_104946.jpg
cam4,2026-01-09 17:49:47,50,11,0,1,62,data/cam4/cam4_20260109_104947.jpg
cam5,2026-01-09 17:49:48,71,17,0,1,89,data/cam5/cam5_20260109_104948.jpg
cam6,2026-01-09 17:49:48,68,3,2,0,73,data/cam6/cam6_20260109_104948.jpg
cam7,2026-01-09 17:49:49,27,10,0,3,40,data/cam7/cam7_20260109_104949.jpg
cam8,2026-01-09 17:49:50,53,16,0,0,69,data/cam8/cam8_20260109_104950.jpg
cam1,2026-01-09 17:54:44,67,36,0,3,106,data/cam1/cam1_20260109_105444.jpg
cam2,2026-01-09 17:54:45,48,17,0,0,65,data/cam2/cam2_20260109_105445.jpg
cam3,2026-01-09 17:54:46,37,5,0,1,43,data/cam3/cam3_20260109_105446.jpg
cam4,2026-01-09 17:54:47,53,7,1,0,61,data/cam4/cam4_20260109_105447.jpg
cam5,2026-01-09 17:54:48,33,19,1,0,53,data/cam5/cam5_20260109_105448.jpg
cam6,2026-01-09 17:54:48,36,8,1,0,45,data/cam6/cam6_20260109_105448.jpg
cam7,2026-01-09 17:54:49,45,7,0,1,53,data/cam7/cam7_20260109_105449.jpg
cam8,2026-01-09 17:54:50,31,18,0,0,49,data/cam8/cam8_20260109_105450.jpg
cam1,2026-01-09 17:59:44,42,45,0,2,89,data/cam1/cam1_20260109_105944.jpg
cam2,2026-01-09 17:59:45,25,9,0,1,35,data/cam2/cam2_20260109_105945.jpg
cam3,2026-01-09 17:59:46,30,3,0,1,34,data/cam3/cam3_20260109_105946.jpg
cam4,2026-01-09 17:59:47,44,10,0,1,55,data/cam4/cam4_20260109_105947.jpg
cam5,2026-01-09 17:59:48,16,23,0,4,43,data/cam5/cam5_20260109_105948.jpg
cam6,2026-01-09 17:59:48,44,9,0,0,53,data/cam6/cam6_20260109_105948.jpg
cam7,2026-01-09 17:59:49,19,7,0,0,26,data/cam7/cam7_20260109_105949.jpg
cam8,2026-01-09 17:59:50,36,12,0,0,48,data/cam8/cam8_20260109_105950.jpg
cam1,2026-01-09 18:04:44,28,16,0,0,44,data/cam1/cam1_20260109_110444.jpg
cam2,2026-01-09 18:04:45,26,17,0,2,45,data/cam2/cam2_20260109_110445.jpg
cam3,2026-01-09 18:04:46,25,7,0,0,32,data/cam3/cam3_20260109_110446.jpg
cam4,2026-01-09 18:04:47,56,7,0,1,64,data/cam4/cam4_20260109_110447.jpg
cam5,2026-01-09 18:04:48,40,11,0,0,51,data/cam5/cam5_20260109_110448.jpg
cam6,2026-01-09 18:04:48,40,6,0,0,46,data/cam6/cam6_20260109_110448.jpg
cam7,2026-01-09 18:04:49,31,4,0,1,36,data/cam7/cam7_20260109_110449.jpg
cam8,2026-01-09 18:04:50,40,11,1,1,53,data/cam8/cam8_20260109_110450.jpg
cam1,2026-01-09 18:09:44,32,34,0,1,67,data/cam1/cam1_20260109_110944.jpg
cam2,2026-01-09 18:09:45,15,22,0,0,37,data/cam2/cam2_20260109_110945.jpg
cam3,2026-01-09 18:09:46,33,6,0,1,40,data/cam3/cam3_20260109_110946.jpg
cam4,2026-01-09 18:09:47,46,1,0,1,48,data/cam4/cam4_20260109_110947.jpg
cam5,2026-01-09 18:09:48,39,12,0,0,51,data/cam5/cam5_20260109_110948.jpg
cam6,2026-01-09 18:09:48,68,2,0,0,70,data/cam6/cam6_20260109_110948.jpg
cam7,2026-01-09 18:09:49,23,8,0,0,31,data/cam7/cam7_20260109_110949.jpg
cam8,2026-01-09 18:09:50,35,12,1,0,48,data/cam8/cam8_20260109_110950.jpg
cam1,2026-01-09 18:14:44,49,19,0,2,70,data/cam1/cam1_20260109_111444.jpg
cam2,2026-01-09 18:14:45,11,11,0,2,24,data/cam2/cam2_20260109_111445.jpg
cam3,2026-01-09 18:14:46,37,3,0,1,41,data/cam3/cam3_20260109_111446.jpg
cam4,2026-01-09 18:14:47,49,5,0,0,54,data/cam4/cam4_20260109_111447.jpg
cam5,2026-01-09 18:14:48,19,12,1,0,32,data/cam5/cam5_20260109_111448.jpg
cam6,2026-01-09 18:14:48,38,4,0,0,42,data/cam6/cam6_20260109_111448.jpg
cam7,2026-01-09 18:14:49,29,4,0,1,34,data/cam7/cam7_20260109_111449.jpg
cam8,2026-01-09 18:14:50,19,12,0,0,31,data/cam8/cam8_20260109_111450.jpg
cam1,2026-01-09 18:19:44,26,23,0,1,50,data/cam1/cam1_20260109_111944.jpg
cam2,2026-01-09 18:19:45,42,19,1,1,63,data/cam2/cam2_20260109_111945.jpg
cam3,2026-01-09 18:19:46,31,4,2,1,38,data/cam3/cam3_20260109_111946.jpg
cam4,2026-01-09 18:19:47,36,10,0,1,47,data/cam4/cam4_20260109_111947.jpg
cam5,2026-01-09 18:19:48,17,12,0,0,29,data/cam5/cam5_20260109_111948.jpg
cam6,2026-01-09 18:19:48,55,5,1,1,62,data/cam6/cam6_20260109_111948.jpg
cam7,2026-01-09 18:19:49,35,3,0,1,39,data/cam7/cam7_20260109_111949.jpg
cam8,2026-01-09 18:19:50,53,12,1,1,67,data/cam8/cam8_20260109_111950.jpg
cam1,2026-01-09 18:25:08,23,30,1,3,57,data/cam1/cam1_20260109_112508.jpg
cam2,2026-01-09 18:25:08,17,16,0,0,33,data/cam2/cam2_20260109_112508.jpg
cam3,2026-01-09 18:25:09,25,7,0,0,32,data/cam3/cam3_20260109_112509.jpg
cam4,2026-01-09 18:25:10,21,3,1,0,25,data/cam4/cam4_20260109_112510.jpg
cam5,2026-01-09 18:25:10,36,21,0,0,57,data/cam5/cam5_20260109_112510.jpg
cam6,2026-01-09 18:25:11,34,8,0,0,42,data/cam6/cam6_20260109_112511.jpg
cam7,2026-01-09 18:25:12,30,4,0,2,36,data/cam7/cam7_20260109_112512.jpg
cam8,2026-01-09 18:25:13,32,10,0,4,46,data/cam8/cam8_20260109_112513.jpg
cam1,2026-01-09 18:30:08,30,38,1,3,72,data/cam1/cam1_20260109_113008.jpg
cam2,2026-01-09 18:30:09,35,11,0,1,47,data/cam2/cam2_20260109_113009.jpg
cam3,2026-01-09 18:30:10,33,3,0,0,36,data/cam3/cam3_20260109_113010.jpg
cam4,2026-01-09 18:30:10,43,5,0,0,48,data/cam4/cam4_20260109_113010.jpg
cam5,2026-01-09 18:30:11,35,20,0,0,55,data/cam5/cam5_20260109_113011.jpg
cam6,2026-01-09 18:30:12,34,0,0,0,34,data/cam6/cam6_20260109_113012.jpg
cam7,2026-01-09 18:30:13,35,8,0,1,44,data/cam7/cam7_20260109_113013.jpg
cam8,2026-01-09 18:30:13,30,8,0,0,38,data/cam8/cam8_20260109_113013.jpg
cam1,2026-01-09 18:35:08,34,32,0,1,67,data/cam1/cam1_20260109_113508.jpg
cam2,2026-01-09 18:35:09,6,2,0,0,8,data/cam2/cam2_20260109_113509.jpg
cam3,2026-01-09 18:35:10,18,1,0,0,19,data/cam3/cam3_20260109_113510.jpg
cam4,2026-01-09 18:35:10,48,7,1,0,56,data/cam4/cam4_20260109_113510.jpg
cam5,2026-01-09 18:35:11,19,17,0,0,36,data/cam5/cam5_20260109_113511.jpg
cam6,2026-01-09 18:35:12,54,3,1,1,59,data/cam6/cam6_20260109_113512.jpg
cam7,2026-01-09 18:35:13,48,6,1,1,56,data/cam7/cam7_20260109_113513.jpg
cam8,2026-01-09 18:35:13,41,11,0,1,53,data/cam8/cam8_20260109_113513.jpg
cam1,2026-01-09 18:40:08,26,16,0,0,42,data/cam1/cam1_20260109_114008.jpg
cam2,2026-01-09 18:40:09,23,8,0,0,31,data/cam2/cam2_20260109_114009.jpg
cam3,2026-01-09 18:40:09,35,6,0,0,41,data/cam3/cam3_20260109_114009.jpg
cam4,2026-01-09 18:40:10,39,4,0,0,43,data/cam4/cam4_20260109_114010.jpg
cam5,2026-01-09 18:40:11,32,13,0,0,45,data/cam5/cam5_20260109_114011.jpg
cam6,2026-01-09 18:40:12,47,7,0,1,55,data/cam6/cam6_20260109_114012.jpg
cam7,2026-01-09 18:40:12,40,9,0,2,51,data/cam7/cam7_20260109_114012.jpg
cam8,2026-01-09 18:40:13,45,15,0,1,61,data/cam8/cam8_20260109_114013.jpg
cam1,2026-01-09 18:45:08,54,23,0,2,79,data/cam1/cam1_20260109_114508.jpg
cam2,2026-01-09 18:45:09,26,1,0,0,27,data/cam2/cam2_20260109_114509.jpg
cam3,2026-01-09 18:45:10,35,4,0,1,40,data/cam3/cam3_20260109_114510.jpg
cam4,2026-01-09 18:45:10,31,2,0,0,33,data/cam4/cam4_20260109_114510.jpg
cam5,2026-01-09 18:45:11,39,22,0,1,62,data/cam5/cam5_20260109_114511.jpg
cam6,2026-01-09 18:45:12,45,4,0,0,49,data/cam6/cam6_20260109_114512.jpg
cam7,2026-01-09 18:45:13,34,6,0,2,42,data/cam7/cam7_20260109_114513.jpg
cam8,2026-01-09 18:45:13,16,20,0,0,36,data/cam8/cam8_20260109_114513.jpg
cam1,2026-01-09 18:50:08,34,20,0,2,56,data/cam1/cam1_20260109_115008.jpg
cam2,2026-01-09 18:50:09,51,5,0,0,56,data/cam2/cam2_20260109_115009.jpg
cam3,2026-01-09 18:50:10,29,4,0,0,33,data/cam3/cam3_20260109_115010.jpg
cam4,2026-01-09 18:50:10,52,6,0,0,58,data/cam4/cam4_20260109_115010.jpg
cam5,2026-01-09 18:50:11,40,22,0,2,64,data/cam5/cam5_20260109_115011.jpg
cam6,2026-01-09 18:50:12,78,2,0,0,80,data/cam6/cam6_20260109_115012.jpg
cam7,2026-01-09 18:50:13,35,1,0,0,36,data/cam7/cam7_20260109_115013.jpg
cam8,2026-01-09 18:50:13,36,14,0,2,52,data/cam8/cam8_20260109_115013.jpg
cam1,2026-01-09 18:55:08,36,17,0,1,54,data/cam1/cam1_20260109_115508.jpg
cam2,2026-01-09 18:55:10,41,9,0,1,51,data/cam2/cam2_20260109_115510.jpg
cam3,2026-01-09 18:55:11,22,1,0,0,23,data/cam3/cam3_20260109_115511.jpg
cam4,2026-01-09 18:55:11,36,7,1,1,45,data/cam4/cam4_20260109_115511.jpg
cam5,2026-01-09 18:55:12,44,15,0,0,59,data/cam5/cam5_20260109_115512.jpg
cam6,2026-01-09 18:55:13,46,3,0,1,50,data/cam6/cam6_20260109_115513.jpg
cam7,2026-01-09 18:55:14,41,3,0,0,44,data/cam7/cam7_20260109_115514.jpg
cam8,2026-01-09 18:55:15,32,9,1,1,43,data/cam8/cam8_20260109_115515.jpg
cam1,2026-01-09 19:00:08,61,23,0,3,87,data/cam1/cam1_20260109_120008.jpg
cam2,2026-01-09 19:00:09,13,4,0,0,17,data/cam2/cam2_20260109_120009.jpg
cam3,2026-01-09 19:00:10,42,1,0,0,43,data/cam3/cam3_20260109_120010.jpg
cam4,2026-01-09 19:00:10,33,2,0,0,35,data/cam4/cam4_20260109_120010.jpg
cam5,2026-01-09 19:00:11,15,15,0,0,30,data/cam5/cam5_20260109_120011.jpg
cam6,2026-01-09 19:00:12,37,3,0,0,40,data/cam6/cam6_20260109_120012.jpg
cam7,2026-01-09 19:00:13,36,7,0,2,45,data/cam7/cam7_20260109_120013.jpg
cam8,2026-01-09 19:00:13,25,8,0,3,36,data/cam8/cam8_20260109_120013.jpg
cam1,2026-01-09 19:05:08,28,23,0,3,54,data/cam1/cam1_20260109_120508.jpg
cam2,2026-01-09 19:05:09,17,9,0,0,26,data/cam2/cam2_20260109_120509.jpg
cam3,2026-01-09 19:05:10,31,8,0,0,39,data/cam3/cam3_20260109_120510.jpg
cam4,2026-01-09 19:05:10,40,7,0,0,47,data/cam4/cam4_20260109_120510.jpg
cam5,2026-01-09 19:05:11,21,18,1,0,40,data/cam5/cam5_20260109_120511.jpg
cam6,2026-01-09 19:05:12,55,2,0,0,57,data/cam6/cam6_20260109_120512.jpg
cam7,2026-01-09 19:05:13,44,8,0,1,53,data/cam7/cam7_20260109_120513.jpg
cam8,2026-01-09 19:05:13,40,8,0,1,49,data/cam8/cam8_20260109_120513.jpg
cam1,2026-01-09 19:10:08,28,13,0,0,41,data/cam1/cam1_20260109_121008.jpg
cam2,2026-01-09 19:10:09,22,8,1,0,31,data/cam2/cam2_20260109_121009.jpg
cam3,2026-01-09 19:10:09,28,7,0,0,35,data/cam3/cam3_20260109_121009.jpg
cam4,2026-01-09 19:10:10,26,5,0,1,32,data/cam4/cam4_20260109_121010.jpg
cam5,2026-01-09 19:10:11,12,21,0,2,35,data/cam5/cam5_20260109_121011.jpg
cam6,2026-01-09 19:10:12,30,5,0,0,35,data/cam6/cam6_20260109_121012.jpg
cam7,2026-01-09 19:10:13,43,5,1,1,50,data/cam7/cam7_20260109_121013.jpg
cam8,2026-01-09 19:10:13,41,9,0,1,51,data/cam8/cam8_20260109_121013.jpg
cam1,2026-01-09 19:15:08,25,13,0,1,39,data/cam1/cam1_20260109_121508.jpg
cam2,2026-01-09 19:15:09,26,3,0,0,29,data/cam2/cam2_20260109_121509.jpg
cam3,2026-01-09 19:15:09,28,0,0,0,28,data/cam3/cam3_20260109_121509.jpg
cam4,2026-01-09 19:15:10,40,3,0,0,43,data/cam4/cam4_20260109_121510.jpg
cam5,2026-01-09 19:15:11,13,14,0,1,28,data/cam5/cam5_20260109_121511.jpg
cam6,2026-01-09 19:15:12,45,4,0,1,50,data/cam6/cam6_20260109_121512.jpg
cam7,2026-01-09 19:15:12,52,7,0,0,59,data/cam7/cam7_20260109_121512.jpg
cam8,2026-01-09 19:15:13,27,15,0,1,43,data/cam8/cam8_20260109_121513.jpg
cam1,2026-01-09 19:20:08,42,29,0,1,72,data/cam1/cam1_20260109_122008.jpg
cam2,2026-01-09 19:20:09,32,5,0,0,37,data/cam2/cam2_20260109_122009.jpg
cam3,2026-01-09 19:20:10,25,6,0,1,32,data/cam3/cam3_20260109_122010.jpg
cam4,2026-01-09 19:20:10,39,3,0,0,42,data/cam4/cam4_20260109_122010.jpg
cam5,2026-01-09 19:20:11,18,22,0,0,40,data/cam5/cam5_20260109_122011.jpg
cam6,2026-01-09 19:20:12,12,4,0,0,16,data/cam6/cam6_20260109_122012.jpg
cam7,2026-01-09 19:20:13,38,4,0,1,43,data/cam7/cam7_20260109_122013.jpg
cam8,2026-01-09 19:20:13,34,8,0,5,47,data/cam8/cam8_20260109_122013.jpg
cam1,2026-01-09 19:25:08,15,12,0,0,27,data/cam1/cam1_20260109_122508.jpg
cam2,2026-01-09 19:25:09,35,3,0,1,39,data/cam2/cam2_20260109_122509.jpg
cam3,2026-01-09 19:25:10,28,6,0,0,34,data/cam3/cam3_20260109_122510.jpg
cam4,2026-01-09 19:25:11,31,1,0,1,33,data/cam4/cam4_20260109_122511.jpg
cam5,2026-01-09 19:25:12,25,8,0,0,33,data/cam5/cam5_20260109_122512.jpg
cam6,2026-01-09 19:25:12,36,2,0,0,38,data/cam6/cam6_20260109_122512.jpg
cam7,2026-01-09 19:25:13,34,2,0,2,38,data/cam7/cam7_20260109_122513.jpg
cam8,2026-01-09 19:25:14,36,11,0,2,49,data/cam8/cam8_20260109_122514.jpg
cam1,2026-01-09 19:30:08,40,17,0,2,59,data/cam1/cam1_20260109_123008.jpg
cam2,2026-01-09 19:30:12,36,8,0,0,44,data/cam2/cam2_20260109_123012.jpg
cam3,2026-01-09 19:30:13,24,6,0,0,30,data/cam3/cam3_20260109_123013.jpg
cam4,2026-01-09 19:30:14,37,0,0,1,38,data/cam4/cam4_20260109_123014.jpg
cam5,2026-01-09 19:30:14,13,25,0,0,38,data/cam5/cam5_20260109_123014.jpg
cam6,2026-01-09 19:30:15,27,4,0,0,31,data/cam6/cam6_20260109_123015.jpg
cam7,2026-01-09 19:30:16,23,2,0,0,25,data/cam7/cam7_20260109_123016.jpg
cam8,2026-01-09 19:30:17,28,15,1,1,45,data/cam8/cam8_20260109_123017.jpg
cam1,2026-01-09 19:35:08,40,8,0,2,50,data/cam1/cam1_20260109_123508.jpg
cam2,2026-01-09 19:35:09,18,3,0,0,21,data/cam2/cam2_20260109_123509.jpg
cam3,2026-01-09 19:35:10,21,3,0,0,24,data/cam3/cam3_20260109_123510.jpg
cam4,2026-01-09 19:35:10,59,6,0,1,66,data/cam4/cam4_20260109_123510.jpg
cam5,2026-01-09 19:35:11,14,18,0,0,32,data/cam5/cam5_20260109_123511.jpg
cam6,2026-01-09 19:35:12,31,6,0,0,37,data/cam6/cam6_20260109_123512.jpg
cam7,2026-01-09 19:35:13,32,2,0,1,35,data/cam7/cam7_20260109_123513.jpg
cam8,2026-01-09 19:35:13,34,11,1,0,46,data/cam8/cam8_20260109_123513.jpg
cam1,2026-01-09 19:40:08,26,10,0,0,36,data/cam1/cam1_20260109_124008.jpg
cam2,2026-01-09 19:40:09,20,3,0,0,23,data/cam2/cam2_20260109_124009.jpg
cam3,2026-01-09 19:40:09,29,4,1,0,34,data/cam3/cam3_20260109_124009.jpg
cam4,2026-01-09 19:40:10,34,5,0,0,39,data/cam4/cam4_20260109_124010.jpg
cam5,2026-01-09 19:40:11,39,12,0,0,51,data/cam5/cam5_20260109_124011.jpg
cam6,2026-01-09 19:40:11,39,2,0,0,41,data/cam6/cam6_20260109_124011.jpg
cam7,2026-01-09 19:40:12,34,2,0,0,36,data/cam7/cam7_20260109_124012.jpg
cam8,2026-01-09 19:40:13,23,12,0,3,38,data/cam8/cam8_20260109_124013.jpg
cam1,2026-01-09 19:45:08,52,12,0,3,67,data/cam1/cam1_20260109_124508.jpg
cam2,2026-01-09 19:45:09,12,7,0,0,19,data/cam2/cam2_20260109_124509.jpg
cam3,2026-01-09 19:45:10,33,3,1,1,38,data/cam3/cam3_20260109_124510.jpg
cam4,2026-01-09 19:45:10,37,1,0,0,38,data/cam4/cam4_20260109_124510.jpg
cam5,2026-01-09 19:45:11,25,5,0,0,30,data/cam5/cam5_20260109_124511.jpg
cam6,2026-01-09 19:45:12,51,2,1,1,55,data/cam6/cam6_20260109_124512.jpg
cam7,2026-01-09 19:45:13,24,2,0,0,26,data/cam7/cam7_20260109_124513.jpg
cam8,2026-01-09 19:45:13,28,13,1,1,43,data/cam8/cam8_20260109_124513.jpg
cam1,2026-01-09 19:50:08,10,17,0,0,27,data/cam1/cam1_20260109_125008.jpg
cam2,2026-01-09 19:50:09,27,5,0,1,33,data/cam2/cam2_20260109_125009.jpg
cam3,2026-01-09 19:50:09,23,4,0,0,27,data/cam3/cam3_20260109_125009.jpg
cam4,2026-01-09 19:50:10,39,8,0,1,48,data/cam4/cam4_20260109_125010.jpg
cam5,2026-01-09 19:50:11,25,8,0,0,33,data/cam5/cam5_20260109_125011.jpg
cam6,2026-01-09 19:50:11,29,4,0,0,33,data/cam6/cam6_20260109_125011.jpg
cam7,2026-01-09 19:50:12,16,1,0,0,17,data/cam7/cam7_20260109_125012.jpg
cam8,2026-01-09 19:50:13,37,14,0,0,51,data/cam8/cam8_20260109_125013.jpg
cam1,2026-01-09 19:55:08,57,22,0,0,79,data/cam1/cam1_20260109_125508.jpg
cam2,2026-01-09 19:55:09,31,2,0,1,34,data/cam2/cam2_20260109_125509.jpg
cam3,2026-01-09 19:55:10,28,3,0,0,31,data/cam3/cam3_20260109_125510.jpg
cam4,2026-01-09 19:55:10,33,5,0,0,38,data/cam4/cam4_20260109_125510.jpg
cam5,2026-01-09 19:55:11,3,21,0,1,25,data/cam5/cam5_20260109_125511.jpg
cam6,2026-01-09 19:55:12,39,6,0,1,46,data/cam6/cam6_20260109_125512.jpg
cam7,2026-01-09 19:55:13,31,6,0,0,37,data/cam7/cam7_20260109_125513.jpg
cam8,2026-01-09 19:55:13,35,9,1,0,45,data/cam8/cam8_20260109_125513.jpg
cam1,2026-01-09 20:00:08,20,12,0,2,34,data/cam1/cam1_20260109_130008.jpg
cam2,2026-01-09 20:00:09,21,7,1,0,29,data/cam2/cam2_20260109_130009.jpg
cam3,2026-01-09 20:00:10,28,3,0,0,31,data/cam3/cam3_20260109_130010.jpg
cam4,2026-01-09 20:00:10,31,3,1,0,35,data/cam4/cam4_20260109_130010.jpg
cam5,2026-01-09 20:00:11,29,17,0,0,46,data/cam5/cam5_20260109_130011.jpg
cam6,2026-01-09 20:00:12,32,4,0,0,36,data/cam6/cam6_20260109_130012.jpg
cam7,2026-01-09 20:00:13,27,2,0,0,29,data/cam7/cam7_20260109_130013.jpg
cam8,2026-01-09 20:00:13,32,9,0,1,42,data/cam8/cam8_20260109_130013.jpg
cam1,2026-01-09 20:05:08,23,20,0,0,43,data/cam1/cam1_20260109_130508.jpg
cam2,2026-01-09 20:05:09,15,10,2,0,27,data/cam2/cam2_20260109_130509.jpg
cam3,2026-01-09 20:05:10,27,3,0,0,30,data/cam3/cam3_20260109_130510.jpg
cam4,2026-01-09 20:05:10,27,7,3,0,37,data/cam4/cam4_20260109_130510.jpg
cam5,2026-01-09 20:05:11,27,23,1,0,51,data/cam5/cam5_20260109_130511.jpg
cam6,2026-01-09 20:05:12,39,5,1,0,45,data/cam6/cam6_20260109_130512.jpg
cam7,2026-01-09 20:05:13,49,4,1,0,54,data/cam7/cam7_20260109_130513.jpg
cam8,2026-01-09 20:05:13,26,12,1,2,41,data/cam8/cam8_20260109_130513.jpg
cam1,2026-01-09 20:10:08,49,19,0,0,68,data/cam1/cam1_20260109_131008.jpg
cam2,2026-01-09 20:10:09,24,3,0,0,27,data/cam2/cam2_20260109_131009.jpg
cam3,2026-01-09 20:10:10,41,1,0,1,43,data/cam3/cam3_20260109_131010.jpg
cam4,2026-01-09 20:10:11,39,1,1,0,41,data/cam4/cam4_20260109_131011.jpg
cam5,2026-01-09 20:10:12,13,19,0,0,32,data/cam5/cam5_20260109_131012.jpg
cam6,2026-01-09 20:10:13,32,1,2,0,35,data/cam6/cam6_20260109_131013.jpg
cam7,2026-01-09 20:10:14,23,2,0,0,25,data/cam7/cam7_20260109_131014.jpg
cam8,2026-01-09 20:10:17,29,15,2,1,47,data/cam8/cam8_20260109_131017.jpg
cam1,2026-01-09 20:15:08,24,10,0,1,35,data/cam1/cam1_20260109_131508.jpg
cam2,2026-01-09 20:15:09,45,6,0,0,51,data/cam2/cam2_20260109_131509.jpg
cam3,2026-01-09 20:15:09,27,4,1,0,32,data/cam3/cam3_20260109_131509.jpg
cam4,2026-01-09 20:15:10,36,10,0,1,47,data/cam4/cam4_20260109_131510.jpg
cam5,2026-01-09 20:15:11,8,16,0,0,24,data/cam5/cam5_20260109_131511.jpg
cam6,2026-01-09 20:15:12,22,4,2,0,28,data/cam6/cam6_20260109_131512.jpg
cam7,2026-01-09 20:15:12,18,3,0,0,21,data/cam7/cam7_20260109_131512.jpg
cam8,2026-01-09 20:15:13,42,12,0,0,54,data/cam8/cam8_20260109_131513.jpg
cam1,2026-01-09 20:20:08,19,8,0,1,28,data/cam1/cam1_20260109_132008.jpg
cam2,2026-01-09 20:20:09,20,6,0,0,26,data/cam2/cam2_20260109_132009.jpg
cam3,2026-01-09 20:20:09,32,5,1,0,38,data/cam3/cam3_20260109_132009.jpg
cam4,2026-01-09 20:20:10,48,4,2,0,54,data/cam4/cam4_20260109_132010.jpg
cam5,2026-01-09 20:20:13,15,16,0,0,31,data/cam5/cam5_20260109_132013.jpg
cam6,2026-01-09 20:20:14,42,5,0,0,47,data/cam6/cam6_20260109_132014.jpg
cam7,2026-01-09 20:20:14,17,0,1,0,18,data/cam7/cam7_20260109_132014.jpg
cam8,2026-01-09 20:20:15,35,11,0,0,46,data/cam8/cam8_20260109_132015.jpg
cam1,2026-01-09 20:25:08,20,19,1,0,40,data/cam1/cam1_20260109_132508.jpg
cam2,2026-01-09 20:25:09,15,1,0,0,16,data/cam2/cam2_20260109_132509.jpg
cam3,2026-01-09 20:25:09,21,7,3,1,32,data/cam3/cam3_20260109_132509.jpg
cam4,2026-01-09 20:25:10,32,2,1,0,35,data/cam4/cam4_20260109_132510.jpg
cam5,2026-01-09 20:25:11,7,12,0,1,20,data/cam5/cam5_20260109_132511.jpg
cam6,2026-01-09 20:25:11,48,2,1,1,52,data/cam6/cam6_20260109_132511.jpg
cam7,2026-01-09 20:25:12,26,2,0,0,28,data/cam7/cam7_20260109_132512.jpg
cam8,2026-01-09 20:25:13,37,12,1,0,50,data/cam8/cam8_20260109_132513.jpg
cam1,2026-01-09 20:30:08,37,17,2,4,60,data/cam1/cam1_20260109_133008.jpg
cam2,2026-01-09 20:30:09,25,4,0,0,29,data/cam2/cam2_20260109_133009.jpg
cam3,2026-01-09 20:30:10,22,6,0,1,29,data/cam3/cam3_20260109_133010.jpg
cam4,2026-01-09 20:30:10,22,8,2,1,33,data/cam4/cam4_20260109_133010.jpg
cam5,2026-01-09 20:30:11,3,19,0,0,22,data/cam5/cam5_20260109_133011.jpg
cam6,2026-01-09 20:30:12,39,3,4,0,46,data/cam6/cam6_20260109_133012.jpg
cam7,2026-01-09 20:30:13,14,3,0,1,18,data/cam7/cam7_20260109_133013.jpg
cam8,2026-01-09 20:30:13,35,12,0,1,48,data/cam8/cam8_20260109_133013.jpg
cam1,2026-01-09 20:35:08,20,8,0,1,29,data/cam1/cam1_20260109_133508.jpg
cam2,2026-01-09 20:35:09,30,9,0,0,39,data/cam2/cam2_20260109_133509.jpg
cam3,2026-01-09 20:35:09,24,4,1,0,29,data/cam3/cam3_20260109_133509.jpg
cam4,2026-01-09 20:35:10,28,7,0,0,35,data/cam4/cam4_20260109_133510.jpg
cam5,2026-01-09 20:35:11,15,18,0,0,33,data/cam5/cam5_20260109_133511.jpg
cam6,2026-01-09 20:35:12,21,8,1,0,30,data/cam6/cam6_20260109_133512.jpg
cam7,2026-01-09 20:35:12,34,4,1,0,39,data/cam7/cam7_20260109_133512.jpg
cam8,2026-01-09 20:35:13,31,11,1,3,46,data/cam8/cam8_20260109_133513.jpg
cam1,2026-01-09 20:40:08,31,11,0,2,44,data/cam1/cam1_20260109_134008.jpg
cam2,2026-01-09 20:40:09,27,12,1,0,40,data/cam2/cam2_20260109_134009.jpg
cam3,2026-01-09 20:40:09,21,4,0,1,26,data/cam3/cam3_20260109_134009.jpg
cam4,2026-01-09 20:40:10,36,2,0,0,38,data/cam4/cam4_20260109_134010.jpg
cam5,2026-01-09 20:40:11,23,17,1,1,42,data/cam5/cam5_20260109_134011.jpg
cam6,2026-01-09 20:40:12,22,4,1,0,27,data/cam6/cam6_20260109_134012.jpg
cam7,2026-01-09 20:40:12,27,7,2,0,36,data/cam7/cam7_20260109_134012.jpg
cam8,2026-01-09 20:40:13,31,9,1,0,41,data/cam8/cam8_20260109_134013.jpg
cam1,2026-01-09 20:45:08,23,14,0,0,37,data/cam1/cam1_20260109_134508.jpg
cam2,2026-01-09 20:45:09,9,3,0,0,12,data/cam2/cam2_20260109_134509.jpg
cam3,2026-01-09 20:45:09,20,5,1,0,26,data/cam3/cam3_20260109_134509.jpg
cam4,2026-01-09 20:45:10,30,9,1,0,40,data/cam4/cam4_20260109_134510.jpg
cam5,2026-01-09 20:45:11,15,23,1,0,39,data/cam5/cam5_20260109_134511.jpg
cam6,2026-01-09 20:45:12,39,5,2,0,46,data/cam6/cam6_20260109_134512.jpg
cam7,2026-01-09 20:45:12,37,2,1,0,40,data/cam7/cam7_20260109_134512.jpg
cam8,2026-01-09 20:45:13,40,9,1,0,50,data/cam8/cam8_20260109_134513.jpg
cam1,2026-01-09 20:50:08,27,12,2,0,41,data/cam1/cam1_20260109_135008.jpg
cam2,2026-01-09 20:50:09,33,8,0,1,42,data/cam2/cam2_20260109_135009.jpg
cam3,2026-01-09 20:50:10,29,3,1,1,34,data/cam3/cam3_20260109_135010.jpg
cam4,2026-01-09 20:50:11,32,4,1,0,37,data/cam4/cam4_20260109_135011.jpg
cam5,2026-01-09 20:50:12,18,15,0,0,33,data/cam5/cam5_20260109_135012.jpg
cam6,2026-01-09 20:50:12,23,4,1,0,28,data/cam6/cam6_20260109_135012.jpg
cam7,2026-01-09 20:50:13,27,2,0,0,29,data/cam7/cam7_20260109_135013.jpg
cam8,2026-01-09 20:50:14,25,13,0,0,38,data/cam8/cam8_20260109_135014.jpg
cam1,2026-01-09 20:52:37,14,5,1,1,21,data/cam1/cam1_20260109_135237.jpg
cam2,2026-01-09 20:52:38,43,10,1,0,54,data/cam2/cam2_20260109_135238.jpg
cam3,2026-01-09 20:52:39,26,4,1,0,31,data/cam3/cam3_20260109_135239.jpg
cam4,2026-01-09 20:52:40,46,8,0,1,55,data/cam4/cam4_20260109_135240.jpg
cam5,2026-01-09 20:52:41,15,21,0,1,37,data/cam5/cam5_20260109_135241.jpg
cam6,2026-01-09 20:52:42,22,7,3,0,32,data/cam6/cam6_20260109_135242.jpg
cam7,2026-01-09 20:52:42,35,6,0,1,42,data/cam7/cam7_20260109_135242.jpg
cam8,2026-01-09 20:52:43,14,10,0,0,24,data/cam8/cam8_20260109_135243.jpg
cam1,2026-01-09 20:57:37,44,14,0,1,59,data/cam1/cam1_20260109_135737.jpg
cam2,2026-01-09 20:57:38,11,2,0,0,13,data/cam2/cam2_20260109_135738.jpg
cam3,2026-01-09 20:57:39,31,9,1,0,41,data/cam3/cam3_20260109_135739.jpg
cam4,2026-01-09 20:57:40,33,7,0,0,40,data/cam4/cam4_20260109_135740.jpg
cam5,2026-01-09 20:57:41,15,25,0,1,41,data/cam5/cam5_20260109_135741.jpg
cam6,2026-01-09 20:57:41,38,1,0,1,40,data/cam6/cam6_20260109_135741.jpg
cam7,2026-01-09 20:57:42,27,0,0,0,27,data/cam7/cam7_20260109_135742.jpg
cam8,2026-01-09 20:57:43,23,7,0,2,32,data/cam8/cam8_20260109_135743.jpg
cam2,2026-01-09 21:02:51,20,3,0,1,24,data/cam2/cam2_20260109_140251.jpg
cam3,2026-01-09 21:02:54,30,5,0,0,35,data/cam3/cam3_20260109_140254.jpg
cam4,2026-01-09 21:02:55,27,3,0,1,31,data/cam4/cam4_20260109_140255.jpg
cam5,2026-01-09 21:02:56,14,21,0,0,35,data/cam5/cam5_20260109_140256.jpg
cam6,2026-01-09 21:02:57,27,7,0,1,35,data/cam6/cam6_20260109_140257.jpg
cam7,2026-01-09 21:02:58,9,1,0,0,10,data/cam7/cam7_20260109_140258.jpg
cam8,2026-01-09 21:03:00,27,14,0,1,42,data/cam8/cam8_20260109_140300.jpg
cam1,2026-01-09 21:07:37,32,18,1,1,52,data/cam1/cam1_20260109_140737.jpg
cam2,2026-01-09 21:07:38,38,6,1,1,46,data/cam2/cam2_20260109_140738.jpg
cam3,2026-01-09 21:07:39,28,7,0,0,35,data/cam3/cam3_20260109_140739.jpg
cam4,2026-01-09 21:07:40,24,1,1,0,26,data/cam4/cam4_20260109_140740.jpg
cam5,2026-01-09 21:07:41,19,18,0,0,37,data/cam5/cam5_20260109_140741.jpg
cam6,2026-01-09 21:07:41,62,2,0,0,64,data/cam6/cam6_20260109_140741.jpg
cam7,2026-01-09 21:07:42,27,4,0,0,31,data/cam7/cam7_20260109_140742.jpg
cam8,2026-01-09 21:07:43,26,5,1,2,34,data/cam8/cam8_20260109_140743.jpg
cam1,2026-01-09 21:12:37,29,11,1,0,41,data/cam1/cam1_20260109_141237.jpg
cam2,2026-01-09 21:12:39,28,2,0,0,30,data/cam2/cam2_20260109_141239.jpg
cam3,2026-01-09 21:12:40,24,3,0,0,27,data/cam3/cam3_20260109_141240.jpg
cam4,2026-01-09 21:12:40,31,3,1,0,35,data/cam4/cam4_20260109_141240.jpg
cam5,2026-01-09 21:12:41,14,28,0,1,43,data/cam5/cam5_20260109_141241.jpg
cam6,2026-01-09 21:12:42,23,6,0,0,29,data/cam6/cam6_20260109_141242.jpg
cam7,2026-01-09 21:12:43,19,1,0,0,20,data/cam7/cam7_20260109_141243.jpg
cam8,2026-01-09 21:12:44,28,22,1,0,51,data/cam8/cam8_20260109_141244.jpg
cam1,2026-01-09 21:17:37,22,10,0,2,34,data/cam1/cam1_20260109_141737.jpg
cam2,2026-01-09 21:17:38,11,1,0,0,12,data/cam2/cam2_20260109_141738.jpg
cam3,2026-01-09 21:17:39,25,8,0,0,33,data/cam3/cam3_20260109_141739.jpg
cam4,2026-01-09 21:17:40,35,4,5,0,44,data/cam4/cam4_20260109_141740.jpg
cam5,2026-01-09 21:17:40,21,18,0,1,40,data/cam5/cam5_20260109_141740.jpg
cam6,2026-01-09 21:17:41,27,5,1,0,33,data/cam6/cam6_20260109_141741.jpg
cam7,2026-01-09 21:17:42,19,2,0,0,21,data/cam7/cam7_20260109_141742.jpg
cam8,2026-01-09 21:17:42,35,9,0,0,44,data/cam8/cam8_20260109_141742.jpg
cam1,2026-01-09 21:22:37,28,10,0,2,40,data/cam1/cam1_20260109_142237.jpg
cam2,2026-01-09 21:22:38,20,2,0,0,22,data/cam2/cam2_20260109_142238.jpg
cam3,2026-01-09 21:22:39,24,3,0,0,27,data/cam3/cam3_20260109_142239.jpg
cam4,2026-01-09 21:22:40,29,7,0,0,36,data/cam4/cam4_20260109_142240.jpg
cam5,2026-01-09 21:22:40,22,15,0,1,38,data/cam5/cam5_20260109_142240.jpg
cam6,2026-01-09 21:22:41,52,3,1,0,56,data/cam6/cam6_20260109_142241.jpg
cam7,2026-01-09 21:22:42,21,3,1,0,25,data/cam7/cam7_20260109_142242.jpg
cam8,2026-01-09 21:22:43,27,11,1,0,39,data/cam8/cam8_20260109_142243.jpg
cam1,2026-01-09 21:27:37,21,14,0,2,37,data/cam1/cam1_20260109_142737.jpg
cam2,2026-01-09 21:27:38,22,6,0,0,28,data/cam2/cam2_20260109_142738.jpg
cam3,2026-01-09 21:27:39,25,4,0,0,29,data/cam3/cam3_20260109_142739.jpg
cam4,2026-01-09 21:27:40,29,6,0,2,37,data/cam4/cam4_20260109_142740.jpg
cam5,2026-01-09 21:27:41,10,10,0,0,20,data/cam5/cam5_20260109_142741.jpg
cam6,2026-01-09 21:27:41,47,1,0,1,49,data/cam6/cam6_20260109_142741.jpg
cam7,2026-01-09 21:27:42,32,3,1,1,37,data/cam7/cam7_20260109_142742.jpg
cam8,2026-01-09 21:27:43,37,12,0,0,49,data/cam8/cam8_20260109_142743.jpg
cam1,2026-01-09 21:32:37,29,13,0,1,43,data/cam1/cam1_20260109_143237.jpg
cam2,2026-01-09 21:32:38,6,4,0,0,10,data/cam2/cam2_20260109_143238.jpg
cam3,2026-01-09 21:32:40,19,3,0,1,23,data/cam3/cam3_20260109_143240.jpg
cam4,2026-01-09 21:32:41,30,3,0,0,33,data/cam4/cam4_20260109_143241.jpg
cam5,2026-01-09 21:32:42,5,22,0,0,27,data/cam5/cam5_20260109_143242.jpg
cam6,2026-01-09 21:32:42,16,5,0,0,21,data/cam6/cam6_20260109_143242.jpg
cam7,2026-01-09 21:32:43,18,0,0,0,18,data/cam7/cam7_20260109_143243.jpg
cam8,2026-01-09 21:32:44,22,8,0,0,30,data/cam8/cam8_20260109_143244.jpg
cam1,2026-01-09 21:37:37,21,10,0,0,31,data/cam1/cam1_20260109_143737.jpg
cam2,2026-01-09 21:37:38,11,2,1,0,14,data/cam2/cam2_20260109_143738.jpg
cam3,2026-01-09 21:37:39,17,6,0,0,23,data/cam3/cam3_20260109_143739.jpg
cam4,2026-01-09 21:37:40,21,4,0,0,25,data/cam4/cam4_20260109_143740.jpg
cam5,2026-01-09 21:37:41,10,32,0,0,42,data/cam5/cam5_20260109_143741.jpg
cam6,2026-01-09 21:37:42,30,2,0,1,33,data/cam6/cam6_20260109_143742.jpg
cam7,2026-01-09 21:37:43,27,0,2,0,29,data/cam7/cam7_20260109_143743.jpg
cam8,2026-01-09 21:37:43,14,9,0,0,23,data/cam8/cam8_20260109_143743.jpg
cam1,2026-01-09 21:42:37,22,13,0,1,36,data/cam1/cam1_20260109_144237.jpg
cam2,2026-01-09 21:42:38,39,6,1,0,46,data/cam2/cam2_20260109_144238.jpg
cam3,2026-01-09 21:42:39,31,3,1,0,35,data/cam3/cam3_20260109_144239.jpg
cam4,2026-01-09 21:42:40,26,10,1,2,39,data/cam4/cam4_20260109_144240.jpg
cam5,2026-01-09 21:42:40,8,23,0,0,31,data/cam5/cam5_20260109_144240.jpg
cam6,2026-01-09 21:42:41,49,2,2,0,53,data/cam6/cam6_20260109_144241.jpg
cam7,2026-01-09 21:42:42,11,9,2,0,22,data/cam7/cam7_20260109_144242.jpg
cam8,2026-01-09 21:42:43,32,13,0,0,45,data/cam8/cam8_20260109_144243.jpg
cam1,2026-01-09 21:47:37,20,14,0,0,34,data/cam1/cam1_20260109_144737.jpg
cam2,2026-01-09 21:47:38,20,7,0,0,27,data/cam2/cam2_20260109_144738.jpg
cam3,2026-01-09 21:47:39,18,3,0,0,21,data/cam3/cam3_20260109_144739.jpg
cam4,2026-01-09 21:47:40,31,7,0,1,39,data/cam4/cam4_20260109_144740.jpg
cam5,2026-01-09 21:47:40,5,15,0,0,20,data/cam5/cam5_20260109_144740.jpg
cam6,2026-01-09 21:47:41,54,3,1,1,59,data/cam6/cam6_20260109_144741.jpg
cam7,2026-01-09 21:47:42,26,6,2,0,34,data/cam7/cam7_20260109_144742.jpg
cam8,2026-01-09 21:47:43,18,11,0,0,29,data/cam8/cam8_20260109_144743.jpg
cam1,2026-01-09 21:52:37,25,7,0,1,33,data/cam1/cam1_20260109_145237.jpg
cam2,2026-01-09 21:52:38,10,1,0,0,11,data/cam2/cam2_20260109_145238.jpg
cam3,2026-01-09 21:52:39,31,7,1,1,40,data/cam3/cam3_20260109_145239.jpg
cam4,2026-01-09 21:52:40,23,2,1,0,26,data/cam4/cam4_20260109_145240.jpg
cam5,2026-01-09 21:52:40,5,24,0,1,30,data/cam5/cam5_20260109_145240.jpg
cam6,2026-01-09 21:52:41,25,6,0,0,31,data/cam6/cam6_20260109_145241.jpg
cam7,2026-01-09 21:52:42,17,3,0,0,20,data/cam7/cam7_20260109_145242.jpg
cam8,2026-01-09 21:52:43,22,16,0,0,38,data/cam8/cam8_20260109_145243.jpg
cam1,2026-01-09 21:57:37,36,16,0,1,53,data/cam1/cam1_20260109_145737.jpg
cam2,2026-01-09 21:57:38,17,1,0,0,18,data/cam2/cam2_20260109_145738.jpg
cam3,2026-01-09 21:57:39,14,2,0,1,17,data/cam3/cam3_20260109_145739.jpg
cam4,2026-01-09 21:57:40,38,9,0,0,47,data/cam4/cam4_20260109_145740.jpg
cam5,2026-01-09 21:57:41,8,21,0,0,29,data/cam5/cam5_20260109_145741.jpg
cam6,2026-01-09 21:57:41,33,5,2,0,40,data/cam6/cam6_20260109_145741.jpg
cam7,2026-01-09 21:57:42,19,4,1,0,24,data/cam7/cam7_20260109_145742.jpg
cam8,2026-01-09 21:57:43,21,10,0,0,31,data/cam8/cam8_20260109_145743.jpg
cam1,2026-01-09 22:02:37,15,12,0,0,27,data/cam1/cam1_20260109_150237.jpg
cam2,2026-01-09 22:02:38,23,8,1,1,33,data/cam2/cam2_20260109_150238.jpg
cam3,2026-01-09 22:02:39,21,3,0,0,24,data/cam3/cam3_20260109_150239.jpg
cam4,2026-01-09 22:02:40,27,3,1,1,32,data/cam4/cam4_20260109_150240.jpg
cam5,2026-01-09 22:02:40,17,8,0,1,26,data/cam5/cam5_20260109_150240.jpg
cam6,2026-01-09 22:02:41,27,1,1,0,29,data/cam6/cam6_20260109_150241.jpg
cam7,2026-01-09 22:02:42,21,1,0,0,22,data/cam7/cam7_20260109_150242.jpg
cam8,2026-01-09 22:02:43,33,9,0,1,43,data/cam8/cam8_20260109_150243.jpg
cam1,2026-01-09 22:07:37,23,15,0,0,38,data/cam1/cam1_20260109_150737.jpg
cam2,2026-01-09 22:07:38,11,1,0,0,12,data/cam2/cam2_20260109_150738.jpg
cam3,2026-01-09 22:07:39,16,2,0,0,18,data/cam3/cam3_20260109_150739.jpg
cam4,2026-01-09 22:07:40,19,8,0,0,27,data/cam4/cam4_20260109_150740.jpg
cam5,2026-01-09 22:07:41,11,15,0,0,26,data/cam5/cam5_20260109_150741.jpg
cam6,2026-01-09 22:07:41,41,1,1,1,44,data/cam6/cam6_20260109_150741.jpg
cam7,2026-01-09 22:07:42,18,3,1,0,22,data/cam7/cam7_20260109_150742.jpg
cam8,2026-01-09 22:07:43,23,5,1,0,29,data/cam8/cam8_20260109_150743.jpg
cam1,2026-01-09 22:12:37,34,24,0,0,58,data/cam1/cam1_20260109_151237.jpg
cam2,2026-01-09 22:12:38,12,3,0,0,15,data/cam2/cam2_20260109_151238.jpg
cam3,2026-01-09 22:12:39,18,1,0,2,21,data/cam3/cam3_20260109_151239.jpg
cam4,2026-01-09 22:12:41,24,6,1,0,31,data/cam4/cam4_20260109_151241.jpg
cam5,2026-01-09 22:12:42,15,16,0,1,32,data/cam5/cam5_20260109_151242.jpg
cam6,2026-01-09 22:12:42,22,4,1,1,28,data/cam6/cam6_20260109_151242.jpg
cam7,2026-01-09 22:12:43,20,0,1,1,22,data/cam7/cam7_20260109_151243.jpg
cam8,2026-01-09 22:12:44,22,13,0,0,35,data/cam8/cam8_20260109_151244.jpg
cam1,2026-01-09 22:17:37,34,17,0,1,52,data/cam1/cam1_20260109_151737.jpg
cam2,2026-01-09 22:17:38,35,2,0,0,37,data/cam2/cam2_20260109_151738.jpg
cam3,2026-01-09 22:17:39,15,4,0,0,19,data/cam3/cam3_20260109_151739.jpg
cam4,2026-01-09 22:17:40,19,3,0,0,22,data/cam4/cam4_20260109_151740.jpg
cam5,2026-01-09 22:17:41,20,10,1,0,31,data/cam5/cam5_20260109_151741.jpg
cam6,2026-01-09 22:17:42,12,6,0,1,19,data/cam6/cam6_20260109_151742.jpg
cam7,2026-01-09 22:17:42,21,6,0,1,28,data/cam7/cam7_20260109_151742.jpg
cam8,2026-01-09 22:17:43,13,6,0,0,19,data/cam8/cam8_20260109_151743.jpg
cam1,2026-01-09 22:22:37,9,9,0,0,18,data/cam1/cam1_20260109_152237.jpg
cam2,2026-01-09 22:22:38,18,4,0,0,22,data/cam2/cam2_20260109_152238.jpg
cam3,2026-01-09 22:22:39,18,4,0,0,22,data/cam3/cam3_20260109_152239.jpg
cam4,2026-01-09 22:22:40,21,11,0,0,32,data/cam4/cam4_20260109_152240.jpg
cam5,2026-01-09 22:22:40,7,17,0,0,24,data/cam5/cam5_20260109_152240.jpg
cam6,2026-01-09 22:22:41,37,6,3,0,46,data/cam6/cam6_20260109_152241.jpg
cam7,2026-01-09 22:22:42,43,4,0,0,47,data/cam7/cam7_20260109_152242.jpg
cam8,2026-01-09 22:22:43,14,11,2,2,29,data/cam8/cam8_20260109_152243.jpg
cam1,2026-01-09 22:27:37,17,10,1,0,28,data/cam1/cam1_20260109_152737.jpg
cam2,2026-01-09 22:27:38,10,1,0,1,12,data/cam2/cam2_20260109_152738.jpg
cam3,2026-01-09 22:27:39,19,3,0,0,22,data/cam3/cam3_20260109_152739.jpg
cam4,2026-01-09 22:27:40,15,3,1,2,21,data/cam4/cam4_20260109_152740.jpg
cam5,2026-01-09 22:27:41,22,15,0,0,37,data/cam5/cam5_20260109_152741.jpg
cam6,2026-01-09 22:27:42,28,2,3,1,34,data/cam6/cam6_20260109_152742.jpg
cam7,2026-01-09 22:27:43,18,1,0,0,19,data/cam7/cam7_20260109_152743.jpg
cam8,2026-01-09 22:27:43,16,6,0,0,22,data/cam8/cam8_20260109_152743.jpg
cam1,2026-01-09 22:32:37,40,18,0,0,58,data/cam1/cam1_20260109_153237.jpg
cam2,2026-01-09 22:32:38,24,2,0,0,26,data/cam2/cam2_20260109_153238.jpg
cam3,2026-01-09 22:32:39,16,2,0,0,18,data/cam3/cam3_20260109_153239.jpg
cam4,2026-01-09 22:32:40,27,8,0,0,35,data/cam4/cam4_20260109_153240.jpg
cam5,2026-01-09 22:32:42,6,15,0,1,22,data/cam5/cam5_20260109_153242.jpg
cam6,2026-01-09 22:32:43,25,1,1,0,27,data/cam6/cam6_20260109_153243.jpg
cam7,2026-01-09 22:32:44,10,2,0,0,12,data/cam7/cam7_20260109_153244.jpg
cam8,2026-01-09 22:32:45,26,6,0,0,32,data/cam8/cam8_20260109_153245.jpg
cam1,2026-01-09 22:37:37,13,10,0,0,23,data/cam1/cam1_20260109_153737.jpg
cam2,2026-01-09 22:37:38,37,3,0,0,40,data/cam2/cam2_20260109_153738.jpg
cam3,2026-01-09 22:37:39,14,2,0,0,16,data/cam3/cam3_20260109_153739.jpg
cam4,2026-01-09 22:37:40,28,5,3,0,36,data/cam4/cam4_20260109_153740.jpg
cam5,2026-01-09 22:37:41,15,8,0,1,24,data/cam5/cam5_20260109_153741.jpg
cam6,2026-01-09 22:37:42,32,4,2,0,38,data/cam6/cam6_20260109_153742.jpg
cam7,2026-01-09 22:37:43,11,0,1,0,12,data/cam7/cam7_20260109_153743.jpg
cam8,2026-01-09 22:37:44,14,9,0,1,24,data/cam8/cam8_20260109_153744.jpg
cam1,2026-01-09 22:55:29,28,9,0,0,37,data/cam1/cam1_20260109_155529.jpg
cam2,2026-01-09 22:55:32,3,3,0,0,6,data/cam2/cam2_20260109_155532.jpg
cam3,2026-01-09 22:55:35,13,6,0,0,19,data/cam3/cam3_20260109_155535.jpg
cam4,2026-01-09 22:55:39,11,1,0,1,13,data/cam4/cam4_20260109_155539.jpg
cam5,2026-01-09 22:55:42,8,6,0,0,14,data/cam5/cam5_20260109_155542.jpg
cam6,2026-01-09 22:55:45,28,3,2,1,34,data/cam6/cam6_20260109_155545.jpg
cam7,2026-01-09 22:55:49,12,4,0,0,16,data/cam7/cam7_20260109_155549.jpg
cam8,2026-01-09 22:55:52,13,1,1,3,18,data/cam8/cam8_20260109_155552.jpg
cam1,2026-01-09 23:00:29,19,11,0,3,33,data/cam1/cam1_20260109_160029.jpg
cam2,2026-01-09 23:00:29,10,0,0,1,11,data/cam2/cam2_20260109_160029.jpg
cam3,2026-01-09 23:00:30,12,1,0,0,13,data/cam3/cam3_20260109_160030.jpg
cam4,2026-01-09 23:00:31,32,1,1,1,35,data/cam4/cam4_20260109_160031.jpg
cam5,2026-01-09 23:00:32,7,9,0,0,16,data/cam5/cam5_20260109_160032.jpg
cam6,2026-01-09 23:00:32,12,3,0,0,15,data/cam6/cam6_20260109_160032.jpg
cam7,2026-01-09 23:00:33,7,3,0,0,10,data/cam7/cam7_20260109_160033.jpg
cam8,2026-01-09 23:00:34,27,12,0,0,39,data/cam8/cam8_20260109_160034.jpg
cam1,2026-01-09 23:05:29,9,11,0,0,20,data/cam1/cam1_20260109_160529.jpg
cam2,2026-01-09 23:05:29,7,1,2,1,11,data/cam2/cam2_20260109_160529.jpg
cam3,2026-01-09 23:05:30,6,1,0,0,7,data/cam3/cam3_20260109_160530.jpg
cam4,2026-01-09 23:05:31,17,2,0,0,19,data/cam4/cam4_20260109_160531.jpg
cam5,2026-01-09 23:05:32,18,17,0,1,36,data/cam5/cam5_20260109_160532.jpg
cam6,2026-01-09 23:05:32,11,1,1,0,13,data/cam6/cam6_20260109_160532.jpg
cam7,2026-01-09 23:05:33,7,4,0,0,11,data/cam7/cam7_20260109_160533.jpg
cam8,2026-01-09 23:05:34,24,3,0,0,27,data/cam8/cam8_20260109_160534.jpg
cam1,2026-01-09 23:10:29,32,8,0,0,40,data/cam1/cam1_20260109_161029.jpg
cam2,2026-01-09 23:10:29,8,1,1,2,12,data/cam2/cam2_20260109_161029.jpg
cam3,2026-01-09 23:10:30,9,1,0,0,10,data/cam3/cam3_20260109_161030.jpg
cam4,2026-01-09 23:10:31,13,5,0,1,19,data/cam4/cam4_20260109_161031.jpg
cam5,2026-01-09 23:10:32,11,9,1,1,22,data/cam5/cam5_20260109_161032.jpg
cam6,2026-01-09 23:10:32,18,6,0,0,24,data/cam6/cam6_20260109_161032.jpg
cam7,2026-01-09 23:10:33,19,4,0,0,23,data/cam7/cam7_20260109_161033.jpg
cam8,2026-01-09 23:10:34,17,4,0,3,24,data/cam8/cam8_20260109_161034.jpg
cam1,2026-01-09 23:15:29,11,12,0,0,23,data/cam1/cam1_20260109_161529.jpg
cam2,2026-01-09 23:15:29,6,2,0,0,8,data/cam2/cam2_20260109_161529.jpg
cam3,2026-01-09 23:15:30,8,0,0,0,8,data/cam3/cam3_20260109_161530.jpg
cam4,2026-01-09 23:15:31,7,2,0,0,9,data/cam4/cam4_20260109_161531.jpg
cam5,2026-01-09 23:15:32,11,16,0,1,28,data/cam5/cam5_20260109_161532.jpg
cam6,2026-01-09 23:15:32,13,4,0,1,18,data/cam6/cam6_20260109_161532.jpg
cam7,2026-01-09 23:15:33,5,2,0,0,7,data/cam7/cam7_20260109_161533.jpg
cam8,2026-01-09 23:15:35,22,3,0,0,25,data/cam8/cam8_20260109_161535.jpg
cam1,2026-01-09 23:20:29,25,15,0,0,40,data/cam1/cam1_20260109_162029.jpg
cam2,2026-01-09 23:20:29,17,3,0,0,20,data/cam2/cam2_20260109_162029.jpg
cam3,2026-01-09 23:20:30,13,3,1,0,17,data/cam3/cam3_20260109_162030.jpg
cam4,2026-01-09 23:20:31,13,2,0,0,15,data/cam4/cam4_20260109_162031.jpg
cam5,2026-01-09 23:20:32,16,17,2,0,35,data/cam5/cam5_20260109_162032.jpg
cam6,2026-01-09 23:20:33,13,1,0,2,16,data/cam6/cam6_20260109_162033.jpg
cam7,2026-01-09 23:20:33,7,3,0,0,10,data/cam7/cam7_20260109_162033.jpg
cam8,2026-01-09 23:20:34,12,3,2,0,17,data/cam8/cam8_20260109_162034.jpg
cam1,2026-01-09 23:25:29,9,10,0,0,19,data/cam1/cam1_20260109_162529.jpg
cam2,2026-01-09 23:25:29,10,4,0,0,14,data/cam2/cam2_20260109_162529.jpg
cam3,2026-01-09 23:25:30,4,2,0,0,6,data/cam3/cam3_20260109_162530.jpg
cam4,2026-01-09 23:25:31,13,2,2,1,18,data/cam4/cam4_20260109_162531.jpg
cam5,2026-01-09 23:25:32,15,13,0,0,28,data/cam5/cam5_20260109_162532.jpg
cam6,2026-01-09 23:25:33,19,3,1,1,24,data/cam6/cam6_20260109_162533.jpg
cam7,2026-01-09 23:25:33,10,0,1,0,11,data/cam7/cam7_20260109_162533.jpg
cam8,2026-01-09 23:25:34,18,2,0,0,20,data/cam8/cam8_20260109_162534.jpg
cam1,2026-01-09 23:30:29,21,11,0,0,32,data/cam1/cam1_20260109_163029.jpg
cam2,2026-01-09 23:30:29,7,1,1,0,9,data/cam2/cam2_20260109_163029.jpg
cam3,2026-01-09 23:30:30,7,3,1,0,11,data/cam3/cam3_20260109_163030.jpg
cam4,2026-01-09 23:30:31,6,2,0,0,8,data/cam4/cam4_20260109_163031.jpg
cam5,2026-01-09 23:30:32,7,15,0,0,22,data/cam5/cam5_20260109_163032.jpg
cam6,2026-01-09 23:30:32,22,2,0,3,27,data/cam6/cam6_20260109_163032.jpg
cam7,2026-01-09 23:30:33,6,3,0,0,9,data/cam7/cam7_20260109_163033.jpg
cam8,2026-01-09 23:30:34,8,5,2,0,15,data/cam8/cam8_20260109_163034.jpg
cam1,2026-01-09 23:35:29,13,9,0,0,22,data/cam1/cam1_20260109_163529.jpg
cam2,2026-01-09 23:35:29,2,2,0,0,4,data/cam2/cam2_20260109_163529.jpg
cam3,2026-01-09 23:35:30,8,3,0,0,11,data/cam3/cam3_20260109_163530.jpg
cam4,2026-01-09 23:35:31,8,3,0,2,13,data/cam4/cam4_20260109_163531.jpg
cam5,2026-01-09 23:35:32,4,16,0,0,20,data/cam5/cam5_20260109_163532.jpg
cam6,2026-01-09 23:35:32,7,0,2,0,9,data/cam6/cam6_20260109_163532.jpg
cam7,2026-01-09 23:35:33,2,0,0,1,3,data/cam7/cam7_20260109_163533.jpg
cam8,2026-01-09 23:35:35,7,4,0,0,11,data/cam8/cam8_20260109_163535.jpg
cam1,2026-01-09 23:40:29,8,11,2,0,21,data/cam1/cam1_20260109_164029.jpg
cam2,2026-01-09 23:40:29,14,4,0,0,18,data/cam2/cam2_20260109_164029.jpg
cam3,2026-01-09 23:40:30,4,5,0,0,9,data/cam3/cam3_20260109_164030.jpg
cam4,2026-01-09 23:40:31,18,5,0,0,23,data/cam4/cam4_20260109_164031.jpg
cam5,2026-01-09 23:40:32,7,9,0,0,16,data/cam5/cam5_20260109_164032.jpg
cam6,2026-01-09 23:40:33,9,2,1,0,12,data/cam6/cam6_20260109_164033.jpg
cam7,2026-01-09 23:40:33,6,2,2,0,10,data/cam7/cam7_20260109_164033.jpg
cam8,2026-01-09 23:40:34,21,3,0,0,24,data/cam8/cam8_20260109_164034.jpg
cam1,2026-01-09 23:45:29,13,8,0,0,21,data/cam1/cam1_20260109_164529.jpg
cam2,2026-01-09 23:45:29,3,3,1,0,7,data/cam2/cam2_20260109_164529.jpg
cam3,2026-01-09 23:45:30,9,1,0,0,10,data/cam3/cam3_20260109_164530.jpg
cam4,2026-01-09 23:45:31,10,2,1,0,13,data/cam4/cam4_20260109_164531.jpg
cam5,2026-01-09 23:45:32,5,6,1,0,12,data/cam5/cam5_20260109_164532.jpg
cam6,2026-01-09 23:45:33,9,2,1,1,13,data/cam6/cam6_20260109_164533.jpg
cam7,2026-01-09 23:45:33,17,5,3,0,25,data/cam7/cam7_20260109_164533.jpg
cam8,2026-01-09 23:45:34,15,7,1,0,23,data/cam8/cam8_20260109_164534.jpg
cam1,2026-01-09 23:50:29,9,12,0,0,21,data/cam1/cam1_20260109_165029.jpg
cam2,2026-01-09 23:50:29,1,2,0,0,3,data/cam2/cam2_20260109_165029.jpg
cam3,2026-01-09 23:50:30,5,1,0,0,6,data/cam3/cam3_20260109_165030.jpg
cam4,2026-01-09 23:50:31,19,9,1,0,29,data/cam4/cam4_20260109_165031.jpg
cam5,2026-01-09 23:50:32,5,10,1,0,16,data/cam5/cam5_20260109_165032.jpg
cam6,2026-01-09 23:50:32,20,4,0,0,24,data/cam6/cam6_20260109_165032.jpg
cam7,2026-01-09 23:50:33,11,6,1,3,21,data/cam7/cam7_20260109_165033.jpg
cam8,2026-01-09 23:50:34,12,9,0,0,21,data/cam8/cam8_20260109_165034.jpg
cam1,2026-01-09 23:55:29,18,14,0,0,32,data/cam1/cam1_20260109_165529.jpg
cam2,2026-01-09 23:55:29,5,2,0,0,7,data/cam2/cam2_20260109_165529.jpg
cam3,2026-01-09 23:55:30,8,1,0,0,9,data/cam3/cam3_20260109_165530.jpg
cam4,2026-01-09 23:55:31,11,2,2,0,15,data/cam4/cam4_20260109_165531.jpg
cam5,2026-01-09 23:55:32,1,11,0,0,12,data/cam5/cam5_20260109_165532.jpg
cam6,2026-01-09 23:55:33,12,4,2,0,18,data/cam6/cam6_20260109_165533.jpg
cam7,2026-01-09 23:55:33,7,4,1,1,13,data/cam7/cam7_20260109_165533.jpg
cam8,2026-01-09 23:55:34,12,4,0,0,16,data/cam8/cam8_20260109_165534.jpg
cam1,2026-01-10 00:00:29,13,12,0,0,25,data/cam1/cam1_20260109_170029.jpg
cam2,2026-01-10 00:00:29,14,3,0,0,17,data/cam2/cam2_20260109_170029.jpg
cam3,2026-01-10 00:00:30,3,0,0,0,3,data/cam3/cam3_20260109_170030.jpg
cam4,2026-01-10 00:00:31,2,2,0,0,4,data/cam4/cam4_20260109_170031.jpg
cam5,2026-01-10 00:00:32,4,11,0,0,15,data/cam5/cam5_20260109_170032.jpg
cam6,2026-01-10 00:00:32,4,0,0,1,5,data/cam6/cam6_20260109_170032.jpg
cam7,2026-01-10 00:00:33,19,6,0,0,25,data/cam7/cam7_20260109_170033.jpg
cam8,2026-01-10 00:00:34,14,10,0,0,24,data/cam8/cam8_20260109_170034.jpg
cam1,2026-01-10 00:05:29,6,6,0,0,12,data/cam1/cam1_20260109_170529.jpg
cam2,2026-01-10 00:05:29,9,3,0,0,12,data/cam2/cam2_20260109_170529.jpg
cam3,2026-01-10 00:05:30,4,5,0,0,9,data/cam3/cam3_20260109_170530.jpg
cam4,2026-01-10 00:05:31,15,6,0,0,21,data/cam4/cam4_20260109_170531.jpg
cam5,2026-01-10 00:05:32,6,10,1,1,18,data/cam5/cam5_20260109_170532.jpg
cam6,2026-01-10 00:05:33,15,8,1,1,25,data/cam6/cam6_20260109_170533.jpg
cam7,2026-01-10 00:05:33,8,0,1,0,9,data/cam7/cam7_20260109_170533.jpg
cam8,2026-01-10 00:05:34,9,3,0,0,12,data/cam8/cam8_20260109_170534.jpg
cam1,2026-01-10 00:10:29,7,10,0,0,17,data/cam1/cam1_20260109_171029.jpg
cam2,2026-01-10 00:10:29,6,2,0,0,8,data/cam2/cam2_20260109_171029.jpg
cam3,2026-01-10 00:10:30,4,1,0,0,5,data/cam3/cam3_20260109_171030.jpg
cam4,2026-01-10 00:10:31,1,2,0,0,3,data/cam4/cam4_20260109_171031.jpg
cam5,2026-01-10 00:10:32,2,6,0,2,10,data/cam5/cam5_20260109_171032.jpg
cam6,2026-01-10 00:10:32,20,2,3,1,26,data/cam6/cam6_20260109_171032.jpg
cam7,2026-01-10 00:10:33,8,0,1,0,9,data/cam7/cam7_20260109_171033.jpg
cam8,2026-01-10 00:10:34,13,2,0,0,15,data/cam8/cam8_20260109_171034.jpg
cam1,2026-01-10 00:15:29,14,11,1,1,27,data/cam1/cam1_20260109_171529.jpg
cam2,2026-01-10 00:15:29,2,8,0,0,10,data/cam2/cam2_20260109_171529.jpg
cam3,2026-01-10 00:15:30,7,1,0,0,8,data/cam3/cam3_20260109_171530.jpg
cam4,2026-01-10 00:15:31,8,4,0,0,12,data/cam4/cam4_20260109_171531.jpg
cam5,2026-01-10 00:15:32,9,6,0,0,15,data/cam5/cam5_20260109_171532.jpg
cam6,2026-01-10 00:15:33,6,2,2,0,10,data/cam6/cam6_20260109_171533.jpg
cam7,2026-01-10 00:15:33,0,1,1,0,2,data/cam7/cam7_20260109_171533.jpg
cam8,2026-01-10 00:15:34,17,4,1,0,22,data/cam8/cam8_20260109_171534.jpg
cam1,2026-01-10 00:20:29,9,7,1,0,17,data/cam1/cam1_20260109_172029.jpg
cam2,2026-01-10 00:20:29,6,2,0,0,8,data/cam2/cam2_20260109_172029.jpg
cam3,2026-01-10 00:20:30,3,0,0,0,3,data/cam3/cam3_20260109_172030.jpg
cam4,2026-01-10 00:20:31,9,1,0,0,10,data/cam4/cam4_20260109_172031.jpg
cam5,2026-01-10 00:20:32,4,4,0,0,8,data/cam5/cam5_20260109_172032.jpg
cam6,2026-01-10 00:20:33,7,7,1,0,15,data/cam6/cam6_20260109_172033.jpg
cam7,2026-01-10 00:20:34,12,3,0,0,15,data/cam7/cam7_20260109_172034.jpg
cam8,2026-01-10 00:20:34,8,5,0,0,13,data/cam8/cam8_20260109_172034.jpg
cam1,2026-01-10 00:25:29,15,6,0,0,21,data/cam1/cam1_20260109_172529.jpg
cam2,2026-01-10 00:25:29,4,1,0,0,5,data/cam2/cam2_20260109_172529.jpg
cam3,2026-01-10 00:25:30,2,3,0,0,5,data/cam3/cam3_20260109_172530.jpg
cam4,2026-01-10 00:25:31,8,2,0,0,10,data/cam4/cam4_20260109_172531.jpg
cam5,2026-01-10 00:25:32,8,7,1,0,16,data/cam5/cam5_20260109_172532.jpg
cam6,2026-01-10 00:25:32,18,1,2,0,21,data/cam6/cam6_20260109_172532.jpg
cam7,2026-01-10 00:25:33,7,1,0,0,8,data/cam7/cam7_20260109_172533.jpg
cam8,2026-01-10 00:25:34,11,3,0,0,14,data/cam8/cam8_20260109_172534.jpg
cam1,2026-01-10 00:30:29,6,15,0,0,21,data/cam1/cam1_20260109_173029.jpg
cam2,2026-01-10 00:30:29,11,2,0,0,13,data/cam2/cam2_20260109_173029.jpg
cam3,2026-01-10 00:30:30,2,1,0,0,3,data/cam3/cam3_20260109_173030.jpg
cam4,2026-01-10 00:30:31,14,6,0,1,21,data/cam4/cam4_20260109_173031.jpg
cam5,2026-01-10 00:30:32,1,3,0,1,5,data/cam5/cam5_20260109_173032.jpg
cam6,2026-01-10 00:30:32,13,3,2,0,18,data/cam6/cam6_20260109_173032.jpg
cam7,2026-01-10 00:30:33,2,2,0,0,4,data/cam7/cam7_20260109_173033.jpg
cam8,2026-01-10 00:30:34,14,1,1,0,16,data/cam8/cam8_20260109_173034.jpg
cam1,2026-01-10 00:35:29,7,5,1,1,14,data/cam1/cam1_20260109_173529.jpg
cam2,2026-01-10 00:35:29,6,2,1,0,9,data/cam2/cam2_20260109_173529.jpg
cam3,2026-01-10 00:35:30,5,2,0,0,7,data/cam3/cam3_20260109_173530.jpg
cam4,2026-01-10 00:35:31,3,0,1,0,4,data/cam4/cam4_20260109_173531.jpg
cam5,2026-01-10 00:35:32,0,1,0,0,1,data/cam5/cam5_20260109_173532.jpg
cam6,2026-01-10 00:35:33,5,1,0,0,6,data/cam6/cam6_20260109_173533.jpg
cam7,2026-01-10 00:35:34,6,2,0,0,8,data/cam7/cam7_20260109_173534.jpg
cam8,2026-01-10 00:35:35,5,2,2,1,10,data/cam8/cam8_20260109_173535.jpg
cam1,2026-01-10 00:40:29,10,5,1,0,16,data/cam1/cam1_20260109_174029.jpg
cam2,2026-01-10 00:40:29,1,0,0,0,1,data/cam2/cam2_20260109_174029.jpg
cam3,2026-01-10 00:40:30,3,3,0,0,6,data/cam3/cam3_20260109_174030.jpg
cam4,2026-01-10 00:40:31,4,2,0,0,6,data/cam4/cam4_20260109_174031.jpg
cam5,2026-01-10 00:40:32,2,8,0,0,10,data/cam5/cam5_20260109_174032.jpg
cam6,2026-01-10 00:40:32,4,0,3,2,9,data/cam6/cam6_20260109_174032.jpg
cam7,2026-01-10 00:40:33,6,3,0,0,9,data/cam7/cam7_20260109_174033.jpg
cam8,2026-01-10 00:40:34,10,4,0,0,14,data/cam8/cam8_20260109_174034.jpg
cam1,2026-01-10 00:45:29,4,8,3,1,16,data/cam1/cam1_20260109_174529.jpg
cam2,2026-01-10 00:45:29,9,2,0,0,11,data/cam2/cam2_20260109_174529.jpg
cam3,2026-01-10 00:45:30,2,1,0,0,3,data/cam3/cam3_20260109_174530.jpg
cam4,2026-01-10 00:45:31,19,5,1,0,25,data/cam4/cam4_20260109_174531.jpg
cam5,2026-01-10 00:45:32,4,2,0,1,7,data/cam5/cam5_20260109_174532.jpg
cam6,2026-01-10 00:45:32,8,4,1,0,13,data/cam6/cam6_20260109_174532.jpg
cam7,2026-01-10 00:45:33,3,0,0,0,3,data/cam7/cam7_20260109_174533.jpg
cam8,2026-01-10 00:45:34,11,8,0,0,19,data/cam8/cam8_20260109_174534.jpg
cam1,2026-01-10 00:50:29,5,10,1,1,17,data/cam1/cam1_20260109_175029.jpg
cam2,2026-01-10 00:50:29,3,4,0,0,7,data/cam2/cam2_20260109_175029.jpg
cam3,2026-01-10 00:50:30,2,3,0,0,5,data/cam3/cam3_20260109_175030.jpg
cam4,2026-01-10 00:50:31,9,0,0,0,9,data/cam4/cam4_20260109_175031.jpg
cam5,2026-01-10 00:50:32,2,4,1,0,7,data/cam5/cam5_20260109_175032.jpg
cam6,2026-01-10 00:50:32,12,3,1,0,16,data/cam6/cam6_20260109_175032.jpg
cam7,2026-01-10 00:50:33,3,0,0,0,3,data/cam7/cam7_20260109_175033.jpg
cam8,2026-01-10 00:50:34,11,8,0,0,19,data/cam8/cam8_20260109_175034.jpg
cam1,2026-01-10 00:55:29,4,5,0,0,9,data/cam1/cam1_20260109_175529.jpg
cam2,2026-01-10 00:55:29,3,1,1,0,5,data/cam2/cam2_20260109_175529.jpg
cam3,2026-01-10 00:55:30,2,0,0,0,2,data/cam3/cam3_20260109_175530.jpg
cam4,2026-01-10 00:55:31,2,0,1,1,4,data/cam4/cam4_20260109_175531.jpg
cam5,2026-01-10 00:55:32,5,6,0,2,13,data/cam5/cam5_20260109_175532.jpg
cam6,2026-01-10 00:55:32,6,0,1,0,7,data/cam6/cam6_20260109_175532.jpg
cam7,2026-01-10 00:55:33,5,0,0,0,5,data/cam7/cam7_20260109_175533.jpg
cam8,2026-01-10 00:55:34,6,2,0,0,8,data/cam8/cam8_20260109_175534.jpg
cam1,2026-01-10 01:00:29,8,6,0,0,14,data/cam1/cam1_20260109_180029.jpg
cam2,2026-01-10 01:00:30,0,2,0,0,2,data/cam2/cam2_20260109_180030.jpg
cam3,2026-01-10 01:00:31,4,2,0,0,6,data/cam3/cam3_20260109_180031.jpg
cam4,2026-01-10 01:00:31,4,1,0,0,5,data/cam4/cam4_20260109_180031.jpg
cam5,2026-01-10 01:00:32,3,13,0,0,16,data/cam5/cam5_20260109_180032.jpg
cam6,2026-01-10 01:00:33,8,0,0,0,8,data/cam6/cam6_20260109_180033.jpg
cam7,2026-01-10 01:00:34,2,0,0,0,2,data/cam7/cam7_20260109_180034.jpg
cam8,2026-01-10 01:00:34,11,2,0,0,13,data/cam8/cam8_20260109_180034.jpg
cam1,2026-01-10 01:05:29,7,10,1,0,18,data/cam1/cam1_20260109_180529.jpg
cam2,2026-01-10 01:05:29,3,2,0,0,5,data/cam2/cam2_20260109_180529.jpg
cam3,2026-01-10 01:05:30,1,1,0,0,2,data/cam3/cam3_20260109_180530.jpg
cam4,2026-01-10 01:05:31,4,2,0,0,6,data/cam4/cam4_20260109_180531.jpg
cam5,2026-01-10 01:05:32,3,10,0,1,14,data/cam5/cam5_20260109_180532.jpg
cam6,2026-01-10 01:05:33,11,0,1,0,12,data/cam6/cam6_20260109_180533.jpg
cam7,2026-01-10 01:05:33,1,1,0,0,2,data/cam7/cam7_20260109_180533.jpg
cam8,2026-01-10 01:05:34,10,8,0,0,18,data/cam8/cam8_20260109_180534.jpg
cam1,2026-01-10 06:07:52,28,12,1,3,44,data/cam1/cam1_20260109_230752.jpg
cam2,2026-01-10 06:07:55,14,3,0,0,17,data/cam2/cam2_20260109_230755.jpg
cam3,2026-01-10 06:07:58,8,6,0,0,14,data/cam3/cam3_20260109_230758.jpg
cam4,2026-01-10 06:08:01,20,2,0,2,24,data/cam4/cam4_20260109_230801.jpg
cam5,2026-01-10 06:08:04,4,11,0,1,16,data/cam5/cam5_20260109_230804.jpg
cam6,2026-01-10 06:08:07,23,2,0,1,26,data/cam6/cam6_20260109_230807.jpg
cam7,2026-01-10 06:08:10,19,1,0,0,20,data/cam7/cam7_20260109_230810.jpg
cam8,2026-01-10 06:08:14,35,13,0,2,50,data/cam8/cam8_20260109_230814.jpg
cam1,2026-01-10 06:12:52,24,16,0,0,40,data/cam1/cam1_20260109_231252.jpg
cam2,2026-01-10 06:12:53,13,4,1,3,21,data/cam2/cam2_20260109_231253.jpg
cam3,2026-01-10 06:12:54,10,3,1,0,14,data/cam3/cam3_20260109_231254.jpg
cam4,2026-01-10 06:12:54,34,4,0,1,39,data/cam4/cam4_20260109_231254.jpg
cam5,2026-01-10 06:12:55,12,10,0,0,22,data/cam5/cam5_20260109_231255.jpg
cam6,2026-01-10 06:12:56,21,1,0,0,22,data/cam6/cam6_20260109_231256.jpg
cam7,2026-01-10 06:12:57,21,2,0,0,23,data/cam7/cam7_20260109_231257.jpg
cam8,2026-01-10 06:12:57,29,9,1,0,39,data/cam8/cam8_20260109_231257.jpg
cam1,2026-01-10 06:17:52,22,16,0,2,40,data/cam1/cam1_20260109_231752.jpg
cam2,2026-01-10 06:17:53,17,3,0,0,20,data/cam2/cam2_20260109_231753.jpg
cam3,2026-01-10 06:17:54,14,1,1,1,17,data/cam3/cam3_20260109_231754.jpg
cam4,2026-01-10 06:17:55,26,10,0,0,36,data/cam4/cam4_20260109_231755.jpg
cam5,2026-01-10 06:17:55,13,11,0,1,25,data/cam5/cam5_20260109_231755.jpg
cam6,2026-01-10 06:17:56,42,3,0,0,45,data/cam6/cam6_20260109_231756.jpg
cam7,2026-01-10 06:17:57,22,1,0,0,23,data/cam7/cam7_20260109_231757.jpg
cam8,2026-01-10 06:17:57,40,13,1,1,55,data/cam8/cam8_20260109_231757.jpg
cam1,2026-01-10 06:20:14,31,17,0,2,50,data/cam1/cam1_20260109_232014.jpg
cam2,2026-01-10 06:20:18,10,3,0,0,13,data/cam2/cam2_20260109_232018.jpg
cam3,2026-01-10 06:20:21,11,3,0,0,14,data/cam3/cam3_20260109_232021.jpg
cam4,2026-01-10 06:20:24,33,4,0,2,39,data/cam4/cam4_20260109_232024.jpg
cam5,2026-01-10 06:20:26,29,13,1,5,48,data/cam5/cam5_20260109_232026.jpg
cam6,2026-01-10 06:20:29,45,7,1,0,53,data/cam6/cam6_20260109_232029.jpg
cam7,2026-01-10 06:20:32,16,3,0,0,19,data/cam7/cam7_20260109_232032.jpg
cam8,2026-01-10 06:20:57,60,11,0,1,72,data/cam8/cam8_20260109_232057.jpg
cam1,2026-01-10 06:22:52,34,20,0,1,55,data/cam1/cam1_20260109_232252.jpg
cam2,2026-01-10 06:23:04,16,5,0,0,21,data/cam2/cam2_20260109_232304.jpg
cam3,2026-01-10 06:23:07,7,4,0,0,11,data/cam3/cam3_20260109_232307.jpg
cam4,2026-01-10 06:23:08,30,6,0,1,37,data/cam4/cam4_20260109_232308.jpg
cam5,2026-01-10 06:23:10,12,9,1,1,23,data/cam5/cam5_20260109_232310.jpg
cam6,2026-01-10 06:23:11,49,8,0,0,57,data/cam6/cam6_20260109_232311.jpg
cam7,2026-01-10 06:23:11,21,2,0,0,23,data/cam7/cam7_20260109_232311.jpg
cam8,2026-01-10 06:23:30,39,10,0,1,50,data/cam8/cam8_20260109_232330.jpg
cam1,2026-01-10 06:25:14,51,16,0,1,68,data/cam1/cam1_20260109_232514.jpg
cam2,2026-01-10 06:25:15,7,5,0,1,13,data/cam2/cam2_20260109_232515.jpg
cam3,2026-01-10 06:25:16,9,3,0,2,14,data/cam3/cam3_20260109_232516.jpg
cam4,2026-01-10 06:25:17,37,4,0,1,42,data/cam4/cam4_20260109_232517.jpg
cam5,2026-01-10 06:25:18,48,9,0,1,58,data/cam5/cam5_20260109_232518.jpg
cam6,2026-01-10 06:25:18,46,5,0,0,51,data/cam6/cam6_20260109_232518.jpg
cam7,2026-01-10 06:25:19,37,2,0,0,39,data/cam7/cam7_20260109_232519.jpg
cam8,2026-01-10 06:25:20,44,12,0,0,56,data/cam8/cam8_20260109_232520.jpg
cam1,2026-01-10 06:27:52,43,17,0,0,60,data/cam1/cam1_20260109_232752.jpg
cam2,2026-01-10 06:28:16,4,1,0,0,5,data/cam2/cam2_20260109_232816.jpg
cam3,2026-01-10 06:28:17,18,4,0,1,23,data/cam3/cam3_20260109_232817.jpg
cam4,2026-01-10 06:28:18,50,6,0,0,56,data/cam4/cam4_20260109_232818.jpg
cam5,2026-01-10 06:28:18,8,29,0,0,37,data/cam5/cam5_20260109_232818.jpg
cam6,2026-01-10 06:28:19,17,6,1,0,24,data/cam6/cam6_20260109_232819.jpg
cam7,2026-01-10 06:28:20,26,1,0,0,27,data/cam7/cam7_20260109_232820.jpg
cam8,2026-01-10 06:28:20,30,8,1,0,39,data/cam8/cam8_20260109_232820.jpg
cam1,2026-01-10 06:30:14,34,11,0,1,46,data/cam1/cam1_20260109_233014.jpg
cam2,2026-01-10 06:30:16,12,5,0,0,17,data/cam2/cam2_20260109_233016.jpg
cam3,2026-01-10 06:30:16,11,4,0,0,15,data/cam3/cam3_20260109_233016.jpg
cam4,2026-01-10 06:30:17,27,8,0,1,36,data/cam4/cam4_20260109_233017.jpg
cam5,2026-01-10 06:30:18,48,14,0,0,62,data/cam5/cam5_20260109_233018.jpg
cam6,2026-01-10 06:30:19,33,4,0,1,38,data/cam6/cam6_20260109_233019.jpg
cam7,2026-01-10 06:30:19,31,7,0,0,38,data/cam7/cam7_20260109_233019.jpg
cam8,2026-01-10 06:30:20,36,9,0,0,45,data/cam8/cam8_20260109_233020.jpg
cam1,2026-01-10 06:32:52,37,16,0,0,53,data/cam1/cam1_20260109_233252.jpg
cam2,2026-01-10 06:32:53,18,2,0,0,20,data/cam2/cam2_20260109_233253.jpg
cam3,2026-01-10 06:32:54,20,3,0,1,24,data/cam3/cam3_20260109_233254.jpg
cam4,2026-01-10 06:32:55,45,8,0,1,54,data/cam4/cam4_20260109_233255.jpg
cam5,2026-01-10 06:32:56,22,13,0,3,38,data/cam5/cam5_20260109_233256.jpg
cam6,2026-01-10 06:32:56,38,4,1,0,43,data/cam6/cam6_20260109_233256.jpg
cam7,2026-01-10 06:32:57,21,3,0,1,25,data/cam7/cam7_20260109_233257.jpg
cam8,2026-01-10 06:32:58,42,14,0,1,57,data/cam8/cam8_20260109_233258.jpg
cam1,2026-01-10 06:35:14,50,14,0,2,66,data/cam1/cam1_20260109_233514.jpg
cam2,2026-01-10 06:35:57,25,4,0,0,29,data/cam2/cam2_20260109_233557.jpg
cam3,2026-01-10 06:35:58,10,4,0,0,14,data/cam3/cam3_20260109_233558.jpg
cam4,2026-01-10 06:35:59,39,5,0,0,44,data/cam4/cam4_20260109_233559.jpg
cam5,2026-01-10 06:36:00,42,25,0,2,69,data/cam5/cam5_20260109_233600.jpg
cam6,2026-01-10 06:36:01,59,2,0,1,62,data/cam6/cam6_20260109_233601.jpg
cam7,2026-01-10 06:36:02,35,0,0,0,35,data/cam7/cam7_20260109_233602.jpg
cam8,2026-01-10 06:36:03,37,9,0,0,46,data/cam8/cam8_20260109_233603.jpg
cam1,2026-01-10 06:37:52,31,20,0,5,56,data/cam1/cam1_20260109_233752.jpg
cam2,2026-01-10 06:37:53,20,5,0,0,25,data/cam2/cam2_20260109_233753.jpg
cam3,2026-01-10 06:37:54,20,5,0,0,25,data/cam3/cam3_20260109_233754.jpg
cam4,2026-01-10 06:37:55,43,11,0,0,54,data/cam4/cam4_20260109_233755.jpg
cam5,2026-01-10 06:37:55,26,20,0,1,47,data/cam5/cam5_20260109_233755.jpg
cam6,2026-01-10 06:37:56,63,3,0,0,66,data/cam6/cam6_20260109_233756.jpg
cam7,2026-01-10 06:37:57,33,0,0,1,34,data/cam7/cam7_20260109_233757.jpg
cam8,2026-01-10 06:37:57,50,14,0,0,64,data/cam8/cam8_20260109_233757.jpg
cam1,2026-01-10 06:40:14,26,16,0,2,44,data/cam1/cam1_20260109_234014.jpg
cam2,2026-01-10 06:40:16,12,1,0,0,13,data/cam2/cam2_20260109_234016.jpg
cam3,2026-01-10 06:40:17,14,4,0,0,18,data/cam3/cam3_20260109_234017.jpg
cam4,2026-01-10 06:40:18,63,8,1,2,74,data/cam4/cam4_20260109_234018.jpg
cam5,2026-01-10 06:40:19,10,11,1,3,25,data/cam5/cam5_20260109_234019.jpg
cam6,2026-01-10 06:40:19,43,6,0,1,50,data/cam6/cam6_20260109_234019.jpg
cam7,2026-01-10 06:40:20,27,2,0,2,31,data/cam7/cam7_20260109_234020.jpg
cam8,2026-01-10 06:40:20,39,8,0,0,47,data/cam8/cam8_20260109_234020.jpg
cam1,2026-01-10 06:42:52,61,16,0,2,79,data/cam1/cam1_20260109_234252.jpg
cam2,2026-01-10 06:42:53,29,5,0,0,34,data/cam2/cam2_20260109_234253.jpg
cam3,2026-01-10 06:42:54,28,5,0,0,33,data/cam3/cam3_20260109_234254.jpg
cam4,2026-01-10 06:42:55,39,10,0,2,51,data/cam4/cam4_20260109_234255.jpg
cam5,2026-01-10 06:42:56,43,10,0,2,55,data/cam5/cam5_20260109_234256.jpg
cam6,2026-01-10 06:42:56,33,3,0,0,36,data/cam6/cam6_20260109_234256.jpg
cam7,2026-01-10 06:42:57,37,2,0,0,39,data/cam7/cam7_20260109_234257.jpg
cam8,2026-01-10 06:42:58,46,10,0,3,59,data/cam8/cam8_20260109_234258.jpg
cam1,2026-01-10 06:45:14,58,20,0,3,81,data/cam1/cam1_20260109_234514.jpg
cam2,2026-01-10 06:45:16,8,1,0,0,9,data/cam2/cam2_20260109_234516.jpg
cam3,2026-01-10 06:45:17,21,4,0,0,25,data/cam3/cam3_20260109_234517.jpg
cam4,2026-01-10 06:45:18,32,9,1,0,42,data/cam4/cam4_20260109_234518.jpg
cam5,2026-01-10 06:45:18,9,15,0,3,27,data/cam5/cam5_20260109_234518.jpg
cam6,2026-01-10 06:45:19,82,3,0,0,85,data/cam6/cam6_20260109_234519.jpg
cam7,2026-01-10 06:45:20,28,0,0,0,28,data/cam7/cam7_20260109_234520.jpg
cam8,2026-01-10 06:45:21,67,8,0,1,76,data/cam8/cam8_20260109_234521.jpg
cam1,2026-01-10 06:47:52,36,5,0,3,44,data/cam1/cam1_20260109_234752.jpg
cam2,2026-01-10 06:47:53,29,4,0,0,33,data/cam2/cam2_20260109_234753.jpg
cam3,2026-01-10 06:47:54,17,3,0,0,20,data/cam3/cam3_20260109_234754.jpg
cam4,2026-01-10 06:47:55,34,7,1,0,42,data/cam4/cam4_20260109_234755.jpg
cam5,2026-01-10 06:47:56,33,9,0,2,44,data/cam5/cam5_20260109_234756.jpg
cam6,2026-01-10 06:47:56,13,2,0,0,15,data/cam6/cam6_20260109_234756.jpg
cam7,2026-01-10 06:47:57,23,2,0,0,25,data/cam7/cam7_20260109_234757.jpg
cam8,2026-01-10 06:47:58,48,17,0,0,65,data/cam8/cam8_20260109_234758.jpg
cam1,2026-01-10 06:50:14,37,18,0,0,55,data/cam1/cam1_20260109_235014.jpg
cam2,2026-01-10 06:50:16,12,1,0,0,13,data/cam2/cam2_20260109_235016.jpg
cam3,2026-01-10 06:50:17,14,3,0,0,17,data/cam3/cam3_20260109_235017.jpg
cam4,2026-01-10 06:50:18,40,5,1,2,48,data/cam4/cam4_20260109_235018.jpg
cam5,2026-01-10 06:50:18,13,15,0,3,31,data/cam5/cam5_20260109_235018.jpg
cam6,2026-01-10 06:50:19,36,6,0,1,43,data/cam6/cam6_20260109_235019.jpg
cam7,2026-01-10 06:50:20,45,0,0,0,45,data/cam7/cam7_20260109_235020.jpg
cam8,2026-01-10 06:50:20,34,7,0,1,42,data/cam8/cam8_20260109_235020.jpg
cam1,2026-01-10 06:52:52,22,7,0,3,32,data/cam1/cam1_20260109_235252.jpg
cam2,2026-01-10 06:52:53,21,4,0,0,25,data/cam2/cam2_20260109_235253.jpg
cam3,2026-01-10 06:52:54,17,3,0,0,20,data/cam3/cam3_20260109_235254.jpg
cam4,2026-01-10 06:52:55,36,12,0,1,49,data/cam4/cam4_20260109_235255.jpg
cam5,2026-01-10 06:52:56,27,20,1,4,52,data/cam5/cam5_20260109_235256.jpg
cam6,2026-01-10 06:52:56,60,7,0,1,68,data/cam6/cam6_20260109_235256.jpg
cam7,2026-01-10 06:52:57,27,0,0,2,29,data/cam7/cam7_20260109_235257.jpg
cam8,2026-01-10 06:52:58,35,6,0,0,41,data/cam8/cam8_20260109_235258.jpg
cam1,2026-01-10 06:55:14,29,9,0,1,39,data/cam1/cam1_20260109_235514.jpg
cam2,2026-01-10 06:55:16,5,2,0,1,8,data/cam2/cam2_20260109_235516.jpg
cam3,2026-01-10 06:55:17,23,6,1,0,30,data/cam3/cam3_20260109_235517.jpg
cam4,2026-01-10 06:55:17,28,3,0,0,31,data/cam4/cam4_20260109_235517.jpg
cam5,2026-01-10 06:55:18,18,22,0,3,43,data/cam5/cam5_20260109_235518.jpg
cam6,2026-01-10 06:55:19,62,7,0,1,70,data/cam6/cam6_20260109_235519.jpg
cam7,2026-01-10 06:55:20,30,1,0,0,31,data/cam7/cam7_20260109_235520.jpg
cam8,2026-01-10 06:55:21,27,8,0,0,35,data/cam8/cam8_20260109_235521.jpg
cam1,2026-01-10 06:57:52,39,16,0,2,57,data/cam1/cam1_20260109_235752.jpg
cam2,2026-01-10 06:57:53,17,6,0,0,23,data/cam2/cam2_20260109_235753.jpg
cam3,2026-01-10 06:57:54,20,6,0,1,27,data/cam3/cam3_20260109_235754.jpg
cam4,2026-01-10 06:57:55,49,6,0,2,57,data/cam4/cam4_20260109_235755.jpg
cam5,2026-01-10 06:57:56,36,11,0,5,52,data/cam5/cam5_20260109_235756.jpg
cam6,2026-01-10 06:57:57,45,8,0,1,54,data/cam6/cam6_20260109_235757.jpg
cam7,2026-01-10 06:57:57,13,2,1,1,17,data/cam7/cam7_20260109_235757.jpg
cam8,2026-01-10 06:57:58,38,8,0,1,47,data/cam8/cam8_20260109_235758.jpg
cam1,2026-01-10 07:00:14,72,12,0,2,86,data/cam1/cam1_20260110_000014.jpg
cam2,2026-01-10 07:00:16,17,3,0,0,20,data/cam2/cam2_20260110_000016.jpg
cam3,2026-01-10 07:00:16,21,4,0,0,25,data/cam3/cam3_20260110_000016.jpg
cam4,2026-01-10 07:00:17,36,10,1,0,47,data/cam4/cam4_20260110_000017.jpg
cam5,2026-01-10 07:00:19,35,25,0,2,62,data/cam5/cam5_20260110_000019.jpg
cam6,2026-01-10 07:00:19,30,4,0,1,35,data/cam6/cam6_20260110_000019.jpg
cam7,2026-01-10 07:00:20,9,1,0,1,11,data/cam7/cam7_20260110_000020.jpg
cam8,2026-01-10 07:00:21,39,6,0,2,47,data/cam8/cam8_20260110_000021.jpg
cam1,2026-01-10 07:02:52,31,13,0,2,46,data/cam1/cam1_20260110_000252.jpg
cam2,2026-01-10 07:02:53,24,2,0,1,27,data/cam2/cam2_20260110_000253.jpg
cam3,2026-01-10 07:02:54,20,2,0,0,22,data/cam3/cam3_20260110_000254.jpg
cam4,2026-01-10 07:02:55,33,14,0,0,47,data/cam4/cam4_20260110_000255.jpg
cam5,2026-01-10 07:02:55,37,21,2,2,62,data/cam5/cam5_20260110_000255.jpg
cam6,2026-01-10 07:02:56,39,3,0,0,42,data/cam6/cam6_20260110_000256.jpg
cam7,2026-01-10 07:02:57,21,0,0,1,22,data/cam7/cam7_20260110_000257.jpg
cam8,2026-01-10 07:02:58,39,13,0,1,53,data/cam8/cam8_20260110_000258.jpg
cam1,2026-01-10 07:05:14,63,26,1,1,91,data/cam1/cam1_20260110_000514.jpg
cam2,2026-01-10 07:05:16,15,3,0,0,18,data/cam2/cam2_20260110_000516.jpg
cam3,2026-01-10 07:05:16,27,5,0,0,32,data/cam3/cam3_20260110_000516.jpg
cam4,2026-01-10 07:05:17,49,6,1,1,57,data/cam4/cam4_20260110_000517.jpg
cam5,2026-01-10 07:05:18,19,6,0,5,30,data/cam5/cam5_20260110_000518.jpg
cam6,2026-01-10 07:05:19,13,1,0,0,14,data/cam6/cam6_20260110_000519.jpg
cam7,2026-01-10 07:05:19,41,0,1,1,43,data/cam7/cam7_20260110_000519.jpg
cam8,2026-01-10 07:05:20,34,10,0,2,46,data/cam8/cam8_20260110_000520.jpg
cam1,2026-01-10 07:07:52,44,17,0,3,64,data/cam1/cam1_20260110_000752.jpg
cam2,2026-01-10 07:07:53,20,4,0,0,24,data/cam2/cam2_20260110_000753.jpg
cam3,2026-01-10 07:07:54,13,3,0,2,18,data/cam3/cam3_20260110_000754.jpg
cam4,2026-01-10 07:07:55,37,11,0,1,49,data/cam4/cam4_20260110_000755.jpg
cam5,2026-01-10 07:07:56,42,31,0,2,75,data/cam5/cam5_20260110_000756.jpg
cam6,2026-01-10 07:07:56,32,4,0,2,38,data/cam6/cam6_20260110_000756.jpg
cam7,2026-01-10 07:07:57,20,4,0,2,26,data/cam7/cam7_20260110_000757.jpg
cam8,2026-01-10 07:07:58,47,9,0,0,56,data/cam8/cam8_20260110_000758.jpg
cam1,2026-01-10 07:10:14,32,7,0,1,40,data/cam1/cam1_20260110_001014.jpg
cam2,2026-01-10 07:10:15,14,1,0,0,15,data/cam2/cam2_20260110_001015.jpg
cam3,2026-01-10 07:10:16,17,4,0,1,22,data/cam3/cam3_20260110_001016.jpg
cam4,2026-01-10 07:10:17,42,8,0,1,51,data/cam4/cam4_20260110_001017.jpg
cam5,2026-01-10 07:10:18,16,14,1,1,32,data/cam5/cam5_20260110_001018.jpg
cam6,2026-01-10 07:10:19,71,2,0,0,73,data/cam6/cam6_20260110_001019.jpg
cam7,2026-01-10 07:10:20,23,1,0,0,24,data/cam7/cam7_20260110_001020.jpg
cam8,2026-01-10 07:10:20,36,20,0,0,56,data/cam8/cam8_20260110_001020.jpg
cam1,2026-01-10 07:12:52,27,7,0,3,37,data/cam1/cam1_20260110_001252.jpg
cam2,2026-01-10 07:12:53,22,6,0,1,29,data/cam2/cam2_20260110_001253.jpg
cam3,2026-01-10 07:12:54,30,4,0,0,34,data/cam3/cam3_20260110_001254.jpg
cam4,2026-01-10 07:12:55,54,4,0,1,59,data/cam4/cam4_20260110_001255.jpg
cam5,2026-01-10 07:12:56,33,23,0,3,59,data/cam5/cam5_20260110_001256.jpg
cam6,2026-01-10 07:12:56,59,6,1,1,67,data/cam6/cam6_20260110_001256.jpg
cam7,2026-01-10 07:12:57,20,2,0,0,22,data/cam7/cam7_20260110_001257.jpg
cam8,2026-01-10 07:12:58,10,13,0,1,24,data/cam8/cam8_20260110_001258.jpg
cam1,2026-01-10 07:15:14,27,12,0,0,39,data/cam1/cam1_20260110_001514.jpg
cam2,2026-01-10 07:15:15,3,2,0,2,7,data/cam2/cam2_20260110_001515.jpg
cam3,2026-01-10 07:15:16,23,4,1,0,28,data/cam3/cam3_20260110_001516.jpg
cam4,2026-01-10 07:15:17,53,5,1,4,63,data/cam4/cam4_20260110_001517.jpg
cam5,2026-01-10 07:15:18,15,28,0,0,43,data/cam5/cam5_20260110_001518.jpg
cam6,2026-01-10 07:15:18,12,1,0,0,13,data/cam6/cam6_20260110_001518.jpg
cam7,2026-01-10 07:15:19,14,0,0,0,14,data/cam7/cam7_20260110_001519.jpg
cam8,2026-01-10 07:15:19,38,9,0,0,47,data/cam8/cam8_20260110_001519.jpg
cam1,2026-01-10 07:20:14,66,20,1,1,88,data/cam1/cam1_20260110_002014.jpg
cam2,2026-01-10 07:20:15,10,1,0,2,13,data/cam2/cam2_20260110_002015.jpg
cam3,2026-01-10 07:20:16,15,8,0,1,24,data/cam3/cam3_20260110_002016.jpg
cam4,2026-01-10 07:20:18,55,12,0,1,68,data/cam4/cam4_20260110_002018.jpg
cam5,2026-01-10 07:20:20,11,17,0,1,29,data/cam5/cam5_20260110_002020.jpg
cam6,2026-01-10 07:20:20,69,6,0,0,75,data/cam6/cam6_20260110_002020.jpg
cam7,2026-01-10 07:20:21,21,3,0,0,24,data/cam7/cam7_20260110_002021.jpg
cam8,2026-01-10 07:20:22,33,5,0,0,38,data/cam8/cam8_20260110_002022.jpg
cam1,2026-01-10 07:25:14,29,9,0,0,38,data/cam1/cam1_20260110_002514.jpg
cam2,2026-01-10 07:25:15,16,4,0,1,21,data/cam2/cam2_20260110_002515.jpg
cam3,2026-01-10 07:25:16,18,0,0,0,18,data/cam3/cam3_20260110_002516.jpg
cam4,2026-01-10 07:25:16,58,9,0,1,68,data/cam4/cam4_20260110_002516.jpg
cam5,2026-01-10 07:25:17,7,19,1,2,29,data/cam5/cam5_20260110_002517.jpg
cam6,2026-01-10 07:25:18,49,14,0,1,64,data/cam6/cam6_20260110_002518.jpg
cam7,2026-01-10 07:25:18,34,3,0,0,37,data/cam7/cam7_20260110_002518.jpg
cam8,2026-01-10 07:25:19,24,7,0,0,31,data/cam8/cam8_20260110_002519.jpg
cam1,2026-01-10 07:30:14,27,6,0,2,35,data/cam1/cam1_20260110_003014.jpg
cam2,2026-01-10 07:30:15,13,1,0,0,14,data/cam2/cam2_20260110_003015.jpg
cam3,2026-01-10 07:30:15,31,7,0,1,39,data/cam3/cam3_20260110_003015.jpg
cam4,2026-01-10 07:30:17,52,3,0,0,55,data/cam4/cam4_20260110_003017.jpg
cam5,2026-01-10 07:30:18,14,20,0,0,34,data/cam5/cam5_20260110_003018.jpg
cam6,2026-01-10 07:30:18,51,9,0,3,63,data/cam6/cam6_20260110_003018.jpg
cam7,2026-01-10 07:30:19,33,2,0,0,35,data/cam7/cam7_20260110_003019.jpg
cam8,2026-01-10 07:30:20,41,20,0,0,61,data/cam8/cam8_20260110_003020.jpg
cam1,2026-01-10 07:35:14,18,13,0,0,31,data/cam1/cam1_20260110_003514.jpg
cam2,2026-01-10 07:35:15,12,2,0,0,14,data/cam2/cam2_20260110_003515.jpg
cam3,2026-01-10 07:35:16,16,4,0,1,21,data/cam3/cam3_20260110_003516.jpg
cam4,2026-01-10 07:35:16,50,3,0,1,54,data/cam4/cam4_20260110_003516.jpg
cam5,2026-01-10 07:35:17,8,35,1,3,47,data/cam5/cam5_20260110_003517.jpg
cam6,2026-01-10 07:35:18,16,5,0,1,22,data/cam6/cam6_20260110_003518.jpg
cam7,2026-01-10 07:35:18,44,2,0,0,46,data/cam7/cam7_20260110_003518.jpg
cam8,2026-01-10 07:35:19,44,13,1,1,59,data/cam8/cam8_20260110_003519.jpg
cam1,2026-01-10 07:40:14,56,16,0,1,73,data/cam1/cam1_20260110_004014.jpg
cam2,2026-01-10 07:40:15,22,2,0,0,24,data/cam2/cam2_20260110_004015.jpg
cam3,2026-01-10 07:40:16,13,1,0,0,14,data/cam3/cam3_20260110_004016.jpg
cam4,2026-01-10 07:40:16,56,13,0,0,69,data/cam4/cam4_20260110_004016.jpg
cam5,2026-01-10 07:40:17,48,22,1,1,72,data/cam5/cam5_20260110_004017.jpg
cam6,2026-01-10 07:40:18,34,10,0,1,45,data/cam6/cam6_20260110_004018.jpg
cam7,2026-01-10 07:40:19,49,0,0,1,50,data/cam7/cam7_20260110_004019.jpg
cam8,2026-01-10 07:40:19,26,7,1,3,37,data/cam8/cam8_20260110_004019.jpg
cam1,2026-01-10 07:45:14,53,12,0,1,66,data/cam1/cam1_20260110_004514.jpg
cam2,2026-01-10 07:45:15,24,2,0,0,26,data/cam2/cam2_20260110_004515.jpg
cam3,2026-01-10 07:45:15,22,2,0,0,24,data/cam3/cam3_20260110_004515.jpg
cam4,2026-01-10 07:45:16,72,9,0,0,81,data/cam4/cam4_20260110_004516.jpg
cam5,2026-01-10 07:45:17,23,19,0,3,45,data/cam5/cam5_20260110_004517.jpg
cam6,2026-01-10 07:45:18,46,11,0,0,57,data/cam6/cam6_20260110_004518.jpg
cam7,2026-01-10 07:45:19,27,1,0,0,28,data/cam7/cam7_20260110_004519.jpg
cam8,2026-01-10 07:45:19,48,13,0,0,61,data/cam8/cam8_20260110_004519.jpg
cam1,2026-01-10 07:50:14,32,11,0,0,43,data/cam1/cam1_20260110_005014.jpg
cam2,2026-01-10 07:50:15,15,1,0,0,16,data/cam2/cam2_20260110_005015.jpg
cam3,2026-01-10 07:50:15,26,8,1,0,35,data/cam3/cam3_20260110_005015.jpg
cam4,2026-01-10 07:50:16,50,13,1,1,65,data/cam4/cam4_20260110_005016.jpg
cam5,2026-01-10 07:50:17,22,10,0,0,32,data/cam5/cam5_20260110_005017.jpg
cam6,2026-01-10 07:50:18,27,13,0,0,40,data/cam6/cam6_20260110_005018.jpg
cam7,2026-01-10 07:50:18,38,4,0,0,42,data/cam7/cam7_20260110_005018.jpg
cam8,2026-01-10 07:50:19,36,8,0,0,44,data/cam8/cam8_20260110_005019.jpg
cam1,2026-01-10 07:55:14,68,10,1,2,81,data/cam1/cam1_20260110_005514.jpg
cam2,2026-01-10 07:55:15,15,1,0,0,16,data/cam2/cam2_20260110_005515.jpg
cam3,2026-01-10 07:55:16,35,6,0,0,41,data/cam3/cam3_20260110_005516.jpg
cam4,2026-01-10 07:55:16,42,5,0,2,49,data/cam4/cam4_20260110_005516.jpg
cam5,2026-01-10 07:55:17,15,12,0,3,30,data/cam5/cam5_20260110_005517.jpg
cam6,2026-01-10 07:55:18,64,9,0,0,73,data/cam6/cam6_20260110_005518.jpg
cam7,2026-01-10 07:55:18,30,3,0,0,33,data/cam7/cam7_20260110_005518.jpg
cam8,2026-01-10 07:55:19,50,9,0,1,60,data/cam8/cam8_20260110_005519.jpg
cam1,2026-01-10 08:00:14,48,23,0,1,72,data/cam1/cam1_20260110_010014.jpg
cam2,2026-01-10 08:00:15,16,6,1,1,24,data/cam2/cam2_20260110_010015.jpg
cam3,2026-01-10 08:00:16,34,7,1,0,42,data/cam3/cam3_20260110_010016.jpg
cam4,2026-01-10 08:00:17,64,7,0,1,72,data/cam4/cam4_20260110_010017.jpg
cam5,2026-01-10 08:00:17,42,20,0,1,63,data/cam5/cam5_20260110_010017.jpg
cam6,2026-01-10 08:00:18,70,5,0,0,75,data/cam6/cam6_20260110_010018.jpg
cam7,2026-01-10 08:00:19,16,2,0,0,18,data/cam7/cam7_20260110_010019.jpg
cam8,2026-01-10 08:00:19,25,20,0,1,46,data/cam8/cam8_20260110_010019.jpg
cam1,2026-01-10 08:05:14,33,11,0,1,45,data/cam1/cam1_20260110_010514.jpg
cam2,2026-01-10 08:05:15,10,4,0,0,14,data/cam2/cam2_20260110_010515.jpg
cam3,2026-01-10 08:05:16,29,8,0,0,37,data/cam3/cam3_20260110_010516.jpg
cam4,2026-01-10 08:05:16,41,0,0,0,41,data/cam4/cam4_20260110_010516.jpg
cam5,2026-01-10 08:05:17,27,32,1,2,62,data/cam5/cam5_20260110_010517.jpg
cam6,2026-01-10 08:05:18,37,4,1,1,43,data/cam6/cam6_20260110_010518.jpg
cam7,2026-01-10 08:05:20,33,2,0,0,35,data/cam7/cam7_20260110_010520.jpg
cam8,2026-01-10 08:05:21,33,11,0,0,44,data/cam8/cam8_20260110_010521.jpg
cam1,2026-01-10 08:10:14,47,23,0,1,71,data/cam1/cam1_20260110_011014.jpg
cam2,2026-01-10 08:10:15,15,1,1,0,17,data/cam2/cam2_20260110_011015.jpg
cam3,2026-01-10 08:10:16,28,8,0,0,36,data/cam3/cam3_20260110_011016.jpg
cam4,2026-01-10 08:10:16,31,7,0,0,38,data/cam4/cam4_20260110_011016.jpg
cam5,2026-01-10 08:10:18,24,11,2,0,37,data/cam5/cam5_20260110_011018.jpg
cam6,2026-01-10 08:10:18,17,6,0,2,25,data/cam6/cam6_20260110_011018.jpg
cam7,2026-01-10 08:10:19,23,3,0,0,26,data/cam7/cam7_20260110_011019.jpg
cam8,2026-01-10 08:10:20,32,19,0,1,52,data/cam8/cam8_20260110_011020.jpg
cam1,2026-01-10 08:15:14,26,7,0,2,35,data/cam1/cam1_20260110_011514.jpg
cam2,2026-01-10 08:15:15,20,3,0,1,24,data/cam2/cam2_20260110_011515.jpg
cam3,2026-01-10 08:15:16,16,5,0,0,21,data/cam3/cam3_20260110_011516.jpg
cam4,2026-01-10 08:15:16,42,6,0,1,49,data/cam4/cam4_20260110_011516.jpg
cam5,2026-01-10 08:15:17,40,16,1,1,58,data/cam5/cam5_20260110_011517.jpg
cam6,2026-01-10 08:15:18,25,4,1,1,31,data/cam6/cam6_20260110_011518.jpg
cam7,2026-01-10 08:15:19,44,7,0,0,51,data/cam7/cam7_20260110_011519.jpg
cam8,2026-01-10 08:15:19,29,15,0,1,45,data/cam8/cam8_20260110_011519.jpg
cam1,2026-01-10 08:18:46,22,17,0,0,39,data/cam1/cam1_20260110_011846.jpg
cam2,2026-01-10 08:18:47,24,5,1,0,30,data/cam2/cam2_20260110_011847.jpg
cam3,2026-01-10 08:18:48,24,7,0,1,32,data/cam3/cam3_20260110_011848.jpg
cam4,2026-01-10 08:18:49,32,7,1,1,41,data/cam4/cam4_20260110_011849.jpg
cam5,2026-01-10 08:18:50,39,23,1,1,64,data/cam5/cam5_20260110_011850.jpg
cam6,2026-01-10 08:18:50,25,11,0,2,38,data/cam6/cam6_20260110_011850.jpg
cam7,2026-01-10 08:18:51,32,2,1,0,35,data/cam7/cam7_20260110_011851.jpg
cam8,2026-01-10 08:18:52,22,20,0,1,43,data/cam8/cam8_20260110_011852.jpg
cam1,2026-01-10 08:25:00,55,12,0,0,67,data/cam1/cam1_20260110_012500.jpg
cam2,2026-01-10 08:25:03,13,7,0,0,20,data/cam2/cam2_20260110_012503.jpg
cam3,2026-01-10 08:25:07,19,7,1,2,29,data/cam3/cam3_20260110_012507.jpg
cam4,2026-01-10 08:25:10,39,9,0,1,49,data/cam4/cam4_20260110_012510.jpg
cam5,2026-01-10 08:25:14,29,25,1,3,58,data/cam5/cam5_20260110_012514.jpg
cam6,2026-01-10 08:25:17,25,7,0,0,32,data/cam6/cam6_20260110_012517.jpg
cam7,2026-01-10 08:25:20,11,4,1,0,16,data/cam7/cam7_20260110_012520.jpg
cam8,2026-01-10 08:25:23,26,19,0,0,45,data/cam8/cam8_20260110_012523.jpg
cam1,2026-01-10 08:30:00,21,13,0,0,34,data/cam1/cam1_20260110_013000.jpg
cam2,2026-01-10 08:30:01,21,2,0,0,23,data/cam2/cam2_20260110_013001.jpg
cam3,2026-01-10 08:30:02,24,7,0,1,32,data/cam3/cam3_20260110_013002.jpg
cam4,2026-01-10 08:30:03,31,14,0,2,47,data/cam4/cam4_20260110_013003.jpg
cam5,2026-01-10 08:30:03,51,17,2,2,72,data/cam5/cam5_20260110_013003.jpg
cam6,2026-01-10 08:30:04,42,4,0,0,46,data/cam6/cam6_20260110_013004.jpg
cam7,2026-01-10 08:30:05,31,5,0,0,36,data/cam7/cam7_20260110_013005.jpg
cam8,2026-01-10 08:30:06,40,17,0,2,59,data/cam8/cam8_20260110_013006.jpg
cam1,2026-01-10 08:35:00,34,16,1,1,52,data/cam1/cam1_20260110_013500.jpg
cam2,2026-01-10 08:35:01,15,5,0,0,20,data/cam2/cam2_20260110_013501.jpg
cam3,2026-01-10 08:35:02,13,7,0,0,20,data/cam3/cam3_20260110_013502.jpg
cam4,2026-01-10 08:35:03,31,14,0,2,47,data/cam4/cam4_20260110_013503.jpg
cam5,2026-01-10 08:35:04,23,31,1,1,56,data/cam5/cam5_20260110_013504.jpg
cam6,2026-01-10 08:35:04,33,10,0,0,43,data/cam6/cam6_20260110_013504.jpg
cam7,2026-01-10 08:35:05,33,3,0,0,36,data/cam7/cam7_20260110_013505.jpg
cam8,2026-01-10 08:35:06,30,25,0,1,56,data/cam8/cam8_20260110_013506.jpg
cam1,2026-01-10 08:40:00,31,20,0,1,52,data/cam1/cam1_20260110_014000.jpg
cam2,2026-01-10 08:40:01,14,3,0,0,17,data/cam2/cam2_20260110_014001.jpg
cam3,2026-01-10 08:40:02,33,3,0,0,36,data/cam3/cam3_20260110_014002.jpg
cam4,2026-01-10 08:40:03,31,14,0,2,47,data/cam4/cam4_20260110_014003.jpg
cam5,2026-01-10 08:40:04,9,35,1,3,48,data/cam5/cam5_20260110_014004.jpg
cam6,2026-01-10 08:40:04,34,11,1,1,47,data/cam6/cam6_20260110_014004.jpg
cam7,2026-01-10 08:40:05,28,2,0,0,30,data/cam7/cam7_20260110_014005.jpg
cam8,2026-01-10 08:40:06,40,13,0,0,53,data/cam8/cam8_20260110_014006.jpg
cam1,2026-01-10 08:45:00,27,17,0,3,47,data/cam1/cam1_20260110_014500.jpg
cam2,2026-01-10 08:45:01,12,2,0,1,15,data/cam2/cam2_20260110_014501.jpg
cam3,2026-01-10 08:45:02,15,7,0,0,22,data/cam3/cam3_20260110_014502.jpg
cam5,2026-01-10 08:45:04,4,15,0,2,21,data/cam5/cam5_20260110_014504.jpg
cam6,2026-01-10 08:45:05,34,5,0,0,39,data/cam6/cam6_20260110_014505.jpg
cam7,2026-01-10 08:45:05,36,6,0,0,42,data/cam7/cam7_20260110_014505.jpg
cam8,2026-01-10 08:45:06,40,15,0,2,57,data/cam8/cam8_20260110_014506.jpg
cam1,2026-01-10 08:50:00,41,34,0,2,77,data/cam1/cam1_20260110_015000.jpg
cam2,2026-01-10 08:50:01,14,5,0,0,19,data/cam2/cam2_20260110_015001.jpg
cam3,2026-01-10 08:50:02,31,5,0,0,36,data/cam3/cam3_20260110_015002.jpg
cam5,2026-01-10 08:50:03,7,23,1,1,32,data/cam5/cam5_20260110_015003.jpg
cam6,2026-01-10 08:50:04,23,4,0,2,29,data/cam6/cam6_20260110_015004.jpg
cam7,2026-01-10 08:50:05,20,3,0,1,24,data/cam7/cam7_20260110_015005.jpg
cam8,2026-01-10 08:50:05,40,20,1,0,61,data/cam8/cam8_20260110_015005.jpg
cam1,2026-01-10 08:55:00,29,12,1,1,43,data/cam1/cam1_20260110_015500.jpg
cam2,2026-01-10 08:55:01,19,8,0,0,27,data/cam2/cam2_20260110_015501.jpg
cam3,2026-01-10 08:55:02,23,8,0,0,31,data/cam3/cam3_20260110_015502.jpg
cam5,2026-01-10 08:55:03,8,22,0,1,31,data/cam5/cam5_20260110_015503.jpg
cam6,2026-01-10 08:55:04,50,13,0,1,64,data/cam6/cam6_20260110_015504.jpg
cam7,2026-01-10 08:55:05,24,2,0,1,27,data/cam7/cam7_20260110_015505.jpg
cam8,2026-01-10 08:55:06,46,18,1,1,66,data/cam8/cam8_20260110_015506.jpg
cam1,2026-01-10 09:00:00,22,16,1,2,41,data/cam1/cam1_20260110_020000.jpg
cam2,2026-01-10 09:00:01,14,0,0,0,14,data/cam2/cam2_20260110_020001.jpg
cam3,2026-01-10 09:00:02,19,9,0,0,28,data/cam3/cam3_20260110_020002.jpg
cam5,2026-01-10 09:00:03,10,20,2,3,35,data/cam5/cam5_20260110_020003.jpg
cam6,2026-01-10 09:00:04,66,12,0,0,78,data/cam6/cam6_20260110_020004.jpg
cam7,2026-01-10 09:00:04,25,4,0,0,29,data/cam7/cam7_20260110_020004.jpg
cam8,2026-01-10 09:00:05,40,22,0,0,62,data/cam8/cam8_20260110_020005.jpg
cam1,2026-01-10 09:05:00,29,16,1,3,49,data/cam1/cam1_20260110_020500.jpg
cam2,2026-01-10 09:05:01,28,11,0,0,39,data/cam2/cam2_20260110_020501.jpg
cam3,2026-01-10 09:05:02,32,5,0,0,37,data/cam3/cam3_20260110_020502.jpg
cam5,2026-01-10 09:05:03,9,22,1,0,32,data/cam5/cam5_20260110_020503.jpg
cam6,2026-01-10 09:05:03,57,4,3,1,65,data/cam6/cam6_20260110_020503.jpg
cam7,2026-01-10 09:05:04,31,1,1,1,34,data/cam7/cam7_20260110_020504.jpg
cam8,2026-01-10 09:05:05,35,19,1,0,55,data/cam8/cam8_20260110_020505.jpg
cam1,2026-01-10 09:10:00,49,29,0,1,79,data/cam1/cam1_20260110_021000.jpg
cam2,2026-01-10 09:10:01,27,8,2,1,38,data/cam2/cam2_20260110_021001.jpg
cam3,2026-01-10 09:10:02,21,9,1,0,31,data/cam3/cam3_20260110_021002.jpg
cam5,2026-01-10 09:10:03,11,25,5,1,42,data/cam5/cam5_20260110_021003.jpg
cam6,2026-01-10 09:10:04,27,5,5,0,37,data/cam6/cam6_20260110_021004.jpg
cam7,2026-01-10 09:10:05,19,3,1,0,23,data/cam7/cam7_20260110_021005.jpg
cam8,2026-01-10 09:10:06,45,11,3,1,60,data/cam8/cam8_20260110_021006.jpg
cam1,2026-01-10 09:15:00,23,11,0,0,34,data/cam1/cam1_20260110_021500.jpg
cam2,2026-01-10 09:15:01,21,5,0,0,26,data/cam2/cam2_20260110_021501.jpg
cam3,2026-01-10 09:15:02,23,1,2,0,26,data/cam3/cam3_20260110_021502.jpg
cam5,2026-01-10 09:15:03,24,18,11,0,53,data/cam5/cam5_20260110_021503.jpg
cam6,2026-01-10 09:15:04,23,6,6,0,35,data/cam6/cam6_20260110_021504.jpg
cam7,2026-01-10 09:15:04,36,2,0,1,39,data/cam7/cam7_20260110_021504.jpg
cam8,2026-01-10 09:15:05,27,16,2,2,47,data/cam8/cam8_20260110_021505.jpg
cam1,2026-01-10 09:20:00,23,25,0,2,50,data/cam1/cam1_20260110_022000.jpg
cam2,2026-01-10 09:20:01,32,6,0,1,39,data/cam2/cam2_20260110_022001.jpg
cam3,2026-01-10 09:20:02,27,4,3,0,34,data/cam3/cam3_20260110_022002.jpg
cam5,2026-01-10 09:20:03,13,28,6,3,50,data/cam5/cam5_20260110_022003.jpg
cam6,2026-01-10 09:20:04,33,7,8,1,49,data/cam6/cam6_20260110_022004.jpg
cam7,2026-01-10 09:20:05,35,2,0,0,37,data/cam7/cam7_20260110_022005.jpg
cam8,2026-01-10 09:20:05,20,14,0,1,35,data/cam8/cam8_20260110_022005.jpg
cam1,2026-01-10 09:25:00,19,21,2,0,42,data/cam1/cam1_20260110_022500.jpg
cam2,2026-01-10 09:25:01,30,7,0,0,37,data/cam2/cam2_20260110_022501.jpg
cam3,2026-01-10 09:25:02,18,2,3,0,23,data/cam3/cam3_20260110_022502.jpg
cam5,2026-01-10 09:25:03,7,24,7,5,43,data/cam5/cam5_20260110_022503.jpg
cam6,2026-01-10 09:25:04,58,8,4,0,70,data/cam6/cam6_20260110_022504.jpg
cam7,2026-01-10 09:25:05,34,5,0,1,40,data/cam7/cam7_20260110_022505.jpg
cam8,2026-01-10 09:25:05,38,16,2,0,56,data/cam8/cam8_20260110_022505.jpg
cam1,2026-01-10 09:30:00,24,18,2,0,44,data/cam1/cam1_20260110_023000.jpg
cam2,2026-01-10 09:30:01,13,5,1,1,20,data/cam2/cam2_20260110_023001.jpg
cam3,2026-01-10 09:30:02,28,4,1,1,34,data/cam3/cam3_20260110_023002.jpg
cam5,2026-01-10 09:30:03,35,12,1,0,48,data/cam5/cam5_20260110_023003.jpg
cam6,2026-01-10 09:30:04,20,8,8,0,36,data/cam6/cam6_20260110_023004.jpg
cam7,2026-01-10 09:30:05,36,7,0,0,43,data/cam7/cam7_20260110_023005.jpg
cam8,2026-01-10 09:30:05,16,13,2,1,32,data/cam8/cam8_20260110_023005.jpg
cam1,2026-01-10 09:35:00,54,13,2,1,70,data/cam1/cam1_20260110_023500.jpg
cam2,2026-01-10 09:35:01,15,4,1,1,21,data/cam2/cam2_20260110_023501.jpg
cam3,2026-01-10 09:35:02,22,5,1,1,29,data/cam3/cam3_20260110_023502.jpg
cam4,2026-01-10 09:35:03,34,8,1,0,43,data/cam4/cam4_20260110_023503.jpg
cam5,2026-01-10 09:35:04,15,46,6,1,68,data/cam5/cam5_20260110_023504.jpg
cam6,2026-01-10 09:35:05,26,8,3,0,37,data/cam6/cam6_20260110_023505.jpg
cam7,2026-01-10 09:35:05,18,1,2,4,25,data/cam7/cam7_20260110_023505.jpg
cam8,2026-01-10 09:35:06,42,13,5,0,60,data/cam8/cam8_20260110_023506.jpg
cam1,2026-01-10 09:40:00,20,18,1,1,40,data/cam1/cam1_20260110_024000.jpg
cam2,2026-01-10 09:40:01,12,5,1,0,18,data/cam2/cam2_20260110_024001.jpg
cam3,2026-01-10 09:40:02,37,4,4,0,45,data/cam3/cam3_20260110_024002.jpg
cam4,2026-01-10 09:40:03,50,12,4,1,67,data/cam4/cam4_20260110_024003.jpg
cam5,2026-01-10 09:40:04,19,22,7,2,50,data/cam5/cam5_20260110_024004.jpg
cam6,2026-01-10 09:40:04,35,10,3,0,48,data/cam6/cam6_20260110_024004.jpg
cam7,2026-01-10 09:40:05,38,2,1,1,42,data/cam7/cam7_20260110_024005.jpg
cam8,2026-01-10 09:40:06,25,16,3,0,44,data/cam8/cam8_20260110_024006.jpg
cam1,2026-01-10 09:45:00,34,18,1,1,54,data/cam1/cam1_20260110_024500.jpg
cam2,2026-01-10 09:45:01,27,11,1,0,39,data/cam2/cam2_20260110_024501.jpg
cam3,2026-01-10 09:45:02,23,4,0,0,27,data/cam3/cam3_20260110_024502.jpg
cam4,2026-01-10 09:45:03,30,9,0,1,40,data/cam4/cam4_20260110_024503.jpg
cam5,2026-01-10 09:45:04,14,24,7,7,52,data/cam5/cam5_20260110_024504.jpg
cam6,2026-01-10 09:45:04,30,2,6,2,40,data/cam6/cam6_20260110_024504.jpg
cam7,2026-01-10 09:45:06,23,3,1,0,27,data/cam7/cam7_20260110_024506.jpg
cam8,2026-01-10 09:45:06,31,10,3,0,44,data/cam8/cam8_20260110_024506.jpg
cam1,2026-01-10 09:50:00,36,14,0,1,51,data/cam1/cam1_20260110_025000.jpg
cam2,2026-01-10 09:50:01,13,8,2,1,24,data/cam2/cam2_20260110_025001.jpg
cam3,2026-01-10 09:50:02,21,5,2,1,29,data/cam3/cam3_20260110_025002.jpg
cam4,2026-01-10 09:50:03,42,5,3,0,50,data/cam4/cam4_20260110_025003.jpg
cam5,2026-01-10 09:50:04,11,18,6,3,38,data/cam5/cam5_20260110_025004.jpg
cam6,2026-01-10 09:50:04,30,6,5,0,41,data/cam6/cam6_20260110_025004.jpg
cam7,2026-01-10 09:50:05,24,6,0,1,31,data/cam7/cam7_20260110_025005.jpg
cam8,2026-01-10 09:50:06,47,16,2,0,65,data/cam8/cam8_20260110_025006.jpg
cam1,2026-01-10 09:55:00,35,21,1,1,58,data/cam1/cam1_20260110_025500.jpg
cam2,2026-01-10 09:55:01,32,4,1,0,37,data/cam2/cam2_20260110_025501.jpg
cam3,2026-01-10 09:55:02,30,8,4,0,42,data/cam3/cam3_20260110_025502.jpg
cam4,2026-01-10 09:55:03,35,8,4,0,47,data/cam4/cam4_20260110_025503.jpg
cam5,2026-01-10 09:55:04,12,39,3,0,54,data/cam5/cam5_20260110_025504.jpg
cam6,2026-01-10 09:55:04,28,6,8,0,42,data/cam6/cam6_20260110_025504.jpg
cam7,2026-01-10 09:55:05,22,3,0,0,25,data/cam7/cam7_20260110_025505.jpg
cam8,2026-01-10 09:55:06,26,27,3,2,58,data/cam8/cam8_20260110_025506.jpg
cam1,2026-01-10 10:00:00,47,13,0,5,65,data/cam1/cam1_20260110_030000.jpg
cam2,2026-01-10 10:00:01,43,3,0,0,46,data/cam2/cam2_20260110_030001.jpg
cam3,2026-01-10 10:00:02,25,7,2,0,34,data/cam3/cam3_20260110_030002.jpg
cam4,2026-01-10 10:00:03,32,7,2,0,41,data/cam4/cam4_20260110_030003.jpg
cam5,2026-01-10 10:00:04,15,31,2,6,54,data/cam5/cam5_20260110_030004.jpg
cam6,2026-01-10 10:00:04,31,9,3,0,43,data/cam6/cam6_20260110_030004.jpg
cam7,2026-01-10 10:00:05,28,3,3,0,34,data/cam7/cam7_20260110_030005.jpg
cam8,2026-01-10 10:00:06,33,21,3,0,57,data/cam8/cam8_20260110_030006.jpg
cam1,2026-01-10 10:05:00,31,17,6,2,56,data/cam1/cam1_20260110_030500.jpg
cam2,2026-01-10 10:05:01,14,4,0,0,18,data/cam2/cam2_20260110_030501.jpg
cam3,2026-01-10 10:05:02,15,2,0,0,17,data/cam3/cam3_20260110_030502.jpg
cam4,2026-01-10 10:05:03,38,6,5,0,49,data/cam4/cam4_20260110_030503.jpg
cam5,2026-01-10 10:05:04,18,27,5,3,53,data/cam5/cam5_20260110_030504.jpg
cam6,2026-01-10 10:05:04,18,4,2,0,24,data/cam6/cam6_20260110_030504.jpg
cam7,2026-01-10 10:05:05,42,5,0,1,48,data/cam7/cam7_20260110_030505.jpg
cam8,2026-01-10 10:05:06,30,18,9,2,59,data/cam8/cam8_20260110_030506.jpg
cam1,2026-01-10 10:10:00,47,16,1,2,66,data/cam1/cam1_20260110_031000.jpg
cam2,2026-01-10 10:10:01,19,7,1,1,28,data/cam2/cam2_20260110_031001.jpg
cam3,2026-01-10 10:10:02,21,7,0,0,28,data/cam3/cam3_20260110_031002.jpg
cam4,2026-01-10 10:10:03,37,15,5,0,57,data/cam4/cam4_20260110_031003.jpg
cam5,2026-01-10 10:10:04,9,31,7,2,49,data/cam5/cam5_20260110_031004.jpg
cam6,2026-01-10 10:10:04,46,6,1,0,53,data/cam6/cam6_20260110_031004.jpg
cam7,2026-01-10 10:10:05,45,3,0,1,49,data/cam7/cam7_20260110_031005.jpg
cam8,2026-01-10 10:10:06,40,18,1,1,60,data/cam8/cam8_20260110_031006.jpg
cam1,2026-01-10 10:15:00,14,21,3,2,40,data/cam1/cam1_20260110_031500.jpg
cam2,2026-01-10 10:15:01,17,5,0,0,22,data/cam2/cam2_20260110_031501.jpg
cam3,2026-01-10 10:15:02,27,5,2,1,35,data/cam3/cam3_20260110_031502.jpg
cam4,2026-01-10 10:15:03,35,4,0,1,40,data/cam4/cam4_20260110_031503.jpg
cam5,2026-01-10 10:15:04,13,25,9,0,47,data/cam5/cam5_20260110_031504.jpg
cam6,2026-01-10 10:15:04,27,7,5,1,40,data/cam6/cam6_20260110_031504.jpg
cam7,2026-01-10 10:15:05,36,1,2,1,40,data/cam7/cam7_20260110_031505.jpg
cam8,2026-01-10 10:15:06,38,17,4,3,62,data/cam8/cam8_20260110_031506.jpg
cam1,2026-01-10 10:20:00,28,24,6,0,58,data/cam1/cam1_20260110_032000.jpg
cam2,2026-01-10 10:20:01,35,9,0,0,44,data/cam2/cam2_20260110_032001.jpg
cam3,2026-01-10 10:20:02,26,4,1,0,31,data/cam3/cam3_20260110_032002.jpg
cam4,2026-01-10 10:20:03,28,10,3,1,42,data/cam4/cam4_20260110_032003.jpg
cam5,2026-01-10 10:20:11,18,29,8,2,57,data/cam5/cam5_20260110_032011.jpg
cam6,2026-01-10 10:20:12,36,8,2,0,46,data/cam6/cam6_20260110_032012.jpg
cam7,2026-01-10 10:20:13,32,10,6,2,50,data/cam7/cam7_20260110_032013.jpg
cam8,2026-01-10 10:20:14,42,15,2,2,61,data/cam8/cam8_20260110_032014.jpg
cam1,2026-01-10 10:25:00,26,19,2,0,47,data/cam1/cam1_20260110_032500.jpg
cam2,2026-01-10 10:25:01,19,10,2,1,32,data/cam2/cam2_20260110_032501.jpg
cam3,2026-01-10 10:25:02,28,7,0,0,35,data/cam3/cam3_20260110_032502.jpg
cam4,2026-01-10 10:25:03,31,12,1,0,44,data/cam4/cam4_20260110_032503.jpg
cam5,2026-01-10 10:25:04,10,18,7,3,38,data/cam5/cam5_20260110_032504.jpg
cam6,2026-01-10 10:25:05,32,10,2,2,46,data/cam6/cam6_20260110_032505.jpg
cam7,2026-01-10 10:25:06,43,10,0,2,55,data/cam7/cam7_20260110_032506.jpg
cam8,2026-01-10 10:25:06,42,18,2,5,67,data/cam8/cam8_20260110_032506.jpg
cam1,2026-01-10 10:30:00,38,18,2,4,62,data/cam1/cam1_20260110_033000.jpg
cam2,2026-01-10 10:30:01,25,10,2,0,37,data/cam2/cam2_20260110_033001.jpg
cam3,2026-01-10 10:30:02,20,9,2,0,31,data/cam3/cam3_20260110_033002.jpg
cam4,2026-01-10 10:30:03,37,5,0,0,42,data/cam4/cam4_20260110_033003.jpg
cam5,2026-01-10 10:30:04,9,30,2,2,43,data/cam5/cam5_20260110_033004.jpg
cam6,2026-01-10 10:30:04,35,8,5,0,48,data/cam6/cam6_20260110_033004.jpg
cam7,2026-01-10 10:30:05,38,10,0,0,48,data/cam7/cam7_20260110_033005.jpg
cam8,2026-01-10 10:30:06,39,16,4,1,60,data/cam8/cam8_20260110_033006.jpg
cam1,2026-01-10 10:35:00,48,30,2,0,80,data/cam1/cam1_20260110_033500.jpg
cam2,2026-01-10 10:35:01,24,6,1,1,32,data/cam2/cam2_20260110_033501.jpg
cam3,2026-01-10 10:35:02,26,7,0,0,33,data/cam3/cam3_20260110_033502.jpg
cam4,2026-01-10 10:35:03,31,7,4,0,42,data/cam4/cam4_20260110_033503.jpg
cam5,2026-01-10 10:35:04,34,18,5,4,61,data/cam5/cam5_20260110_033504.jpg
cam6,2026-01-10 10:35:04,44,5,1,1,51,data/cam6/cam6_20260110_033504.jpg
cam7,2026-01-10 10:35:05,32,4,2,1,39,data/cam7/cam7_20260110_033505.jpg
cam8,2026-01-10 10:35:06,46,21,2,0,69,data/cam8/cam8_20260110_033506.jpg
cam1,2026-01-10 10:40:00,32,32,3,1,68,data/cam1/cam1_20260110_034000.jpg
cam2,2026-01-10 10:40:01,16,12,3,0,31,data/cam2/cam2_20260110_034001.jpg
cam3,2026-01-10 10:40:02,38,4,2,0,44,data/cam3/cam3_20260110_034002.jpg
cam4,2026-01-10 10:40:03,39,11,5,0,55,data/cam4/cam4_20260110_034003.jpg
cam5,2026-01-10 10:40:04,19,28,4,1,52,data/cam5/cam5_20260110_034004.jpg
cam6,2026-01-10 10:40:05,24,3,5,0,32,data/cam6/cam6_20260110_034005.jpg
cam7,2026-01-10 10:40:06,42,11,1,1,55,data/cam7/cam7_20260110_034006.jpg
cam8,2026-01-10 10:40:06,39,14,3,1,57,data/cam8/cam8_20260110_034006.jpg
cam1,2026-01-10 10:45:00,37,32,2,0,71,data/cam1/cam1_20260110_034500.jpg
cam2,2026-01-10 10:45:01,10,6,3,0,19,data/cam2/cam2_20260110_034501.jpg
cam3,2026-01-10 10:45:02,26,6,0,0,32,data/cam3/cam3_20260110_034502.jpg
cam4,2026-01-10 10:45:03,43,7,1,2,53,data/cam4/cam4_20260110_034503.jpg
cam5,2026-01-10 10:45:04,29,20,4,1,54,data/cam5/cam5_20260110_034504.jpg
cam6,2026-01-10 10:45:04,47,8,5,0,60,data/cam6/cam6_20260110_034504.jpg
cam7,2026-01-10 10:45:05,28,11,3,0,42,data/cam7/cam7_20260110_034505.jpg
cam8,2026-01-10 10:45:06,21,18,1,4,44,data/cam8/cam8_20260110_034506.jpg
cam1,2026-01-10 10:50:00,22,23,2,3,50,data/cam1/cam1_20260110_035000.jpg
cam2,2026-01-10 10:50:01,16,11,2,1,30,data/cam2/cam2_20260110_035001.jpg
cam3,2026-01-10 10:50:02,31,11,2,0,44,data/cam3/cam3_20260110_035002.jpg
cam4,2026-01-10 10:50:03,36,11,3,0,50,data/cam4/cam4_20260110_035003.jpg
cam5,2026-01-10 10:50:04,48,12,3,1,64,data/cam5/cam5_20260110_035004.jpg
cam6,2026-01-10 10:50:05,26,7,1,1,35,data/cam6/cam6_20260110_035005.jpg
cam7,2026-01-10 10:50:06,20,4,1,2,27,data/cam7/cam7_20260110_035006.jpg
cam8,2026-01-10 10:50:06,41,11,1,1,54,data/cam8/cam8_20260110_035006.jpg
cam1,2026-01-10 10:55:00,29,45,0,3,77,data/cam1/cam1_20260110_035500.jpg
cam2,2026-01-10 10:55:01,23,4,0,0,27,data/cam2/cam2_20260110_035501.jpg
cam3,2026-01-10 10:55:02,25,3,1,0,29,data/cam3/cam3_20260110_035502.jpg
cam4,2026-01-10 10:55:03,41,8,1,1,51,data/cam4/cam4_20260110_035503.jpg
cam5,2026-01-10 10:55:04,18,40,3,0,61,data/cam5/cam5_20260110_035504.jpg
cam6,2026-01-10 10:55:05,43,9,1,2,55,data/cam6/cam6_20260110_035505.jpg
cam7,2026-01-10 10:55:06,58,5,4,1,68,data/cam7/cam7_20260110_035506.jpg
cam8,2026-01-10 10:55:07,34,19,2,1,56,data/cam8/cam8_20260110_035507.jpg
cam1,2026-01-10 11:00:00,29,29,1,3,62,data/cam1/cam1_20260110_040000.jpg
cam2,2026-01-10 11:00:01,27,11,2,0,40,data/cam2/cam2_20260110_040001.jpg
cam3,2026-01-10 11:00:02,35,9,1,0,45,data/cam3/cam3_20260110_040002.jpg
cam4,2026-01-10 11:00:03,34,6,1,0,41,data/cam4/cam4_20260110_040003.jpg
cam5,2026-01-10 11:00:04,16,29,7,4,56,data/cam5/cam5_20260110_040004.jpg
cam6,2026-01-10 11:00:06,52,6,1,1,60,data/cam6/cam6_20260110_040006.jpg
cam7,2026-01-10 11:00:09,33,9,2,1,45,data/cam7/cam7_20260110_040009.jpg
cam8,2026-01-10 11:00:11,27,7,2,5,41,data/cam8/cam8_20260110_040011.jpg
cam1,2026-01-10 11:05:00,38,22,1,1,62,data/cam1/cam1_20260110_040500.jpg
cam2,2026-01-10 11:05:01,25,4,5,1,35,data/cam2/cam2_20260110_040501.jpg
cam3,2026-01-10 11:05:02,33,6,4,0,43,data/cam3/cam3_20260110_040502.jpg
cam4,2026-01-10 11:05:03,43,9,1,1,54,data/cam4/cam4_20260110_040503.jpg
cam5,2026-01-10 11:05:04,13,24,8,1,46,data/cam5/cam5_20260110_040504.jpg
cam6,2026-01-10 11:05:04,48,2,5,0,55,data/cam6/cam6_20260110_040504.jpg
cam7,2026-01-10 11:05:05,28,9,1,2,40,data/cam7/cam7_20260110_040505.jpg
cam8,2026-01-10 11:05:06,35,14,4,3,56,data/cam8/cam8_20260110_040506.jpg
cam1,2026-01-10 11:10:00,30,12,3,2,47,data/cam1/cam1_20260110_041000.jpg
cam2,2026-01-10 11:10:01,23,10,3,0,36,data/cam2/cam2_20260110_041001.jpg
cam3,2026-01-10 11:10:02,27,3,4,0,34,data/cam3/cam3_20260110_041002.jpg
cam4,2026-01-10 11:10:03,21,17,3,1,42,data/cam4/cam4_20260110_041003.jpg
cam5,2026-01-10 11:10:03,25,26,6,2,59,data/cam5/cam5_20260110_041003.jpg
cam6,2026-01-10 11:10:04,39,6,6,0,51,data/cam6/cam6_20260110_041004.jpg
cam7,2026-01-10 11:10:05,39,9,3,0,51,data/cam7/cam7_20260110_041005.jpg
cam8,2026-01-10 11:10:06,30,15,5,2,52,data/cam8/cam8_20260110_041006.jpg
cam1,2026-01-10 11:15:00,19,24,3,1,47,data/cam1/cam1_20260110_041500.jpg
cam2,2026-01-10 11:15:01,14,9,4,0,27,data/cam2/cam2_20260110_041501.jpg
cam3,2026-01-10 11:15:02,19,5,4,0,28,data/cam3/cam3_20260110_041502.jpg
cam4,2026-01-10 11:15:03,41,6,3,0,50,data/cam4/cam4_20260110_041503.jpg
cam5,2026-01-10 11:15:04,13,35,3,1,52,data/cam5/cam5_20260110_041504.jpg
cam6,2026-01-10 11:15:04,24,3,2,0,29,data/cam6/cam6_20260110_041504.jpg
cam7,2026-01-10 11:15:05,72,7,1,1,81,data/cam7/cam7_20260110_041505.jpg
cam8,2026-01-10 11:15:06,20,26,1,0,47,data/cam8/cam8_20260110_041506.jpg
cam1,2026-01-10 11:20:00,54,19,1,1,75,data/cam1/cam1_20260110_042000.jpg
cam2,2026-01-10 11:20:01,7,9,2,1,19,data/cam2/cam2_20260110_042001.jpg
cam3,2026-01-10 11:20:02,24,3,0,0,27,data/cam3/cam3_20260110_042002.jpg
cam4,2026-01-10 11:20:03,34,8,1,0,43,data/cam4/cam4_20260110_042003.jpg
cam5,2026-01-10 11:20:04,35,26,5,1,67,data/cam5/cam5_20260110_042004.jpg
cam6,2026-01-10 11:20:05,70,3,2,0,75,data/cam6/cam6_20260110_042005.jpg
cam7,2026-01-10 11:20:06,31,5,1,0,37,data/cam7/cam7_20260110_042006.jpg
cam8,2026-01-10 11:20:06,43,20,1,1,65,data/cam8/cam8_20260110_042006.jpg
cam1,2026-01-10 11:28:44,37,22,1,3,63,data/cam1/cam1_20260110_042844.jpg
cam2,2026-01-10 11:28:45,18,3,2,0,23,data/cam2/cam2_20260110_042845.jpg
cam3,2026-01-10 11:28:46,25,6,5,0,36,data/cam3/cam3_20260110_042846.jpg
cam4,2026-01-10 11:28:47,37,8,2,0,47,data/cam4/cam4_20260110_042847.jpg
cam5,2026-01-10 11:28:48,19,35,3,1,58,data/cam5/cam5_20260110_042848.jpg
cam6,2026-01-10 11:28:48,25,12,8,1,46,data/cam6/cam6_20260110_042848.jpg
cam7,2026-01-10 11:28:49,47,4,0,1,52,data/cam7/cam7_20260110_042849.jpg
cam8,2026-01-10 11:28:50,43,20,1,1,65,data/cam8/cam8_20260110_042850.jpg
cam1,2026-01-10 11:33:44,39,23,0,1,63,data/cam1/cam1_20260110_043344.jpg
cam2,2026-01-10 11:33:45,8,5,2,1,16,data/cam2/cam2_20260110_043345.jpg
cam3,2026-01-10 11:33:46,27,9,2,0,38,data/cam3/cam3_20260110_043346.jpg
cam4,2026-01-10 11:33:47,36,10,4,1,51,data/cam4/cam4_20260110_043347.jpg
cam5,2026-01-10 11:33:48,6,19,5,2,32,data/cam5/cam5_20260110_043348.jpg
cam6,2026-01-10 11:33:49,16,8,6,1,31,data/cam6/cam6_20260110_043349.jpg
cam7,2026-01-10 11:33:49,36,9,3,4,52,data/cam7/cam7_20260110_043349.jpg
cam8,2026-01-10 11:33:50,29,15,5,1,50,data/cam8/cam8_20260110_043350.jpg
cam1,2026-01-10 11:38:44,47,24,3,2,76,data/cam1/cam1_20260110_043844.jpg
cam2,2026-01-10 11:38:45,20,7,3,0,30,data/cam2/cam2_20260110_043845.jpg
cam3,2026-01-10 11:38:46,25,8,2,0,35,data/cam3/cam3_20260110_043846.jpg
cam4,2026-01-10 11:38:47,37,8,2,2,49,data/cam4/cam4_20260110_043847.jpg
cam5,2026-01-10 11:38:48,30,40,5,2,77,data/cam5/cam5_20260110_043848.jpg
cam6,2026-01-10 11:38:48,42,11,3,3,59,data/cam6/cam6_20260110_043848.jpg
cam7,2026-01-10 11:38:49,37,6,2,1,46,data/cam7/cam7_20260110_043849.jpg
cam8,2026-01-10 11:38:50,44,17,2,0,63,data/cam8/cam8_20260110_043850.jpg
cam1,2026-01-10 11:43:44,38,22,1,0,61,data/cam1/cam1_20260110_044344.jpg
cam2,2026-01-10 11:43:45,23,5,0,1,29,data/cam2/cam2_20260110_044345.jpg
cam3,2026-01-10 11:43:46,29,7,1,0,37,data/cam3/cam3_20260110_044346.jpg
cam4,2026-01-10 11:43:47,59,2,0,1,62,data/cam4/cam4_20260110_044347.jpg
cam5,2026-01-10 11:43:48,15,37,4,1,57,data/cam5/cam5_20260110_044348.jpg
cam6,2026-01-10 11:43:48,38,8,11,0,57,data/cam6/cam6_20260110_044348.jpg
cam7,2026-01-10 11:43:49,46,9,4,2,61,data/cam7/cam7_20260110_044349.jpg
cam8,2026-01-10 11:43:50,29,25,0,2,56,data/cam8/cam8_20260110_044350.jpg
cam1,2026-01-10 11:48:44,45,26,1,2,74,data/cam1/cam1_20260110_044844.jpg
cam2,2026-01-10 11:48:45,27,11,2,1,41,data/cam2/cam2_20260110_044845.jpg
cam3,2026-01-10 11:48:47,34,11,1,0,46,data/cam3/cam3_20260110_044847.jpg
cam4,2026-01-10 11:48:48,48,16,0,3,67,data/cam4/cam4_20260110_044848.jpg
cam5,2026-01-10 11:48:51,37,28,4,7,76,data/cam5/cam5_20260110_044851.jpg
cam6,2026-01-10 11:48:53,32,13,6,2,53,data/cam6/cam6_20260110_044853.jpg
cam7,2026-01-10 11:48:54,39,11,4,3,57,data/cam7/cam7_20260110_044854.jpg
cam8,2026-01-10 11:48:57,11,17,6,0,34,data/cam8/cam8_20260110_044857.jpg
cam1,2026-01-10 11:53:44,20,19,4,0,43,data/cam1/cam1_20260110_045344.jpg
cam2,2026-01-10 11:53:48,36,6,1,1,44,data/cam2/cam2_20260110_045348.jpg
cam3,2026-01-10 11:53:51,17,4,3,2,26,data/cam3/cam3_20260110_045351.jpg
cam4,2026-01-10 11:53:52,28,9,4,1,42,data/cam4/cam4_20260110_045352.jpg
cam5,2026-01-10 11:53:54,33,26,7,1,67,data/cam5/cam5_20260110_045354.jpg
cam6,2026-01-10 11:53:57,37,10,11,2,60,data/cam6/cam6_20260110_045357.jpg
cam7,2026-01-10 11:54:03,41,2,4,0,47,data/cam7/cam7_20260110_045403.jpg
cam8,2026-01-10 11:54:05,48,16,2,0,66,data/cam8/cam8_20260110_045405.jpg
cam1,2026-01-10 11:58:44,35,21,3,0,59,data/cam1/cam1_20260110_045844.jpg
cam2,2026-01-10 11:58:45,7,7,2,0,16,data/cam2/cam2_20260110_045845.jpg
cam3,2026-01-10 11:58:49,30,7,2,1,40,data/cam3/cam3_20260110_045849.jpg
cam4,2026-01-10 11:58:50,34,10,1,3,48,data/cam4/cam4_20260110_045850.jpg
cam5,2026-01-10 11:58:51,34,28,2,1,65,data/cam5/cam5_20260110_045851.jpg
cam6,2026-01-10 11:58:52,37,5,8,1,51,data/cam6/cam6_20260110_045852.jpg
cam7,2026-01-10 11:58:54,38,13,3,1,55,data/cam7/cam7_20260110_045854.jpg
cam8,2026-01-10 11:58:55,35,28,1,0,64,data/cam8/cam8_20260110_045855.jpg
cam1,2026-01-10 12:03:44,65,26,3,1,95,data/cam1/cam1_20260110_050344.jpg
cam2,2026-01-10 12:03:46,20,7,4,0,31,data/cam2/cam2_20260110_050346.jpg
cam3,2026-01-10 12:03:47,31,4,2,0,37,data/cam3/cam3_20260110_050347.jpg
cam4,2026-01-10 12:03:49,45,13,0,2,60,data/cam4/cam4_20260110_050349.jpg
cam5,2026-01-10 12:03:50,14,43,2,4,63,data/cam5/cam5_20260110_050350.jpg
cam6,2026-01-10 12:03:51,11,11,3,0,25,data/cam6/cam6_20260110_050351.jpg
cam7,2026-01-10 12:03:54,31,3,1,0,35,data/cam7/cam7_20260110_050354.jpg
cam8,2026-01-10 12:03:55,27,24,8,0,59,data/cam8/cam8_20260110_050355.jpg
cam1,2026-01-10 12:08:44,43,22,3,1,69,data/cam1/cam1_20260110_050844.jpg
cam2,2026-01-10 12:08:45,45,18,0,1,64,data/cam2/cam2_20260110_050845.jpg
cam3,2026-01-10 12:08:47,37,9,4,0,50,data/cam3/cam3_20260110_050847.jpg
cam4,2026-01-10 12:08:50,46,12,2,0,60,data/cam4/cam4_20260110_050850.jpg
cam5,2026-01-10 12:08:51,13,32,8,5,58,data/cam5/cam5_20260110_050851.jpg
cam6,2026-01-10 12:08:52,31,12,6,1,50,data/cam6/cam6_20260110_050852.jpg
cam7,2026-01-10 12:08:53,21,4,0,5,30,data/cam7/cam7_20260110_050853.jpg
cam8,2026-01-10 12:08:54,39,18,0,0,57,data/cam8/cam8_20260110_050854.jpg
cam1,2026-01-10 12:13:44,46,18,4,0,68,data/cam1/cam1_20260110_051344.jpg
cam2,2026-01-10 12:13:47,19,9,0,1,29,data/cam2/cam2_20260110_051347.jpg
cam3,2026-01-10 12:13:48,32,12,3,0,47,data/cam3/cam3_20260110_051348.jpg
cam4,2026-01-10 12:13:50,64,9,1,1,75,data/cam4/cam4_20260110_051350.jpg
cam5,2026-01-10 12:13:52,29,31,6,1,67,data/cam5/cam5_20260110_051352.jpg
cam6,2026-01-10 12:13:56,28,7,4,0,39,data/cam6/cam6_20260110_051356.jpg
cam7,2026-01-10 12:13:57,54,7,1,1,63,data/cam7/cam7_20260110_051357.jpg
cam8,2026-01-10 12:14:00,35,12,5,1,53,data/cam8/cam8_20260110_051400.jpg
cam1,2026-01-10 12:18:44,29,26,0,0,55,data/cam1/cam1_20260110_051844.jpg
cam2,2026-01-10 12:18:46,24,7,0,0,31,data/cam2/cam2_20260110_051846.jpg
cam3,2026-01-10 12:18:47,27,1,1,0,29,data/cam3/cam3_20260110_051847.jpg
cam4,2026-01-10 12:18:48,54,5,3,1,63,data/cam4/cam4_20260110_051848.jpg
cam5,2026-01-10 12:18:49,13,33,1,2,49,data/cam5/cam5_20260110_051849.jpg
cam6,2026-01-10 12:18:51,44,5,4,2,55,data/cam6/cam6_20260110_051851.jpg
cam7,2026-01-10 12:18:52,54,4,0,0,58,data/cam7/cam7_20260110_051852.jpg
cam8,2026-01-10 12:18:53,36,18,1,1,56,data/cam8/cam8_20260110_051853.jpg
cam1,2026-01-10 12:23:44,46,31,4,3,84,data/cam1/cam1_20260110_052344.jpg
cam2,2026-01-10 12:23:46,31,7,1,0,39,data/cam2/cam2_20260110_052346.jpg
cam3,2026-01-10 12:23:47,25,5,1,0,31,data/cam3/cam3_20260110_052347.jpg
cam4,2026-01-10 12:23:48,37,15,0,2,54,data/cam4/cam4_20260110_052348.jpg
cam5,2026-01-10 12:23:49,35,26,3,1,65,data/cam5/cam5_20260110_052349.jpg
cam6,2026-01-10 12:23:51,38,4,6,1,49,data/cam6/cam6_20260110_052351.jpg
cam7,2026-01-10 12:23:52,41,5,3,0,49,data/cam7/cam7_20260110_052352.jpg
cam8,2026-01-10 12:23:53,47,12,1,3,63,data/cam8/cam8_20260110_052353.jpg
cam1,2026-01-10 12:28:44,25,41,4,2,72,data/cam1/cam1_20260110_052844.jpg
cam2,2026-01-10 12:28:45,25,5,2,1,33,data/cam2/cam2_20260110_052845.jpg
cam3,2026-01-10 12:28:46,34,9,1,1,45,data/cam3/cam3_20260110_052846.jpg
cam4,2026-01-10 12:28:48,54,13,1,0,68,data/cam4/cam4_20260110_052848.jpg
cam5,2026-01-10 12:28:49,40,34,4,2,80,data/cam5/cam5_20260110_052849.jpg
cam6,2026-01-10 12:28:50,46,5,4,0,55,data/cam6/cam6_20260110_052850.jpg
cam7,2026-01-10 12:28:52,47,6,5,0,58,data/cam7/cam7_20260110_052852.jpg
cam8,2026-01-10 12:28:53,51,16,6,1,74,data/cam8/cam8_20260110_052853.jpg
cam1,2026-01-10 12:33:44,45,44,10,2,101,data/cam1/cam1_20260110_053344.jpg
cam2,2026-01-10 12:33:45,12,8,1,0,21,data/cam2/cam2_20260110_053345.jpg
cam3,2026-01-10 12:33:47,27,6,2,0,35,data/cam3/cam3_20260110_053347.jpg
cam4,2026-01-10 12:33:49,46,14,2,0,62,data/cam4/cam4_20260110_053349.jpg
cam5,2026-01-10 12:33:51,30,19,3,3,55,data/cam5/cam5_20260110_053351.jpg
cam6,2026-01-10 12:33:52,75,5,4,0,84,data/cam6/cam6_20260110_053352.jpg
cam7,2026-01-10 12:33:54,47,11,2,1,61,data/cam7/cam7_20260110_053354.jpg
cam8,2026-01-10 12:33:55,20,18,1,2,41,data/cam8/cam8_20260110_053355.jpg
cam1,2026-01-10 12:38:44,50,47,5,0,102,data/cam1/cam1_20260110_053844.jpg
cam2,2026-01-10 12:38:46,29,5,2,0,36,data/cam2/cam2_20260110_053846.jpg
cam3,2026-01-10 12:38:48,26,7,1,0,34,data/cam3/cam3_20260110_053848.jpg
cam4,2026-01-10 12:38:50,34,5,2,1,42,data/cam4/cam4_20260110_053850.jpg
cam5,2026-01-10 12:38:52,14,29,2,0,45,data/cam5/cam5_20260110_053852.jpg
cam6,2026-01-10 12:38:54,29,9,7,0,45,data/cam6/cam6_20260110_053854.jpg
cam7,2026-01-10 12:38:56,27,10,4,0,41,data/cam7/cam7_20260110_053856.jpg
cam8,2026-01-10 12:38:57,24,14,1,2,41,data/cam8/cam8_20260110_053857.jpg
cam1,2026-01-10 12:43:44,22,47,2,3,74,data/cam1/cam1_20260110_054344.jpg
cam2,2026-01-10 12:43:46,27,7,3,1,38,data/cam2/cam2_20260110_054346.jpg
cam3,2026-01-10 12:43:48,20,6,1,0,27,data/cam3/cam3_20260110_054348.jpg
cam4,2026-01-10 12:43:49,43,11,2,0,56,data/cam4/cam4_20260110_054349.jpg
cam5,2026-01-10 12:43:50,6,26,5,4,41,data/cam5/cam5_20260110_054350.jpg
cam6,2026-01-10 12:43:53,56,5,3,1,65,data/cam6/cam6_20260110_054353.jpg
cam7,2026-01-10 12:43:55,39,8,5,0,52,data/cam7/cam7_20260110_054355.jpg
cam8,2026-01-10 12:43:56,43,18,1,2,64,data/cam8/cam8_20260110_054356.jpg
cam1,2026-01-10 12:48:44,36,32,1,3,72,data/cam1/cam1_20260110_054844.jpg
cam2,2026-01-10 12:48:46,26,8,0,0,34,data/cam2/cam2_20260110_054846.jpg
cam3,2026-01-10 12:48:48,28,9,3,1,41,data/cam3/cam3_20260110_054848.jpg
cam4,2026-01-10 12:48:50,45,12,6,0,63,data/cam4/cam4_20260110_054850.jpg
cam5,2026-01-10 12:48:52,41,19,4,4,68,data/cam5/cam5_20260110_054852.jpg
cam6,2026-01-10 12:48:53,27,5,3,2,37,data/cam6/cam6_20260110_054853.jpg
cam7,2026-01-10 12:48:55,32,14,5,2,53,data/cam7/cam7_20260110_054855.jpg
cam8,2026-01-10 12:48:56,43,15,2,3,63,data/cam8/cam8_20260110_054856.jpg
cam1,2026-01-10 12:53:44,43,38,4,4,89,data/cam1/cam1_20260110_055344.jpg
cam2,2026-01-10 12:53:46,35,5,1,0,41,data/cam2/cam2_20260110_055346.jpg
cam3,2026-01-10 12:53:47,30,10,6,0,46,data/cam3/cam3_20260110_055347.jpg
cam4,2026-01-10 12:53:49,43,7,1,1,52,data/cam4/cam4_20260110_055349.jpg
cam5,2026-01-10 12:53:50,31,14,7,1,53,data/cam5/cam5_20260110_055350.jpg
cam6,2026-01-10 12:53:53,66,7,6,0,79,data/cam6/cam6_20260110_055353.jpg
cam7,2026-01-10 12:53:55,57,7,4,1,69,data/cam7/cam7_20260110_055355.jpg
cam8,2026-01-10 12:53:57,33,21,6,0,60,data/cam8/cam8_20260110_055357.jpg
cam1,2026-01-10 12:58:44,4,10,1,0,15,data/cam1/cam1_20260110_055844.jpg
cam2,2026-01-10 12:58:46,22,10,1,0,33,data/cam2/cam2_20260110_055846.jpg
cam3,2026-01-10 12:58:48,30,9,1,2,42,data/cam3/cam3_20260110_055848.jpg
cam4,2026-01-10 12:58:53,27,11,1,1,40,data/cam4/cam4_20260110_055853.jpg
cam5,2026-01-10 12:58:55,30,34,6,4,74,data/cam5/cam5_20260110_055855.jpg
cam6,2026-01-10 12:58:56,40,7,2,0,49,data/cam6/cam6_20260110_055856.jpg
cam7,2026-01-10 12:58:58,26,4,2,0,32,data/cam7/cam7_20260110_055858.jpg
cam8,2026-01-10 12:58:59,47,27,2,1,77,data/cam8/cam8_20260110_055859.jpg
cam1,2026-01-10 13:03:44,40,21,2,3,66,data/cam1/cam1_20260110_060344.jpg
cam2,2026-01-10 13:03:47,19,7,2,0,28,data/cam2/cam2_20260110_060347.jpg
cam3,2026-01-10 13:03:50,23,10,3,0,36,data/cam3/cam3_20260110_060350.jpg
cam4,2026-01-10 13:03:54,21,9,3,2,35,data/cam4/cam4_20260110_060354.jpg
cam5,2026-01-10 13:03:57,15,43,2,0,60,data/cam5/cam5_20260110_060357.jpg
cam6,2026-01-10 13:03:59,34,7,2,2,45,data/cam6/cam6_20260110_060359.jpg
cam7,2026-01-10 13:04:01,31,9,2,0,42,data/cam7/cam7_20260110_060401.jpg
cam8,2026-01-10 13:04:04,31,21,4,4,60,data/cam8/cam8_20260110_060404.jpg
cam1,2026-01-10 13:08:44,32,22,3,0,57,data/cam1/cam1_20260110_060844.jpg
cam2,2026-01-10 13:08:46,27,6,1,1,35,data/cam2/cam2_20260110_060846.jpg
cam3,2026-01-10 13:08:48,27,5,1,0,33,data/cam3/cam3_20260110_060848.jpg
cam4,2026-01-10 13:08:49,37,9,3,3,52,data/cam4/cam4_20260110_060849.jpg
cam5,2026-01-10 13:08:51,16,29,3,0,48,data/cam5/cam5_20260110_060851.jpg
cam6,2026-01-10 13:08:52,40,6,2,0,48,data/cam6/cam6_20260110_060852.jpg
cam7,2026-01-10 13:08:53,40,9,1,1,51,data/cam7/cam7_20260110_060853.jpg
cam8,2026-01-10 13:08:54,32,18,3,2,55,data/cam8/cam8_20260110_060854.jpg
cam1,2026-01-10 13:13:44,49,32,1,1,83,data/cam1/cam1_20260110_061344.jpg
cam2,2026-01-10 13:13:48,24,12,1,0,37,data/cam2/cam2_20260110_061348.jpg
cam3,2026-01-10 13:13:49,27,8,1,0,36,data/cam3/cam3_20260110_061349.jpg
cam4,2026-01-10 13:13:50,45,11,3,0,59,data/cam4/cam4_20260110_061350.jpg
cam5,2026-01-10 13:13:52,12,34,11,1,58,data/cam5/cam5_20260110_061352.jpg
cam6,2026-01-10 13:13:53,48,8,2,0,58,data/cam6/cam6_20260110_061353.jpg
cam7,2026-01-10 13:13:55,27,11,2,0,40,data/cam7/cam7_20260110_061355.jpg
cam8,2026-01-10 13:13:58,47,20,3,1,71,data/cam8/cam8_20260110_061358.jpg
cam1,2026-01-10 13:18:44,16,35,4,1,56,data/cam1/cam1_20260110_061844.jpg
cam2,2026-01-10 13:18:45,25,14,6,0,45,data/cam2/cam2_20260110_061845.jpg
cam3,2026-01-10 13:18:48,19,5,2,1,27,data/cam3/cam3_20260110_061848.jpg
cam4,2026-01-10 13:18:49,69,8,1,1,79,data/cam4/cam4_20260110_061849.jpg
cam5,2026-01-10 13:18:50,39,34,7,3,83,data/cam5/cam5_20260110_061850.jpg
cam6,2026-01-10 13:18:51,34,10,4,0,48,data/cam6/cam6_20260110_061851.jpg
cam7,2026-01-10 13:18:53,47,3,1,0,51,data/cam7/cam7_20260110_061853.jpg
cam8,2026-01-10 13:18:54,26,20,5,3,54,data/cam8/cam8_20260110_061854.jpg
cam1,2026-01-10 13:23:44,16,23,1,0,40,data/cam1/cam1_20260110_062344.jpg
cam2,2026-01-10 13:23:46,26,11,1,0,38,data/cam2/cam2_20260110_062346.jpg
cam3,2026-01-10 13:23:47,18,14,2,0,34,data/cam3/cam3_20260110_062347.jpg
cam4,2026-01-10 13:23:48,33,12,3,2,50,data/cam4/cam4_20260110_062348.jpg
cam5,2026-01-10 13:23:49,10,20,4,0,34,data/cam5/cam5_20260110_062349.jpg
cam6,2026-01-10 13:23:50,22,6,7,1,36,data/cam6/cam6_20260110_062350.jpg
cam7,2026-01-10 13:23:51,46,5,1,0,52,data/cam7/cam7_20260110_062351.jpg
cam8,2026-01-10 13:23:53,30,17,4,4,55,data/cam8/cam8_20260110_062353.jpg
cam1,2026-01-10 13:28:44,42,34,0,4,80,data/cam1/cam1_20260110_062844.jpg
cam2,2026-01-10 13:28:46,43,3,1,0,47,data/cam2/cam2_20260110_062846.jpg
cam3,2026-01-10 13:28:47,34,13,7,0,54,data/cam3/cam3_20260110_062847.jpg
cam4,2026-01-10 13:28:50,51,14,1,0,66,data/cam4/cam4_20260110_062850.jpg
cam5,2026-01-10 13:28:51,9,37,3,3,52,data/cam5/cam5_20260110_062851.jpg
cam6,2026-01-10 13:28:52,26,5,3,1,35,data/cam6/cam6_20260110_062852.jpg
cam7,2026-01-10 13:28:58,44,2,4,0,50,data/cam7/cam7_20260110_062858.jpg
cam8,2026-01-10 13:29:01,41,20,2,0,63,data/cam8/cam8_20260110_062901.jpg
cam1,2026-01-10 13:33:44,62,31,5,0,98,data/cam1/cam1_20260110_063344.jpg
cam2,2026-01-10 13:33:45,19,6,2,0,27,data/cam2/cam2_20260110_063345.jpg
cam3,2026-01-10 13:33:47,41,14,1,1,57,data/cam3/cam3_20260110_063347.jpg
cam4,2026-01-10 13:33:50,32,16,3,2,53,data/cam4/cam4_20260110_063350.jpg
cam5,2026-01-10 13:33:52,23,31,3,4,61,data/cam5/cam5_20260110_063352.jpg
cam6,2026-01-10 13:33:53,48,6,3,0,57,data/cam6/cam6_20260110_063353.jpg
cam7,2026-01-10 13:33:55,16,6,0,0,22,data/cam7/cam7_20260110_063355.jpg
cam8,2026-01-10 13:33:56,51,21,1,1,74,data/cam8/cam8_20260110_063356.jpg
cam1,2026-01-10 13:38:44,25,21,1,1,48,data/cam1/cam1_20260110_063844.jpg
cam2,2026-01-10 13:38:46,12,9,2,0,23,data/cam2/cam2_20260110_063846.jpg
cam3,2026-01-10 13:38:47,22,2,2,1,27,data/cam3/cam3_20260110_063847.jpg
cam4,2026-01-10 13:38:49,45,14,1,0,60,data/cam4/cam4_20260110_063849.jpg
cam5,2026-01-10 13:38:50,23,31,7,2,63,data/cam5/cam5_20260110_063850.jpg
cam6,2026-01-10 13:38:52,50,7,6,1,64,data/cam6/cam6_20260110_063852.jpg
cam7,2026-01-10 13:38:53,24,3,0,0,27,data/cam7/cam7_20260110_063853.jpg
cam8,2026-01-10 13:38:54,59,17,5,3,84,data/cam8/cam8_20260110_063854.jpg
cam1,2026-01-10 13:40:28,69,28,0,2,99,data/cam1/cam1_20260110_064028.jpg
cam2,2026-01-10 13:40:29,10,7,1,0,18,data/cam2/cam2_20260110_064029.jpg
cam3,2026-01-10 13:40:32,28,7,4,1,40,data/cam3/cam3_20260110_064032.jpg
cam4,2026-01-10 13:40:34,27,12,3,1,43,data/cam4/cam4_20260110_064034.jpg
cam5,2026-01-10 13:40:34,24,48,8,3,83,data/cam5/cam5_20260110_064034.jpg
cam6,2026-01-10 13:40:37,42,7,2,0,51,data/cam6/cam6_20260110_064037.jpg
cam7,2026-01-10 13:40:38,26,6,0,0,32,data/cam7/cam7_20260110_064038.jpg
cam8,2026-01-10 13:40:40,39,24,2,1,66,data/cam8/cam8_20260110_064040.jpg
cam1,2026-01-10 13:45:28,27,30,3,0,60,data/cam1/cam1_20260110_064528.jpg
cam2,2026-01-10 13:45:30,28,8,2,1,39,data/cam2/cam2_20260110_064530.jpg
cam3,2026-01-10 13:45:31,23,3,2,1,29,data/cam3/cam3_20260110_064531.jpg
cam4,2026-01-10 13:45:32,33,9,2,0,44,data/cam4/cam4_20260110_064532.jpg
cam5,2026-01-10 13:45:34,8,63,3,4,78,data/cam5/cam5_20260110_064534.jpg
cam6,2026-01-10 13:45:36,25,13,7,0,45,data/cam6/cam6_20260110_064536.jpg
cam7,2026-01-10 13:45:37,32,3,1,1,37,data/cam7/cam7_20260110_064537.jpg
cam8,2026-01-10 13:45:39,43,21,1,2,67,data/cam8/cam8_20260110_064539.jpg
cam1,2026-01-10 13:50:28,38,13,0,0,51,data/cam1/cam1_20260110_065028.jpg
cam2,2026-01-10 13:50:32,33,19,1,0,53,data/cam2/cam2_20260110_065032.jpg
cam3,2026-01-10 13:50:33,20,3,4,0,27,data/cam3/cam3_20260110_065033.jpg
cam4,2026-01-10 13:50:34,32,11,5,0,48,data/cam4/cam4_20260110_065034.jpg
cam5,2026-01-10 13:50:37,4,19,2,4,29,data/cam5/cam5_20260110_065037.jpg
cam6,2026-01-10 13:50:40,41,16,3,0,60,data/cam6/cam6_20260110_065040.jpg
cam7,2026-01-10 13:50:42,40,6,1,0,47,data/cam7/cam7_20260110_065042.jpg
cam8,2026-01-10 13:50:45,34,17,5,1,57,data/cam8/cam8_20260110_065045.jpg
cam1,2026-01-10 13:55:28,36,21,2,1,60,data/cam1/cam1_20260110_065528.jpg
cam2,2026-01-10 13:55:30,37,14,0,1,52,data/cam2/cam2_20260110_065530.jpg
cam3,2026-01-10 13:55:31,30,8,5,0,43,data/cam3/cam3_20260110_065531.jpg
cam4,2026-01-10 13:55:34,37,14,1,0,52,data/cam4/cam4_20260110_065534.jpg
cam5,2026-01-10 13:55:37,25,25,4,1,55,data/cam5/cam5_20260110_065537.jpg
cam6,2026-01-10 13:55:39,30,11,3,0,44,data/cam6/cam6_20260110_065539.jpg
cam7,2026-01-10 13:55:41,23,8,1,0,32,data/cam7/cam7_20260110_065541.jpg
cam8,2026-01-10 13:55:42,45,27,3,3,78,data/cam8/cam8_20260110_065542.jpg
cam1,2026-01-10 14:00:28,29,19,0,1,49,data/cam1/cam1_20260110_070028.jpg
cam5,2026-01-10 14:04:22,6,27,9,1,43,data/cam5/cam5_20260110_070422.jpg
cam6,2026-01-10 14:05:17,25,9,11,1,46,data/cam6/cam6_20260110_070517.jpg
cam7,2026-01-10 14:05:17,27,1,0,2,30,data/cam7/cam7_20260110_070517.jpg
cam8,2026-01-10 14:05:19,52,27,0,1,80,data/cam8/cam8_20260110_070519.jpg
cam1,2026-01-10 14:05:28,18,19,2,2,41,data/cam1/cam1_20260110_070528.jpg
cam2,2026-01-10 14:05:30,18,17,2,1,38,data/cam2/cam2_20260110_070530.jpg
cam3,2026-01-10 14:05:32,22,7,2,0,31,data/cam3/cam3_20260110_070532.jpg
cam4,2026-01-10 14:05:33,35,20,1,3,59,data/cam4/cam4_20260110_070533.jpg
cam5,2026-01-10 14:05:35,47,6,4,1,58,data/cam5/cam5_20260110_070535.jpg
cam6,2026-01-10 14:05:36,37,9,10,0,56,data/cam6/cam6_20260110_070536.jpg
cam7,2026-01-10 14:05:37,25,3,1,0,29,data/cam7/cam7_20260110_070537.jpg
cam8,2026-01-10 14:05:38,32,24,1,1,58,data/cam8/cam8_20260110_070538.jpg
cam1,2026-01-10 14:10:28,20,24,4,3,51,data/cam1/cam1_20260110_071028.jpg
cam2,2026-01-10 14:10:30,10,19,1,0,30,data/cam2/cam2_20260110_071030.jpg
cam3,2026-01-10 14:10:32,20,5,0,0,25,data/cam3/cam3_20260110_071032.jpg
cam4,2026-01-10 14:10:33,32,12,2,0,46,data/cam4/cam4_20260110_071033.jpg
cam5,2026-01-10 14:10:34,7,21,8,3,39,data/cam5/cam5_20260110_071034.jpg
cam6,2026-01-10 14:10:35,43,7,7,0,57,data/cam6/cam6_20260110_071035.jpg
cam7,2026-01-10 14:10:36,18,3,1,0,22,data/cam7/cam7_20260110_071036.jpg
cam8,2026-01-10 14:10:36,36,30,6,0,72,data/cam8/cam8_20260110_071036.jpg
cam1,2026-01-10 14:15:28,62,28,4,1,95,data/cam1/cam1_20260110_071528.jpg
cam2,2026-01-10 14:15:32,30,15,6,0,51,data/cam2/cam2_20260110_071532.jpg
cam3,2026-01-10 14:15:34,31,8,1,2,42,data/cam3/cam3_20260110_071534.jpg
cam4,2026-01-10 14:15:37,35,13,2,1,51,data/cam4/cam4_20260110_071537.jpg
cam5,2026-01-10 14:15:39,17,32,3,4,56,data/cam5/cam5_20260110_071539.jpg
cam6,2026-01-10 14:15:41,38,6,4,1,49,data/cam6/cam6_20260110_071541.jpg
cam7,2026-01-10 14:15:42,35,2,1,0,38,data/cam7/cam7_20260110_071542.jpg
cam8,2026-01-10 14:15:45,30,31,1,1,63,data/cam8/cam8_20260110_071545.jpg
cam1,2026-01-10 14:20:28,36,33,1,1,71,data/cam1/cam1_20260110_072028.jpg
cam2,2026-01-10 14:20:30,28,20,2,2,52,data/cam2/cam2_20260110_072030.jpg
cam3,2026-01-10 14:20:37,31,9,2,1,43,data/cam3/cam3_20260110_072037.jpg
cam4,2026-01-10 14:20:40,39,16,2,0,57,data/cam4/cam4_20260110_072040.jpg
cam5,2026-01-10 14:20:43,37,21,6,2,66,data/cam5/cam5_20260110_072043.jpg
cam6,2026-01-10 14:20:43,40,4,2,2,48,data/cam6/cam6_20260110_072043.jpg
cam7,2026-01-10 14:20:45,41,8,3,0,52,data/cam7/cam7_20260110_072045.jpg
cam8,2026-01-10 14:20:47,22,19,4,1,46,data/cam8/cam8_20260110_072047.jpg
cam1,2026-01-10 14:25:28,4,4,2,1,11,data/cam1/cam1_20260110_072528.jpg
cam2,2026-01-10 14:25:30,29,20,2,0,51,data/cam2/cam2_20260110_072530.jpg
cam3,2026-01-10 14:25:33,23,3,1,1,28,data/cam3/cam3_20260110_072533.jpg
cam4,2026-01-10 14:25:33,43,9,0,1,53,data/cam4/cam4_20260110_072533.jpg
cam5,2026-01-10 14:25:36,20,25,7,2,54,data/cam5/cam5_20260110_072536.jpg
cam6,2026-01-10 14:25:38,60,13,4,1,78,data/cam6/cam6_20260110_072538.jpg
cam7,2026-01-10 14:25:40,30,8,1,1,40,data/cam7/cam7_20260110_072540.jpg
cam8,2026-01-10 14:25:42,43,18,1,2,64,data/cam8/cam8_20260110_072542.jpg
cam1,2026-01-10 14:30:28,36,23,3,2,64,data/cam1/cam1_20260110_073028.jpg
cam2,2026-01-10 14:30:30,30,8,1,1,40,data/cam2/cam2_20260110_073030.jpg
cam3,2026-01-10 14:30:30,24,6,1,0,31,data/cam3/cam3_20260110_073030.jpg
cam4,2026-01-10 14:30:32,42,15,2,0,59,data/cam4/cam4_20260110_073032.jpg
cam5,2026-01-10 14:30:34,8,25,5,1,39,data/cam5/cam5_20260110_073034.jpg
cam6,2026-01-10 14:30:36,40,12,6,1,59,data/cam6/cam6_20260110_073036.jpg
cam7,2026-01-10 14:30:38,35,4,4,0,43,data/cam7/cam7_20260110_073038.jpg
cam8,2026-01-10 14:30:39,36,29,4,2,71,data/cam8/cam8_20260110_073039.jpg
cam1,2026-01-10 14:35:28,26,27,2,3,58,data/cam1/cam1_20260110_073528.jpg
cam2,2026-01-10 14:35:42,27,11,0,1,39,data/cam2/cam2_20260110_073542.jpg
cam3,2026-01-10 14:35:57,23,4,1,0,28,data/cam3/cam3_20260110_073557.jpg
cam4,2026-01-10 14:36:00,38,2,0,0,40,data/cam4/cam4_20260110_073600.jpg
cam5,2026-01-10 14:36:05,28,32,8,1,69,data/cam5/cam5_20260110_073605.jpg
cam6,2026-01-10 14:36:07,37,11,8,3,59,data/cam6/cam6_20260110_073607.jpg
cam7,2026-01-10 14:36:09,21,6,1,1,29,data/cam7/cam7_20260110_073609.jpg
cam8,2026-01-10 14:36:10,49,13,2,2,66,data/cam8/cam8_20260110_073610.jpg
cam1,2026-01-10 14:40:28,51,34,0,0,85,data/cam1/cam1_20260110_074028.jpg
cam2,2026-01-10 14:40:33,11,8,0,0,19,data/cam2/cam2_20260110_074033.jpg
cam3,2026-01-10 14:40:35,23,13,5,0,41,data/cam3/cam3_20260110_074035.jpg
cam4,2026-01-10 14:40:36,40,5,1,1,47,data/cam4/cam4_20260110_074036.jpg
cam5,2026-01-10 14:40:38,14,21,7,1,43,data/cam5/cam5_20260110_074038.jpg
cam6,2026-01-10 14:40:39,37,10,3,0,50,data/cam6/cam6_20260110_074039.jpg
cam7,2026-01-10 14:40:45,29,12,2,2,45,data/cam7/cam7_20260110_074045.jpg
cam1,2026-01-10 14:45:28,20,30,0,1,51,data/cam1/cam1_20260110_074528.jpg
cam2,2026-01-10 14:45:33,18,8,0,0,26,data/cam2/cam2_20260110_074533.jpg
cam3,2026-01-10 14:45:34,23,6,2,0,31,data/cam3/cam3_20260110_074534.jpg
cam4,2026-01-10 14:45:35,35,7,1,0,43,data/cam4/cam4_20260110_074535.jpg
cam5,2026-01-10 14:45:36,33,42,2,3,80,data/cam5/cam5_20260110_074536.jpg
cam6,2026-01-10 14:45:38,41,7,4,1,53,data/cam6/cam6_20260110_074538.jpg
cam7,2026-01-10 14:45:39,36,4,1,1,42,data/cam7/cam7_20260110_074539.jpg
cam8,2026-01-10 14:45:41,28,17,0,3,48,data/cam8/cam8_20260110_074541.jpg
cam1,2026-01-10 14:50:28,30,38,2,1,71,data/cam1/cam1_20260110_075028.jpg
cam2,2026-01-10 14:50:31,34,15,2,0,51,data/cam2/cam2_20260110_075031.jpg
cam3,2026-01-10 14:50:34,21,7,3,0,31,data/cam3/cam3_20260110_075034.jpg
cam4,2026-01-10 14:50:36,36,10,7,0,53,data/cam4/cam4_20260110_075036.jpg
cam5,2026-01-10 14:50:38,20,36,4,1,61,data/cam5/cam5_20260110_075038.jpg
cam6,2026-01-10 14:50:39,36,9,3,2,50,data/cam6/cam6_20260110_075039.jpg
cam7,2026-01-10 14:50:40,30,9,2,3,44,data/cam7/cam7_20260110_075040.jpg
cam8,2026-01-10 14:50:41,38,15,5,0,58,data/cam8/cam8_20260110_075041.jpg
cam1,2026-01-10 14:55:28,48,39,2,3,92,data/cam1/cam1_20260110_075528.jpg
cam2,2026-01-10 14:55:30,27,13,0,4,44,data/cam2/cam2_20260110_075530.jpg
cam3,2026-01-10 14:55:32,35,7,1,0,43,data/cam3/cam3_20260110_075532.jpg
cam4,2026-01-10 14:55:32,45,8,2,1,56,data/cam4/cam4_20260110_075532.jpg
cam5,2026-01-10 14:55:35,16,26,1,2,45,data/cam5/cam5_20260110_075535.jpg
cam6,2026-01-10 14:55:36,49,7,3,0,59,data/cam6/cam6_20260110_075536.jpg
cam7,2026-01-10 14:55:38,46,10,3,4,63,data/cam7/cam7_20260110_075538.jpg
cam8,2026-01-10 14:55:39,46,21,3,1,71,data/cam8/cam8_20260110_075539.jpg
cam1,2026-01-10 15:00:28,35,28,1,2,66,data/cam1/cam1_20260110_080028.jpg
cam2,2026-01-10 15:00:30,13,9,2,3,27,data/cam2/cam2_20260110_080030.jpg
cam3,2026-01-10 15:00:32,33,11,4,0,48,data/cam3/cam3_20260110_080032.jpg
cam4,2026-01-10 15:00:34,45,16,3,0,64,data/cam4/cam4_20260110_080034.jpg
cam5,2026-01-10 15:00:35,22,36,1,2,61,data/cam5/cam5_20260110_080035.jpg
cam6,2026-01-10 15:00:37,48,11,2,1,62,data/cam6/cam6_20260110_080037.jpg
cam7,2026-01-10 15:00:37,22,7,2,1,32,data/cam7/cam7_20260110_080037.jpg
cam8,2026-01-10 15:00:39,31,21,1,0,53,data/cam8/cam8_20260110_080039.jpg
cam1,2026-01-10 15:05:28,24,33,4,3,64,data/cam1/cam1_20260110_080528.jpg
cam2,2026-01-10 15:05:29,38,8,2,1,49,data/cam2/cam2_20260110_080529.jpg
cam3,2026-01-10 15:05:30,24,3,1,2,30,data/cam3/cam3_20260110_080530.jpg
cam4,2026-01-10 15:05:31,51,8,4,3,66,data/cam4/cam4_20260110_080531.jpg
cam5,2026-01-10 15:05:32,38,22,2,0,62,data/cam5/cam5_20260110_080532.jpg
cam6,2026-01-10 15:05:32,17,6,2,0,25,data/cam6/cam6_20260110_080532.jpg
cam7,2026-01-10 15:05:33,19,7,0,3,29,data/cam7/cam7_20260110_080533.jpg
cam8,2026-01-10 15:05:34,46,21,1,1,69,data/cam8/cam8_20260110_080534.jpg
cam1,2026-01-10 15:10:28,24,40,2,3,69,data/cam1/cam1_20260110_081028.jpg
cam2,2026-01-10 15:10:30,39,1,0,0,40,data/cam2/cam2_20260110_081030.jpg
cam3,2026-01-10 15:10:32,26,6,1,0,33,data/cam3/cam3_20260110_081032.jpg
cam4,2026-01-10 15:10:33,32,5,0,0,37,data/cam4/cam4_20260110_081033.jpg
cam5,2026-01-10 15:10:35,42,33,2,6,83,data/cam5/cam5_20260110_081035.jpg
cam6,2026-01-10 15:10:36,56,10,3,1,70,data/cam6/cam6_20260110_081036.jpg
cam7,2026-01-10 15:10:37,20,3,1,2,26,data/cam7/cam7_20260110_081037.jpg
cam8,2026-01-10 15:10:38,26,30,1,1,58,data/cam8/cam8_20260110_081038.jpg
cam1,2026-01-10 15:15:28,44,52,2,2,100,data/cam1/cam1_20260110_081528.jpg
cam2,2026-01-10 15:15:30,15,9,0,0,24,data/cam2/cam2_20260110_081530.jpg
cam3,2026-01-10 15:15:32,29,7,1,3,40,data/cam3/cam3_20260110_081532.jpg
cam4,2026-01-10 15:15:33,56,12,1,1,70,data/cam4/cam4_20260110_081533.jpg
cam5,2026-01-10 15:15:35,19,19,2,0,40,data/cam5/cam5_20260110_081535.jpg
cam6,2026-01-10 15:15:37,56,4,4,1,65,data/cam6/cam6_20260110_081537.jpg
cam7,2026-01-10 15:15:39,47,5,0,2,54,data/cam7/cam7_20260110_081539.jpg
cam8,2026-01-10 15:15:40,43,28,1,1,73,data/cam8/cam8_20260110_081540.jpg
cam1,2026-01-10 15:20:28,26,44,2,0,72,data/cam1/cam1_20260110_082028.jpg
cam2,2026-01-10 15:20:30,34,7,0,0,41,data/cam2/cam2_20260110_082030.jpg
cam3,2026-01-10 15:20:30,24,4,1,1,30,data/cam3/cam3_20260110_082030.jpg
cam4,2026-01-10 15:20:31,46,10,3,2,61,data/cam4/cam4_20260110_082031.jpg
cam5,2026-01-10 15:20:33,18,21,2,1,42,data/cam5/cam5_20260110_082033.jpg
cam6,2026-01-10 15:20:33,42,10,2,0,54,data/cam6/cam6_20260110_082033.jpg
cam7,2026-01-10 15:20:34,41,8,0,2,51,data/cam7/cam7_20260110_082034.jpg
cam8,2026-01-10 15:20:36,32,15,1,1,49,data/cam8/cam8_20260110_082036.jpg
cam1,2026-01-10 15:25:28,47,47,0,3,97,data/cam1/cam1_20260110_082528.jpg
cam2,2026-01-10 15:25:30,14,9,2,1,26,data/cam2/cam2_20260110_082530.jpg
cam3,2026-01-10 15:25:30,23,3,0,1,27,data/cam3/cam3_20260110_082530.jpg
cam4,2026-01-10 15:25:32,35,4,1,1,41,data/cam4/cam4_20260110_082532.jpg
cam5,2026-01-10 15:25:33,26,34,1,3,64,data/cam5/cam5_20260110_082533.jpg
cam6,2026-01-10 15:25:33,76,4,3,2,85,data/cam6/cam6_20260110_082533.jpg
cam7,2026-01-10 15:25:35,53,17,3,1,74,data/cam7/cam7_20260110_082535.jpg
cam8,2026-01-10 15:25:36,41,19,3,0,63,data/cam8/cam8_20260110_082536.jpg
cam1,2026-01-10 15:30:28,48,55,0,1,104,data/cam1/cam1_20260110_083028.jpg
cam2,2026-01-10 15:30:30,24,10,2,1,37,data/cam2/cam2_20260110_083030.jpg
cam3,2026-01-10 15:30:31,31,7,3,0,41,data/cam3/cam3_20260110_083031.jpg
cam4,2026-01-10 15:30:32,36,9,4,1,50,data/cam4/cam4_20260110_083032.jpg
cam5,2026-01-10 15:30:33,33,20,4,3,60,data/cam5/cam5_20260110_083033.jpg
cam6,2026-01-10 15:30:34,32,12,1,3,48,data/cam6/cam6_20260110_083034.jpg
cam7,2026-01-10 15:30:35,42,12,5,3,62,data/cam7/cam7_20260110_083035.jpg
cam8,2026-01-10 15:30:37,43,21,0,1,65,data/cam8/cam8_20260110_083037.jpg
cam1,2026-01-10 15:35:28,32,33,1,2,68,data/cam1/cam1_20260110_083528.jpg
cam2,2026-01-10 15:35:30,22,5,1,0,28,data/cam2/cam2_20260110_083530.jpg
cam3,2026-01-10 15:35:31,25,11,2,1,39,data/cam3/cam3_20260110_083531.jpg
cam4,2026-01-10 15:35:32,59,20,0,0,79,data/cam4/cam4_20260110_083532.jpg
cam5,2026-01-10 15:35:33,29,30,3,2,64,data/cam5/cam5_20260110_083533.jpg
cam6,2026-01-10 15:35:34,50,13,0,1,64,data/cam6/cam6_20260110_083534.jpg
cam7,2026-01-10 15:35:37,48,7,2,1,58,data/cam7/cam7_20260110_083537.jpg
cam8,2026-01-10 15:35:40,32,21,0,3,56,data/cam8/cam8_20260110_083540.jpg
cam1,2026-01-10 15:40:28,54,48,1,2,105,data/cam1/cam1_20260110_084028.jpg
cam2,2026-01-10 15:40:31,39,8,0,0,47,data/cam2/cam2_20260110_084031.jpg
cam3,2026-01-10 15:40:32,29,10,1,0,40,data/cam3/cam3_20260110_084032.jpg
cam4,2026-01-10 15:40:35,34,9,1,0,44,data/cam4/cam4_20260110_084035.jpg
cam5,2026-01-10 15:40:36,22,38,2,3,65,data/cam5/cam5_20260110_084036.jpg
cam6,2026-01-10 15:40:37,23,15,0,1,39,data/cam6/cam6_20260110_084037.jpg
cam7,2026-01-10 15:40:38,37,3,0,3,43,data/cam7/cam7_20260110_084038.jpg
cam8,2026-01-10 15:40:39,26,9,0,2,37,data/cam8/cam8_20260110_084039.jpg
cam1,2026-01-10 15:45:28,60,43,0,4,107,data/cam1/cam1_20260110_084528.jpg
cam2,2026-01-10 15:45:30,43,16,0,0,59,data/cam2/cam2_20260110_084530.jpg
cam3,2026-01-10 15:45:32,27,6,0,1,34,data/cam3/cam3_20260110_084532.jpg
cam4,2026-01-10 15:45:33,63,8,0,0,71,data/cam4/cam4_20260110_084533.jpg
cam5,2026-01-10 15:45:33,6,29,4,1,40,data/cam5/cam5_20260110_084533.jpg
cam6,2026-01-10 15:45:34,78,14,0,1,93,data/cam6/cam6_20260110_084534.jpg
cam7,2026-01-10 15:45:35,55,5,1,1,62,data/cam7/cam7_20260110_084535.jpg
cam8,2026-01-10 15:45:36,24,16,0,6,46,data/cam8/cam8_20260110_084536.jpg
cam1,2026-01-10 15:50:28,34,48,7,2,91,data/cam1/cam1_20260110_085028.jpg
cam2,2026-01-10 15:50:31,39,8,0,0,47,data/cam2/cam2_20260110_085031.jpg
cam3,2026-01-10 15:50:33,29,10,1,0,40,data/cam3/cam3_20260110_085033.jpg
cam4,2026-01-10 15:50:33,59,12,1,1,73,data/cam4/cam4_20260110_085033.jpg
cam5,2026-01-10 15:50:34,16,42,4,2,64,data/cam5/cam5_20260110_085034.jpg
cam6,2026-01-10 15:50:35,47,13,2,3,65,data/cam6/cam6_20260110_085035.jpg
cam7,2026-01-10 15:50:37,41,7,1,2,51,data/cam7/cam7_20260110_085037.jpg
cam8,2026-01-10 15:50:38,50,19,0,2,71,data/cam8/cam8_20260110_085038.jpg
cam1,2026-01-10 15:55:28,26,35,0,2,63,data/cam1/cam1_20260110_085528.jpg
cam2,2026-01-10 15:55:30,13,11,0,1,25,data/cam2/cam2_20260110_085530.jpg
cam3,2026-01-10 15:55:31,29,13,1,0,43,data/cam3/cam3_20260110_085531.jpg
cam4,2026-01-10 15:55:32,53,7,0,1,61,data/cam4/cam4_20260110_085532.jpg
cam5,2026-01-10 15:55:33,23,51,1,1,76,data/cam5/cam5_20260110_085533.jpg
cam6,2026-01-10 15:55:33,24,7,0,0,31,data/cam6/cam6_20260110_085533.jpg
cam7,2026-01-10 15:55:35,48,9,3,1,61,data/cam7/cam7_20260110_085535.jpg
cam8,2026-01-10 15:55:37,36,23,1,2,62,data/cam8/cam8_20260110_085537.jpg
cam1,2026-01-10 15:56:21,38,51,2,3,94,data/cam1/cam1_20260110_085621.jpg
cam2,2026-01-10 15:56:22,22,9,1,1,33,data/cam2/cam2_20260110_085622.jpg
cam3,2026-01-10 15:56:23,30,7,4,0,41,data/cam3/cam3_20260110_085623.jpg
cam4,2026-01-10 15:56:24,45,16,2,1,64,data/cam4/cam4_20260110_085624.jpg
cam5,2026-01-10 15:56:26,41,37,1,3,82,data/cam5/cam5_20260110_085626.jpg
cam6,2026-01-10 15:56:27,33,12,0,0,45,data/cam6/cam6_20260110_085627.jpg
cam7,2026-01-10 15:56:27,69,7,1,1,78,data/cam7/cam7_20260110_085627.jpg
cam8,2026-01-10 15:56:28,27,24,2,1,54,data/cam8/cam8_20260110_085628.jpg
cam5,2026-01-10 16:03:36,16,40,0,1,57,data/cam5/cam5_20260110_090336.jpg
cam6,2026-01-10 16:03:37,45,9,1,1,56,data/cam6/cam6_20260110_090337.jpg
cam7,2026-01-10 16:03:39,24,2,1,4,31,data/cam7/cam7_20260110_090339.jpg
cam8,2026-01-10 16:03:39,42,16,0,3,61,data/cam8/cam8_20260110_090339.jpg
cam1,2026-01-10 16:06:21,36,39,1,1,77,data/cam1/cam1_20260110_090621.jpg
cam2,2026-01-10 16:06:23,24,6,0,0,30,data/cam2/cam2_20260110_090623.jpg
cam3,2026-01-10 16:06:24,23,9,1,0,33,data/cam3/cam3_20260110_090624.jpg
cam4,2026-01-10 16:06:25,61,13,0,1,75,data/cam4/cam4_20260110_090625.jpg
cam5,2026-01-10 16:06:26,21,31,5,5,62,data/cam5/cam5_20260110_090626.jpg
cam6,2026-01-10 16:06:27,62,5,0,1,68,data/cam6/cam6_20260110_090627.jpg
cam7,2026-01-10 16:06:29,22,5,0,1,28,data/cam7/cam7_20260110_090629.jpg
cam8,2026-01-10 16:06:29,46,14,1,1,62,data/cam8/cam8_20260110_090629.jpg
cam1,2026-01-10 16:11:21,47,28,0,2,77,data/cam1/cam1_20260110_091121.jpg
cam2,2026-01-10 16:11:22,18,4,0,0,22,data/cam2/cam2_20260110_091122.jpg
cam3,2026-01-10 16:11:23,32,12,1,0,45,data/cam3/cam3_20260110_091123.jpg
cam4,2026-01-10 16:11:25,77,12,0,0,89,data/cam4/cam4_20260110_091125.jpg
cam5,2026-01-10 16:11:26,10,43,0,0,53,data/cam5/cam5_20260110_091126.jpg
cam6,2026-01-10 16:11:27,44,7,0,0,51,data/cam6/cam6_20260110_091127.jpg
cam7,2026-01-10 16:11:28,42,13,0,1,56,data/cam7/cam7_20260110_091128.jpg
cam8,2026-01-10 16:11:30,43,11,1,3,58,data/cam8/cam8_20260110_091130.jpg
cam1,2026-01-10 16:16:21,28,37,0,1,66,data/cam1/cam1_20260110_091621.jpg
cam2,2026-01-10 16:16:22,20,4,0,0,24,data/cam2/cam2_20260110_091622.jpg
cam3,2026-01-10 16:16:23,22,5,1,4,32,data/cam3/cam3_20260110_091623.jpg
cam4,2026-01-10 16:16:24,47,10,1,0,58,data/cam4/cam4_20260110_091624.jpg
cam5,2026-01-10 16:16:25,17,18,1,4,40,data/cam5/cam5_20260110_091625.jpg
cam6,2026-01-10 16:16:26,42,15,0,4,61,data/cam6/cam6_20260110_091626.jpg
cam7,2026-01-10 16:16:28,45,6,0,2,53,data/cam7/cam7_20260110_091628.jpg
cam8,2026-01-10 16:16:29,44,18,1,2,65,data/cam8/cam8_20260110_091629.jpg
cam1,2026-01-10 16:21:21,45,30,1,2,78,data/cam1/cam1_20260110_092121.jpg
cam2,2026-01-10 16:21:26,23,2,0,0,25,data/cam2/cam2_20260110_092126.jpg
cam3,2026-01-10 16:21:28,36,4,2,0,42,data/cam3/cam3_20260110_092128.jpg
cam4,2026-01-10 16:21:29,65,9,0,1,75,data/cam4/cam4_20260110_092129.jpg
cam5,2026-01-10 16:21:31,31,53,0,2,86,data/cam5/cam5_20260110_092131.jpg
cam6,2026-01-10 16:21:32,97,6,0,0,103,data/cam6/cam6_20260110_092132.jpg
cam7,2026-01-10 16:21:34,44,13,1,2,60,data/cam7/cam7_20260110_092134.jpg
cam8,2026-01-10 16:21:36,46,8,0,1,55,data/cam8/cam8_20260110_092136.jpg
cam1,2026-01-10 16:26:21,48,56,0,1,105,data/cam1/cam1_20260110_092621.jpg
cam2,2026-01-10 16:26:23,28,7,0,0,35,data/cam2/cam2_20260110_092623.jpg
cam3,2026-01-10 16:26:24,41,5,3,0,49,data/cam3/cam3_20260110_092624.jpg
cam4,2026-01-10 16:26:25,75,14,0,2,91,data/cam4/cam4_20260110_092625.jpg
cam5,2026-01-10 16:26:28,36,47,0,2,85,data/cam5/cam5_20260110_092628.jpg
cam6,2026-01-10 16:26:30,67,15,0,0,82,data/cam6/cam6_20260110_092630.jpg
cam7,2026-01-10 16:26:32,26,4,1,4,35,data/cam7/cam7_20260110_092632.jpg
cam8,2026-01-10 16:26:33,43,13,1,1,58,data/cam8/cam8_20260110_092633.jpg
cam1,2026-01-10 16:31:21,37,42,0,1,80,data/cam1/cam1_20260110_093121.jpg
cam2,2026-01-10 16:31:22,23,11,0,0,34,data/cam2/cam2_20260110_093122.jpg
cam3,2026-01-10 16:31:24,28,6,4,1,39,data/cam3/cam3_20260110_093124.jpg
cam4,2026-01-10 16:31:26,38,10,0,0,48,data/cam4/cam4_20260110_093126.jpg
cam5,2026-01-10 16:31:28,32,25,0,0,57,data/cam5/cam5_20260110_093128.jpg
cam6,2026-01-10 16:31:30,44,11,2,3,60,data/cam6/cam6_20260110_093130.jpg
cam7,2026-01-10 16:31:32,27,16,0,1,44,data/cam7/cam7_20260110_093132.jpg
cam8,2026-01-10 16:31:32,62,18,0,1,81,data/cam8/cam8_20260110_093132.jpg
cam1,2026-01-10 16:36:21,37,43,2,0,82,data/cam1/cam1_20260110_093621.jpg
cam2,2026-01-10 16:36:22,14,8,0,1,23,data/cam2/cam2_20260110_093622.jpg
cam3,2026-01-10 16:36:23,41,7,2,0,50,data/cam3/cam3_20260110_093623.jpg
cam4,2026-01-10 16:36:24,31,14,1,0,46,data/cam4/cam4_20260110_093624.jpg
cam5,2026-01-10 16:36:25,43,20,0,2,65,data/cam5/cam5_20260110_093625.jpg
cam6,2026-01-10 16:36:27,49,10,0,2,61,data/cam6/cam6_20260110_093627.jpg
cam7,2026-01-10 16:36:28,24,8,0,2,34,data/cam7/cam7_20260110_093628.jpg
cam8,2026-01-10 16:36:29,42,19,0,0,61,data/cam8/cam8_20260110_093629.jpg
cam1,2026-01-10 16:41:21,25,52,0,1,78,data/cam1/cam1_20260110_094121.jpg
cam2,2026-01-10 16:41:22,48,2,0,0,50,data/cam2/cam2_20260110_094122.jpg
cam3,2026-01-10 16:41:23,42,8,1,0,51,data/cam3/cam3_20260110_094123.jpg
cam4,2026-01-10 16:41:24,41,13,0,1,55,data/cam4/cam4_20260110_094124.jpg
cam5,2026-01-10 16:41:25,37,43,1,3,84,data/cam5/cam5_20260110_094125.jpg
cam6,2026-01-10 16:41:26,91,4,0,1,96,data/cam6/cam6_20260110_094126.jpg
cam7,2026-01-10 16:41:27,39,5,1,1,46,data/cam7/cam7_20260110_094127.jpg
cam8,2026-01-10 16:41:30,50,21,1,1,73,data/cam8/cam8_20260110_094130.jpg
cam1,2026-01-10 16:46:21,56,49,0,3,108,data/cam1/cam1_20260110_094621.jpg
cam2,2026-01-10 16:46:23,23,2,0,0,25,data/cam2/cam2_20260110_094623.jpg
cam3,2026-01-10 16:46:25,50,8,1,0,59,data/cam3/cam3_20260110_094625.jpg
cam4,2026-01-10 16:46:26,37,13,0,2,52,data/cam4/cam4_20260110_094626.jpg
cam5,2026-01-10 16:46:27,27,57,1,3,88,data/cam5/cam5_20260110_094627.jpg
cam6,2026-01-10 16:46:28,97,9,0,1,107,data/cam6/cam6_20260110_094628.jpg
cam7,2026-01-10 16:46:30,33,5,1,1,40,data/cam7/cam7_20260110_094630.jpg
cam8,2026-01-10 16:46:31,51,21,0,1,73,data/cam8/cam8_20260110_094631.jpg
cam1,2026-01-10 16:51:21,70,55,1,2,128,data/cam1/cam1_20260110_095121.jpg
cam2,2026-01-10 16:51:23,32,2,0,0,34,data/cam2/cam2_20260110_095123.jpg
cam3,2026-01-10 16:51:24,50,10,1,0,61,data/cam3/cam3_20260110_095124.jpg
cam4,2026-01-10 16:51:26,61,17,0,0,78,data/cam4/cam4_20260110_095126.jpg
cam5,2026-01-10 16:51:27,35,41,2,5,83,data/cam5/cam5_20260110_095127.jpg
cam6,2026-01-10 16:51:30,75,6,1,2,84,data/cam6/cam6_20260110_095130.jpg
cam7,2026-01-10 16:51:31,27,11,0,1,39,data/cam7/cam7_20260110_095131.jpg
cam8,2026-01-10 16:51:33,52,17,0,1,70,data/cam8/cam8_20260110_095133.jpg
cam1,2026-01-10 16:56:21,28,34,1,3,66,data/cam1/cam1_20260110_095621.jpg
cam2,2026-01-10 16:56:22,29,12,0,0,41,data/cam2/cam2_20260110_095622.jpg
cam3,2026-01-10 16:56:24,25,7,1,0,33,data/cam3/cam3_20260110_095624.jpg
cam4,2026-01-10 16:56:25,39,15,0,0,54,data/cam4/cam4_20260110_095625.jpg
cam5,2026-01-10 16:56:27,48,22,1,1,72,data/cam5/cam5_20260110_095627.jpg
cam6,2026-01-10 16:56:30,41,7,3,1,52,data/cam6/cam6_20260110_095630.jpg
cam7,2026-01-10 16:56:32,30,6,0,4,40,data/cam7/cam7_20260110_095632.jpg
cam8,2026-01-10 16:56:34,50,23,0,0,73,data/cam8/cam8_20260110_095634.jpg
cam1,2026-01-10 16:59:29,45,40,2,7,94,data/cam1/cam1_20260110_095929.jpg
cam2,2026-01-10 16:59:30,30,8,0,1,39,data/cam2/cam2_20260110_095930.jpg
cam3,2026-01-10 16:59:31,44,7,1,0,52,data/cam3/cam3_20260110_095931.jpg
cam4,2026-01-10 16:59:32,36,10,0,0,46,data/cam4/cam4_20260110_095932.jpg
cam5,2026-01-10 16:59:34,40,42,0,1,83,data/cam5/cam5_20260110_095934.jpg
cam6,2026-01-10 16:59:37,82,6,0,1,89,data/cam6/cam6_20260110_095937.jpg
cam7,2026-01-10 16:59:37,20,6,2,1,29,data/cam7/cam7_20260110_095937.jpg
cam8,2026-01-10 16:59:38,50,20,0,1,71,data/cam8/cam8_20260110_095938.jpg
cam1,2026-01-10 17:04:29,33,45,0,3,81,data/cam1/cam1_20260110_100429.jpg
cam2,2026-01-10 17:04:30,43,9,0,0,52,data/cam2/cam2_20260110_100430.jpg
cam3,2026-01-10 17:04:31,44,13,2,1,60,data/cam3/cam3_20260110_100431.jpg
cam4,2026-01-10 17:04:33,55,11,0,0,66,data/cam4/cam4_20260110_100433.jpg
cam5,2026-01-10 17:04:34,17,29,0,2,48,data/cam5/cam5_20260110_100434.jpg
cam6,2026-01-10 17:04:35,48,6,0,3,57,data/cam6/cam6_20260110_100435.jpg
cam7,2026-01-10 17:04:37,29,7,0,2,38,data/cam7/cam7_20260110_100437.jpg
cam8,2026-01-10 17:04:38,54,18,1,2,75,data/cam8/cam8_20260110_100438.jpg
cam1,2026-01-10 17:09:29,57,40,0,3,100,data/cam1/cam1_20260110_100929.jpg
cam2,2026-01-10 17:09:30,41,3,0,0,44,data/cam2/cam2_20260110_100930.jpg
cam3,2026-01-10 17:09:31,44,3,1,1,49,data/cam3/cam3_20260110_100931.jpg
cam4,2026-01-10 17:09:33,39,23,0,2,64,data/cam4/cam4_20260110_100933.jpg
cam5,2026-01-10 17:09:34,42,25,2,1,70,data/cam5/cam5_20260110_100934.jpg
cam6,2026-01-10 17:09:35,85,9,1,1,96,data/cam6/cam6_20260110_100935.jpg
cam7,2026-01-10 17:09:39,26,2,0,3,31,data/cam7/cam7_20260110_100939.jpg
cam8,2026-01-10 17:09:40,38,12,2,2,54,data/cam8/cam8_20260110_100940.jpg
cam1,2026-01-10 17:14:29,31,36,0,2,69,data/cam1/cam1_20260110_101429.jpg
cam2,2026-01-10 17:14:30,29,9,0,1,39,data/cam2/cam2_20260110_101430.jpg
cam3,2026-01-10 17:14:31,43,8,1,0,52,data/cam3/cam3_20260110_101431.jpg
cam4,2026-01-10 17:14:32,33,5,0,0,38,data/cam4/cam4_20260110_101432.jpg
cam5,2026-01-10 17:14:34,29,40,0,3,72,data/cam5/cam5_20260110_101434.jpg
cam6,2026-01-10 17:14:37,33,12,0,0,45,data/cam6/cam6_20260110_101437.jpg
cam7,2026-01-10 17:14:38,13,9,0,4,26,data/cam7/cam7_20260110_101438.jpg
cam8,2026-01-10 17:14:40,66,17,0,2,85,data/cam8/cam8_20260110_101440.jpg
cam1,2026-01-10 17:19:29,62,16,0,0,78,data/cam1/cam1_20260110_101929.jpg
cam2,2026-01-10 17:19:30,23,3,0,0,26,data/cam2/cam2_20260110_101930.jpg
cam3,2026-01-10 17:19:33,41,9,1,0,51,data/cam3/cam3_20260110_101933.jpg
cam4,2026-01-10 17:19:35,56,9,0,0,65,data/cam4/cam4_20260110_101935.jpg
cam5,2026-01-10 17:19:36,43,35,0,2,80,data/cam5/cam5_20260110_101936.jpg
cam6,2026-01-10 17:19:37,39,8,1,3,51,data/cam6/cam6_20260110_101937.jpg
cam7,2026-01-10 17:19:38,46,8,1,2,57,data/cam7/cam7_20260110_101938.jpg
cam8,2026-01-10 17:19:39,54,14,0,6,74,data/cam8/cam8_20260110_101939.jpg
cam1,2026-01-10 17:24:29,65,49,0,1,115,data/cam1/cam1_20260110_102429.jpg
cam2,2026-01-10 17:24:30,28,4,1,1,34,data/cam2/cam2_20260110_102430.jpg
cam3,2026-01-10 17:24:32,46,7,1,0,54,data/cam3/cam3_20260110_102432.jpg
cam4,2026-01-10 17:24:34,58,11,1,0,70,data/cam4/cam4_20260110_102434.jpg
cam5,2026-01-10 17:24:37,56,36,0,1,93,data/cam5/cam5_20260110_102437.jpg
cam6,2026-01-10 17:24:39,53,9,1,3,66,data/cam6/cam6_20260110_102439.jpg
cam7,2026-01-10 17:24:40,42,8,0,1,51,data/cam7/cam7_20260110_102440.jpg
cam8,2026-01-10 17:24:42,83,25,0,2,110,data/cam8/cam8_20260110_102442.jpg
cam1,2026-01-10 17:29:29,49,47,0,0,96,data/cam1/cam1_20260110_102929.jpg
cam2,2026-01-10 17:29:30,42,19,1,0,62,data/cam2/cam2_20260110_102930.jpg
cam3,2026-01-10 17:29:32,30,4,1,0,35,data/cam3/cam3_20260110_102932.jpg
cam4,2026-01-10 17:29:33,45,4,0,1,50,data/cam4/cam4_20260110_102933.jpg
cam5,2026-01-10 17:29:35,35,48,0,1,84,data/cam5/cam5_20260110_102935.jpg
cam6,2026-01-10 17:29:37,68,7,2,0,77,data/cam6/cam6_20260110_102937.jpg
cam7,2026-01-10 17:29:38,33,11,0,2,46,data/cam7/cam7_20260110_102938.jpg
cam8,2026-01-10 17:29:39,48,33,1,1,83,data/cam8/cam8_20260110_102939.jpg
cam1,2026-01-10 17:34:29,48,27,1,2,78,data/cam1/cam1_20260110_103429.jpg
cam2,2026-01-10 17:34:35,20,7,0,1,28,data/cam2/cam2_20260110_103435.jpg
cam3,2026-01-10 17:34:36,41,7,1,0,49,data/cam3/cam3_20260110_103436.jpg
cam4,2026-01-10 17:34:39,36,8,1,2,47,data/cam4/cam4_20260110_103439.jpg
cam5,2026-01-10 17:34:43,39,44,1,0,84,data/cam5/cam5_20260110_103443.jpg
cam6,2026-01-10 17:34:53,48,9,0,0,57,data/cam6/cam6_20260110_103453.jpg
cam7,2026-01-10 17:34:58,39,16,0,3,58,data/cam7/cam7_20260110_103458.jpg
cam1,2026-01-10 17:39:29,56,22,0,0,78,data/cam1/cam1_20260110_103929.jpg
cam2,2026-01-10 17:39:32,27,10,1,0,38,data/cam2/cam2_20260110_103932.jpg
cam3,2026-01-10 17:39:34,45,11,1,0,57,data/cam3/cam3_20260110_103934.jpg
cam4,2026-01-10 17:39:35,33,16,0,0,49,data/cam4/cam4_20260110_103935.jpg
cam5,2026-01-10 17:39:37,26,37,1,1,65,data/cam5/cam5_20260110_103937.jpg
cam6,2026-01-10 17:39:39,53,8,1,1,63,data/cam6/cam6_20260110_103939.jpg
cam7,2026-01-10 17:39:42,34,16,1,3,54,data/cam7/cam7_20260110_103942.jpg
cam8,2026-01-10 17:39:43,43,25,0,0,68,data/cam8/cam8_20260110_103943.jpg
cam1,2026-01-10 17:44:29,63,41,1,2,107,data/cam1/cam1_20260110_104429.jpg
cam2,2026-01-10 17:44:30,42,2,0,0,44,data/cam2/cam2_20260110_104430.jpg
cam3,2026-01-10 17:44:31,37,5,0,0,42,data/cam3/cam3_20260110_104431.jpg
cam4,2026-01-10 17:44:33,43,9,0,0,52,data/cam4/cam4_20260110_104433.jpg
cam5,2026-01-10 17:44:35,15,29,0,1,45,data/cam5/cam5_20260110_104435.jpg
cam6,2026-01-10 17:44:38,41,9,2,0,52,data/cam6/cam6_20260110_104438.jpg
cam7,2026-01-10 17:44:39,11,15,3,2,31,data/cam7/cam7_20260110_104439.jpg
cam8,2026-01-10 17:44:41,37,21,0,0,58,data/cam8/cam8_20260110_104441.jpg
cam1,2026-01-10 17:49:29,51,53,0,1,105,data/cam1/cam1_20260110_104929.jpg
cam2,2026-01-10 17:49:30,18,7,0,0,25,data/cam2/cam2_20260110_104930.jpg
cam3,2026-01-10 17:49:32,21,5,0,1,27,data/cam3/cam3_20260110_104932.jpg
cam4,2026-01-10 17:49:34,34,2,0,0,36,data/cam4/cam4_20260110_104934.jpg
cam5,2026-01-10 17:49:36,35,27,2,3,67,data/cam5/cam5_20260110_104936.jpg
cam6,2026-01-10 17:49:38,72,0,1,0,73,data/cam6/cam6_20260110_104938.jpg
cam7,2026-01-10 17:49:39,15,8,0,3,26,data/cam7/cam7_20260110_104939.jpg
cam8,2026-01-10 17:49:40,38,17,0,4,59,data/cam8/cam8_20260110_104940.jpg
cam1,2026-01-10 17:54:29,34,33,0,0,67,data/cam1/cam1_20260110_105429.jpg
cam2,2026-01-10 17:54:30,35,12,0,0,47,data/cam2/cam2_20260110_105430.jpg
cam3,2026-01-10 17:54:31,31,10,0,0,41,data/cam3/cam3_20260110_105431.jpg
cam4,2026-01-10 17:54:33,47,6,0,1,54,data/cam4/cam4_20260110_105433.jpg
cam5,2026-01-10 17:54:35,38,30,0,2,70,data/cam5/cam5_20260110_105435.jpg
cam6,2026-01-10 17:54:35,50,13,2,0,65,data/cam6/cam6_20260110_105435.jpg
cam7,2026-01-10 17:54:36,39,7,0,2,48,data/cam7/cam7_20260110_105436.jpg
cam8,2026-01-10 17:54:37,32,25,0,0,57,data/cam8/cam8_20260110_105437.jpg
cam1,2026-01-10 17:59:29,46,20,1,0,67,data/cam1/cam1_20260110_105929.jpg
cam2,2026-01-10 17:59:30,32,7,0,0,39,data/cam2/cam2_20260110_105930.jpg
cam3,2026-01-10 17:59:31,37,6,1,0,44,data/cam3/cam3_20260110_105931.jpg
cam4,2026-01-10 17:59:32,42,7,0,0,49,data/cam4/cam4_20260110_105932.jpg
cam5,2026-01-10 17:59:34,24,32,0,0,56,data/cam5/cam5_20260110_105934.jpg
cam6,2026-01-10 17:59:35,67,2,1,0,70,data/cam6/cam6_20260110_105935.jpg
cam7,2026-01-10 17:59:37,32,14,0,2,48,data/cam7/cam7_20260110_105937.jpg
cam8,2026-01-10 17:59:37,26,20,0,1,47,data/cam8/cam8_20260110_105937.jpg
cam1,2026-01-10 18:04:29,33,32,0,1,66,data/cam1/cam1_20260110_110429.jpg
cam2,2026-01-10 18:04:31,16,0,0,0,16,data/cam2/cam2_20260110_110431.jpg
cam3,2026-01-10 18:04:32,25,5,0,0,30,data/cam3/cam3_20260110_110432.jpg
cam4,2026-01-10 18:04:33,37,4,0,0,41,data/cam4/cam4_20260110_110433.jpg
cam5,2026-01-10 18:04:34,15,17,0,1,33,data/cam5/cam5_20260110_110434.jpg
cam6,2026-01-10 18:04:35,41,12,0,0,53,data/cam6/cam6_20260110_110435.jpg
cam7,2026-01-10 18:04:37,35,13,0,4,52,data/cam7/cam7_20260110_110437.jpg
cam8,2026-01-10 18:04:38,37,12,0,3,52,data/cam8/cam8_20260110_110438.jpg
cam1,2026-01-10 18:09:29,52,19,0,0,71,data/cam1/cam1_20260110_110929.jpg
cam2,2026-01-10 18:09:31,42,12,0,0,54,data/cam2/cam2_20260110_110931.jpg
cam3,2026-01-10 18:09:33,28,8,0,1,37,data/cam3/cam3_20260110_110933.jpg
cam4,2026-01-10 18:09:35,49,7,0,3,59,data/cam4/cam4_20260110_110935.jpg
cam5,2026-01-10 18:09:36,5,21,0,0,26,data/cam5/cam5_20260110_110936.jpg
cam6,2026-01-10 18:09:38,43,6,0,0,49,data/cam6/cam6_20260110_110938.jpg
cam7,2026-01-10 18:09:39,15,12,0,3,30,data/cam7/cam7_20260110_110939.jpg
cam8,2026-01-10 18:09:42,24,15,0,4,43,data/cam8/cam8_20260110_110942.jpg
cam1,2026-01-10 18:14:29,24,19,0,0,43,data/cam1/cam1_20260110_111429.jpg
cam2,2026-01-10 18:14:31,60,10,0,0,70,data/cam2/cam2_20260110_111431.jpg
cam3,2026-01-10 18:14:32,27,5,1,0,33,data/cam3/cam3_20260110_111432.jpg
cam4,2026-01-10 18:14:34,29,1,0,0,30,data/cam4/cam4_20260110_111434.jpg
cam5,2026-01-10 18:14:35,54,10,0,0,64,data/cam5/cam5_20260110_111435.jpg
cam6,2026-01-10 18:14:35,53,5,0,0,58,data/cam6/cam6_20260110_111435.jpg
cam7,2026-01-10 18:14:36,26,10,0,1,37,data/cam7/cam7_20260110_111436.jpg
cam8,2026-01-10 18:14:38,44,7,0,2,53,data/cam8/cam8_20260110_111438.jpg
cam1,2026-01-10 18:19:29,39,18,0,0,57,data/cam1/cam1_20260110_111929.jpg
cam2,2026-01-10 18:19:30,44,8,0,0,52,data/cam2/cam2_20260110_111930.jpg
cam3,2026-01-10 18:19:31,37,4,0,0,41,data/cam3/cam3_20260110_111931.jpg
cam4,2026-01-10 18:19:32,33,6,0,0,39,data/cam4/cam4_20260110_111932.jpg
cam5,2026-01-10 18:19:33,20,46,0,0,66,data/cam5/cam5_20260110_111933.jpg
cam6,2026-01-10 18:19:35,26,5,0,1,32,data/cam6/cam6_20260110_111935.jpg
cam7,2026-01-10 18:19:37,29,8,0,4,41,data/cam7/cam7_20260110_111937.jpg
cam8,2026-01-10 18:19:38,21,19,1,1,42,data/cam8/cam8_20260110_111938.jpg
cam1,2026-01-10 18:24:29,27,32,0,1,60,data/cam1/cam1_20260110_112429.jpg
cam2,2026-01-10 18:24:30,40,6,0,2,48,data/cam2/cam2_20260110_112430.jpg
cam3,2026-01-10 18:24:33,21,7,1,0,29,data/cam3/cam3_20260110_112433.jpg
cam4,2026-01-10 18:24:34,47,14,0,0,61,data/cam4/cam4_20260110_112434.jpg
cam5,2026-01-10 18:24:35,25,27,0,1,53,data/cam5/cam5_20260110_112435.jpg
cam6,2026-01-10 18:24:37,48,6,0,1,55,data/cam6/cam6_20260110_112437.jpg
cam7,2026-01-10 18:24:39,20,8,0,2,30,data/cam7/cam7_20260110_112439.jpg
cam8,2026-01-10 18:24:40,19,21,0,0,40,data/cam8/cam8_20260110_112440.jpg
cam1,2026-01-10 18:29:29,66,15,0,0,81,data/cam1/cam1_20260110_112929.jpg
cam2,2026-01-10 18:29:31,43,5,0,0,48,data/cam2/cam2_20260110_112931.jpg
cam3,2026-01-10 18:29:32,10,2,0,0,12,data/cam3/cam3_20260110_112932.jpg
cam4,2026-01-10 18:29:34,40,3,0,0,43,data/cam4/cam4_20260110_112934.jpg
cam5,2026-01-10 18:29:35,25,31,0,1,57,data/cam5/cam5_20260110_112935.jpg
cam6,2026-01-10 18:29:37,52,5,0,0,57,data/cam6/cam6_20260110_112937.jpg
cam7,2026-01-10 18:29:40,24,10,0,1,35,data/cam7/cam7_20260110_112940.jpg
cam8,2026-01-10 18:29:42,38,14,0,0,52,data/cam8/cam8_20260110_112942.jpg
cam1,2026-01-10 18:34:29,43,24,0,3,70,data/cam1/cam1_20260110_113429.jpg
cam2,2026-01-10 18:34:31,10,4,0,0,14,data/cam2/cam2_20260110_113431.jpg
cam3,2026-01-10 18:34:31,27,5,0,0,32,data/cam3/cam3_20260110_113431.jpg
cam4,2026-01-10 18:34:33,34,1,2,0,37,data/cam4/cam4_20260110_113433.jpg
cam5,2026-01-10 18:34:34,20,30,0,2,52,data/cam5/cam5_20260110_113434.jpg
cam6,2026-01-10 18:34:36,23,10,0,1,34,data/cam6/cam6_20260110_113436.jpg
cam7,2026-01-10 18:34:37,36,3,0,1,40,data/cam7/cam7_20260110_113437.jpg
cam8,2026-01-10 18:34:37,27,21,0,0,48,data/cam8/cam8_20260110_113437.jpg
cam1,2026-01-10 18:39:29,23,22,0,1,46,data/cam1/cam1_20260110_113929.jpg
cam2,2026-01-10 18:39:31,15,1,0,0,16,data/cam2/cam2_20260110_113931.jpg
cam3,2026-01-10 18:39:33,22,11,0,0,33,data/cam3/cam3_20260110_113933.jpg
cam4,2026-01-10 18:39:34,42,3,0,1,46,data/cam4/cam4_20260110_113934.jpg
cam5,2026-01-10 18:39:36,5,19,0,0,24,data/cam5/cam5_20260110_113936.jpg
cam6,2026-01-10 18:39:36,35,5,0,1,41,data/cam6/cam6_20260110_113936.jpg
cam7,2026-01-10 18:39:38,38,1,0,1,40,data/cam7/cam7_20260110_113938.jpg
cam8,2026-01-10 18:39:40,34,13,0,1,48,data/cam8/cam8_20260110_113940.jpg
cam1,2026-01-10 18:44:29,29,25,2,0,56,data/cam1/cam1_20260110_114429.jpg
cam2,2026-01-10 18:44:30,35,8,0,0,43,data/cam2/cam2_20260110_114430.jpg
cam3,2026-01-10 18:44:32,39,7,1,0,47,data/cam3/cam3_20260110_114432.jpg
cam4,2026-01-10 18:44:34,53,5,0,0,58,data/cam4/cam4_20260110_114434.jpg
cam5,2026-01-10 18:44:35,22,22,0,1,45,data/cam5/cam5_20260110_114435.jpg
cam6,2026-01-10 18:44:37,27,12,0,0,39,data/cam6/cam6_20260110_114437.jpg
cam7,2026-01-10 18:44:39,32,8,0,2,42,data/cam7/cam7_20260110_114439.jpg
cam8,2026-01-10 18:44:40,31,6,0,1,38,data/cam8/cam8_20260110_114440.jpg
cam1,2026-01-10 18:49:29,28,22,0,3,53,data/cam1/cam1_20260110_114929.jpg
cam2,2026-01-10 18:49:30,30,10,0,0,40,data/cam2/cam2_20260110_114930.jpg
cam3,2026-01-10 18:49:31,27,2,0,0,29,data/cam3/cam3_20260110_114931.jpg
cam4,2026-01-10 18:49:32,26,2,0,0,28,data/cam4/cam4_20260110_114932.jpg
cam5,2026-01-10 18:49:34,31,21,0,1,53,data/cam5/cam5_20260110_114934.jpg
cam6,2026-01-10 18:49:35,41,9,0,0,50,data/cam6/cam6_20260110_114935.jpg
cam7,2026-01-10 18:49:36,27,3,0,2,32,data/cam7/cam7_20260110_114936.jpg
cam8,2026-01-10 18:49:38,37,10,1,3,51,data/cam8/cam8_20260110_114938.jpg
cam1,2026-01-10 18:54:29,39,17,0,1,57,data/cam1/cam1_20260110_115429.jpg
cam2,2026-01-10 18:54:31,31,9,0,0,40,data/cam2/cam2_20260110_115431.jpg
cam3,2026-01-10 18:54:31,17,5,0,0,22,data/cam3/cam3_20260110_115431.jpg
cam4,2026-01-10 18:54:32,35,3,1,0,39,data/cam4/cam4_20260110_115432.jpg
cam5,2026-01-10 18:54:34,35,8,0,0,43,data/cam5/cam5_20260110_115434.jpg
cam6,2026-01-10 18:54:36,55,6,0,0,61,data/cam6/cam6_20260110_115436.jpg
cam7,2026-01-10 18:54:37,24,4,0,1,29,data/cam7/cam7_20260110_115437.jpg
cam8,2026-01-10 18:54:39,38,6,0,4,48,data/cam8/cam8_20260110_115439.jpg
cam1,2026-01-10 18:59:29,28,15,0,0,43,data/cam1/cam1_20260110_115929.jpg
cam2,2026-01-10 18:59:31,49,6,0,0,55,data/cam2/cam2_20260110_115931.jpg
cam3,2026-01-10 18:59:32,30,4,0,1,35,data/cam3/cam3_20260110_115932.jpg
cam4,2026-01-10 18:59:32,36,9,0,1,46,data/cam4/cam4_20260110_115932.jpg
cam5,2026-01-10 18:59:33,18,14,0,0,32,data/cam5/cam5_20260110_115933.jpg
cam6,2026-01-10 18:59:35,33,12,0,0,45,data/cam6/cam6_20260110_115935.jpg
cam7,2026-01-10 18:59:36,21,4,0,1,26,data/cam7/cam7_20260110_115936.jpg
cam8,2026-01-10 18:59:37,28,16,0,0,44,data/cam8/cam8_20260110_115937.jpg
cam1,2026-01-10 19:04:29,21,11,0,0,32,data/cam1/cam1_20260110_120429.jpg
cam2,2026-01-10 19:04:30,33,2,0,0,35,data/cam2/cam2_20260110_120430.jpg
cam3,2026-01-10 19:04:31,22,5,0,0,27,data/cam3/cam3_20260110_120431.jpg
cam4,2026-01-10 19:04:33,30,6,0,0,36,data/cam4/cam4_20260110_120433.jpg
cam5,2026-01-10 19:04:34,8,18,0,0,26,data/cam5/cam5_20260110_120434.jpg
cam6,2026-01-10 19:04:35,43,3,0,0,46,data/cam6/cam6_20260110_120435.jpg
cam7,2026-01-10 19:04:36,12,2,1,0,15,data/cam7/cam7_20260110_120436.jpg
cam8,2026-01-10 19:04:37,23,11,0,0,34,data/cam8/cam8_20260110_120437.jpg
cam1,2026-01-10 19:09:29,12,23,0,0,35,data/cam1/cam1_20260110_120929.jpg
cam2,2026-01-10 19:09:30,10,4,0,0,14,data/cam2/cam2_20260110_120930.jpg
cam3,2026-01-10 19:09:32,19,4,1,0,24,data/cam3/cam3_20260110_120932.jpg
cam4,2026-01-10 19:09:33,43,6,0,0,49,data/cam4/cam4_20260110_120933.jpg
cam5,2026-01-10 19:09:34,16,18,0,0,34,data/cam5/cam5_20260110_120934.jpg
cam6,2026-01-10 19:09:35,24,4,0,0,28,data/cam6/cam6_20260110_120935.jpg
cam7,2026-01-10 19:09:36,13,3,0,1,17,data/cam7/cam7_20260110_120936.jpg
cam8,2026-01-10 19:09:37,37,10,0,1,48,data/cam8/cam8_20260110_120937.jpg
cam1,2026-01-10 19:14:29,35,13,0,1,49,data/cam1/cam1_20260110_121429.jpg
cam2,2026-01-10 19:14:31,15,4,0,0,19,data/cam2/cam2_20260110_121431.jpg
cam3,2026-01-10 19:14:32,36,6,0,0,42,data/cam3/cam3_20260110_121432.jpg
cam4,2026-01-10 19:14:32,56,5,0,1,62,data/cam4/cam4_20260110_121432.jpg
cam5,2026-01-10 19:14:33,19,18,0,0,37,data/cam5/cam5_20260110_121433.jpg
cam6,2026-01-10 19:14:34,37,2,1,0,40,data/cam6/cam6_20260110_121434.jpg
cam7,2026-01-10 19:14:35,24,5,0,1,30,data/cam7/cam7_20260110_121435.jpg
cam8,2026-01-10 19:14:36,38,16,0,1,55,data/cam8/cam8_20260110_121436.jpg
cam1,2026-01-10 19:16:57,17,17,0,0,34,data/cam1/cam1_20260110_121657.jpg
cam2,2026-01-10 19:16:58,42,7,1,0,50,data/cam2/cam2_20260110_121658.jpg
cam3,2026-01-10 19:16:59,31,5,0,0,36,data/cam3/cam3_20260110_121659.jpg
cam4,2026-01-10 19:17:00,34,7,1,0,42,data/cam4/cam4_20260110_121700.jpg
cam5,2026-01-10 19:17:01,3,19,0,0,22,data/cam5/cam5_20260110_121701.jpg
cam6,2026-01-10 19:17:02,28,6,0,1,35,data/cam6/cam6_20260110_121702.jpg
cam7,2026-01-10 19:17:02,41,1,0,0,42,data/cam7/cam7_20260110_121702.jpg
cam8,2026-01-10 19:17:04,32,10,0,0,42,data/cam8/cam8_20260110_121704.jpg
cam1,2026-01-10 19:21:57,47,28,0,0,75,data/cam1/cam1_20260110_122157.jpg
cam2,2026-01-10 19:21:59,20,3,0,0,23,data/cam2/cam2_20260110_122159.jpg
cam3,2026-01-10 19:21:59,29,1,0,0,30,data/cam3/cam3_20260110_122159.jpg
cam4,2026-01-10 19:22:01,50,14,0,1,65,data/cam4/cam4_20260110_122201.jpg
cam5,2026-01-10 19:22:02,37,12,0,0,49,data/cam5/cam5_20260110_122202.jpg
cam6,2026-01-10 19:22:04,20,1,0,0,21,data/cam6/cam6_20260110_122204.jpg
cam7,2026-01-10 19:22:05,29,2,0,0,31,data/cam7/cam7_20260110_122205.jpg
cam8,2026-01-10 19:22:06,33,7,1,2,43,data/cam8/cam8_20260110_122206.jpg
cam1,2026-01-10 19:26:57,19,18,0,0,37,data/cam1/cam1_20260110_122657.jpg
cam2,2026-01-10 19:26:59,15,4,0,0,19,data/cam2/cam2_20260110_122659.jpg
cam3,2026-01-10 19:27:00,18,1,0,0,19,data/cam3/cam3_20260110_122700.jpg
cam4,2026-01-10 19:27:00,19,6,1,1,27,data/cam4/cam4_20260110_122700.jpg
cam5,2026-01-10 19:27:01,17,12,0,0,29,data/cam5/cam5_20260110_122701.jpg
cam6,2026-01-10 19:27:02,53,4,0,0,57,data/cam6/cam6_20260110_122702.jpg
cam7,2026-01-10 19:27:03,17,3,0,1,21,data/cam7/cam7_20260110_122703.jpg
cam8,2026-01-10 19:27:03,25,13,0,0,38,data/cam8/cam8_20260110_122703.jpg
cam1,2026-01-10 19:31:57,20,20,0,0,40,data/cam1/cam1_20260110_123157.jpg
cam2,2026-01-10 19:31:58,16,9,0,0,25,data/cam2/cam2_20260110_123158.jpg
cam3,2026-01-10 19:31:59,23,2,0,0,25,data/cam3/cam3_20260110_123159.jpg
cam4,2026-01-10 19:32:01,40,4,0,0,44,data/cam4/cam4_20260110_123201.jpg
cam5,2026-01-10 19:32:02,23,11,0,0,34,data/cam5/cam5_20260110_123202.jpg
cam6,2026-01-10 19:32:03,32,5,1,1,39,data/cam6/cam6_20260110_123203.jpg
cam7,2026-01-10 19:32:04,19,3,0,0,22,data/cam7/cam7_20260110_123204.jpg
cam8,2026-01-10 19:32:05,34,9,0,2,45,data/cam8/cam8_20260110_123205.jpg
cam1,2026-01-10 19:36:57,54,19,0,2,75,data/cam1/cam1_20260110_123657.jpg
cam2,2026-01-10 19:36:59,19,4,0,0,23,data/cam2/cam2_20260110_123659.jpg
cam3,2026-01-10 19:37:01,34,4,0,0,38,data/cam3/cam3_20260110_123701.jpg
cam4,2026-01-10 19:37:01,42,3,0,2,47,data/cam4/cam4_20260110_123701.jpg
cam5,2026-01-10 19:37:03,9,17,0,0,26,data/cam5/cam5_20260110_123703.jpg
cam6,2026-01-10 19:37:05,34,6,0,0,40,data/cam6/cam6_20260110_123705.jpg
cam7,2026-01-10 19:37:06,21,3,0,0,24,data/cam7/cam7_20260110_123706.jpg
cam8,2026-01-10 19:37:07,31,18,0,0,49,data/cam8/cam8_20260110_123707.jpg
cam1,2026-01-10 19:41:57,43,16,0,1,60,data/cam1/cam1_20260110_124157.jpg
cam2,2026-01-10 19:41:59,30,11,0,0,41,data/cam2/cam2_20260110_124159.jpg
cam3,2026-01-10 19:42:00,32,4,0,0,36,data/cam3/cam3_20260110_124200.jpg
cam4,2026-01-10 19:42:02,31,3,0,1,35,data/cam4/cam4_20260110_124202.jpg
cam5,2026-01-10 19:42:03,37,11,0,0,48,data/cam5/cam5_20260110_124203.jpg
cam6,2026-01-10 19:42:04,23,2,0,0,25,data/cam6/cam6_20260110_124204.jpg
cam7,2026-01-10 19:42:05,10,2,1,0,13,data/cam7/cam7_20260110_124205.jpg
cam8,2026-01-10 19:42:05,24,20,0,0,44,data/cam8/cam8_20260110_124205.jpg
cam1,2026-01-10 19:46:58,33,13,0,0,46,data/cam1/cam1_20260110_124658.jpg
cam2,2026-01-10 19:46:58,41,8,0,0,49,data/cam2/cam2_20260110_124658.jpg
cam3,2026-01-10 19:47:00,15,7,0,1,23,data/cam3/cam3_20260110_124700.jpg
cam4,2026-01-10 19:47:02,48,8,0,0,56,data/cam4/cam4_20260110_124702.jpg
cam5,2026-01-10 19:47:03,20,28,0,1,49,data/cam5/cam5_20260110_124703.jpg
cam6,2026-01-10 19:47:04,49,5,0,1,55,data/cam6/cam6_20260110_124704.jpg
cam7,2026-01-10 19:47:05,11,3,0,0,14,data/cam7/cam7_20260110_124705.jpg
cam8,2026-01-10 19:47:06,30,12,0,1,43,data/cam8/cam8_20260110_124706.jpg
cam1,2026-01-10 19:51:58,18,12,0,1,31,data/cam1/cam1_20260110_125158.jpg
cam2,2026-01-10 19:51:59,33,8,0,0,41,data/cam2/cam2_20260110_125159.jpg
cam3,2026-01-10 19:52:00,33,6,0,0,39,data/cam3/cam3_20260110_125200.jpg
cam4,2026-01-10 19:52:01,34,13,0,0,47,data/cam4/cam4_20260110_125201.jpg
cam5,2026-01-10 19:52:02,13,19,0,0,32,data/cam5/cam5_20260110_125202.jpg
cam6,2026-01-10 19:52:03,46,4,0,0,50,data/cam6/cam6_20260110_125203.jpg
cam7,2026-01-10 19:52:03,9,5,0,0,14,data/cam7/cam7_20260110_125203.jpg
cam8,2026-01-10 19:52:05,19,10,2,2,33,data/cam8/cam8_20260110_125205.jpg
cam1,2026-01-10 19:56:58,21,24,1,0,46,data/cam1/cam1_20260110_125658.jpg
cam2,2026-01-10 19:56:59,13,7,0,0,20,data/cam2/cam2_20260110_125659.jpg
cam3,2026-01-10 19:57:00,27,7,0,0,34,data/cam3/cam3_20260110_125700.jpg
cam4,2026-01-10 19:57:01,42,7,0,0,49,data/cam4/cam4_20260110_125701.jpg
cam5,2026-01-10 19:57:02,13,24,0,0,37,data/cam5/cam5_20260110_125702.jpg
cam6,2026-01-10 19:57:03,39,3,1,0,43,data/cam6/cam6_20260110_125703.jpg
cam7,2026-01-10 19:57:04,21,2,0,1,24,data/cam7/cam7_20260110_125704.jpg
cam8,2026-01-10 19:57:05,23,11,0,2,36,data/cam8/cam8_20260110_125705.jpg
cam1,2026-01-10 20:01:58,18,8,0,0,26,data/cam1/cam1_20260110_130158.jpg
cam2,2026-01-10 20:01:58,34,7,0,1,42,data/cam2/cam2_20260110_130158.jpg
cam3,2026-01-10 20:02:00,28,1,0,0,29,data/cam3/cam3_20260110_130200.jpg
cam4,2026-01-10 20:02:01,40,12,0,0,52,data/cam4/cam4_20260110_130201.jpg
cam5,2026-01-10 20:02:02,18,19,0,0,37,data/cam5/cam5_20260110_130202.jpg
cam6,2026-01-10 20:02:03,43,0,1,0,44,data/cam6/cam6_20260110_130203.jpg
cam7,2026-01-10 20:02:06,18,1,1,3,23,data/cam7/cam7_20260110_130206.jpg
cam8,2026-01-10 20:02:07,27,15,1,0,43,data/cam8/cam8_20260110_130207.jpg
cam1,2026-01-10 20:06:58,24,15,0,0,39,data/cam1/cam1_20260110_130658.jpg
cam2,2026-01-10 20:06:58,13,5,0,1,19,data/cam2/cam2_20260110_130658.jpg
cam3,2026-01-10 20:06:59,14,7,0,1,22,data/cam3/cam3_20260110_130659.jpg
cam4,2026-01-10 20:07:01,28,7,3,0,38,data/cam4/cam4_20260110_130701.jpg
cam5,2026-01-10 20:07:02,13,24,0,1,38,data/cam5/cam5_20260110_130702.jpg
cam6,2026-01-10 20:07:03,28,2,0,1,31,data/cam6/cam6_20260110_130703.jpg
cam7,2026-01-10 20:07:05,20,4,1,0,25,data/cam7/cam7_20260110_130705.jpg
cam8,2026-01-10 20:07:07,32,13,0,0,45,data/cam8/cam8_20260110_130707.jpg
cam1,2026-01-10 20:11:58,8,13,1,0,22,data/cam1/cam1_20260110_131158.jpg
cam2,2026-01-10 20:11:58,15,3,0,1,19,data/cam2/cam2_20260110_131158.jpg
cam3,2026-01-10 20:11:59,27,2,0,0,29,data/cam3/cam3_20260110_131159.jpg
cam4,2026-01-10 20:12:00,49,4,0,0,53,data/cam4/cam4_20260110_131200.jpg
cam5,2026-01-10 20:12:01,12,24,0,0,36,data/cam5/cam5_20260110_131201.jpg
cam6,2026-01-10 20:12:02,42,4,2,0,48,data/cam6/cam6_20260110_131202.jpg
cam7,2026-01-10 20:12:04,17,7,0,0,24,data/cam7/cam7_20260110_131204.jpg
cam8,2026-01-10 20:12:06,31,12,1,1,45,data/cam8/cam8_20260110_131206.jpg
cam1,2026-01-10 20:16:58,23,19,0,0,42,data/cam1/cam1_20260110_131658.jpg
cam2,2026-01-10 20:16:58,36,7,0,0,43,data/cam2/cam2_20260110_131658.jpg
cam3,2026-01-10 20:16:59,20,4,0,0,24,data/cam3/cam3_20260110_131659.jpg
cam4,2026-01-10 20:17:00,42,10,0,0,52,data/cam4/cam4_20260110_131700.jpg
cam5,2026-01-10 20:17:01,22,18,0,0,40,data/cam5/cam5_20260110_131701.jpg
cam6,2026-01-10 20:17:02,24,6,1,2,33,data/cam6/cam6_20260110_131702.jpg
cam7,2026-01-10 20:17:03,16,1,0,2,19,data/cam7/cam7_20260110_131703.jpg
cam8,2026-01-10 20:17:04,25,15,0,3,43,data/cam8/cam8_20260110_131704.jpg
cam1,2026-01-10 20:21:58,21,10,1,1,33,data/cam1/cam1_20260110_132158.jpg
cam2,2026-01-10 20:21:58,7,6,0,0,13,data/cam2/cam2_20260110_132158.jpg
cam3,2026-01-10 20:22:00,22,2,1,0,25,data/cam3/cam3_20260110_132200.jpg
cam4,2026-01-10 20:22:01,28,6,1,0,35,data/cam4/cam4_20260110_132201.jpg
cam5,2026-01-10 20:22:02,5,18,0,0,23,data/cam5/cam5_20260110_132202.jpg
cam6,2026-01-10 20:22:03,28,2,0,1,31,data/cam6/cam6_20260110_132203.jpg
cam7,2026-01-10 20:22:04,6,1,1,0,8,data/cam7/cam7_20260110_132204.jpg
cam8,2026-01-10 20:22:05,30,8,1,3,42,data/cam8/cam8_20260110_132205.jpg
cam1,2026-01-10 21:31:32,36,18,0,1,55,data/cam1/cam1_20260110_143132.jpg
cam2,2026-01-10 21:31:37,32,8,0,1,41,data/cam2/cam2_20260110_143137.jpg
cam3,2026-01-10 21:31:42,24,5,1,0,30,data/cam3/cam3_20260110_143142.jpg
cam4,2026-01-10 21:31:45,30,4,0,0,34,data/cam4/cam4_20260110_143145.jpg
cam5,2026-01-10 21:31:48,14,25,0,0,39,data/cam5/cam5_20260110_143148.jpg
cam6,2026-01-10 21:31:51,19,9,0,1,29,data/cam6/cam6_20260110_143151.jpg
cam7,2026-01-10 21:31:54,22,0,0,0,22,data/cam7/cam7_20260110_143154.jpg
cam8,2026-01-10 21:31:58,25,16,1,0,42,data/cam8/cam8_20260110_143158.jpg
cam1,2026-01-10 21:36:32,9,21,0,3,33,data/cam1/cam1_20260110_143632.jpg
cam2,2026-01-10 21:36:33,26,15,0,0,41,data/cam2/cam2_20260110_143633.jpg
cam3,2026-01-10 21:36:34,18,6,0,0,24,data/cam3/cam3_20260110_143634.jpg
cam4,2026-01-10 21:36:35,27,3,0,0,30,data/cam4/cam4_20260110_143635.jpg
cam5,2026-01-10 21:36:36,1,26,0,0,27,data/cam5/cam5_20260110_143636.jpg
cam6,2026-01-10 21:36:37,48,3,1,0,52,data/cam6/cam6_20260110_143637.jpg
cam7,2026-01-10 21:36:38,15,3,0,0,18,data/cam7/cam7_20260110_143638.jpg
cam8,2026-01-10 21:36:39,21,16,0,0,37,data/cam8/cam8_20260110_143639.jpg
cam1,2026-01-10 21:41:32,23,12,0,0,35,data/cam1/cam1_20260110_144132.jpg
cam2,2026-01-10 21:41:33,13,6,0,1,20,data/cam2/cam2_20260110_144133.jpg
cam3,2026-01-10 21:41:34,24,6,0,0,30,data/cam3/cam3_20260110_144134.jpg
cam4,2026-01-10 21:41:35,28,8,0,0,36,data/cam4/cam4_20260110_144135.jpg
cam5,2026-01-10 21:41:36,5,19,0,0,24,data/cam5/cam5_20260110_144136.jpg
cam6,2026-01-10 21:41:37,23,3,0,0,26,data/cam6/cam6_20260110_144137.jpg
cam7,2026-01-10 21:41:38,19,2,0,1,22,data/cam7/cam7_20260110_144138.jpg
cam8,2026-01-10 21:41:39,15,6,1,0,22,data/cam8/cam8_20260110_144139.jpg
cam1,2026-01-10 21:46:32,35,20,0,0,55,data/cam1/cam1_20260110_144632.jpg
cam2,2026-01-10 21:46:33,14,6,0,0,20,data/cam2/cam2_20260110_144633.jpg
cam3,2026-01-10 21:46:34,18,2,0,1,21,data/cam3/cam3_20260110_144634.jpg
cam4,2026-01-10 21:46:35,23,6,1,0,30,data/cam4/cam4_20260110_144635.jpg
cam5,2026-01-10 21:46:36,9,26,0,0,35,data/cam5/cam5_20260110_144636.jpg
cam6,2026-01-10 21:46:37,9,6,1,0,16,data/cam6/cam6_20260110_144637.jpg
cam7,2026-01-10 21:46:38,11,3,1,1,16,data/cam7/cam7_20260110_144638.jpg
cam8,2026-01-10 21:46:39,17,19,0,0,36,data/cam8/cam8_20260110_144639.jpg
cam1,2026-01-10 21:51:32,18,22,0,1,41,data/cam1/cam1_20260110_145132.jpg
cam2,2026-01-10 21:51:33,19,9,1,0,29,data/cam2/cam2_20260110_145133.jpg
cam3,2026-01-10 21:51:34,20,6,0,0,26,data/cam3/cam3_20260110_145134.jpg
cam4,2026-01-10 21:51:35,30,10,1,0,41,data/cam4/cam4_20260110_145135.jpg
cam5,2026-01-10 21:51:36,13,23,0,0,36,data/cam5/cam5_20260110_145136.jpg
cam6,2026-01-10 21:51:36,32,5,1,1,39,data/cam6/cam6_20260110_145136.jpg
cam7,2026-01-10 21:51:37,38,4,1,1,44,data/cam7/cam7_20260110_145137.jpg
cam8,2026-01-10 21:51:40,24,7,1,2,34,data/cam8/cam8_20260110_145140.jpg
cam1,2026-01-10 21:56:32,39,15,0,0,54,data/cam1/cam1_20260110_145632.jpg
cam2,2026-01-10 21:56:33,20,8,0,0,28,data/cam2/cam2_20260110_145633.jpg
cam3,2026-01-10 21:56:34,12,4,1,0,17,data/cam3/cam3_20260110_145634.jpg
cam4,2026-01-10 21:56:35,24,1,0,1,26,data/cam4/cam4_20260110_145635.jpg
cam5,2026-01-10 21:56:37,6,24,0,0,30,data/cam5/cam5_20260110_145637.jpg
cam6,2026-01-10 21:56:38,47,4,0,0,51,data/cam6/cam6_20260110_145638.jpg
cam7,2026-01-10 21:56:38,18,3,1,1,23,data/cam7/cam7_20260110_145638.jpg
cam8,2026-01-10 21:56:39,28,9,1,0,38,data/cam8/cam8_20260110_145639.jpg
cam1,2026-01-10 22:01:32,10,14,0,1,25,data/cam1/cam1_20260110_150132.jpg
cam2,2026-01-10 22:01:32,18,4,0,0,22,data/cam2/cam2_20260110_150132.jpg
cam3,2026-01-10 22:01:34,26,3,0,0,29,data/cam3/cam3_20260110_150134.jpg
cam4,2026-01-10 22:01:36,12,0,0,0,12,data/cam4/cam4_20260110_150136.jpg
cam5,2026-01-10 22:01:37,14,19,0,0,33,data/cam5/cam5_20260110_150137.jpg
cam6,2026-01-10 22:01:38,15,2,1,0,18,data/cam6/cam6_20260110_150138.jpg
cam7,2026-01-10 22:01:38,14,0,0,0,14,data/cam7/cam7_20260110_150138.jpg
cam8,2026-01-10 22:01:39,25,20,1,0,46,data/cam8/cam8_20260110_150139.jpg
cam1,2026-01-10 22:06:32,13,18,0,1,32,data/cam1/cam1_20260110_150632.jpg
cam2,2026-01-10 22:06:33,21,4,0,0,25,data/cam2/cam2_20260110_150633.jpg
cam3,2026-01-10 22:06:34,17,4,0,0,21,data/cam3/cam3_20260110_150634.jpg
cam4,2026-01-10 22:06:35,23,6,1,2,32,data/cam4/cam4_20260110_150635.jpg
cam5,2026-01-10 22:06:37,11,22,0,1,34,data/cam5/cam5_20260110_150637.jpg
cam6,2026-01-10 22:06:38,31,5,2,0,38,data/cam6/cam6_20260110_150638.jpg
cam7,2026-01-10 22:06:39,14,2,0,0,16,data/cam7/cam7_20260110_150639.jpg
cam8,2026-01-10 22:06:40,14,8,1,0,23,data/cam8/cam8_20260110_150640.jpg
cam1,2026-01-10 22:11:32,22,14,0,0,36,data/cam1/cam1_20260110_151132.jpg
cam2,2026-01-10 22:11:33,28,6,2,0,36,data/cam2/cam2_20260110_151133.jpg
cam3,2026-01-10 22:11:34,21,3,2,0,26,data/cam3/cam3_20260110_151134.jpg
cam4,2026-01-10 22:11:36,24,8,0,1,33,data/cam4/cam4_20260110_151136.jpg
cam5,2026-01-10 22:11:37,22,13,0,1,36,data/cam5/cam5_20260110_151137.jpg
cam6,2026-01-10 22:11:41,38,6,1,0,45,data/cam6/cam6_20260110_151141.jpg
cam7,2026-01-10 22:11:42,20,1,0,0,21,data/cam7/cam7_20260110_151142.jpg
cam8,2026-01-10 22:11:43,18,12,2,0,32,data/cam8/cam8_20260110_151143.jpg
cam1,2026-01-10 22:16:32,24,19,0,0,43,data/cam1/cam1_20260110_151632.jpg
cam2,2026-01-10 22:16:33,10,6,0,0,16,data/cam2/cam2_20260110_151633.jpg
cam3,2026-01-10 22:16:34,12,3,1,3,19,data/cam3/cam3_20260110_151634.jpg
cam4,2026-01-10 22:16:35,21,6,1,0,28,data/cam4/cam4_20260110_151635.jpg
cam5,2026-01-10 22:16:36,15,20,0,0,35,data/cam5/cam5_20260110_151636.jpg
cam6,2026-01-10 22:16:37,34,5,1,0,40,data/cam6/cam6_20260110_151637.jpg
cam7,2026-01-10 22:16:38,23,4,1,0,28,data/cam7/cam7_20260110_151638.jpg
cam8,2026-01-10 22:16:38,23,13,1,0,37,data/cam8/cam8_20260110_151638.jpg
cam1,2026-01-10 22:21:32,43,14,0,0,57,data/cam1/cam1_20260110_152132.jpg
cam2,2026-01-10 22:21:33,14,2,0,0,16,data/cam2/cam2_20260110_152133.jpg
cam3,2026-01-10 22:21:35,16,3,0,0,19,data/cam3/cam3_20260110_152135.jpg
cam4,2026-01-10 22:21:35,36,7,0,0,43,data/cam4/cam4_20260110_152135.jpg
cam5,2026-01-10 22:21:36,12,12,0,0,24,data/cam5/cam5_20260110_152136.jpg
cam6,2026-01-10 22:21:37,9,4,2,0,15,data/cam6/cam6_20260110_152137.jpg
cam7,2026-01-10 22:21:39,17,1,0,2,20,data/cam7/cam7_20260110_152139.jpg
cam8,2026-01-10 22:21:40,27,13,0,0,40,data/cam8/cam8_20260110_152140.jpg
cam1,2026-01-10 22:26:32,23,10,0,3,36,data/cam1/cam1_20260110_152632.jpg
cam2,2026-01-10 22:26:33,26,5,0,0,31,data/cam2/cam2_20260110_152633.jpg
cam3,2026-01-10 22:26:34,20,5,1,0,26,data/cam3/cam3_20260110_152634.jpg
cam4,2026-01-10 22:26:35,15,6,1,0,22,data/cam4/cam4_20260110_152635.jpg
cam5,2026-01-10 22:26:35,15,20,0,1,36,data/cam5/cam5_20260110_152635.jpg
cam6,2026-01-10 22:26:37,20,10,1,1,32,data/cam6/cam6_20260110_152637.jpg
cam7,2026-01-10 22:26:38,17,2,0,2,21,data/cam7/cam7_20260110_152638.jpg
cam8,2026-01-10 22:26:39,17,11,1,0,29,data/cam8/cam8_20260110_152639.jpg
cam1,2026-01-10 22:31:32,33,9,1,1,44,data/cam1/cam1_20260110_153132.jpg
cam2,2026-01-10 22:31:33,7,0,0,0,7,data/cam2/cam2_20260110_153133.jpg
cam3,2026-01-10 22:31:35,23,1,0,1,25,data/cam3/cam3_20260110_153135.jpg
cam4,2026-01-10 22:31:37,21,12,1,1,35,data/cam4/cam4_20260110_153137.jpg
cam5,2026-01-10 22:31:38,17,24,0,0,41,data/cam5/cam5_20260110_153138.jpg
cam6,2026-01-10 22:31:39,27,3,2,0,32,data/cam6/cam6_20260110_153139.jpg
cam7,2026-01-10 22:31:40,13,2,1,0,16,data/cam7/cam7_20260110_153140.jpg
cam8,2026-01-10 22:31:41,40,10,0,0,50,data/cam8/cam8_20260110_153141.jpg
cam1,2026-01-10 22:36:32,18,19,1,0,38,data/cam1/cam1_20260110_153632.jpg
cam2,2026-01-10 22:36:32,7,1,0,0,8,data/cam2/cam2_20260110_153632.jpg
cam3,2026-01-10 22:36:33,17,0,0,0,17,data/cam3/cam3_20260110_153633.jpg
cam4,2026-01-10 22:36:34,12,8,0,2,22,data/cam4/cam4_20260110_153634.jpg
cam5,2026-01-10 22:36:35,11,11,0,0,22,data/cam5/cam5_20260110_153635.jpg
cam6,2026-01-10 22:36:35,26,5,0,1,32,data/cam6/cam6_20260110_153635.jpg
cam7,2026-01-10 22:36:36,9,3,0,0,12,data/cam7/cam7_20260110_153636.jpg
cam8,2026-01-10 22:36:37,13,8,0,1,22,data/cam8/cam8_20260110_153637.jpg
cam1,2026-01-10 22:41:32,16,17,0,1,34,data/cam1/cam1_20260110_154132.jpg
cam2,2026-01-10 22:41:33,21,4,0,0,25,data/cam2/cam2_20260110_154133.jpg
cam3,2026-01-10 22:41:34,20,2,0,0,22,data/cam3/cam3_20260110_154134.jpg
cam4,2026-01-10 22:41:35,10,4,1,2,17,data/cam4/cam4_20260110_154135.jpg
cam5,2026-01-10 22:41:36,13,15,0,0,28,data/cam5/cam5_20260110_154136.jpg
cam6,2026-01-10 22:41:37,9,3,1,0,13,data/cam6/cam6_20260110_154137.jpg
cam7,2026-01-10 22:41:38,7,4,2,0,13,data/cam7/cam7_20260110_154138.jpg
cam8,2026-01-10 22:41:39,25,7,0,3,35,data/cam8/cam8_20260110_154139.jpg
cam1,2026-01-10 22:46:32,20,14,0,1,35,data/cam1/cam1_20260110_154632.jpg
cam2,2026-01-10 22:46:33,15,11,0,0,26,data/cam2/cam2_20260110_154633.jpg
cam3,2026-01-10 22:46:33,14,6,0,0,20,data/cam3/cam3_20260110_154633.jpg
cam4,2026-01-10 22:46:34,16,4,0,1,21,data/cam4/cam4_20260110_154634.jpg
cam5,2026-01-10 22:46:36,13,11,1,0,25,data/cam5/cam5_20260110_154636.jpg
cam6,2026-01-10 22:46:36,24,5,2,1,32,data/cam6/cam6_20260110_154636.jpg
cam7,2026-01-10 22:46:37,25,15,0,2,42,data/cam7/cam7_20260110_154637.jpg
cam8,2026-01-10 22:46:38,16,5,0,0,21,data/cam8/cam8_20260110_154638.jpg
cam1,2026-01-10 22:51:32,21,11,2,0,34,data/cam1/cam1_20260110_155132.jpg
cam2,2026-01-10 22:51:32,15,6,1,0,22,data/cam2/cam2_20260110_155132.jpg
cam3,2026-01-10 22:51:33,14,2,1,0,17,data/cam3/cam3_20260110_155133.jpg
cam4,2026-01-10 22:51:34,15,6,0,0,21,data/cam4/cam4_20260110_155134.jpg
cam5,2026-01-10 22:51:35,12,16,0,1,29,data/cam5/cam5_20260110_155135.jpg
cam6,2026-01-10 22:51:37,27,9,2,1,39,data/cam6/cam6_20260110_155137.jpg
cam7,2026-01-10 22:51:37,7,6,3,2,18,data/cam7/cam7_20260110_155137.jpg
cam8,2026-01-10 22:51:38,18,2,0,0,20,data/cam8/cam8_20260110_155138.jpg
cam1,2026-01-10 22:56:32,16,16,0,0,32,data/cam1/cam1_20260110_155632.jpg
cam2,2026-01-10 22:56:32,9,3,0,0,12,data/cam2/cam2_20260110_155632.jpg
cam3,2026-01-10 22:56:33,10,6,0,0,16,data/cam3/cam3_20260110_155633.jpg
cam4,2026-01-10 22:56:35,21,5,0,1,27,data/cam4/cam4_20260110_155635.jpg
cam5,2026-01-10 22:56:36,14,13,1,0,28,data/cam5/cam5_20260110_155636.jpg
cam6,2026-01-10 22:56:37,42,9,1,2,54,data/cam6/cam6_20260110_155637.jpg
cam7,2026-01-10 22:56:38,21,17,3,1,42,data/cam7/cam7_20260110_155638.jpg
cam8,2026-01-10 22:56:39,12,6,1,0,19,data/cam8/cam8_20260110_155639.jpg
cam1,2026-01-10 23:01:32,9,12,1,0,22,data/cam1/cam1_20260110_160132.jpg
cam2,2026-01-10 23:01:32,21,9,0,0,30,data/cam2/cam2_20260110_160132.jpg
cam3,2026-01-10 23:01:33,9,6,0,0,15,data/cam3/cam3_20260110_160133.jpg
cam4,2026-01-10 23:01:35,13,7,0,0,20,data/cam4/cam4_20260110_160135.jpg
cam5,2026-01-10 23:01:37,1,17,0,0,18,data/cam5/cam5_20260110_160137.jpg
cam6,2026-01-10 23:01:37,11,13,3,1,28,data/cam6/cam6_20260110_160137.jpg
cam7,2026-01-10 23:01:39,29,13,1,1,44,data/cam7/cam7_20260110_160139.jpg
cam8,2026-01-10 23:01:39,7,3,0,0,10,data/cam8/cam8_20260110_160139.jpg
cam1,2026-01-10 23:06:32,35,7,0,0,42,data/cam1/cam1_20260110_160632.jpg
cam2,2026-01-10 23:06:34,9,2,0,0,11,data/cam2/cam2_20260110_160634.jpg
cam3,2026-01-10 23:06:35,17,3,0,0,20,data/cam3/cam3_20260110_160635.jpg
cam4,2026-01-10 23:06:37,11,2,0,0,13,data/cam4/cam4_20260110_160637.jpg
cam5,2026-01-10 23:06:38,6,21,0,0,27,data/cam5/cam5_20260110_160638.jpg
cam6,2026-01-10 23:06:39,18,4,2,2,26,data/cam6/cam6_20260110_160639.jpg
cam7,2026-01-10 23:06:41,19,11,1,4,35,data/cam7/cam7_20260110_160641.jpg
cam8,2026-01-10 23:06:42,20,9,1,0,30,data/cam8/cam8_20260110_160642.jpg
cam1,2026-01-10 23:11:32,20,9,1,0,30,data/cam1/cam1_20260110_161132.jpg
cam2,2026-01-10 23:11:32,3,4,0,0,7,data/cam2/cam2_20260110_161132.jpg
cam3,2026-01-10 23:11:33,12,3,0,0,15,data/cam3/cam3_20260110_161133.jpg
cam4,2026-01-10 23:11:35,17,2,1,0,20,data/cam4/cam4_20260110_161135.jpg
cam5,2026-01-10 23:11:35,9,21,0,0,30,data/cam5/cam5_20260110_161135.jpg
cam6,2026-01-10 23:11:36,16,7,1,0,24,data/cam6/cam6_20260110_161136.jpg
cam7,2026-01-10 23:11:37,14,15,1,3,33,data/cam7/cam7_20260110_161137.jpg
cam8,2026-01-10 23:11:39,16,9,0,1,26,data/cam8/cam8_20260110_161139.jpg
cam1,2026-01-10 23:16:32,18,15,0,0,33,data/cam1/cam1_20260110_161632.jpg
cam2,2026-01-10 23:16:33,23,4,0,0,27,data/cam2/cam2_20260110_161633.jpg
cam3,2026-01-10 23:16:33,16,0,0,0,16,data/cam3/cam3_20260110_161633.jpg
cam4,2026-01-10 23:16:34,11,5,1,1,18,data/cam4/cam4_20260110_161634.jpg
cam5,2026-01-10 23:16:37,7,11,0,0,18,data/cam5/cam5_20260110_161637.jpg
cam6,2026-01-10 23:16:38,30,11,1,1,43,data/cam6/cam6_20260110_161638.jpg
cam7,2026-01-10 23:16:38,5,10,6,1,22,data/cam7/cam7_20260110_161638.jpg
cam8,2026-01-10 23:16:39,23,6,0,1,30,data/cam8/cam8_20260110_161639.jpg
cam1,2026-01-10 23:21:32,10,7,0,1,18,data/cam1/cam1_20260110_162132.jpg
cam2,2026-01-10 23:21:32,9,5,0,0,14,data/cam2/cam2_20260110_162132.jpg
cam3,2026-01-10 23:21:33,11,3,1,0,15,data/cam3/cam3_20260110_162133.jpg
cam4,2026-01-10 23:21:34,17,2,0,2,21,data/cam4/cam4_20260110_162134.jpg
cam5,2026-01-10 23:21:35,21,19,0,1,41,data/cam5/cam5_20260110_162135.jpg
cam6,2026-01-10 23:21:36,21,6,3,0,30,data/cam6/cam6_20260110_162136.jpg
cam7,2026-01-10 23:21:37,9,2,2,2,15,data/cam7/cam7_20260110_162137.jpg
cam8,2026-01-10 23:21:37,10,8,0,0,18,data/cam8/cam8_20260110_162137.jpg
cam1,2026-01-10 23:26:32,14,18,0,0,32,data/cam1/cam1_20260110_162632.jpg
cam2,2026-01-10 23:26:32,8,1,0,0,9,data/cam2/cam2_20260110_162632.jpg
cam3,2026-01-10 23:26:33,12,6,0,0,18,data/cam3/cam3_20260110_162633.jpg
cam4,2026-01-10 23:26:35,21,8,0,1,30,data/cam4/cam4_20260110_162635.jpg
cam5,2026-01-10 23:26:36,6,6,2,0,14,data/cam5/cam5_20260110_162636.jpg
cam6,2026-01-10 23:26:36,25,3,3,3,34,data/cam6/cam6_20260110_162636.jpg
cam7,2026-01-10 23:26:37,7,4,3,3,17,data/cam7/cam7_20260110_162637.jpg
cam8,2026-01-10 23:26:38,22,11,1,1,35,data/cam8/cam8_20260110_162638.jpg
cam1,2026-01-10 23:31:32,18,18,0,1,37,data/cam1/cam1_20260110_163132.jpg
cam2,2026-01-10 23:31:32,12,1,0,0,13,data/cam2/cam2_20260110_163132.jpg
cam3,2026-01-10 23:31:33,6,5,1,0,12,data/cam3/cam3_20260110_163133.jpg
cam4,2026-01-10 23:31:34,3,2,0,0,5,data/cam4/cam4_20260110_163134.jpg
cam5,2026-01-10 23:31:35,18,16,1,1,36,data/cam5/cam5_20260110_163135.jpg
cam6,2026-01-10 23:31:36,16,1,3,2,22,data/cam6/cam6_20260110_163136.jpg
cam7,2026-01-10 23:31:37,14,2,3,3,22,data/cam7/cam7_20260110_163137.jpg
cam8,2026-01-10 23:31:38,17,9,0,0,26,data/cam8/cam8_20260110_163138.jpg
cam1,2026-01-11 06:36:44,10,10,0,0,20,data/cam1/cam1_20260110_233644.jpg
cam2,2026-01-11 06:36:49,9,1,0,1,11,data/cam2/cam2_20260110_233649.jpg
cam3,2026-01-11 06:36:50,17,3,0,0,20,data/cam3/cam3_20260110_233650.jpg
cam4,2026-01-11 06:36:50,50,11,0,2,63,data/cam4/cam4_20260110_233650.jpg
cam5,2026-01-11 06:36:51,23,12,0,0,35,data/cam5/cam5_20260110_233651.jpg
cam6,2026-01-11 06:36:51,26,2,0,0,28,data/cam6/cam6_20260110_233651.jpg
cam7,2026-01-11 06:36:52,20,0,0,0,20,data/cam7/cam7_20260110_233652.jpg
cam8,2026-01-11 06:36:52,28,7,0,0,35,data/cam8/cam8_20260110_233652.jpg
cam1,2026-01-11 06:41:45,29,17,0,0,46,data/cam1/cam1_20260110_234145.jpg
cam2,2026-01-11 06:41:50,31,2,0,1,34,data/cam2/cam2_20260110_234150.jpg
cam3,2026-01-11 06:41:54,2,1,0,0,3,data/cam3/cam3_20260110_234154.jpg
cam4,2026-01-11 06:41:54,32,5,0,0,37,data/cam4/cam4_20260110_234154.jpg
cam5,2026-01-11 06:41:55,24,16,0,1,41,data/cam5/cam5_20260110_234155.jpg
cam6,2026-01-11 06:41:55,24,3,1,0,28,data/cam6/cam6_20260110_234155.jpg
cam7,2026-01-11 06:41:56,27,0,0,1,28,data/cam7/cam7_20260110_234156.jpg
cam8,2026-01-11 06:41:56,28,4,0,0,32,data/cam8/cam8_20260110_234156.jpg
cam1,2026-01-11 06:46:44,25,15,0,3,43,data/cam1/cam1_20260110_234644.jpg
cam2,2026-01-11 06:46:45,29,3,0,0,32,data/cam2/cam2_20260110_234645.jpg
cam3,2026-01-11 06:46:45,13,2,1,0,16,data/cam3/cam3_20260110_234645.jpg
cam4,2026-01-11 06:46:46,27,2,0,0,29,data/cam4/cam4_20260110_234646.jpg
cam5,2026-01-11 06:46:46,19,11,0,1,31,data/cam5/cam5_20260110_234646.jpg
cam6,2026-01-11 06:46:47,37,5,1,3,46,data/cam6/cam6_20260110_234647.jpg
cam7,2026-01-11 06:46:47,13,2,0,0,15,data/cam7/cam7_20260110_234647.jpg
cam8,2026-01-11 06:46:48,34,7,0,0,41,data/cam8/cam8_20260110_234648.jpg
cam1,2026-01-11 06:51:44,19,8,0,1,28,data/cam1/cam1_20260110_235144.jpg
cam2,2026-01-11 06:51:52,17,1,0,1,19,data/cam2/cam2_20260110_235152.jpg
cam3,2026-01-11 06:52:03,11,2,3,0,16,data/cam3/cam3_20260110_235203.jpg
cam4,2026-01-11 06:52:05,24,7,1,0,32,data/cam4/cam4_20260110_235205.jpg
cam5,2026-01-11 06:52:25,21,15,0,1,37,data/cam5/cam5_20260110_235225.jpg
cam6,2026-01-11 06:52:34,9,2,0,0,11,data/cam6/cam6_20260110_235234.jpg
cam7,2026-01-11 06:52:37,21,1,0,0,22,data/cam7/cam7_20260110_235237.jpg
cam8,2026-01-11 06:52:39,31,4,3,0,38,data/cam8/cam8_20260110_235239.jpg
cam1,2026-01-11 06:56:44,23,13,0,0,36,data/cam1/cam1_20260110_235644.jpg
cam2,2026-01-11 06:56:45,20,3,0,1,24,data/cam2/cam2_20260110_235645.jpg
cam3,2026-01-11 06:56:45,16,0,0,0,16,data/cam3/cam3_20260110_235645.jpg
cam4,2026-01-11 06:56:46,23,4,0,0,27,data/cam4/cam4_20260110_235646.jpg
cam5,2026-01-11 06:56:46,27,4,0,3,34,data/cam5/cam5_20260110_235646.jpg
cam6,2026-01-11 06:56:47,31,2,0,0,33,data/cam6/cam6_20260110_235647.jpg
cam7,2026-01-11 06:56:47,23,7,0,1,31,data/cam7/cam7_20260110_235647.jpg
cam8,2026-01-11 06:56:48,37,9,0,5,51,data/cam8/cam8_20260110_235648.jpg
cam1,2026-01-11 07:01:44,29,15,0,0,44,data/cam1/cam1_20260111_000144.jpg
cam2,2026-01-11 07:01:44,27,3,0,0,30,data/cam2/cam2_20260111_000144.jpg
cam3,2026-01-11 07:01:45,5,0,0,0,5,data/cam3/cam3_20260111_000145.jpg
cam4,2026-01-11 07:01:46,25,8,0,2,35,data/cam4/cam4_20260111_000146.jpg
cam5,2026-01-11 07:01:46,1,12,0,0,13,data/cam5/cam5_20260111_000146.jpg
cam6,2026-01-11 07:01:46,19,2,0,2,23,data/cam6/cam6_20260111_000146.jpg
cam7,2026-01-11 07:01:47,23,3,0,0,26,data/cam7/cam7_20260111_000147.jpg
cam8,2026-01-11 07:01:48,45,10,1,0,56,data/cam8/cam8_20260111_000148.jpg
cam1,2026-01-11 07:06:44,48,16,0,2,66,data/cam1/cam1_20260111_000644.jpg
cam2,2026-01-11 07:06:45,29,3,0,1,33,data/cam2/cam2_20260111_000645.jpg
cam3,2026-01-11 07:06:45,11,3,0,0,14,data/cam3/cam3_20260111_000645.jpg
cam4,2026-01-11 07:06:46,41,7,0,2,50,data/cam4/cam4_20260111_000646.jpg
cam5,2026-01-11 07:06:47,10,17,0,1,28,data/cam5/cam5_20260111_000647.jpg
cam6,2026-01-11 07:06:47,21,2,0,1,24,data/cam6/cam6_20260111_000647.jpg
cam7,2026-01-11 07:06:48,27,2,0,1,30,data/cam7/cam7_20260111_000648.jpg
cam8,2026-01-11 07:06:48,38,7,0,0,45,data/cam8/cam8_20260111_000648.jpg
cam1,2026-01-11 07:11:44,19,12,0,1,32,data/cam1/cam1_20260111_001144.jpg
cam2,2026-01-11 07:11:45,23,3,0,1,27,data/cam2/cam2_20260111_001145.jpg
cam3,2026-01-11 07:11:45,13,2,0,1,16,data/cam3/cam3_20260111_001145.jpg
cam4,2026-01-11 07:11:46,44,8,0,0,52,data/cam4/cam4_20260111_001146.jpg
cam5,2026-01-11 07:11:47,10,13,0,0,23,data/cam5/cam5_20260111_001147.jpg
cam6,2026-01-11 07:11:48,21,4,0,0,25,data/cam6/cam6_20260111_001148.jpg
cam7,2026-01-11 07:11:48,24,3,1,0,28,data/cam7/cam7_20260111_001148.jpg
cam8,2026-01-11 07:11:49,20,8,0,0,28,data/cam8/cam8_20260111_001149.jpg
cam1,2026-01-11 07:16:44,19,12,0,6,37,data/cam1/cam1_20260111_001644.jpg
cam2,2026-01-11 07:16:44,30,5,0,0,35,data/cam2/cam2_20260111_001644.jpg
cam3,2026-01-11 07:16:45,9,1,1,0,11,data/cam3/cam3_20260111_001645.jpg
cam4,2026-01-11 07:16:45,39,7,1,0,47,data/cam4/cam4_20260111_001645.jpg
cam5,2026-01-11 07:16:46,7,20,0,0,27,data/cam5/cam5_20260111_001646.jpg
cam6,2026-01-11 07:16:46,32,3,0,0,35,data/cam6/cam6_20260111_001646.jpg
cam7,2026-01-11 07:16:47,25,1,0,0,26,data/cam7/cam7_20260111_001647.jpg
cam8,2026-01-11 07:16:48,26,8,0,0,34,data/cam8/cam8_20260111_001648.jpg
cam1,2026-01-11 07:21:44,37,17,0,1,55,data/cam1/cam1_20260111_002144.jpg
cam2,2026-01-11 07:21:45,20,2,0,2,24,data/cam2/cam2_20260111_002145.jpg
cam3,2026-01-11 07:21:45,11,3,0,0,14,data/cam3/cam3_20260111_002145.jpg
cam4,2026-01-11 07:21:46,25,1,0,1,27,data/cam4/cam4_20260111_002146.jpg
cam5,2026-01-11 07:21:46,12,7,0,0,19,data/cam5/cam5_20260111_002146.jpg
cam6,2026-01-11 07:21:47,29,1,0,2,32,data/cam6/cam6_20260111_002147.jpg
cam7,2026-01-11 07:21:47,27,2,0,1,30,data/cam7/cam7_20260111_002147.jpg
cam8,2026-01-11 07:21:47,41,9,0,4,54,data/cam8/cam8_20260111_002147.jpg
cam1,2026-01-11 07:26:44,25,19,1,3,48,data/cam1/cam1_20260111_002644.jpg
cam2,2026-01-11 07:26:45,16,4,0,1,21,data/cam2/cam2_20260111_002645.jpg
cam3,2026-01-11 07:26:45,13,1,0,0,14,data/cam3/cam3_20260111_002645.jpg
cam4,2026-01-11 07:26:46,27,3,0,0,30,data/cam4/cam4_20260111_002646.jpg
cam5,2026-01-11 07:26:46,20,15,1,5,41,data/cam5/cam5_20260111_002646.jpg
cam6,2026-01-11 07:26:46,36,9,0,0,45,data/cam6/cam6_20260111_002646.jpg
cam7,2026-01-11 07:26:47,20,1,0,1,22,data/cam7/cam7_20260111_002647.jpg
cam8,2026-01-11 07:26:47,20,15,1,3,39,data/cam8/cam8_20260111_002647.jpg
cam1,2026-01-11 07:31:44,12,8,0,0,20,data/cam1/cam1_20260111_003144.jpg
cam2,2026-01-11 07:31:45,24,3,0,0,27,data/cam2/cam2_20260111_003145.jpg
cam3,2026-01-11 07:31:45,22,4,0,0,26,data/cam3/cam3_20260111_003145.jpg
cam4,2026-01-11 07:31:46,31,2,0,0,33,data/cam4/cam4_20260111_003146.jpg
cam5,2026-01-11 07:31:47,17,17,0,4,38,data/cam5/cam5_20260111_003147.jpg
cam6,2026-01-11 07:31:47,21,6,0,0,27,data/cam6/cam6_20260111_003147.jpg
cam7,2026-01-11 07:31:48,15,0,0,1,16,data/cam7/cam7_20260111_003148.jpg
cam8,2026-01-11 07:31:48,30,8,1,0,39,data/cam8/cam8_20260111_003148.jpg
cam1,2026-01-11 07:36:44,32,10,0,1,43,data/cam1/cam1_20260111_003644.jpg
cam2,2026-01-11 07:36:45,30,4,0,0,34,data/cam2/cam2_20260111_003645.jpg
cam3,2026-01-11 07:36:45,15,2,0,0,17,data/cam3/cam3_20260111_003645.jpg
cam4,2026-01-11 07:36:46,36,7,0,0,43,data/cam4/cam4_20260111_003646.jpg
cam5,2026-01-11 07:36:46,27,10,0,0,37,data/cam5/cam5_20260111_003646.jpg
cam6,2026-01-11 07:36:47,67,4,0,1,72,data/cam6/cam6_20260111_003647.jpg
cam7,2026-01-11 07:36:48,31,2,0,0,33,data/cam7/cam7_20260111_003648.jpg
cam8,2026-01-11 07:36:49,42,4,0,1,47,data/cam8/cam8_20260111_003649.jpg
cam1,2026-01-11 07:41:44,41,17,0,2,60,data/cam1/cam1_20260111_004144.jpg
cam2,2026-01-11 07:41:45,33,6,0,1,40,data/cam2/cam2_20260111_004145.jpg
cam3,2026-01-11 07:41:45,23,4,0,0,27,data/cam3/cam3_20260111_004145.jpg
cam4,2026-01-11 07:41:46,62,8,0,2,72,data/cam4/cam4_20260111_004146.jpg
cam5,2026-01-11 07:41:46,22,12,0,1,35,data/cam5/cam5_20260111_004146.jpg
cam6,2026-01-11 07:41:47,21,7,0,2,30,data/cam6/cam6_20260111_004147.jpg
cam7,2026-01-11 07:41:47,38,1,0,0,39,data/cam7/cam7_20260111_004147.jpg
cam8,2026-01-11 07:41:48,30,8,0,0,38,data/cam8/cam8_20260111_004148.jpg
cam1,2026-01-11 07:46:44,24,6,0,1,31,data/cam1/cam1_20260111_004644.jpg
cam2,2026-01-11 07:46:44,18,6,0,1,25,data/cam2/cam2_20260111_004644.jpg
cam3,2026-01-11 07:46:45,25,2,0,0,27,data/cam3/cam3_20260111_004645.jpg
cam4,2026-01-11 07:46:45,46,8,0,0,54,data/cam4/cam4_20260111_004645.jpg
cam5,2026-01-11 07:46:46,34,14,0,1,49,data/cam5/cam5_20260111_004646.jpg
cam6,2026-01-11 07:46:46,49,10,0,0,59,data/cam6/cam6_20260111_004646.jpg
cam7,2026-01-11 07:46:47,12,3,0,0,15,data/cam7/cam7_20260111_004647.jpg
cam8,2026-01-11 07:46:47,42,17,0,2,61,data/cam8/cam8_20260111_004647.jpg
cam1,2026-01-11 07:51:44,27,16,0,1,44,data/cam1/cam1_20260111_005144.jpg
cam2,2026-01-11 07:51:45,19,3,0,0,22,data/cam2/cam2_20260111_005145.jpg
cam3,2026-01-11 07:51:45,21,3,0,1,25,data/cam3/cam3_20260111_005145.jpg
cam4,2026-01-11 07:51:46,45,6,0,1,52,data/cam4/cam4_20260111_005146.jpg
cam5,2026-01-11 07:51:46,28,10,0,0,38,data/cam5/cam5_20260111_005146.jpg
cam6,2026-01-11 07:51:47,9,6,0,0,15,data/cam6/cam6_20260111_005147.jpg
cam7,2026-01-11 07:51:47,28,5,0,0,33,data/cam7/cam7_20260111_005147.jpg
cam8,2026-01-11 07:51:48,37,16,0,0,53,data/cam8/cam8_20260111_005148.jpg
cam1,2026-01-11 07:56:44,27,16,0,1,44,data/cam1/cam1_20260111_005644.jpg
cam2,2026-01-11 07:56:45,30,2,0,0,32,data/cam2/cam2_20260111_005645.jpg
cam3,2026-01-11 07:56:45,25,2,0,1,28,data/cam3/cam3_20260111_005645.jpg
cam4,2026-01-11 07:56:46,35,6,0,1,42,data/cam4/cam4_20260111_005646.jpg
cam5,2026-01-11 07:56:46,32,21,0,2,55,data/cam5/cam5_20260111_005646.jpg
cam6,2026-01-11 07:56:47,53,5,0,0,58,data/cam6/cam6_20260111_005647.jpg
cam7,2026-01-11 07:56:47,11,0,0,0,11,data/cam7/cam7_20260111_005647.jpg
cam8,2026-01-11 07:56:48,21,10,1,0,32,data/cam8/cam8_20260111_005648.jpg
cam1,2026-01-11 08:01:44,34,13,0,0,47,data/cam1/cam1_20260111_010144.jpg
cam2,2026-01-11 08:01:45,25,6,2,1,34,data/cam2/cam2_20260111_010145.jpg
cam3,2026-01-11 08:01:45,19,1,0,0,20,data/cam3/cam3_20260111_010145.jpg
cam4,2026-01-11 08:01:46,37,0,0,1,38,data/cam4/cam4_20260111_010146.jpg
cam5,2026-01-11 08:01:46,31,16,0,2,49,data/cam5/cam5_20260111_010146.jpg
cam6,2026-01-11 08:01:47,53,3,0,0,56,data/cam6/cam6_20260111_010147.jpg
cam7,2026-01-11 08:01:48,9,3,0,0,12,data/cam7/cam7_20260111_010148.jpg
cam8,2026-01-11 08:01:49,51,9,0,0,60,data/cam8/cam8_20260111_010149.jpg
cam1,2026-01-11 08:06:44,31,15,0,1,47,data/cam1/cam1_20260111_010644.jpg
cam2,2026-01-11 08:06:45,16,4,0,0,20,data/cam2/cam2_20260111_010645.jpg
cam3,2026-01-11 08:06:45,22,2,0,0,24,data/cam3/cam3_20260111_010645.jpg
cam4,2026-01-11 08:06:46,27,6,0,0,33,data/cam4/cam4_20260111_010646.jpg
cam5,2026-01-11 08:06:46,31,17,0,0,48,data/cam5/cam5_20260111_010646.jpg
cam6,2026-01-11 08:06:47,22,10,0,2,34,data/cam6/cam6_20260111_010647.jpg
cam7,2026-01-11 08:06:47,17,1,1,1,20,data/cam7/cam7_20260111_010647.jpg
cam8,2026-01-11 08:06:48,40,6,0,0,46,data/cam8/cam8_20260111_010648.jpg
cam1,2026-01-11 08:11:44,42,14,0,0,56,data/cam1/cam1_20260111_011144.jpg
cam2,2026-01-11 08:11:44,25,1,1,0,27,data/cam2/cam2_20260111_011144.jpg
cam3,2026-01-11 08:11:45,26,0,0,0,26,data/cam3/cam3_20260111_011145.jpg
cam4,2026-01-11 08:11:45,18,4,2,8,32,data/cam4/cam4_20260111_011145.jpg
cam5,2026-01-11 08:11:46,44,10,0,0,54,data/cam5/cam5_20260111_011146.jpg
cam6,2026-01-11 08:11:46,21,7,0,0,28,data/cam6/cam6_20260111_011146.jpg
cam7,2026-01-11 08:11:47,25,0,0,0,25,data/cam7/cam7_20260111_011147.jpg
cam8,2026-01-11 08:11:47,34,10,0,0,44,data/cam8/cam8_20260111_011147.jpg
cam1,2026-01-11 08:16:44,45,23,0,1,69,data/cam1/cam1_20260111_011644.jpg
cam2,2026-01-11 08:16:45,23,4,0,0,27,data/cam2/cam2_20260111_011645.jpg
cam3,2026-01-11 08:16:45,21,7,0,0,28,data/cam3/cam3_20260111_011645.jpg
cam4,2026-01-11 08:16:46,34,9,0,4,47,data/cam4/cam4_20260111_011646.jpg
cam5,2026-01-11 08:16:46,56,12,1,0,69,data/cam5/cam5_20260111_011646.jpg
cam6,2026-01-11 08:16:46,61,3,0,0,64,data/cam6/cam6_20260111_011646.jpg
cam7,2026-01-11 08:16:47,24,4,0,0,28,data/cam7/cam7_20260111_011647.jpg
cam8,2026-01-11 08:16:47,39,17,0,0,56,data/cam8/cam8_20260111_011647.jpg
cam1,2026-01-11 08:21:44,15,9,0,2,26,data/cam1/cam1_20260111_012144.jpg
cam2,2026-01-11 08:21:44,26,4,0,1,31,data/cam2/cam2_20260111_012144.jpg
cam3,2026-01-11 08:21:45,26,1,0,0,27,data/cam3/cam3_20260111_012145.jpg
cam4,2026-01-11 08:21:46,40,9,0,0,49,data/cam4/cam4_20260111_012146.jpg
cam5,2026-01-11 08:21:46,30,9,0,0,39,data/cam5/cam5_20260111_012146.jpg
cam6,2026-01-11 08:21:46,29,9,0,2,40,data/cam6/cam6_20260111_012146.jpg
cam7,2026-01-11 08:21:47,16,2,0,1,19,data/cam7/cam7_20260111_012147.jpg
cam8,2026-01-11 08:21:48,38,4,0,3,45,data/cam8/cam8_20260111_012148.jpg
cam1,2026-01-11 08:26:44,46,22,2,0,70,data/cam1/cam1_20260111_012644.jpg
cam2,2026-01-11 08:26:44,28,1,0,0,29,data/cam2/cam2_20260111_012644.jpg
cam3,2026-01-11 08:26:45,25,1,0,0,26,data/cam3/cam3_20260111_012645.jpg
cam4,2026-01-11 08:26:45,53,7,0,0,60,data/cam4/cam4_20260111_012645.jpg
cam5,2026-01-11 08:26:46,7,17,1,2,27,data/cam5/cam5_20260111_012646.jpg
cam6,2026-01-11 08:26:46,53,8,0,0,61,data/cam6/cam6_20260111_012646.jpg
cam7,2026-01-11 08:26:47,15,2,0,0,17,data/cam7/cam7_20260111_012647.jpg
cam8,2026-01-11 08:26:47,20,9,1,4,34,data/cam8/cam8_20260111_012647.jpg
cam1,2026-01-11 08:31:44,32,17,0,1,50,data/cam1/cam1_20260111_013144.jpg
cam2,2026-01-11 08:31:45,28,2,0,0,30,data/cam2/cam2_20260111_013145.jpg
cam3,2026-01-11 08:31:45,28,4,0,0,32,data/cam3/cam3_20260111_013145.jpg
cam4,2026-01-11 08:31:46,36,6,1,1,44,data/cam4/cam4_20260111_013146.jpg
cam5,2026-01-11 08:31:47,7,18,0,1,26,data/cam5/cam5_20260111_013147.jpg
cam6,2026-01-11 08:31:48,15,6,0,0,21,data/cam6/cam6_20260111_013148.jpg
cam7,2026-01-11 08:31:49,33,3,0,0,36,data/cam7/cam7_20260111_013149.jpg
cam8,2026-01-11 08:31:49,28,14,0,0,42,data/cam8/cam8_20260111_013149.jpg
cam1,2026-01-11 08:36:44,30,23,0,4,57,data/cam1/cam1_20260111_013644.jpg
cam2,2026-01-11 08:36:45,25,5,0,1,31,data/cam2/cam2_20260111_013645.jpg
cam3,2026-01-11 08:36:45,33,7,0,0,40,data/cam3/cam3_20260111_013645.jpg
cam1,2026-01-11 08:38:17,54,20,1,0,75,data/cam1/cam1_20260111_013817.jpg
cam2,2026-01-11 08:38:23,25,2,0,0,27,data/cam2/cam2_20260111_013823.jpg
cam3,2026-01-11 08:38:28,23,2,0,0,25,data/cam3/cam3_20260111_013828.jpg
cam4,2026-01-11 08:38:31,25,7,0,0,32,data/cam4/cam4_20260111_013831.jpg
cam5,2026-01-11 08:38:35,18,16,0,1,35,data/cam5/cam5_20260111_013835.jpg
cam6,2026-01-11 08:38:40,29,6,1,1,37,data/cam6/cam6_20260111_013840.jpg
cam7,2026-01-11 08:38:44,21,3,0,1,25,data/cam7/cam7_20260111_013844.jpg
cam8,2026-01-11 08:38:48,23,8,0,1,32,data/cam8/cam8_20260111_013848.jpg
cam1,2026-01-11 08:43:17,32,13,0,2,47,data/cam1/cam1_20260111_014317.jpg
cam2,2026-01-11 08:43:17,5,3,0,0,8,data/cam2/cam2_20260111_014317.jpg
cam3,2026-01-11 08:43:17,20,2,0,1,23,data/cam3/cam3_20260111_014317.jpg
cam4,2026-01-11 08:43:18,45,7,0,1,53,data/cam4/cam4_20260111_014318.jpg
cam5,2026-01-11 08:43:18,10,22,0,1,33,data/cam5/cam5_20260111_014318.jpg
cam6,2026-01-11 08:43:19,30,6,0,1,37,data/cam6/cam6_20260111_014319.jpg
cam7,2026-01-11 08:43:20,33,0,0,1,34,data/cam7/cam7_20260111_014320.jpg
cam8,2026-01-11 08:43:21,26,4,2,0,32,data/cam8/cam8_20260111_014321.jpg
cam1,2026-01-11 08:48:17,60,19,0,2,81,data/cam1/cam1_20260111_014817.jpg
cam2,2026-01-11 08:48:17,18,0,0,0,18,data/cam2/cam2_20260111_014817.jpg
cam3,2026-01-11 08:48:17,25,8,0,0,33,data/cam3/cam3_20260111_014817.jpg
cam4,2026-01-11 08:48:18,36,10,1,0,47,data/cam4/cam4_20260111_014818.jpg
cam5,2026-01-11 08:48:18,8,15,0,1,24,data/cam5/cam5_20260111_014818.jpg
cam6,2026-01-11 08:48:19,52,8,0,0,60,data/cam6/cam6_20260111_014819.jpg
cam7,2026-01-11 08:48:20,34,2,0,1,37,data/cam7/cam7_20260111_014820.jpg
cam8,2026-01-11 08:48:20,46,20,1,1,68,data/cam8/cam8_20260111_014820.jpg
cam1,2026-01-11 08:53:17,24,19,0,0,43,data/cam1/cam1_20260111_015317.jpg
cam2,2026-01-11 08:53:17,13,7,1,0,21,data/cam2/cam2_20260111_015317.jpg
cam3,2026-01-11 08:53:18,21,3,0,0,24,data/cam3/cam3_20260111_015318.jpg
cam4,2026-01-11 08:53:18,50,13,0,1,64,data/cam4/cam4_20260111_015318.jpg
cam5,2026-01-11 08:53:19,14,9,1,0,24,data/cam5/cam5_20260111_015319.jpg
cam6,2026-01-11 08:53:19,15,5,0,1,21,data/cam6/cam6_20260111_015319.jpg
cam7,2026-01-11 08:53:19,39,1,0,1,41,data/cam7/cam7_20260111_015319.jpg
cam8,2026-01-11 08:53:20,44,14,1,0,59,data/cam8/cam8_20260111_015320.jpg
cam1,2026-01-11 08:58:17,27,16,1,2,46,data/cam1/cam1_20260111_015817.jpg
cam2,2026-01-11 08:58:17,5,1,0,1,7,data/cam2/cam2_20260111_015817.jpg
cam3,2026-01-11 08:58:18,33,0,0,0,33,data/cam3/cam3_20260111_015818.jpg
cam4,2026-01-11 08:58:18,47,4,1,0,52,data/cam4/cam4_20260111_015818.jpg
cam5,2026-01-11 08:58:18,18,24,1,0,43,data/cam5/cam5_20260111_015818.jpg
cam6,2026-01-11 08:58:19,20,8,0,0,28,data/cam6/cam6_20260111_015819.jpg
cam7,2026-01-11 08:58:19,21,0,0,1,22,data/cam7/cam7_20260111_015819.jpg
cam8,2026-01-11 08:58:20,32,10,1,0,43,data/cam8/cam8_20260111_015820.jpg
cam1,2026-01-11 09:03:17,33,12,0,4,49,data/cam1/cam1_20260111_020317.jpg
cam2,2026-01-11 09:03:18,8,4,0,0,12,data/cam2/cam2_20260111_020318.jpg
cam3,2026-01-11 09:03:18,18,4,2,0,24,data/cam3/cam3_20260111_020318.jpg
cam4,2026-01-11 09:03:19,29,10,1,0,40,data/cam4/cam4_20260111_020319.jpg
cam5,2026-01-11 09:03:19,31,23,1,1,56,data/cam5/cam5_20260111_020319.jpg
cam6,2026-01-11 09:03:19,26,25,0,1,52,data/cam6/cam6_20260111_020319.jpg
cam7,2026-01-11 09:03:20,17,2,0,0,19,data/cam7/cam7_20260111_020320.jpg
cam8,2026-01-11 09:03:20,33,16,0,1,50,data/cam8/cam8_20260111_020320.jpg
cam1,2026-01-11 09:08:17,38,25,1,0,64,data/cam1/cam1_20260111_020817.jpg
cam2,2026-01-11 09:08:17,17,4,0,0,21,data/cam2/cam2_20260111_020817.jpg
cam3,2026-01-11 09:08:17,25,7,1,1,34,data/cam3/cam3_20260111_020817.jpg
cam4,2026-01-11 09:08:18,35,7,1,2,45,data/cam4/cam4_20260111_020818.jpg
cam5,2026-01-11 09:08:18,11,20,6,0,37,data/cam5/cam5_20260111_020818.jpg
cam6,2026-01-11 09:08:19,25,6,0,1,32,data/cam6/cam6_20260111_020819.jpg
cam7,2026-01-11 09:08:19,31,8,2,1,42,data/cam7/cam7_20260111_020819.jpg
cam8,2026-01-11 09:08:20,36,12,1,2,51,data/cam8/cam8_20260111_020820.jpg
cam1,2026-01-11 09:13:17,25,14,0,1,40,data/cam1/cam1_20260111_021317.jpg
cam2,2026-01-11 09:13:17,14,12,1,0,27,data/cam2/cam2_20260111_021317.jpg
cam3,2026-01-11 09:13:17,39,2,0,0,41,data/cam3/cam3_20260111_021317.jpg
cam4,2026-01-11 09:13:18,21,6,3,3,33,data/cam4/cam4_20260111_021318.jpg
cam5,2026-01-11 09:13:18,17,24,0,2,43,data/cam5/cam5_20260111_021318.jpg
cam6,2026-01-11 09:13:19,19,6,1,1,27,data/cam6/cam6_20260111_021319.jpg
cam7,2026-01-11 09:13:19,22,0,0,0,22,data/cam7/cam7_20260111_021319.jpg
cam8,2026-01-11 09:13:20,43,18,1,1,63,data/cam8/cam8_20260111_021320.jpg
cam1,2026-01-11 09:18:17,25,22,1,1,49,data/cam1/cam1_20260111_021817.jpg
cam2,2026-01-11 09:18:17,25,6,0,1,32,data/cam2/cam2_20260111_021817.jpg
cam3,2026-01-11 09:18:17,27,5,1,1,34,data/cam3/cam3_20260111_021817.jpg
cam4,2026-01-11 09:18:18,34,6,0,1,41,data/cam4/cam4_20260111_021818.jpg
cam5,2026-01-11 09:18:18,33,20,2,3,58,data/cam5/cam5_20260111_021818.jpg
cam6,2026-01-11 09:18:19,35,7,3,0,45,data/cam6/cam6_20260111_021819.jpg
cam7,2026-01-11 09:18:19,37,1,0,0,38,data/cam7/cam7_20260111_021819.jpg
cam8,2026-01-11 09:18:20,21,18,1,1,41,data/cam8/cam8_20260111_021820.jpg
cam1,2026-01-11 09:23:17,30,23,1,2,56,data/cam1/cam1_20260111_022317.jpg
cam2,2026-01-11 09:23:17,29,3,1,1,34,data/cam2/cam2_20260111_022317.jpg
cam3,2026-01-11 09:23:18,27,7,1,0,35,data/cam3/cam3_20260111_022318.jpg
cam4,2026-01-11 09:23:18,23,9,1,2,35,data/cam4/cam4_20260111_022318.jpg
cam5,2026-01-11 09:23:18,27,29,2,5,63,data/cam5/cam5_20260111_022318.jpg
cam6,2026-01-11 09:23:19,31,7,1,0,39,data/cam6/cam6_20260111_022319.jpg
cam7,2026-01-11 09:23:20,40,2,0,0,42,data/cam7/cam7_20260111_022320.jpg
cam8,2026-01-11 09:23:20,20,16,0,0,36,data/cam8/cam8_20260111_022320.jpg
cam1,2026-01-11 09:28:17,32,13,0,0,45,data/cam1/cam1_20260111_022817.jpg
cam2,2026-01-11 09:28:17,31,3,1,1,36,data/cam2/cam2_20260111_022817.jpg
cam3,2026-01-11 09:28:17,29,5,1,0,35,data/cam3/cam3_20260111_022817.jpg
cam4,2026-01-11 09:28:18,50,8,0,1,59,data/cam4/cam4_20260111_022818.jpg
cam5,2026-01-11 09:28:18,14,16,1,2,33,data/cam5/cam5_20260111_022818.jpg
cam6,2026-01-11 09:28:19,34,13,1,3,51,data/cam6/cam6_20260111_022819.jpg
cam7,2026-01-11 09:28:19,13,6,1,0,20,data/cam7/cam7_20260111_022819.jpg
cam8,2026-01-11 09:28:20,28,11,2,0,41,data/cam8/cam8_20260111_022820.jpg
cam1,2026-01-11 09:33:17,30,20,1,1,52,data/cam1/cam1_20260111_023317.jpg
cam2,2026-01-11 09:33:17,14,1,0,0,15,data/cam2/cam2_20260111_023317.jpg
cam3,2026-01-11 09:33:17,27,1,1,0,29,data/cam3/cam3_20260111_023317.jpg
cam4,2026-01-11 09:33:18,37,5,1,0,43,data/cam4/cam4_20260111_023318.jpg
cam5,2026-01-11 09:33:18,59,19,0,1,79,data/cam5/cam5_20260111_023318.jpg
cam6,2026-01-11 09:33:19,27,7,3,0,37,data/cam6/cam6_20260111_023319.jpg
cam7,2026-01-11 09:33:19,34,2,0,0,36,data/cam7/cam7_20260111_023319.jpg
cam8,2026-01-11 09:33:20,24,17,1,1,43,data/cam8/cam8_20260111_023320.jpg
cam1,2026-01-11 09:38:17,28,26,0,1,55,data/cam1/cam1_20260111_023817.jpg
cam2,2026-01-11 09:38:17,13,6,0,1,20,data/cam2/cam2_20260111_023817.jpg
cam3,2026-01-11 09:38:17,21,7,0,1,29,data/cam3/cam3_20260111_023817.jpg
cam4,2026-01-11 09:38:18,32,5,1,3,41,data/cam4/cam4_20260111_023818.jpg
cam5,2026-01-11 09:38:18,27,25,2,3,57,data/cam5/cam5_20260111_023818.jpg
cam6,2026-01-11 09:38:19,61,10,2,0,73,data/cam6/cam6_20260111_023819.jpg
cam7,2026-01-11 09:38:19,29,4,0,1,34,data/cam7/cam7_20260111_023819.jpg
cam8,2026-01-11 09:38:20,30,16,0,1,47,data/cam8/cam8_20260111_023820.jpg
cam1,2026-01-11 09:43:17,33,18,3,0,54,data/cam1/cam1_20260111_024317.jpg
cam2,2026-01-11 09:43:17,14,7,1,0,22,data/cam2/cam2_20260111_024317.jpg
cam3,2026-01-11 09:43:17,24,10,2,1,37,data/cam3/cam3_20260111_024317.jpg
cam4,2026-01-11 09:43:18,29,3,1,0,33,data/cam4/cam4_20260111_024318.jpg
cam5,2026-01-11 09:43:18,34,28,6,2,70,data/cam5/cam5_20260111_024318.jpg
cam6,2026-01-11 09:43:19,33,11,1,0,45,data/cam6/cam6_20260111_024319.jpg
cam7,2026-01-11 09:43:20,29,3,0,0,32,data/cam7/cam7_20260111_024320.jpg
cam8,2026-01-11 09:43:20,27,27,1,1,56,data/cam8/cam8_20260111_024320.jpg
cam1,2026-01-11 09:48:17,21,21,0,1,43,data/cam1/cam1_20260111_024817.jpg
cam2,2026-01-11 09:48:17,27,12,3,0,42,data/cam2/cam2_20260111_024817.jpg
cam3,2026-01-11 09:48:17,28,5,1,0,34,data/cam3/cam3_20260111_024817.jpg
cam4,2026-01-11 09:48:18,51,11,0,0,62,data/cam4/cam4_20260111_024818.jpg
cam5,2026-01-11 09:48:18,15,22,2,0,39,data/cam5/cam5_20260111_024818.jpg
cam6,2026-01-11 09:48:19,37,10,1,2,50,data/cam6/cam6_20260111_024819.jpg
cam7,2026-01-11 09:48:19,27,3,0,1,31,data/cam7/cam7_20260111_024819.jpg
cam8,2026-01-11 09:48:20,36,13,3,6,58,data/cam8/cam8_20260111_024820.jpg
cam1,2026-01-11 09:53:17,37,26,3,2,68,data/cam1/cam1_20260111_025317.jpg
cam2,2026-01-11 09:53:17,25,11,2,0,38,data/cam2/cam2_20260111_025317.jpg
cam3,2026-01-11 09:53:17,34,6,0,0,40,data/cam3/cam3_20260111_025317.jpg
cam4,2026-01-11 09:53:18,28,13,3,0,44,data/cam4/cam4_20260111_025318.jpg
cam5,2026-01-11 09:53:18,11,25,6,1,43,data/cam5/cam5_20260111_025318.jpg
cam6,2026-01-11 09:53:19,31,4,1,1,37,data/cam6/cam6_20260111_025319.jpg
cam7,2026-01-11 09:53:19,27,6,0,1,34,data/cam7/cam7_20260111_025319.jpg
cam8,2026-01-11 09:53:20,28,16,1,2,47,data/cam8/cam8_20260111_025320.jpg
cam1,2026-01-11 09:58:17,38,30,2,1,71,data/cam1/cam1_20260111_025817.jpg
cam2,2026-01-11 09:58:17,35,4,1,0,40,data/cam2/cam2_20260111_025817.jpg
cam3,2026-01-11 09:58:17,34,2,0,1,37,data/cam3/cam3_20260111_025817.jpg
cam4,2026-01-11 09:58:18,38,4,2,1,45,data/cam4/cam4_20260111_025818.jpg
cam5,2026-01-11 09:58:18,28,29,5,2,64,data/cam5/cam5_20260111_025818.jpg
cam6,2026-01-11 09:58:19,32,8,1,1,42,data/cam6/cam6_20260111_025819.jpg
cam7,2026-01-11 09:58:19,34,4,0,1,39,data/cam7/cam7_20260111_025819.jpg
cam8,2026-01-11 09:58:20,53,11,0,3,67,data/cam8/cam8_20260111_025820.jpg
cam1,2026-01-11 10:03:17,37,27,0,0,64,data/cam1/cam1_20260111_030317.jpg
cam2,2026-01-11 10:03:17,34,7,0,0,41,data/cam2/cam2_20260111_030317.jpg
cam3,2026-01-11 10:03:17,27,4,1,0,32,data/cam3/cam3_20260111_030317.jpg
cam4,2026-01-11 10:03:18,39,15,0,0,54,data/cam4/cam4_20260111_030318.jpg
cam5,2026-01-11 10:03:18,24,28,4,6,62,data/cam5/cam5_20260111_030318.jpg
cam6,2026-01-11 10:03:19,27,10,3,2,42,data/cam6/cam6_20260111_030319.jpg
cam7,2026-01-11 10:03:19,42,7,0,0,49,data/cam7/cam7_20260111_030319.jpg
cam8,2026-01-11 10:03:20,42,13,1,1,57,data/cam8/cam8_20260111_030320.jpg
cam1,2026-01-11 10:08:17,56,17,0,0,73,data/cam1/cam1_20260111_030817.jpg
cam2,2026-01-11 10:08:17,23,5,2,1,31,data/cam2/cam2_20260111_030817.jpg
cam3,2026-01-11 10:08:17,27,7,0,0,34,data/cam3/cam3_20260111_030817.jpg
cam4,2026-01-11 10:08:18,46,8,0,1,55,data/cam4/cam4_20260111_030818.jpg
cam5,2026-01-11 10:08:18,30,49,2,0,81,data/cam5/cam5_20260111_030818.jpg
cam6,2026-01-11 10:08:19,47,7,1,0,55,data/cam6/cam6_20260111_030819.jpg
cam7,2026-01-11 10:08:19,35,8,0,0,43,data/cam7/cam7_20260111_030819.jpg
cam8,2026-01-11 10:08:20,39,25,0,0,64,data/cam8/cam8_20260111_030820.jpg
cam1,2026-01-11 10:13:17,26,21,2,0,49,data/cam1/cam1_20260111_031317.jpg
cam2,2026-01-11 10:13:17,13,3,0,1,17,data/cam2/cam2_20260111_031317.jpg
cam3,2026-01-11 10:13:17,29,5,2,0,36,data/cam3/cam3_20260111_031317.jpg
cam4,2026-01-11 10:13:18,44,3,1,0,48,data/cam4/cam4_20260111_031318.jpg
cam5,2026-01-11 10:13:18,18,44,2,3,67,data/cam5/cam5_20260111_031318.jpg
cam6,2026-01-11 10:13:19,30,10,1,1,42,data/cam6/cam6_20260111_031319.jpg
cam7,2026-01-11 10:13:19,35,9,1,0,45,data/cam7/cam7_20260111_031319.jpg
cam8,2026-01-11 10:13:20,32,13,2,0,47,data/cam8/cam8_20260111_031320.jpg
cam1,2026-01-11 10:18:17,53,21,2,1,77,data/cam1/cam1_20260111_031817.jpg
cam2,2026-01-11 10:18:17,13,11,1,0,25,data/cam2/cam2_20260111_031817.jpg
cam3,2026-01-11 10:18:17,27,5,0,0,32,data/cam3/cam3_20260111_031817.jpg
cam4,2026-01-11 10:18:18,37,9,0,2,48,data/cam4/cam4_20260111_031818.jpg
cam5,2026-01-11 10:18:18,66,19,1,1,87,data/cam5/cam5_20260111_031818.jpg
cam6,2026-01-11 10:18:19,52,4,1,4,61,data/cam6/cam6_20260111_031819.jpg
cam7,2026-01-11 10:18:19,48,9,0,0,57,data/cam7/cam7_20260111_031819.jpg
cam8,2026-01-11 10:18:20,51,10,0,0,61,data/cam8/cam8_20260111_031820.jpg
cam1,2026-01-11 10:23:17,40,17,0,0,57,data/cam1/cam1_20260111_032317.jpg
cam2,2026-01-11 10:23:17,17,5,1,0,23,data/cam2/cam2_20260111_032317.jpg
cam3,2026-01-11 10:23:17,24,7,0,1,32,data/cam3/cam3_20260111_032317.jpg
cam4,2026-01-11 10:23:18,30,18,1,0,49,data/cam4/cam4_20260111_032318.jpg
cam5,2026-01-11 10:23:18,20,28,3,0,51,data/cam5/cam5_20260111_032318.jpg
cam6,2026-01-11 10:23:19,32,12,3,2,49,data/cam6/cam6_20260111_032319.jpg
cam7,2026-01-11 10:23:19,34,3,0,0,37,data/cam7/cam7_20260111_032319.jpg
cam8,2026-01-11 10:23:20,43,20,0,0,63,data/cam8/cam8_20260111_032320.jpg
cam1,2026-01-11 10:28:17,26,22,1,2,51,data/cam1/cam1_20260111_032817.jpg
cam2,2026-01-11 10:28:17,32,9,0,0,41,data/cam2/cam2_20260111_032817.jpg
cam3,2026-01-11 10:28:17,25,3,0,0,28,data/cam3/cam3_20260111_032817.jpg
cam4,2026-01-11 10:28:18,45,9,0,0,54,data/cam4/cam4_20260111_032818.jpg
cam5,2026-01-11 10:28:18,25,16,0,3,44,data/cam5/cam5_20260111_032818.jpg
cam6,2026-01-11 10:28:19,48,11,4,1,64,data/cam6/cam6_20260111_032819.jpg
cam7,2026-01-11 10:28:19,29,2,0,0,31,data/cam7/cam7_20260111_032819.jpg
cam8,2026-01-11 10:28:20,25,15,1,0,41,data/cam8/cam8_20260111_032820.jpg
cam1,2026-01-11 10:33:17,32,20,1,2,55,data/cam1/cam1_20260111_033317.jpg
cam2,2026-01-11 10:33:17,23,13,0,0,36,data/cam2/cam2_20260111_033317.jpg
cam3,2026-01-11 10:33:17,29,5,1,4,39,data/cam3/cam3_20260111_033317.jpg
cam4,2026-01-11 10:33:18,35,7,2,0,44,data/cam4/cam4_20260111_033318.jpg
cam5,2026-01-11 10:33:18,22,24,0,1,47,data/cam5/cam5_20260111_033318.jpg
cam6,2026-01-11 10:33:19,21,12,1,2,36,data/cam6/cam6_20260111_033319.jpg
cam7,2026-01-11 10:33:19,23,1,1,1,26,data/cam7/cam7_20260111_033319.jpg
cam8,2026-01-11 10:33:20,34,13,1,1,49,data/cam8/cam8_20260111_033320.jpg
cam1,2026-01-11 10:38:17,42,16,1,2,61,data/cam1/cam1_20260111_033817.jpg
cam2,2026-01-11 10:38:17,42,19,3,0,64,data/cam2/cam2_20260111_033817.jpg
cam3,2026-01-11 10:38:18,43,6,1,0,50,data/cam3/cam3_20260111_033818.jpg
cam4,2026-01-11 10:38:18,47,9,1,0,57,data/cam4/cam4_20260111_033818.jpg
cam5,2026-01-11 10:38:18,24,22,0,1,47,data/cam5/cam5_20260111_033818.jpg
cam6,2026-01-11 10:38:19,45,10,1,1,57,data/cam6/cam6_20260111_033819.jpg
cam7,2026-01-11 10:38:20,28,1,2,0,31,data/cam7/cam7_20260111_033820.jpg
cam8,2026-01-11 10:38:20,38,6,3,2,49,data/cam8/cam8_20260111_033820.jpg
cam1,2026-01-11 10:43:17,34,26,0,1,61,data/cam1/cam1_20260111_034317.jpg
cam2,2026-01-11 10:43:17,36,3,0,0,39,data/cam2/cam2_20260111_034317.jpg
cam3,2026-01-11 10:43:17,26,4,1,0,31,data/cam3/cam3_20260111_034317.jpg
cam4,2026-01-11 10:43:18,45,7,0,1,53,data/cam4/cam4_20260111_034318.jpg
cam5,2026-01-11 10:43:18,34,22,2,1,59,data/cam5/cam5_20260111_034318.jpg
cam6,2026-01-11 10:43:19,33,12,4,2,51,data/cam6/cam6_20260111_034319.jpg
cam7,2026-01-11 10:43:19,32,4,2,1,39,data/cam7/cam7_20260111_034319.jpg
cam8,2026-01-11 10:43:20,43,14,4,2,63,data/cam8/cam8_20260111_034320.jpg
cam1,2026-01-11 10:48:17,32,31,0,0,63,data/cam1/cam1_20260111_034817.jpg
cam2,2026-01-11 10:48:17,21,3,0,0,24,data/cam2/cam2_20260111_034817.jpg
cam3,2026-01-11 10:48:17,26,6,0,1,33,data/cam3/cam3_20260111_034817.jpg
cam4,2026-01-11 10:48:18,49,19,1,1,70,data/cam4/cam4_20260111_034818.jpg
cam5,2026-01-11 10:48:18,20,32,4,1,57,data/cam5/cam5_20260111_034818.jpg
cam6,2026-01-11 10:48:19,21,16,2,1,40,data/cam6/cam6_20260111_034819.jpg
cam7,2026-01-11 10:48:19,41,5,0,0,46,data/cam7/cam7_20260111_034819.jpg
cam8,2026-01-11 10:48:20,24,7,1,1,33,data/cam8/cam8_20260111_034820.jpg
cam1,2026-01-11 10:53:17,40,25,0,3,68,data/cam1/cam1_20260111_035317.jpg
cam2,2026-01-11 10:53:17,17,7,2,0,26,data/cam2/cam2_20260111_035317.jpg
cam3,2026-01-11 10:53:17,27,9,1,0,37,data/cam3/cam3_20260111_035317.jpg
cam4,2026-01-11 10:53:18,39,18,1,2,60,data/cam4/cam4_20260111_035318.jpg
cam5,2026-01-11 10:53:18,33,31,2,4,70,data/cam5/cam5_20260111_035318.jpg
cam6,2026-01-11 10:53:19,17,11,1,0,29,data/cam6/cam6_20260111_035319.jpg
cam7,2026-01-11 10:53:19,32,4,1,0,37,data/cam7/cam7_20260111_035319.jpg
cam8,2026-01-11 10:53:20,33,13,2,0,48,data/cam8/cam8_20260111_035320.jpg
cam1,2026-01-11 10:58:17,21,25,2,0,48,data/cam1/cam1_20260111_035817.jpg
cam2,2026-01-11 10:58:17,24,3,0,0,27,data/cam2/cam2_20260111_035817.jpg
cam3,2026-01-11 10:58:18,40,5,2,0,47,data/cam3/cam3_20260111_035818.jpg
cam4,2026-01-11 10:58:18,22,4,1,0,27,data/cam4/cam4_20260111_035818.jpg
cam5,2026-01-11 10:58:19,12,27,4,2,45,data/cam5/cam5_20260111_035819.jpg
cam6,2026-01-11 10:58:19,55,8,2,2,67,data/cam6/cam6_20260111_035819.jpg
cam7,2026-01-11 10:58:19,25,3,2,1,31,data/cam7/cam7_20260111_035819.jpg
cam8,2026-01-11 10:58:20,35,17,0,4,56,data/cam8/cam8_20260111_035820.jpg
cam1,2026-01-11 11:03:17,29,18,1,1,49,data/cam1/cam1_20260111_040317.jpg
cam2,2026-01-11 11:03:17,29,2,0,0,31,data/cam2/cam2_20260111_040317.jpg
cam3,2026-01-11 11:03:17,43,5,1,0,49,data/cam3/cam3_20260111_040317.jpg
cam4,2026-01-11 11:03:18,44,14,0,0,58,data/cam4/cam4_20260111_040318.jpg
cam5,2026-01-11 11:03:18,16,20,1,3,40,data/cam5/cam5_20260111_040318.jpg
cam6,2026-01-11 11:03:19,39,11,0,0,50,data/cam6/cam6_20260111_040319.jpg
cam7,2026-01-11 11:03:19,32,0,3,0,35,data/cam7/cam7_20260111_040319.jpg
cam8,2026-01-11 11:03:20,54,16,1,1,72,data/cam8/cam8_20260111_040320.jpg
cam1,2026-01-11 11:08:17,49,30,1,0,80,data/cam1/cam1_20260111_040817.jpg
cam2,2026-01-11 11:08:17,22,13,1,0,36,data/cam2/cam2_20260111_040817.jpg
cam3,2026-01-11 11:08:17,31,8,1,0,40,data/cam3/cam3_20260111_040817.jpg
cam4,2026-01-11 11:08:18,32,10,1,1,44,data/cam4/cam4_20260111_040818.jpg
cam5,2026-01-11 11:08:18,49,25,2,0,76,data/cam5/cam5_20260111_040818.jpg
cam6,2026-01-11 11:08:19,47,8,0,0,55,data/cam6/cam6_20260111_040819.jpg
cam7,2026-01-11 11:08:19,53,9,0,0,62,data/cam7/cam7_20260111_040819.jpg
cam8,2026-01-11 11:08:20,43,13,2,1,59,data/cam8/cam8_20260111_040820.jpg
cam1,2026-01-11 11:13:17,30,23,0,0,53,data/cam1/cam1_20260111_041317.jpg
cam2,2026-01-11 11:13:17,31,10,1,2,44,data/cam2/cam2_20260111_041317.jpg
cam3,2026-01-11 11:13:17,16,6,1,1,24,data/cam3/cam3_20260111_041317.jpg
cam4,2026-01-11 11:13:18,30,7,1,0,38,data/cam4/cam4_20260111_041318.jpg
cam5,2026-01-11 11:13:18,30,26,1,2,59,data/cam5/cam5_20260111_041318.jpg
cam6,2026-01-11 11:13:19,50,8,0,1,59,data/cam6/cam6_20260111_041319.jpg
cam7,2026-01-11 11:13:19,40,7,2,1,50,data/cam7/cam7_20260111_041319.jpg
cam8,2026-01-11 11:13:20,35,22,4,1,62,data/cam8/cam8_20260111_041320.jpg
cam1,2026-01-11 11:15:13,62,23,3,0,88,data/cam1/cam1_20260111_041513.jpg
cam2,2026-01-11 11:15:14,29,11,0,0,40,data/cam2/cam2_20260111_041514.jpg
cam3,2026-01-11 11:15:14,32,4,4,0,40,data/cam3/cam3_20260111_041514.jpg
cam4,2026-01-11 11:15:15,37,11,2,1,51,data/cam4/cam4_20260111_041515.jpg
cam5,2026-01-11 11:15:15,14,33,2,1,50,data/cam5/cam5_20260111_041515.jpg
cam6,2026-01-11 11:15:15,30,11,0,1,42,data/cam6/cam6_20260111_041515.jpg
cam7,2026-01-11 11:15:16,30,9,3,2,44,data/cam7/cam7_20260111_041516.jpg
cam8,2026-01-11 11:15:16,34,22,0,0,56,data/cam8/cam8_20260111_041516.jpg
cam1,2026-01-11 11:20:13,29,30,0,3,62,data/cam1/cam1_20260111_042013.jpg
cam2,2026-01-11 11:20:14,35,6,1,1,43,data/cam2/cam2_20260111_042014.jpg
cam3,2026-01-11 11:20:14,31,7,2,0,40,data/cam3/cam3_20260111_042014.jpg
cam4,2026-01-11 11:20:15,41,10,2,1,54,data/cam4/cam4_20260111_042015.jpg
cam5,2026-01-11 11:20:15,8,36,0,2,46,data/cam5/cam5_20260111_042015.jpg
cam6,2026-01-11 11:20:16,39,8,3,2,52,data/cam6/cam6_20260111_042016.jpg
cam7,2026-01-11 11:20:16,48,9,0,1,58,data/cam7/cam7_20260111_042016.jpg
cam8,2026-01-11 11:20:16,35,21,3,1,60,data/cam8/cam8_20260111_042016.jpg
cam1,2026-01-11 11:25:13,23,29,2,0,54,data/cam1/cam1_20260111_042513.jpg
cam2,2026-01-11 11:25:14,19,5,0,0,24,data/cam2/cam2_20260111_042514.jpg
cam3,2026-01-11 11:25:14,26,3,1,0,30,data/cam3/cam3_20260111_042514.jpg
cam4,2026-01-11 11:25:15,38,5,1,0,44,data/cam4/cam4_20260111_042515.jpg
cam5,2026-01-11 11:25:15,28,34,2,3,67,data/cam5/cam5_20260111_042515.jpg
cam6,2026-01-11 11:25:16,18,6,0,0,24,data/cam6/cam6_20260111_042516.jpg
cam7,2026-01-11 11:25:16,30,6,2,1,39,data/cam7/cam7_20260111_042516.jpg
cam8,2026-01-11 11:25:17,28,19,0,0,47,data/cam8/cam8_20260111_042517.jpg
cam1,2026-01-11 11:30:13,28,15,2,2,47,data/cam1/cam1_20260111_043013.jpg
cam2,2026-01-11 11:30:14,18,2,0,0,20,data/cam2/cam2_20260111_043014.jpg
cam3,2026-01-11 11:30:15,17,3,0,0,20,data/cam3/cam3_20260111_043015.jpg
cam4,2026-01-11 11:30:15,38,13,0,0,51,data/cam4/cam4_20260111_043015.jpg
cam5,2026-01-11 11:30:16,31,25,4,3,63,data/cam5/cam5_20260111_043016.jpg
cam6,2026-01-11 11:30:16,49,8,1,0,58,data/cam6/cam6_20260111_043016.jpg
cam7,2026-01-11 11:30:16,53,7,2,1,63,data/cam7/cam7_20260111_043016.jpg
cam8,2026-01-11 11:30:17,47,16,2,2,67,data/cam8/cam8_20260111_043017.jpg
cam1,2026-01-11 11:35:13,30,20,0,1,51,data/cam1/cam1_20260111_043513.jpg
cam2,2026-01-11 11:35:14,22,5,1,1,29,data/cam2/cam2_20260111_043514.jpg
cam3,2026-01-11 11:35:14,27,2,1,1,31,data/cam3/cam3_20260111_043514.jpg
cam4,2026-01-11 11:35:15,37,10,2,0,49,data/cam4/cam4_20260111_043515.jpg
cam5,2026-01-11 11:35:15,19,18,3,1,41,data/cam5/cam5_20260111_043515.jpg
cam6,2026-01-11 11:35:16,49,3,4,0,56,data/cam6/cam6_20260111_043516.jpg
cam7,2026-01-11 11:35:16,43,8,2,0,53,data/cam7/cam7_20260111_043516.jpg
cam8,2026-01-11 11:35:17,31,18,4,1,54,data/cam8/cam8_20260111_043517.jpg
cam1,2026-01-11 11:40:13,32,12,0,3,47,data/cam1/cam1_20260111_044013.jpg
cam2,2026-01-11 11:40:14,28,8,1,1,38,data/cam2/cam2_20260111_044014.jpg
cam3,2026-01-11 11:40:14,33,8,1,0,42,data/cam3/cam3_20260111_044014.jpg
cam4,2026-01-11 11:40:15,37,3,0,0,40,data/cam4/cam4_20260111_044015.jpg
cam5,2026-01-11 11:40:15,9,28,1,1,39,data/cam5/cam5_20260111_044015.jpg
cam6,2026-01-11 11:40:16,22,7,0,2,31,data/cam6/cam6_20260111_044016.jpg
cam7,2026-01-11 11:40:16,26,5,3,0,34,data/cam7/cam7_20260111_044016.jpg
cam8,2026-01-11 11:40:16,34,19,0,2,55,data/cam8/cam8_20260111_044016.jpg
cam1,2026-01-11 11:45:13,30,25,3,1,59,data/cam1/cam1_20260111_044513.jpg
cam2,2026-01-11 11:45:15,19,6,0,0,25,data/cam2/cam2_20260111_044515.jpg
cam3,2026-01-11 11:45:15,17,4,0,0,21,data/cam3/cam3_20260111_044515.jpg
cam4,2026-01-11 11:45:15,43,8,1,0,52,data/cam4/cam4_20260111_044515.jpg
cam5,2026-01-11 11:45:16,34,23,3,2,62,data/cam5/cam5_20260111_044516.jpg
cam6,2026-01-11 11:45:16,38,9,0,0,47,data/cam6/cam6_20260111_044516.jpg
cam7,2026-01-11 11:45:17,48,7,0,0,55,data/cam7/cam7_20260111_044517.jpg
cam8,2026-01-11 11:45:18,39,20,0,2,61,data/cam8/cam8_20260111_044518.jpg
cam1,2026-01-11 11:50:13,33,13,0,3,49,data/cam1/cam1_20260111_045013.jpg
cam2,2026-01-11 11:50:14,37,7,1,1,46,data/cam2/cam2_20260111_045014.jpg
cam3,2026-01-11 11:50:14,30,10,1,0,41,data/cam3/cam3_20260111_045014.jpg
cam4,2026-01-11 11:50:15,32,18,2,2,54,data/cam4/cam4_20260111_045015.jpg
cam5,2026-01-11 11:50:15,20,15,8,0,43,data/cam5/cam5_20260111_045015.jpg
cam6,2026-01-11 11:50:15,37,5,0,0,42,data/cam6/cam6_20260111_045015.jpg
cam7,2026-01-11 11:50:16,30,5,0,1,36,data/cam7/cam7_20260111_045016.jpg
cam8,2026-01-11 11:50:16,31,20,1,0,52,data/cam8/cam8_20260111_045016.jpg
cam1,2026-01-11 11:55:13,26,23,1,2,52,data/cam1/cam1_20260111_045513.jpg
cam2,2026-01-11 11:55:14,37,7,0,0,44,data/cam2/cam2_20260111_045514.jpg
cam3,2026-01-11 11:55:14,25,6,2,1,34,data/cam3/cam3_20260111_045514.jpg
cam4,2026-01-11 11:55:15,23,3,1,0,27,data/cam4/cam4_20260111_045515.jpg
cam5,2026-01-11 11:55:15,24,19,1,0,44,data/cam5/cam5_20260111_045515.jpg
cam6,2026-01-11 11:55:16,37,9,0,2,48,data/cam6/cam6_20260111_045516.jpg
cam7,2026-01-11 11:55:16,34,3,0,2,39,data/cam7/cam7_20260111_045516.jpg
cam8,2026-01-11 11:55:16,43,12,2,1,58,data/cam8/cam8_20260111_045516.jpg
cam1,2026-01-11 12:00:13,44,18,1,2,65,data/cam1/cam1_20260111_050013.jpg
cam2,2026-01-11 12:00:14,22,5,0,0,27,data/cam2/cam2_20260111_050014.jpg
cam3,2026-01-11 12:00:14,27,3,1,0,31,data/cam3/cam3_20260111_050014.jpg
cam4,2026-01-11 12:00:15,46,13,1,1,61,data/cam4/cam4_20260111_050015.jpg
cam5,2026-01-11 12:00:15,13,35,0,1,49,data/cam5/cam5_20260111_050015.jpg
cam6,2026-01-11 12:00:16,31,12,0,0,43,data/cam6/cam6_20260111_050016.jpg
cam7,2026-01-11 12:00:16,35,8,0,0,43,data/cam7/cam7_20260111_050016.jpg
cam8,2026-01-11 12:00:16,48,14,0,1,63,data/cam8/cam8_20260111_050016.jpg
cam1,2026-01-11 12:05:13,20,20,1,0,41,data/cam1/cam1_20260111_050513.jpg
cam2,2026-01-11 12:05:14,11,3,2,2,18,data/cam2/cam2_20260111_050514.jpg
cam3,2026-01-11 12:05:14,23,3,0,0,26,data/cam3/cam3_20260111_050514.jpg
cam4,2026-01-11 12:05:15,44,7,0,1,52,data/cam4/cam4_20260111_050515.jpg
cam5,2026-01-11 12:05:15,46,30,4,1,81,data/cam5/cam5_20260111_050515.jpg
cam6,2026-01-11 12:05:16,27,5,0,1,33,data/cam6/cam6_20260111_050516.jpg
cam7,2026-01-11 12:05:16,50,5,0,0,55,data/cam7/cam7_20260111_050516.jpg
cam8,2026-01-11 12:05:16,18,12,3,1,34,data/cam8/cam8_20260111_050516.jpg
cam1,2026-01-11 12:10:13,40,30,1,5,76,data/cam1/cam1_20260111_051013.jpg
cam2,2026-01-11 12:10:14,19,6,0,0,25,data/cam2/cam2_20260111_051014.jpg
cam3,2026-01-11 12:10:14,41,7,1,0,49,data/cam3/cam3_20260111_051014.jpg
cam4,2026-01-11 12:10:15,37,2,0,0,39,data/cam4/cam4_20260111_051015.jpg
cam5,2026-01-11 12:10:15,19,21,1,1,42,data/cam5/cam5_20260111_051015.jpg
cam6,2026-01-11 12:10:16,27,7,1,2,37,data/cam6/cam6_20260111_051016.jpg
cam7,2026-01-11 12:10:16,28,5,0,1,34,data/cam7/cam7_20260111_051016.jpg
cam8,2026-01-11 12:10:17,32,14,0,0,46,data/cam8/cam8_20260111_051017.jpg
cam1,2026-01-11 12:15:13,22,27,1,0,50,data/cam1/cam1_20260111_051513.jpg
cam2,2026-01-11 12:15:14,25,5,0,0,30,data/cam2/cam2_20260111_051514.jpg
cam3,2026-01-11 12:15:14,32,7,2,1,42,data/cam3/cam3_20260111_051514.jpg
cam4,2026-01-11 12:15:15,28,12,0,0,40,data/cam4/cam4_20260111_051515.jpg
cam5,2026-01-11 12:15:15,18,29,2,3,52,data/cam5/cam5_20260111_051515.jpg
cam6,2026-01-11 12:15:16,51,7,0,0,58,data/cam6/cam6_20260111_051516.jpg
cam7,2026-01-11 12:15:16,37,3,1,0,41,data/cam7/cam7_20260111_051516.jpg
cam8,2026-01-11 12:15:16,29,15,1,4,49,data/cam8/cam8_20260111_051516.jpg
cam1,2026-01-11 12:20:13,22,18,2,1,43,data/cam1/cam1_20260111_052013.jpg
cam2,2026-01-11 12:20:14,33,7,0,0,40,data/cam2/cam2_20260111_052014.jpg
cam3,2026-01-11 12:20:14,30,5,1,1,37,data/cam3/cam3_20260111_052014.jpg
cam4,2026-01-11 12:20:15,24,17,4,0,45,data/cam4/cam4_20260111_052015.jpg
cam5,2026-01-11 12:20:15,13,14,0,1,28,data/cam5/cam5_20260111_052015.jpg
cam6,2026-01-11 12:20:16,30,10,2,1,43,data/cam6/cam6_20260111_052016.jpg
cam7,2026-01-11 12:20:16,36,8,2,1,47,data/cam7/cam7_20260111_052016.jpg
cam8,2026-01-11 12:20:16,30,21,0,5,56,data/cam8/cam8_20260111_052016.jpg
cam1,2026-01-11 12:25:13,27,19,1,8,55,data/cam1/cam1_20260111_052513.jpg
cam2,2026-01-11 12:25:14,27,5,1,0,33,data/cam2/cam2_20260111_052514.jpg
cam3,2026-01-11 12:25:14,10,2,1,0,13,data/cam3/cam3_20260111_052514.jpg
cam4,2026-01-11 12:25:15,31,10,1,1,43,data/cam4/cam4_20260111_052515.jpg
cam5,2026-01-11 12:25:15,6,20,4,4,34,data/cam5/cam5_20260111_052515.jpg
cam6,2026-01-11 12:25:15,23,8,1,1,33,data/cam6/cam6_20260111_052515.jpg
cam7,2026-01-11 12:25:16,53,8,0,0,61,data/cam7/cam7_20260111_052516.jpg
cam8,2026-01-11 12:25:17,58,10,3,0,71,data/cam8/cam8_20260111_052517.jpg
cam1,2026-01-11 12:30:13,36,22,1,1,60,data/cam1/cam1_20260111_053013.jpg
cam2,2026-01-11 12:30:14,32,5,2,0,39,data/cam2/cam2_20260111_053014.jpg
cam3,2026-01-11 12:30:14,24,6,3,0,33,data/cam3/cam3_20260111_053014.jpg
cam4,2026-01-11 12:30:15,40,7,1,0,48,data/cam4/cam4_20260111_053015.jpg
cam5,2026-01-11 12:30:15,24,20,3,3,50,data/cam5/cam5_20260111_053015.jpg
cam6,2026-01-11 12:30:16,63,2,2,1,68,data/cam6/cam6_20260111_053016.jpg
cam7,2026-01-11 12:30:16,23,1,1,0,25,data/cam7/cam7_20260111_053016.jpg
cam8,2026-01-11 12:30:19,23,15,4,2,44,data/cam8/cam8_20260111_053019.jpg
cam1,2026-01-11 12:35:13,21,18,0,1,40,data/cam1/cam1_20260111_053513.jpg
cam2,2026-01-11 12:35:14,36,5,0,0,41,data/cam2/cam2_20260111_053514.jpg
cam3,2026-01-11 12:35:14,21,4,3,0,28,data/cam3/cam3_20260111_053514.jpg
cam4,2026-01-11 12:35:15,39,7,3,0,49,data/cam4/cam4_20260111_053515.jpg
cam5,2026-01-11 12:35:15,28,18,1,1,48,data/cam5/cam5_20260111_053515.jpg
cam6,2026-01-11 12:35:16,29,7,1,1,38,data/cam6/cam6_20260111_053516.jpg
cam7,2026-01-11 12:35:16,21,3,0,0,24,data/cam7/cam7_20260111_053516.jpg
cam8,2026-01-11 12:35:16,44,17,1,0,62,data/cam8/cam8_20260111_053516.jpg
cam1,2026-01-11 12:40:13,37,19,0,1,57,data/cam1/cam1_20260111_054013.jpg
cam2,2026-01-11 12:40:14,12,2,0,0,14,data/cam2/cam2_20260111_054014.jpg
cam3,2026-01-11 12:40:14,22,5,1,0,28,data/cam3/cam3_20260111_054014.jpg
cam4,2026-01-11 12:40:15,24,6,0,0,30,data/cam4/cam4_20260111_054015.jpg
cam5,2026-01-11 12:40:15,23,11,2,1,37,data/cam5/cam5_20260111_054015.jpg
cam6,2026-01-11 12:40:16,36,5,5,1,47,data/cam6/cam6_20260111_054016.jpg
cam7,2026-01-11 12:40:16,36,0,0,0,36,data/cam7/cam7_20260111_054016.jpg
cam8,2026-01-11 12:40:16,34,13,2,2,51,data/cam8/cam8_20260111_054016.jpg
cam1,2026-01-11 12:45:13,54,28,0,1,83,data/cam1/cam1_20260111_054513.jpg
cam2,2026-01-11 12:45:15,14,7,0,0,21,data/cam2/cam2_20260111_054515.jpg
cam3,2026-01-11 12:45:15,24,5,1,1,31,data/cam3/cam3_20260111_054515.jpg
cam4,2026-01-11 12:45:16,37,12,0,0,49,data/cam4/cam4_20260111_054516.jpg
cam5,2026-01-11 12:45:16,9,34,4,2,49,data/cam5/cam5_20260111_054516.jpg
cam6,2026-01-11 12:45:17,12,8,1,0,21,data/cam6/cam6_20260111_054517.jpg
cam7,2026-01-11 12:45:17,22,0,0,0,22,data/cam7/cam7_20260111_054517.jpg
cam8,2026-01-11 12:45:17,36,14,3,1,54,data/cam8/cam8_20260111_054517.jpg
cam1,2026-01-11 12:50:13,35,21,0,1,57,data/cam1/cam1_20260111_055013.jpg
cam2,2026-01-11 12:50:14,12,2,0,2,16,data/cam2/cam2_20260111_055014.jpg
cam3,2026-01-11 12:50:14,17,1,0,0,18,data/cam3/cam3_20260111_055014.jpg
cam4,2026-01-11 12:50:15,28,18,3,0,49,data/cam4/cam4_20260111_055015.jpg
cam5,2026-01-11 12:50:15,37,20,5,1,63,data/cam5/cam5_20260111_055015.jpg
cam6,2026-01-11 12:50:16,52,6,0,2,60,data/cam6/cam6_20260111_055016.jpg
cam7,2026-01-11 12:50:16,18,3,0,0,21,data/cam7/cam7_20260111_055016.jpg
cam8,2026-01-11 12:50:17,25,16,4,0,45,data/cam8/cam8_20260111_055017.jpg
cam1,2026-01-11 12:55:13,34,21,1,1,57,data/cam1/cam1_20260111_055513.jpg
cam2,2026-01-11 12:55:14,21,9,1,0,31,data/cam2/cam2_20260111_055514.jpg
cam3,2026-01-11 12:55:14,18,2,3,1,24,data/cam3/cam3_20260111_055514.jpg
cam4,2026-01-11 12:55:15,22,9,0,0,31,data/cam4/cam4_20260111_055515.jpg
cam5,2026-01-11 12:55:15,17,24,3,1,45,data/cam5/cam5_20260111_055515.jpg
cam6,2026-01-11 12:55:16,25,4,4,0,33,data/cam6/cam6_20260111_055516.jpg
cam7,2026-01-11 12:55:16,29,2,0,0,31,data/cam7/cam7_20260111_055516.jpg
cam8,2026-01-11 12:55:17,36,18,0,2,56,data/cam8/cam8_20260111_055517.jpg
cam1,2026-01-11 13:00:13,58,21,0,2,81,data/cam1/cam1_20260111_060013.jpg
cam2,2026-01-11 13:00:14,22,6,1,1,30,data/cam2/cam2_20260111_060014.jpg
cam3,2026-01-11 13:00:14,34,5,1,0,40,data/cam3/cam3_20260111_060014.jpg
cam4,2026-01-11 13:00:16,53,10,1,1,65,data/cam4/cam4_20260111_060016.jpg
cam5,2026-01-11 13:00:16,22,28,1,2,53,data/cam5/cam5_20260111_060016.jpg
cam6,2026-01-11 13:00:17,37,8,0,1,46,data/cam6/cam6_20260111_060017.jpg
cam7,2026-01-11 13:00:17,30,2,0,1,33,data/cam7/cam7_20260111_060017.jpg
cam8,2026-01-11 13:00:18,47,11,1,2,61,data/cam8/cam8_20260111_060018.jpg
cam1,2026-01-11 13:05:13,42,23,1,2,68,data/cam1/cam1_20260111_060513.jpg
cam2,2026-01-11 13:05:14,20,8,0,1,29,data/cam2/cam2_20260111_060514.jpg
cam3,2026-01-11 13:05:14,17,1,2,2,22,data/cam3/cam3_20260111_060514.jpg
cam4,2026-01-11 13:05:15,48,12,1,1,62,data/cam4/cam4_20260111_060515.jpg
cam5,2026-01-11 13:05:15,26,25,4,1,56,data/cam5/cam5_20260111_060515.jpg
cam6,2026-01-11 13:05:16,23,5,2,0,30,data/cam6/cam6_20260111_060516.jpg
cam7,2026-01-11 13:05:16,25,3,0,0,28,data/cam7/cam7_20260111_060516.jpg
cam8,2026-01-11 13:05:16,39,13,1,2,55,data/cam8/cam8_20260111_060516.jpg
cam1,2026-01-11 13:10:13,27,18,0,1,46,data/cam1/cam1_20260111_061013.jpg
cam2,2026-01-11 13:10:14,13,1,0,0,14,data/cam2/cam2_20260111_061014.jpg
cam3,2026-01-11 13:10:14,22,4,1,0,27,data/cam3/cam3_20260111_061014.jpg
cam4,2026-01-11 13:10:15,26,8,0,0,34,data/cam4/cam4_20260111_061015.jpg
cam5,2026-01-11 13:10:15,6,18,1,0,25,data/cam5/cam5_20260111_061015.jpg
cam6,2026-01-11 13:10:15,41,6,2,0,49,data/cam6/cam6_20260111_061015.jpg
cam7,2026-01-11 13:10:16,14,3,0,0,17,data/cam7/cam7_20260111_061016.jpg
cam8,2026-01-11 13:10:16,31,16,1,0,48,data/cam8/cam8_20260111_061016.jpg
cam1,2026-01-11 13:15:13,38,15,0,2,55,data/cam1/cam1_20260111_061513.jpg
cam2,2026-01-11 13:15:14,13,1,0,0,14,data/cam2/cam2_20260111_061514.jpg
cam3,2026-01-11 13:15:14,22,4,1,2,29,data/cam3/cam3_20260111_061514.jpg
cam4,2026-01-11 13:15:15,40,9,0,0,49,data/cam4/cam4_20260111_061515.jpg
cam5,2026-01-11 13:15:15,17,26,4,0,47,data/cam5/cam5_20260111_061515.jpg
cam6,2026-01-11 13:15:16,43,6,0,2,51,data/cam6/cam6_20260111_061516.jpg
cam7,2026-01-11 13:15:16,33,1,0,1,35,data/cam7/cam7_20260111_061516.jpg
cam8,2026-01-11 13:15:16,35,23,4,0,62,data/cam8/cam8_20260111_061516.jpg
cam1,2026-01-11 13:20:13,23,25,1,1,50,data/cam1/cam1_20260111_062013.jpg
cam2,2026-01-11 13:20:14,15,6,0,0,21,data/cam2/cam2_20260111_062014.jpg
cam3,2026-01-11 13:20:14,17,6,1,1,25,data/cam3/cam3_20260111_062014.jpg
cam4,2026-01-11 13:20:15,40,13,0,1,54,data/cam4/cam4_20260111_062015.jpg
cam5,2026-01-11 13:20:15,15,24,2,2,43,data/cam5/cam5_20260111_062015.jpg
cam6,2026-01-11 13:20:16,37,11,1,0,49,data/cam6/cam6_20260111_062016.jpg
cam7,2026-01-11 13:20:16,18,2,0,0,20,data/cam7/cam7_20260111_062016.jpg
cam8,2026-01-11 13:20:16,39,25,0,0,64,data/cam8/cam8_20260111_062016.jpg
cam1,2026-01-11 13:25:13,22,18,1,1,42,data/cam1/cam1_20260111_062513.jpg
cam2,2026-01-11 13:25:14,27,7,1,0,35,data/cam2/cam2_20260111_062514.jpg
cam3,2026-01-11 13:25:14,19,3,0,0,22,data/cam3/cam3_20260111_062514.jpg
cam4,2026-01-11 13:25:15,49,10,1,2,62,data/cam4/cam4_20260111_062515.jpg
cam5,2026-01-11 13:25:15,21,26,2,3,52,data/cam5/cam5_20260111_062515.jpg
cam6,2026-01-11 13:25:16,18,7,1,0,26,data/cam6/cam6_20260111_062516.jpg
cam7,2026-01-11 13:25:16,16,3,0,0,19,data/cam7/cam7_20260111_062516.jpg
cam8,2026-01-11 13:25:16,50,14,0,1,65,data/cam8/cam8_20260111_062516.jpg
cam1,2026-01-11 13:30:13,32,19,0,1,52,data/cam1/cam1_20260111_063013.jpg
cam2,2026-01-11 13:30:14,23,3,1,0,27,data/cam2/cam2_20260111_063014.jpg
cam3,2026-01-11 13:30:14,19,3,1,1,24,data/cam3/cam3_20260111_063014.jpg
cam4,2026-01-11 13:30:15,35,14,0,0,49,data/cam4/cam4_20260111_063015.jpg
cam5,2026-01-11 13:30:15,15,13,1,2,31,data/cam5/cam5_20260111_063015.jpg
cam6,2026-01-11 13:30:16,44,3,1,0,48,data/cam6/cam6_20260111_063016.jpg
cam7,2026-01-11 13:30:16,31,7,0,0,38,data/cam7/cam7_20260111_063016.jpg
cam8,2026-01-11 13:30:16,27,8,3,1,39,data/cam8/cam8_20260111_063016.jpg
cam1,2026-01-11 13:35:13,28,28,1,0,57,data/cam1/cam1_20260111_063513.jpg
cam2,2026-01-11 13:35:14,25,10,2,0,37,data/cam2/cam2_20260111_063514.jpg
cam3,2026-01-11 13:35:15,32,8,1,0,41,data/cam3/cam3_20260111_063515.jpg
cam4,2026-01-11 13:35:16,39,15,1,0,55,data/cam4/cam4_20260111_063516.jpg
cam5,2026-01-11 13:35:16,34,33,1,1,69,data/cam5/cam5_20260111_063516.jpg
cam6,2026-01-11 13:35:17,30,6,1,0,37,data/cam6/cam6_20260111_063517.jpg
cam7,2026-01-11 13:35:17,21,4,0,0,25,data/cam7/cam7_20260111_063517.jpg
cam8,2026-01-11 13:35:17,12,9,0,2,23,data/cam8/cam8_20260111_063517.jpg
cam1,2026-01-11 13:40:13,33,23,3,2,61,data/cam1/cam1_20260111_064013.jpg
cam2,2026-01-11 13:40:14,39,9,1,0,49,data/cam2/cam2_20260111_064014.jpg
cam3,2026-01-11 13:40:14,24,8,1,0,33,data/cam3/cam3_20260111_064014.jpg
cam4,2026-01-11 13:40:15,34,3,0,0,37,data/cam4/cam4_20260111_064015.jpg
cam5,2026-01-11 13:40:15,23,32,2,3,60,data/cam5/cam5_20260111_064015.jpg
cam6,2026-01-11 13:40:16,48,10,2,0,60,data/cam6/cam6_20260111_064016.jpg
cam7,2026-01-11 13:40:16,47,11,0,0,58,data/cam7/cam7_20260111_064016.jpg
cam8,2026-01-11 13:40:16,31,15,1,2,49,data/cam8/cam8_20260111_064016.jpg
cam1,2026-01-11 13:45:13,27,21,1,0,49,data/cam1/cam1_20260111_064513.jpg
cam2,2026-01-11 13:45:14,15,3,0,0,18,data/cam2/cam2_20260111_064514.jpg
cam3,2026-01-11 13:45:14,20,1,1,0,22,data/cam3/cam3_20260111_064514.jpg
cam4,2026-01-11 13:45:15,46,8,2,0,56,data/cam4/cam4_20260111_064515.jpg
cam5,2026-01-11 13:45:15,13,11,1,1,26,data/cam5/cam5_20260111_064515.jpg
cam6,2026-01-11 13:45:16,27,8,1,1,37,data/cam6/cam6_20260111_064516.jpg
cam7,2026-01-11 13:45:16,36,6,0,0,42,data/cam7/cam7_20260111_064516.jpg
cam8,2026-01-11 13:45:16,43,18,0,0,61,data/cam8/cam8_20260111_064516.jpg
cam1,2026-01-11 13:50:13,25,31,0,2,58,data/cam1/cam1_20260111_065013.jpg
cam2,2026-01-11 13:50:14,15,2,0,1,18,data/cam2/cam2_20260111_065014.jpg
cam3,2026-01-11 13:50:14,10,7,1,0,18,data/cam3/cam3_20260111_065014.jpg
cam4,2026-01-11 13:50:15,31,20,1,0,52,data/cam4/cam4_20260111_065015.jpg
cam5,2026-01-11 13:50:15,14,24,3,1,42,data/cam5/cam5_20260111_065015.jpg
cam6,2026-01-11 13:50:15,46,7,1,1,55,data/cam6/cam6_20260111_065015.jpg
cam7,2026-01-11 13:50:16,25,0,0,1,26,data/cam7/cam7_20260111_065016.jpg
cam8,2026-01-11 13:50:16,41,17,1,2,61,data/cam8/cam8_20260111_065016.jpg
cam1,2026-01-11 13:55:13,64,20,0,1,85,data/cam1/cam1_20260111_065513.jpg
cam2,2026-01-11 13:55:14,23,3,0,0,26,data/cam2/cam2_20260111_065514.jpg
cam3,2026-01-11 13:55:14,23,11,0,0,34,data/cam3/cam3_20260111_065514.jpg
cam4,2026-01-11 13:55:15,31,2,1,0,34,data/cam4/cam4_20260111_065515.jpg
cam5,2026-01-11 13:55:15,5,30,1,0,36,data/cam5/cam5_20260111_065515.jpg
cam6,2026-01-11 13:55:16,40,13,3,0,56,data/cam6/cam6_20260111_065516.jpg
cam7,2026-01-11 13:55:16,36,4,1,1,42,data/cam7/cam7_20260111_065516.jpg
cam8,2026-01-11 13:55:17,16,17,3,4,40,data/cam8/cam8_20260111_065517.jpg
cam1,2026-01-11 14:00:13,30,20,0,3,53,data/cam1/cam1_20260111_070013.jpg
cam2,2026-01-11 14:00:14,18,9,0,0,27,data/cam2/cam2_20260111_070014.jpg
cam3,2026-01-11 14:00:14,30,6,4,0,40,data/cam3/cam3_20260111_070014.jpg
cam4,2026-01-11 14:00:15,39,9,0,0,48,data/cam4/cam4_20260111_070015.jpg
cam5,2026-01-11 14:00:15,25,27,4,1,57,data/cam5/cam5_20260111_070015.jpg
cam6,2026-01-11 14:00:16,54,8,2,0,64,data/cam6/cam6_20260111_070016.jpg
cam7,2026-01-11 14:00:16,33,5,0,0,38,data/cam7/cam7_20260111_070016.jpg
cam8,2026-01-11 14:00:16,27,17,0,0,44,data/cam8/cam8_20260111_070016.jpg
cam1,2026-01-11 14:05:13,30,20,1,1,52,data/cam1/cam1_20260111_070513.jpg
cam2,2026-01-11 14:05:14,24,8,0,0,32,data/cam2/cam2_20260111_070514.jpg
cam3,2026-01-11 14:05:14,22,4,2,0,28,data/cam3/cam3_20260111_070514.jpg
cam4,2026-01-11 14:05:15,39,4,2,0,45,data/cam4/cam4_20260111_070515.jpg
cam5,2026-01-11 14:05:15,23,27,0,5,55,data/cam5/cam5_20260111_070515.jpg
cam6,2026-01-11 14:05:16,49,6,4,2,61,data/cam6/cam6_20260111_070516.jpg
cam7,2026-01-11 14:05:16,28,2,4,1,35,data/cam7/cam7_20260111_070516.jpg
cam8,2026-01-11 14:05:16,31,14,0,0,45,data/cam8/cam8_20260111_070516.jpg
cam1,2026-01-11 14:10:13,44,25,1,1,71,data/cam1/cam1_20260111_071013.jpg
cam2,2026-01-11 14:10:14,15,7,0,0,22,data/cam2/cam2_20260111_071014.jpg
cam3,2026-01-11 14:10:15,26,8,1,0,35,data/cam3/cam3_20260111_071015.jpg
cam4,2026-01-11 14:10:16,35,3,0,0,38,data/cam4/cam4_20260111_071016.jpg
cam5,2026-01-11 14:10:16,19,32,2,1,54,data/cam5/cam5_20260111_071016.jpg
cam6,2026-01-11 14:10:16,38,4,0,1,43,data/cam6/cam6_20260111_071016.jpg
cam7,2026-01-11 14:10:17,40,7,1,0,48,data/cam7/cam7_20260111_071017.jpg
cam8,2026-01-11 14:10:17,35,21,1,0,57,data/cam8/cam8_20260111_071017.jpg
cam1,2026-01-11 14:40:56,31,29,1,1,62,data/cam1/cam1_20260111_074056.jpg
cam2,2026-01-11 14:40:56,19,8,1,1,29,data/cam2/cam2_20260111_074056.jpg
cam3,2026-01-11 14:40:57,31,10,2,0,43,data/cam3/cam3_20260111_074057.jpg
cam4,2026-01-11 14:40:57,36,19,1,2,58,data/cam4/cam4_20260111_074057.jpg
cam5,2026-01-11 14:40:58,26,26,1,1,54,data/cam5/cam5_20260111_074058.jpg
cam6,2026-01-11 14:40:58,57,6,0,0,63,data/cam6/cam6_20260111_074058.jpg
cam7,2026-01-11 14:40:58,29,3,2,0,34,data/cam7/cam7_20260111_074058.jpg
cam8,2026-01-11 14:40:59,39,14,1,1,55,data/cam8/cam8_20260111_074059.jpg
cam1,2026-01-11 14:45:56,43,24,0,2,69,data/cam1/cam1_20260111_074556.jpg
cam2,2026-01-11 14:45:56,21,3,0,0,24,data/cam2/cam2_20260111_074556.jpg
cam3,2026-01-11 14:45:57,34,8,1,0,43,data/cam3/cam3_20260111_074557.jpg
cam4,2026-01-11 14:45:57,41,10,0,2,53,data/cam4/cam4_20260111_074557.jpg
cam5,2026-01-11 14:45:58,8,33,2,0,43,data/cam5/cam5_20260111_074558.jpg
cam6,2026-01-11 14:45:58,34,17,0,0,51,data/cam6/cam6_20260111_074558.jpg
cam7,2026-01-11 14:45:59,30,4,1,0,35,data/cam7/cam7_20260111_074559.jpg
cam8,2026-01-11 14:45:59,41,13,2,1,57,data/cam8/cam8_20260111_074559.jpg
cam1,2026-01-11 14:50:56,26,21,0,5,52,data/cam1/cam1_20260111_075056.jpg
cam2,2026-01-11 14:50:56,17,4,0,0,21,data/cam2/cam2_20260111_075056.jpg
cam3,2026-01-11 14:50:57,22,9,2,1,34,data/cam3/cam3_20260111_075057.jpg
cam4,2026-01-11 14:50:58,31,7,0,0,38,data/cam4/cam4_20260111_075058.jpg
cam5,2026-01-11 14:50:58,4,33,2,0,39,data/cam5/cam5_20260111_075058.jpg
cam6,2026-01-11 14:50:58,38,7,1,4,50,data/cam6/cam6_20260111_075058.jpg
cam7,2026-01-11 14:50:59,32,7,2,1,42,data/cam7/cam7_20260111_075059.jpg
cam8,2026-01-11 14:50:59,24,22,0,1,47,data/cam8/cam8_20260111_075059.jpg
cam1,2026-01-11 14:55:56,48,26,0,1,75,data/cam1/cam1_20260111_075556.jpg
cam2,2026-01-11 14:55:56,23,13,0,0,36,data/cam2/cam2_20260111_075556.jpg
cam3,2026-01-11 14:55:57,19,3,1,0,23,data/cam3/cam3_20260111_075557.jpg
cam4,2026-01-11 14:55:57,57,12,0,0,69,data/cam4/cam4_20260111_075557.jpg
cam5,2026-01-11 14:55:58,35,20,0,1,56,data/cam5/cam5_20260111_075558.jpg
cam6,2026-01-11 14:55:58,16,10,1,0,27,data/cam6/cam6_20260111_075558.jpg
cam7,2026-01-11 14:55:59,25,2,0,2,29,data/cam7/cam7_20260111_075559.jpg
cam8,2026-01-11 14:55:59,37,19,0,0,56,data/cam8/cam8_20260111_075559.jpg
