sample_id,camera_id,y_true,y_pred
0,0,1.408574661354578e-07,0.04249586910009384
0,1,-8.890184233223408e-08,-0.21775779128074646
0,2,-1.4663031322470488e-07,-0.05934586748480797
0,3,-3.024971704235213e-07,-0.03673535957932472
0,4,-2.294129444635473e-06,1.0946189165115356
0,5,84.0,49.373291015625
0,6,-2.3322301956341107e-07,5.90147066116333
0,7,5.311019179998766e-08,0.92233806848526
1,0,1.408574661354578e-07,-0.2244804948568344
1,1,-8.890184233223408e-08,-0.14544019103050232
1,2,-1.4663031322470488e-07,-0.09417691826820374
1,3,-3.024971704235213e-07,-0.12183744460344315
1,4,-3.8678075497955433e-07,-0.23230496048927307
1,5,3.210857585145277e-06,2.95263934135437
1,6,60.999996185302734,32.43417739868164
1,7,5.311019179998766e-08,11.897377967834473
2,0,1.408574661354578e-07,0.5540038347244263
2,1,-8.890184233223408e-08,-0.005182832013815641
2,2,-1.4663031322470488e-07,0.19996532797813416
2,3,-3.024971704235213e-07,-0.18211251497268677
2,4,-3.8678075497955433e-07,0.06609973311424255
2,5,-1.2700263596343575e-07,0.025508277118206024
2,6,2.6277998586010654e-06,1.0843002796173096
2,7,40.999996185302734,56.35765075683594
3,0,102.00000762939453,49.11192321777344
3,1,-8.890184233223408e-08,3.7605693340301514
3,2,-1.4663031322470488e-07,-0.012515214271843433
3,3,-3.024971704235213e-07,-0.28139859437942505
3,4,-3.8678075497955433e-07,-0.1253303587436676
3,5,-1.2700263596343575e-07,0.2565683126449585
3,6,-2.3322301956341107e-07,0.02395797334611416
3,7,2.4372959614993306e-06,-0.07198614627122879
4,0,3.955554802814731e-06,2.4631383419036865
4,1,36.0,33.252174377441406
4,2,-1.4663031322470488e-07,4.2920427322387695
4,3,-3.024971704235213e-07,0.02325790748000145
4,4,-3.8678075497955433e-07,0.04759320616722107
4,5,-1.2700263596343575e-07,-0.14753736555576324
4,6,-2.3322301956341107e-07,-0.12752890586853027
4,7,5.311019179998766e-08,0.12103085964918137
5,0,1.408574661354578e-07,0.4887820780277252
5,1,-8.890184233223408e-08,-0.39909085631370544
5,2,34.0,36.79658889770508
5,3,-3.024971704235213e-07,6.977349281311035
5,4,-3.8678075497955433e-07,-0.6860436201095581
5,5,-1.2700263596343575e-07,-0.1393081098794937
5,6,-2.3322301956341107e-07,0.08292079716920853
5,7,5.311019179998766e-08,-0.08919138461351395
6,0,1.408574661354578e-07,-0.02410111576318741
6,1,-8.890184233223408e-08,-0.040642350912094116
6,2,3.3020685918927484e-07,0.15103134512901306
6,3,42.0,50.50490188598633
6,4,-3.8678075497955433e-07,5.214391708374023
6,5,-1.2700263596343575e-07,0.4274038076400757
6,6,-2.3322301956341107e-07,-0.14408373832702637
6,7,5.311019179998766e-08,0.29208284616470337
7,0,1.408574661354578e-07,-0.42861637473106384
7,1,-8.890184233223408e-08,0.050315290689468384
7,2,-1.4663031322470488e-07,0.015625806525349617
7,3,6.511771175610193e-07,1.9029442071914673
7,4,44.999996185302734,46.02876663208008
7,5,-1.2700263596343575e-07,6.325510501861572
7,6,-2.3322301956341107e-07,0.04944205656647682
7,7,5.311019179998766e-08,-0.1268410086631775
8,0,1.408574661354578e-07,0.1431228071451187
8,1,-8.890184233223408e-08,-0.19028815627098083
8,2,-1.4663031322470488e-07,-0.1370021402835846
8,3,-3.024971704235213e-07,-0.04882747307419777
8,4,1.997404979192652e-06,2.3936052322387695
8,5,45.0,43.401615142822266
8,6,-2.3322301956341107e-07,5.842184066772461
8,7,5.311019179998766e-08,0.7661762833595276
9,0,1.408574661354578e-07,-0.20131002366542816
9,1,-8.890184233223408e-08,-0.1161414086818695
9,2,-1.4663031322470488e-07,-0.013909962959587574
9,3,-3.024971704235213e-07,-0.2203271985054016
9,4,-3.8678075497955433e-07,0.24321183562278748
9,5,-1.0806769523696858e-06,1.0973995923995972
9,6,41.0,39.28167724609375
9,7,5.311019179998766e-08,10.210972785949707
10,0,1.408574661354578e-07,0.4487086832523346
10,1,-8.890184233223408e-08,0.029102236032485962
10,2,-1.4663031322470488e-07,0.08785757422447205
10,3,-3.024971704235213e-07,-0.2445853352546692
10,4,-3.8678075497955433e-07,0.1601782739162445
10,5,-1.2700263596343575e-07,0.27042853832244873
10,6,-7.100601919773908e-07,1.5815327167510986
10,7,40.999996185302734,53.688175201416016
11,0,74.0,49.0770149230957
11,1,-8.890184233223408e-08,3.7605693340301514
11,2,-1.4663031322470488e-07,0.10203394293785095
11,3,-3.024971704235213e-07,-0.20092517137527466
11,4,-3.8678075497955433e-07,-0.11641731858253479
11,5,-1.2700263596343575e-07,0.023709170520305634
11,6,-2.3322301956341107e-07,0.12453056126832962
11,7,2.4372959614993306e-06,0.2696238160133362
12,0,-1.7664912093096063e-06,-0.44210800528526306
12,1,38.0,29.486825942993164
12,2,-1.4663031322470488e-07,4.182828426361084
12,3,-3.024971704235213e-07,0.145612895488739
12,4,-3.8678075497955433e-07,-0.005569844972342253
12,5,-1.2700263596343575e-07,-0.17872299253940582
12,6,-2.3322301956341107e-07,-0.006397480610758066
12,7,5.311019179998766e-08,0.14061075448989868
13,0,1.408574661354578e-07,-0.13458047807216644
13,1,-8.890184233223408e-08,0.05532112717628479
13,2,27.0,35.775184631347656
13,3,-3.024971704235213e-07,6.948296070098877
13,4,-3.8678075497955433e-07,-0.48602381348609924
13,5,-1.2700263596343575e-07,-0.006066926289349794
13,6,-2.3322301956341107e-07,0.11774898320436478
13,7,5.311019179998766e-08,-0.2095136046409607
14,0,1.408574661354578e-07,0.10914244502782822
14,1,-8.890184233223408e-08,-0.14083966612815857
14,2,3.3020685918927484e-07,-0.10497346520423889
14,3,56.0,47.94391632080078
14,4,-3.8678075497955433e-07,5.4385881423950195
14,5,-1.2700263596343575e-07,0.4274038076400757
14,6,-2.3322301956341107e-07,-0.14605927467346191
14,7,5.311019179998766e-08,0.153872549533844
15,0,1.408574661354578e-07,-0.1714066118001938
15,1,-8.890184233223408e-08,0.061869531869888306
15,2,-1.4663031322470488e-07,0.1843636929988861
15,3,-1.7330086166111869e-06,1.0528255701065063
15,4,41.0,49.70397186279297
15,5,-1.2700263596343575e-07,6.7029595375061035
15,6,-2.3322301956341107e-07,0.06786227971315384
15,7,5.311019179998766e-08,-0.4103478789329529
16,0,1.408574661354578e-07,0.2091304212808609
16,1,-8.890184233223408e-08,-0.1624060571193695
16,2,-1.4663031322470488e-07,-0.11228814721107483
16,3,-3.024971704235213e-07,-0.029424969106912613
16,4,-2.294129444635473e-06,1.1253324747085571
16,5,65.0,45.17479705810547
16,6,-2.3322301956341107e-07,6.290180206298828
16,7,5.311019179998766e-08,0.7816677689552307
17,0,1.408574661354578e-07,-0.04393944889307022
17,1,-8.890184233223408e-08,-0.06972035765647888
17,2,-1.4663031322470488e-07,-0.09516015648841858
17,3,-3.024971704235213e-07,-0.2090938687324524
17,4,-3.8678075497955433e-07,0.3462010324001312
17,5,-1.0806769523696858e-06,1.2069190740585327
17,6,52.0,36.842742919921875
17,7,5.311019179998766e-08,9.823956489562988
18,0,1.408574661354578e-07,0.509766697883606
18,1,-8.890184233223408e-08,0.0025605265982449055
18,2,-1.4663031322470488e-07,0.14886698126792908
18,3,-3.024971704235213e-07,-0.185991108417511
18,4,-3.8678075497955433e-07,-0.011437325738370419
18,5,-1.2700263596343575e-07,-0.3153277635574341
18,6,-7.100601919773908e-07,1.345778226852417
18,7,64.00000762939453,55.377254486083984
19,0,72.0,64.49855041503906
19,1,-8.890184233223408e-08,3.7005228996276855
19,2,-1.4663031322470488e-07,0.1481393277645111
19,3,-3.024971704235213e-07,-0.09409696608781815
19,4,-3.8678075497955433e-07,-0.09187927842140198
19,5,-1.2700263596343575e-07,0.1014326736330986
19,6,-2.3322301956341107e-07,-0.12407373636960983
19,7,-2.3310756205319194e-06,-0.500633180141449
20,0,-1.7664912093096063e-06,0.005656383000314236
20,1,34.0,31.538515090942383
20,2,-1.4663031322470488e-07,4.21051025390625
20,3,-3.024971704235213e-07,0.06811492890119553
20,4,-3.8678075497955433e-07,-0.02937355637550354
20,5,-1.2700263596343575e-07,-0.279823899269104
20,6,-2.3322301956341107e-07,-0.05764317139983177
20,7,5.311019179998766e-08,0.3438258767127991
21,0,1.408574661354578e-07,-0.20222555100917816
21,1,-8.890184233223408e-08,0.7739207148551941
21,2,41.0,34.6311149597168
21,3,-3.024971704235213e-07,7.042883396148682
21,4,-3.8678075497955433e-07,-0.6055115461349487
21,5,-1.2700263596343575e-07,-0.0025574045721441507
21,6,-2.3322301956341107e-07,0.18883919715881348
21,7,5.311019179998766e-08,-0.06666655093431473
22,0,1.408574661354578e-07,0.09775843471288681
22,1,-8.890184233223408e-08,0.016012102365493774
22,2,3.3020685918927484e-07,0.4149874150753021
22,3,63.0,53.88023376464844
22,4,-3.8678075497955433e-07,5.077821731567383
22,5,-1.2700263596343575e-07,0.40618884563446045
22,6,-2.3322301956341107e-07,-0.25878167152404785
22,7,5.311019179998766e-08,0.027330929413437843
23,0,1.408574661354578e-07,-0.09972558170557022
23,1,-8.890184233223408e-08,0.07114878296852112
23,2,-1.4663031322470488e-07,0.13809999823570251
23,3,-1.7330086166111869e-06,3.0340445041656494
23,4,68.0,55.9013786315918
23,5,-1.2700263596343575e-07,6.73054838180542
23,6,-2.3322301956341107e-07,0.06925321370363235
23,7,5.311019179998766e-08,-0.4430474638938904
24,0,1.408574661354578e-07,0.12008681148290634
24,1,-8.890184233223408e-08,-0.1803184449672699
24,2,-1.4663031322470488e-07,-0.06711164116859436
24,3,-3.024971704235213e-07,-0.02508670464158058
24,4,-2.294129444635473e-06,0.9628864526748657
24,5,37.000003814697266,51.94620895385742
24,6,-2.3322301956341107e-07,6.453860759735107
24,7,5.311019179998766e-08,0.7718029618263245
25,0,1.408574661354578e-07,-0.32694706320762634
25,1,-8.890184233223408e-08,-0.1920972764492035
25,2,-1.4663031322470488e-07,-0.04005017504096031
25,3,-3.024971704235213e-07,0.03996914252638817
25,4,-3.8678075497955433e-07,0.017383188009262085
25,5,-1.0806769523696858e-06,3.204110860824585
25,6,52.999996185302734,38.78898239135742
25,7,5.311019179998766e-08,10.401108741760254
26,0,1.408574661354578e-07,0.5144902467727661
26,1,-8.890184233223408e-08,-0.006462186109274626
26,2,-1.4663031322470488e-07,0.20898327231407166
26,3,-3.024971704235213e-07,-0.16671591997146606
26,4,-3.8678075497955433e-07,0.16347703337669373
26,5,-1.2700263596343575e-07,0.8963450193405151
26,6,-7.100601919773908e-07,0.12922072410583496
26,7,63.0,53.75524139404297
27,0,89.0,63.975460052490234
27,1,-8.890184233223408e-08,3.693129301071167
27,2,-1.4663031322470488e-07,-0.1396419107913971
27,3,-3.024971704235213e-07,-0.13216620683670044
27,4,-3.8678075497955433e-07,-0.2334703505039215
27,5,-1.2700263596343575e-07,-0.05888283997774124
27,6,-2.3322301956341107e-07,0.19078850746154785
27,7,-2.3310756205319194e-06,-0.16591209173202515
28,0,3.955554802814731e-06,-0.5674084424972534
28,1,41.0,32.877227783203125
28,2,-1.4663031322470488e-07,4.170431613922119
28,3,-3.024971704235213e-07,0.1870686411857605
28,4,-3.8678075497955433e-07,-0.03831568360328674
28,5,-1.2700263596343575e-07,-0.18671907484531403
28,6,-2.3322301956341107e-07,-0.1791994571685791
28,7,5.311019179998766e-08,0.42608267068862915
29,0,1.408574661354578e-07,0.17773641645908356
29,1,-8.890184233223408e-08,0.21069994568824768
29,2,46.0,38.2879753112793
29,3,-3.024971704235213e-07,6.905553817749023
29,4,-3.8678075497955433e-07,-0.6197079420089722
29,5,-1.2700263596343575e-07,-0.0030456858221441507
29,6,-2.3322301956341107e-07,0.20572829246520996
29,7,5.311019179998766e-08,-0.009902424179017544
30,0,1.408574661354578e-07,0.07649435847997665
30,1,-8.890184233223408e-08,0.10777989029884338
30,2,3.3020685918927484e-07,-0.5998460054397583
30,3,52.0,59.75440979003906
30,4,-3.8678075497955433e-07,5.0956220626831055
30,5,-1.2700263596343575e-07,0.40712201595306396
30,6,-2.3322301956341107e-07,-0.2538025379180908
30,7,5.311019179998766e-08,0.12127881497144699
31,0,1.408574661354578e-07,-0.10227475315332413
31,1,-8.890184233223408e-08,0.03613796830177307
31,2,-1.4663031322470488e-07,0.2992604672908783
31,3,-1.7330086166111869e-06,2.401141881942749
31,4,52.999996185302734,54.49905776977539
31,5,-1.2700263596343575e-07,6.691256046295166
31,6,-2.3322301956341107e-07,0.057799581438302994
31,7,5.311019179998766e-08,-0.24904769659042358
32,0,1.408574661354578e-07,0.22951044142246246
32,1,-8.890184233223408e-08,-0.11660727858543396
32,2,-1.4663031322470488e-07,-0.048379089683294296
32,3,-3.024971704235213e-07,0.005191500298678875
32,4,1.997404979192652e-06,1.4091616868972778
32,5,78.99999237060547,47.11695861816406
32,6,-2.3322301956341107e-07,5.80467414855957
32,7,5.311019179998766e-08,0.7686305642127991
33,0,1.408574661354578e-07,-0.34635815024375916
33,1,-8.890184233223408e-08,-0.23037680983543396
33,2,-1.4663031322470488e-07,-0.0037566698156297207
33,3,-3.024971704235213e-07,-0.25431329011917114
33,4,-3.8678075497955433e-07,-0.22445383667945862
33,5,3.210857585145277e-06,2.7876527309417725
33,6,69.0,38.80937576293945
33,7,5.311019179998766e-08,11.032135963439941
34,0,1.408574661354578e-07,0.6860276460647583
34,1,-8.890184233223408e-08,0.007722288835793734
34,2,-1.4663031322470488e-07,0.1553076207637787
34,3,-3.024971704235213e-07,-0.21702510118484497
34,4,-3.8678075497955433e-07,-0.0976661741733551
34,5,-1.2700263596343575e-07,-0.0937281921505928
34,6,-7.100601919773908e-07,1.3376576900482178
34,7,59.999996185302734,56.14037322998047
35,0,15.0,62.264625549316406
35,1,-8.890184233223408e-08,3.641186475753784
35,2,-1.4663031322470488e-07,0.010259482078254223
35,3,-3.024971704235213e-07,-0.32913047075271606
35,4,-3.8678075497955433e-07,-0.13904419541358948
35,5,-1.2700263596343575e-07,0.3079336881637573
35,6,-2.3322301956341107e-07,0.04330897703766823
35,7,2.4372959614993306e-06,-0.6898631453514099
36,0,1.408574661354578e-07,-0.0006941340398043394
36,1,33.0,7.65812873840332
36,2,-1.4663031322470488e-07,5.081937313079834
36,3,-3.024971704235213e-07,0.04518001899123192
36,4,-3.8678075497955433e-07,-0.021816164255142212
36,5,-1.2700263596343575e-07,-0.2753688097000122
36,6,-2.3322301956341107e-07,-0.28749871253967285
36,7,5.311019179998766e-08,-0.08724827319383621
37,0,1.408574661354578e-07,-3.2581517696380615
37,1,-8.890184233223408e-08,5.371209621429443
37,2,42.0,25.317264556884766
37,3,-3.024971704235213e-07,7.080806255340576
37,4,-3.8678075497955433e-07,-0.722436785697937
37,5,-1.2700263596343575e-07,-0.2543236017227173
37,6,-2.3322301956341107e-07,-0.14980864524841309
37,7,5.311019179998766e-08,2.883556842803955
38,0,1.408574661354578e-07,-1.0492972135543823
38,1,-8.890184233223408e-08,0.1295699179172516
38,2,3.3020685918927484e-07,0.518973708152771
38,3,40.000003814697266,54.7672233581543
38,4,-3.8678075497955433e-07,5.078327655792236
38,5,-1.2700263596343575e-07,0.4099339246749878
38,6,-2.3322301956341107e-07,-0.2349245548248291
38,7,5.311019179998766e-08,-0.7135457396507263
39,0,1.408574661354578e-07,-0.37527450919151306
39,1,-8.890184233223408e-08,-0.1600380837917328
39,2,-1.4663031322470488e-07,0.0589202381670475
39,3,6.511771175610193e-07,1.6883326768875122
39,4,74.00000762939453,47.870262145996094
39,5,-1.2700263596343575e-07,6.22615909576416
39,6,-2.3322301956341107e-07,0.10387159138917923
39,7,5.311019179998766e-08,-0.08512205630540848
40,0,1.408574661354578e-07,0.12389006465673447
40,1,-8.890184233223408e-08,-0.19458875060081482
40,2,-1.4663031322470488e-07,-0.06607785820960999
40,3,-3.024971704235213e-07,0.13189953565597534
40,4,-2.294129444635473e-06,1.700945496559143
40,5,49.0,49.49616622924805
40,6,-2.3322301956341107e-07,6.585277557373047
40,7,5.311019179998766e-08,0.7780662178993225
41,0,1.408574661354578e-07,-0.3305576741695404
41,1,-8.890184233223408e-08,-0.18960055708885193
41,2,-1.4663031322470488e-07,-0.003189710434526205
41,3,-3.024971704235213e-07,-0.1596110463142395
41,4,-3.8678075497955433e-07,0.15437564253807068
41,5,-1.0806769523696858e-06,1.5369056463241577
41,6,32.0,44.026668548583984
41,7,5.311019179998766e-08,10.082836151123047
42,0,1.408574661354578e-07,0.42383208870887756
42,1,-8.890184233223408e-08,0.037286192178726196
42,2,-1.4663031322470488e-07,0.08868584036827087
42,3,-3.024971704235213e-07,-0.19695502519607544
42,4,-3.8678075497955433e-07,-0.3021530210971832
42,5,-1.2700263596343575e-07,0.4939693212509155
42,6,-7.100601919773908e-07,1.5602185726165771
42,7,77.0,53.53447723388672
43,0,66.0,70.59512329101562
43,1,-8.890184233223408e-08,3.7894277572631836
43,2,-1.4663031322470488e-07,-0.19011560082435608
43,3,-3.024971704235213e-07,-0.040869537740945816
43,4,-3.8678075497955433e-07,-0.2815369665622711
43,5,-1.2700263596343575e-07,-0.10014165192842484
43,6,-2.3322301956341107e-07,0.09178806096315384
43,7,2.4372959614993306e-06,4.437439441680908
44,0,-1.7664912093096063e-06,1.026258111000061
44,1,28.000001907348633,32.151329040527344
44,2,-1.4663031322470488e-07,4.311882495880127
44,3,-3.024971704235213e-07,0.12218492478132248
44,4,-3.8678075497955433e-07,0.05005320906639099
44,5,-1.2700263596343575e-07,-0.12002957612276077
44,6,-2.3322301956341107e-07,0.16234374046325684
44,7,5.311019179998766e-08,0.26519113779067993
45,0,1.408574661354578e-07,-0.34040531516075134
45,1,-1.0425761729493388e-06,0.8387364745140076
45,2,36.0,33.0967903137207
45,3,-3.024971704235213e-07,7.365306377410889
45,4,-3.8678075497955433e-07,-0.44021502137184143
45,5,-1.2700263596343575e-07,-0.034791119396686554
45,6,-2.3322301956341107e-07,0.011144405230879784
45,7,5.311019179998766e-08,0.007322364486753941
46,0,1.408574661354578e-07,0.05539240688085556
46,1,-8.890184233223408e-08,-0.004127591382712126
46,2,3.3020685918927484e-07,0.5975254774093628
46,3,35.0,49.94216537475586
46,4,-3.8678075497955433e-07,5.156667232513428
46,5,-1.2700263596343575e-07,0.38262927532196045
46,6,-2.3322301956341107e-07,-0.316023588180542
46,7,5.311019179998766e-08,-0.45549291372299194
47,0,1.408574661354578e-07,0.02263655513525009
47,1,-8.890184233223408e-08,0.05794993042945862
47,2,-1.4663031322470488e-07,-0.02433362416923046
47,3,6.511771175610193e-07,0.10874240845441818
47,4,59.999996185302734,42.1529541015625
47,5,-1.2700263596343575e-07,5.968844413757324
47,6,-2.3322301956341107e-07,0.07341504842042923
47,7,5.311019179998766e-08,-0.46786969900131226
48,0,1.408574661354578e-07,0.09425463527441025
48,1,-8.890184233223408e-08,-0.21012362837791443
48,2,-1.4663031322470488e-07,-0.07628217339515686
48,3,-3.024971704235213e-07,0.06272905319929123
48,4,1.997404979192652e-06,2.5767736434936523
48,5,45.0,45.64289855957031
48,6,-2.3322301956341107e-07,6.078088760375977
48,7,5.311019179998766e-08,0.8380017876625061
49,0,1.408574661354578e-07,-0.24765191972255707
49,1,-8.890184233223408e-08,-0.12676391005516052
49,2,-1.4663031322470488e-07,-0.015723852440714836
49,3,-3.024971704235213e-07,-0.2499726414680481
49,4,-3.8678075497955433e-07,0.18393048644065857
49,5,-1.0806769523696858e-06,1.675113558769226
49,6,41.999996185302734,41.813392639160156
49,7,5.311019179998766e-08,10.210972785949707
50,0,1.408574661354578e-07,0.4548007547855377
50,1,-8.890184233223408e-08,0.058025747537612915
50,2,-1.4663031322470488e-07,0.04203734174370766
50,3,-3.024971704235213e-07,-0.3002966046333313
50,4,-3.8678075497955433e-07,0.11653432250022888
50,5,-1.2700263596343575e-07,0.2851632833480835
50,6,-7.100601919773908e-07,1.5569040775299072
50,7,59.999996185302734,53.72307586669922
51,0,57.0,61.783775329589844
51,1,-8.890184233223408e-08,3.641186475753784
51,2,-1.4663031322470488e-07,-0.06648173928260803
51,3,-3.024971704235213e-07,-0.2419317364692688
51,4,-3.8678075497955433e-07,-0.3175891935825348
51,5,-1.2700263596343575e-07,-0.0519181564450264
51,6,-2.3322301956341107e-07,0.1990678310394287
51,7,2.4372959614993306e-06,-0.38961881399154663
52,0,-1.7664912093096063e-06,0.2606946527957916
52,1,35.0,28.996477127075195
52,2,-1.4663031322470488e-07,4.554388046264648
52,3,-3.024971704235213e-07,0.145612895488739
52,4,-3.8678075497955433e-07,-0.008491425774991512
52,5,-1.2700263596343575e-07,-0.16682161390781403
52,6,-2.3322301956341107e-07,-0.03229546174407005
52,7,5.311019179998766e-08,0.25855833292007446
53,0,1.408574661354578e-07,0.09611620754003525
53,1,-8.890184233223408e-08,1.5138071775436401
53,2,33.0,33.196617126464844
53,3,-3.024971704235213e-07,7.00496244430542
53,4,-3.8678075497955433e-07,-0.494316965341568
53,5,-1.2700263596343575e-07,0.004498354624956846
53,6,-2.3322301956341107e-07,0.09489656239748001
53,7,5.311019179998766e-08,0.026725346222519875
54,0,1.408574661354578e-07,0.06983771175146103
54,1,-8.890184233223408e-08,0.048870474100112915
54,2,3.3020685918927484e-07,0.5005205869674683
54,3,52.0,50.039634704589844
54,4,-3.8678075497955433e-07,5.243253231048584
54,5,-1.2700263596343575e-07,0.4099339246749878
54,6,-2.3322301956341107e-07,-0.23852086067199707
54,7,5.311019179998766e-08,-0.017557566985487938
55,0,1.408574661354578e-07,-0.08465466648340225
55,1,-8.890184233223408e-08,0.03534737229347229
55,2,-1.4663031322470488e-07,0.12131962180137634
55,3,-1.7330086166111869e-06,2.0830585956573486
55,4,48.000003814697266,50.19343948364258
55,5,-1.2700263596343575e-07,6.691256046295166
55,6,-2.3322301956341107e-07,0.08025766164064407
55,7,5.311019179998766e-08,-0.35777658224105835
56,0,1.408574661354578e-07,0.1398536115884781
56,1,-8.890184233223408e-08,-0.19651755690574646
56,2,-1.4663031322470488e-07,-0.0918208658695221
56,3,-3.024971704235213e-07,-0.017970386892557144
56,4,-2.294129444635473e-06,0.9295426607131958
56,5,48.0,45.96916580200195
56,6,-2.3322301956341107e-07,5.726504802703857
56,7,5.311019179998766e-08,0.7655478119850159
57,0,1.408574661354578e-07,-0.17826543748378754
57,1,-8.890184233223408e-08,-0.12156590819358826
57,2,-1.4663031322470488e-07,-0.07328525185585022
57,3,-3.024971704235213e-07,-0.07984525710344315
57,4,-3.8678075497955433e-07,0.2848878800868988
57,5,-1.0806769523696858e-06,1.5922049283981323
57,6,51.0,40.158931732177734
57,7,5.311019179998766e-08,10.115007400512695
58,0,1.408574661354578e-07,0.505046010017395
58,1,-8.890184233223408e-08,0.007722288835793734
58,2,-1.4663031322470488e-07,0.14677223563194275
58,3,-3.024971704235213e-07,-0.20893985033035278
58,4,-3.8678075497955433e-07,0.1808548867702484
58,5,-1.2700263596343575e-07,0.2705601453781128
58,6,-7.100601919773908e-07,1.0614368915557861
58,7,54.999996185302734,54.31925582885742
59,0,83.0,58.27603530883789
59,1,-8.890184233223408e-08,3.538658380508423
59,2,-1.4663031322470488e-07,0.06747660040855408
59,3,-3.024971704235213e-07,-0.24431926012039185
59,4,-3.8678075497955433e-07,-0.09378519654273987
59,5,-1.2700263596343575e-07,0.003449313109740615
59,6,-2.3322301956341107e-07,0.1286165714263916
59,7,2.4372959614993306e-06,-0.09773201495409012
60,0,3.955554802814731e-06,-1.1232470273971558
60,1,37.0,31.122234344482422
60,2,-1.4663031322470488e-07,4.154297351837158
60,3,-3.024971704235213e-07,0.1278654932975769
60,4,-3.8678075497955433e-07,-0.0177249014377594
60,5,-1.2700263596343575e-07,-0.21002544462680817
60,6,-2.3322301956341107e-07,-0.09569954127073288
60,7,5.311019179998766e-08,0.3366585373878479
61,0,1.408574661354578e-07,0.09669699519872665
61,1,-8.890184233223408e-08,0.5410570502281189
61,2,36.0,36.15739440917969
61,3,-3.024971704235213e-07,6.961572647094727
61,4,-3.8678075497955433e-07,-0.5913170576095581
61,5,-1.2700263596343575e-07,-0.014236576855182648
61,6,-2.3322301956341107e-07,0.18024373054504395
61,7,5.311019179998766e-08,0.006759696640074253
62,0,1.408574661354578e-07,0.1033870205283165
62,1,-8.890184233223408e-08,-0.09833869338035583
62,2,3.3020685918927484e-07,0.40037569403648376
62,3,59.0,51.229488372802734
62,4,-3.8678075497955433e-07,5.156667232513428
62,5,-1.2700263596343575e-07,0.4146231412887573
62,6,-2.3322301956341107e-07,-0.21256327629089355
62,7,5.311019179998766e-08,0.1387510895729065
63,0,1.408574661354578e-07,-0.17357049882411957
63,1,-8.890184233223408e-08,0.03147450089454651
63,2,-1.4663031322470488e-07,0.1839664876461029
63,3,-1.7330086166111869e-06,2.8292171955108643
63,4,58.0,52.777801513671875
63,5,-1.2700263596343575e-07,6.710578441619873
63,6,-2.3322301956341107e-07,0.06165051832795143
63,7,5.311019179998766e-08,-0.3290643095970154
64,0,1.408574661354578e-07,0.14747728407382965
64,1,-8.890184233223408e-08,-0.17285451292991638
64,2,-1.4663031322470488e-07,-0.06571546196937561
64,3,-3.024971704235213e-07,0.029636558145284653
64,4,1.997404979192652e-06,1.3474541902542114
64,5,58.0,49.37736129760742
64,6,-2.3322301956341107e-07,5.993780612945557
64,7,5.311019179998766e-08,0.7736416459083557
65,0,1.408574661354578e-07,-0.24765191972255707
65,1,-8.890184233223408e-08,-0.15434464812278748
65,2,-1.4663031322470488e-07,-0.08372464776039124
65,3,-3.024971704235213e-07,-0.044304195791482925
65,4,-3.8678075497955433e-07,0.14533624053001404
65,5,-1.0806769523696858e-06,1.2279566526412964
65,6,40.0,41.11231994628906
65,7,5.311019179998766e-08,9.856121063232422
66,0,1.408574661354578e-07,0.443308025598526
66,1,-8.890184233223408e-08,-0.0013113911263644695
66,2,-1.4663031322470488e-07,0.1920998990535736
66,3,-3.024971704235213e-07,-0.1705649495124817
66,4,-3.8678075497955433e-07,-0.24400749802589417
66,5,-1.2700263596343575e-07,0.011026255786418915
66,6,-7.100601919773908e-07,2.1243693828582764
66,7,71.0,54.3851432800293
67,0,56.0,67.82064056396484
67,1,-8.890184233223408e-08,3.7509543895721436
67,2,-1.4663031322470488e-07,-0.04563155397772789
67,3,-3.024971704235213e-07,-0.2698062062263489
67,4,-3.8678075497955433e-07,0.0913897454738617
67,5,-1.2700263596343575e-07,0.04874073714017868
67,6,-2.3322301956341107e-07,-0.13782477378845215
67,7,-2.3310756205319194e-06,-0.7212008833885193
68,0,-1.7664912093096063e-06,1.643180012702942
68,1,45.0,30.474506378173828
68,2,-1.4663031322470488e-07,4.581544399261475
68,3,-3.024971704235213e-07,0.07939260452985764
68,4,-3.8678075497955433e-07,0.030235856771469116
68,5,-1.2700263596343575e-07,-0.22193588316440582
68,6,-2.3322301956341107e-07,0.048497918993234634
68,7,5.311019179998766e-08,0.23029285669326782
69,0,1.408574661354578e-07,-0.23860536515712738
69,1,-8.890184233223408e-08,1.1719955205917358
69,2,27.0,34.430538177490234
69,3,-3.024971704235213e-07,6.809412479400635
69,4,-3.8678075497955433e-07,-0.4776858389377594
69,5,-1.2700263596343575e-07,0.015328757464885712
69,6,-2.3322301956341107e-07,0.04965806379914284
69,7,5.311019179998766e-08,0.1312900185585022
70,0,1.408574661354578e-07,0.08278479427099228
70,1,-8.890184233223408e-08,-0.0019370014779269695
70,2,3.3020685918927484e-07,0.08427223563194275
70,3,79.0,49.0455436706543
70,4,-3.8678075497955433e-07,5.4385881423950195
70,5,-1.2700263596343575e-07,0.3987020254135132
70,6,-2.3322301956341107e-07,-0.29163098335266113
70,7,5.311019179998766e-08,-0.3798322081565857
71,0,1.408574661354578e-07,-0.36837849020957947
71,1,-8.890184233223408e-08,-0.01763734221458435
71,2,-1.4663031322470488e-07,0.2408178746700287
71,3,2.5585256935301004e-06,0.9185959696769714
71,4,83.0,59.67924118041992
71,5,-1.2700263596343575e-07,6.919412136077881
71,6,-2.3322301956341107e-07,0.08104301244020462
71,7,5.311019179998766e-08,-0.3050212264060974
72,0,1.408574661354578e-07,0.2022315412759781
72,1,-8.890184233223408e-08,-0.14008960127830505
72,2,-1.4663031322470488e-07,-0.05146661028265953
72,3,-3.024971704235213e-07,0.4336358904838562
72,4,1.997404979192652e-06,0.7147361040115356
72,5,48.0,60.73331069946289
72,6,-2.3322301956341107e-07,6.922017574310303
72,7,5.311019179998766e-08,0.7502480149269104
73,0,1.408574661354578e-07,-0.04393944889307022
73,1,-8.890184233223408e-08,-0.060898393392562866
73,2,-1.4663031322470488e-07,0.04927048459649086
73,3,-3.024971704235213e-07,0.013259108178317547
73,4,-3.8678075497955433e-07,0.3266187608242035
73,5,-1.0806769523696858e-06,0.7681158781051636
73,6,51.0,45.00673294067383
73,7,5.311019179998766e-08,10.115007400512695
74,0,1.408574661354578e-07,0.505046010017395
74,1,-8.890184233223408e-08,-0.031132787466049194
74,2,-1.4663031322470488e-07,0.3006375730037689
74,3,-3.024971704235213e-07,0.01745813712477684
74,4,-3.8678075497955433e-07,0.1667543351650238
74,5,-1.2700263596343575e-07,0.6457756757736206
74,6,-7.100601919773908e-07,1.856539249420166
74,7,54.0,54.31925582885742
75,0,40.0,57.536766052246094
75,1,-8.890184233223408e-08,3.532266616821289
75,2,-1.4663031322470488e-07,-0.20798268914222717
75,3,-3.024971704235213e-07,-0.01097757089883089
75,4,-3.8678075497955433e-07,-0.2556513845920563
75,5,-1.2700263596343575e-07,-0.046754010021686554
75,6,-2.3322301956341107e-07,0.19763636589050293
75,7,2.4372959614993306e-06,0.02277093566954136
76,0,-1.7664912093096063e-06,1.62386953830719
76,1,38.0,23.326038360595703
76,2,-1.4663031322470488e-07,5.243213176727295
76,3,-3.024971704235213e-07,0.1278654932975769
76,4,-3.8678075497955433e-07,-0.0177249014377594
76,5,-1.2700263596343575e-07,-0.21111120283603668
76,6,-2.3322301956341107e-07,-0.09750818461179733
76,7,5.311019179998766e-08,0.1764093041419983
77,0,1.408574661354578e-07,0.4296247065067291
77,1,-8.890184233223408e-08,-0.3073364198207855
77,2,34.0,31.401540756225586
77,3,-3.024971704235213e-07,6.948296070098877
77,4,-3.8678075497955433e-07,-0.5913170576095581
77,5,-1.2700263596343575e-07,-0.015452034771442413
77,6,-2.3322301956341107e-07,0.20702624320983887
77,7,5.311019179998766e-08,-0.010219044052064419
78,0,1.408574661354578e-07,-0.29783710837364197
78,1,-8.890184233223408e-08,0.15360012650489807
78,2,3.3020685918927484e-07,0.5807732343673706
78,3,50.0,50.7940559387207
78,4,-3.8678075497955433e-07,5.214391708374023
78,5,-1.2700263596343575e-07,0.41556107997894287
78,6,-2.3322301956341107e-07,-0.1999671459197998
78,7,5.311019179998766e-08,0.11393027752637863
79,0,1.408574661354578e-07,-0.1949986070394516
79,1,-8.890184233223408e-08,-0.028168290853500366
79,2,-1.4663031322470488e-07,0.03604588285088539
79,3,-1.7330086166111869e-06,2.6136462688446045
79,4,34.0,49.85782241821289
79,5,-1.2700263596343575e-07,6.647575378417969
79,6,-2.3322301956341107e-07,0.092269666492939
79,7,5.311019179998766e-08,-0.1542457938194275
80,0,1.408574661354578e-07,0.1902562528848648
80,1,-8.890184233223408e-08,-0.16790875792503357
80,2,-1.4663031322470488e-07,-0.08276048302650452
80,3,-3.024971704235213e-07,0.06277387589216232
80,4,-3.8678075497955433e-07,0.7764784097671509
80,5,36.0,41.31573486328125
80,6,-2.3322301956341107e-07,7.167390823364258
80,7,5.311019179998766e-08,0.7816677689552307
81,0,1.408574661354578e-07,-0.20131002366542816
81,1,-8.890184233223408e-08,-0.12899169325828552
81,2,-1.4663031322470488e-07,-0.05968489870429039
81,3,-3.024971704235213e-07,-0.09821445494890213
81,4,-3.8678075497955433e-07,0.2302170693874359
81,5,8.266716804428142e-07,2.466721296310425
81,6,52.0,21.346654891967773
81,7,5.311019179998766e-08,10.42431640625
82,0,1.408574661354578e-07,0.509766697883606
82,1,-8.890184233223408e-08,0.010212809778749943
82,2,-1.4663031322470488e-07,0.12080034613609314
82,3,-3.024971704235213e-07,-0.24629813432693481
82,4,-3.8678075497955433e-07,-0.18236437439918518
82,5,-1.2700263596343575e-07,0.8348630666732788
82,6,-7.100601919773908e-07,1.5800859928131104
82,7,54.999996185302734,53.64039993286133
83,0,80.0,58.28561019897461
83,1,-8.890184233223408e-08,3.538658380508423
83,2,-1.4663031322470488e-07,0.21960720419883728
83,3,-3.024971704235213e-07,-0.07238800078630447
83,4,-3.8678075497955433e-07,-0.3529013693332672
83,5,-1.2700263596343575e-07,0.1700523942708969
83,6,-2.3322301956341107e-07,0.09878135472536087
83,7,2.4372959614993306e-06,0.07091718167066574
84,0,-1.7664912093096063e-06,-1.0815504789352417
84,1,47.0,30.919837951660156
84,2,-1.4663031322470488e-07,4.162348747253418
84,3,-3.024971704235213e-07,0.19016188383102417
84,4,-3.8678075497955433e-07,-0.04160156846046448
84,5,-1.2700263596343575e-07,-0.2039443403482437
84,6,-2.3322301956341107e-07,-0.1616652011871338
84,7,5.311019179998766e-08,0.32589203119277954
85,0,1.408574661354578e-07,0.04984011501073837
85,1,-2.473087533871876e-06,0.23199263215065002
85,2,54.0,37.87532043457031
85,3,-3.024971704235213e-07,6.737414836883545
85,4,-3.8678075497955433e-07,-0.6055115461349487
85,5,-1.2700263596343575e-07,-0.013505585491657257
85,6,-2.3322301956341107e-07,0.1998307704925537
85,7,5.311019179998766e-08,-0.04638809710741043
86,0,1.408574661354578e-07,0.024494312703609467
86,1,-8.890184233223408e-08,0.05000343918800354
86,2,3.3020685918927484e-07,-1.3519207239151
86,3,66.0,66.92543029785156
86,4,-3.8678075497955433e-07,5.1562933921813965
86,5,-1.2700263596343575e-07,0.4146231412887573
86,6,-2.3322301956341107e-07,-0.2126452922821045
86,7,5.311019179998766e-08,0.1333666443824768
87,0,1.408574661354578e-07,-0.17274080216884613
87,1,-8.890184233223408e-08,0.0357760488986969
87,2,-1.4663031322470488e-07,0.3910468518733978
87,3,-1.7330086166111869e-06,2.1660430431365967
87,4,52.000003814697266,60.658634185791016
87,5,-1.2700263596343575e-07,6.742048263549805
87,6,-2.3322301956341107e-07,0.06369567662477493
87,7,5.311019179998766e-08,-0.309501588344574
88,0,1.408574661354578e-07,0.37819400429725647
88,1,-8.890184233223408e-08,-0.06389674544334412
88,2,-1.4663031322470488e-07,-0.0010501421056687832
88,3,-3.024971704235213e-07,0.017130549997091293
88,4,-2.294129444635473e-06,1.2714520692825317
88,5,35.0,49.521278381347656
88,6,-2.3322301956341107e-07,5.753881454467773
88,7,5.311019179998766e-08,0.7560892701148987
89,0,1.408574661354578e-07,-0.38014015555381775
89,1,-8.890184233223408e-08,-0.2613573968410492
89,2,-1.4663031322470488e-07,0.024251790717244148
89,3,-3.024971704235213e-07,-0.053386036306619644
89,4,-3.8678075497955433e-07,-0.0005816512857563794
89,5,-1.0806769523696858e-06,3.4769604206085205
89,6,50.0,31.883710861206055
89,7,5.311019179998766e-08,10.445372581481934
90,0,1.408574661354578e-07,0.5003243684768677
90,1,-8.890184233223408e-08,-0.011323063634335995
90,2,-1.4663031322470488e-07,0.20762428641319275
90,3,-3.024971704235213e-07,-0.17119532823562622
90,4,-3.8678075497955433e-07,0.09774312376976013
90,5,-1.2700263596343575e-07,0.8997734785079956
90,6,-7.100601919773908e-07,-0.058914896100759506
90,7,63.0,53.46938705444336
91,0,98.0,63.9257698059082
91,1,-8.890184233223408e-08,3.693129301071167
91,2,-1.4663031322470488e-07,0.021271558478474617
91,3,-3.024971704235213e-07,-0.32360154390335083
91,4,-3.8678075497955433e-07,-0.2917117178440094
91,5,-1.2700263596343575e-07,0.0143960639834404
91,6,-2.3322301956341107e-07,0.14254260063171387
91,7,-2.3310756205319194e-06,-0.16716045141220093
92,0,3.955554802814731e-06,1.124637246131897
92,1,27.0,34.49542999267578
92,2,-1.4663031322470488e-07,4.234095096588135
92,3,-3.024971704235213e-07,0.1932198405265808
92,4,-3.8678075497955433e-07,-0.04554596543312073
92,5,-1.2700263596343575e-07,-0.22510255873203278
92,6,-2.3322301956341107e-07,-0.14453959465026855
92,7,5.311019179998766e-08,0.4744759202003479
93,0,1.408574661354578e-07,-0.20485959947109222
93,1,-8.890184233223408e-08,-0.3694177567958832
93,2,56.999996185302734,34.89456558227539
93,3,-3.024971704235213e-07,7.444347381591797
93,4,-3.8678075497955433e-07,-0.5775803327560425
93,5,-1.2700263596343575e-07,-0.0039731343276798725
93,6,-2.3322301956341107e-07,0.13470959663391113
93,7,5.311019179998766e-08,0.07397323101758957
94,0,1.408574661354578e-07,-0.0913752093911171
94,1,-8.890184233223408e-08,0.3063644468784332
94,2,3.3020685918927484e-07,-0.9559198617935181
94,3,52.999996185302734,65.63424682617188
94,4,-3.8678075497955433e-07,5.170342445373535
94,5,-1.2700263596343575e-07,0.40712201595306396
94,6,-2.3322301956341107e-07,-0.2541201114654541
94,7,5.311019179998766e-08,0.16410213708877563
95,0,1.408574661354578e-07,-0.06774983555078506
95,1,-8.890184233223408e-08,0.06277647614479065
95,2,-1.4663031322470488e-07,0.4389885365962982
95,3,2.5585256935301004e-06,2.1328675746917725
95,4,60.999996185302734,57.66434860229492
95,5,-1.2700263596343575e-07,6.69448184967041
95,6,-2.3322301956341107e-07,0.05205703154206276
95,7,5.311019179998766e-08,-0.20437091588974
96,0,1.408574661354578e-07,0.13519395887851715
96,1,-8.890184233223408e-08,-0.12048014998435974
96,2,-1.4663031322470488e-07,-0.0332280658185482
96,3,-3.024971704235213e-07,0.025300677865743637
96,4,-2.294129444635473e-06,1.6893726587295532
96,5,57.0,48.83177947998047
96,6,-2.3322301956341107e-07,6.124256134033203
96,7,5.311019179998766e-08,0.8499971032142639
97,0,1.408574661354578e-07,-0.3945845067501068
97,1,-8.890184233223408e-08,-0.2670517861843109
97,2,-1.4663031322470488e-07,0.03117785044014454
97,3,-3.024971704235213e-07,-0.10939104110002518
97,4,-3.8678075497955433e-07,0.1582561433315277
97,5,-1.0806769523696858e-06,0.7768415212631226
97,6,22.0,41.648284912109375
97,7,5.311019179998766e-08,9.866873741149902
98,0,1.408574661354578e-07,0.42201724648475647
98,1,-8.890184233223408e-08,0.006431967485696077
98,2,-1.4663031322470488e-07,0.16980203986167908
98,3,-3.024971704235213e-07,-0.17871695756912231
98,4,-3.8678075497955433e-07,-0.16814222931861877
98,5,-1.2700263596343575e-07,0.41053617000579834
98,6,-7.100601919773908e-07,1.5406115055084229
98,7,74.0,52.55680465698242
99,0,47.999996185302734,68.74230194091797
99,1,-8.890184233223408e-08,3.7701919078826904
99,2,-1.4663031322470488e-07,-0.0763942301273346
99,3,-3.024971704235213e-07,-0.21452075242996216
99,4,-3.8678075497955433e-07,-0.16647711396217346
99,5,-1.2700263596343575e-07,-0.14867891371250153
99,6,-2.3322301956341107e-07,-0.19549870491027832
99,7,2.4372959614993306e-06,3.0238914489746094
100,0,1.0945317399091437e-06,2.993898630142212
100,1,23.0,29.450410842895508
100,2,-1.4663031322470488e-07,4.92785120010376
100,3,-3.024971704235213e-07,0.0854150578379631
100,4,-3.8678075497955433e-07,0.13583192229270935
100,5,-1.2700263596343575e-07,-0.05765260010957718
100,6,-2.3322301956341107e-07,0.02852511964738369
100,7,5.311019179998766e-08,0.12792879343032837
101,0,1.408574661354578e-07,0.0029136158991605043
101,1,-8.890184233223408e-08,0.8675200343132019
101,2,27.0,30.251911163330078
101,3,-3.024971704235213e-07,7.854354381561279
101,4,-3.8678075497955433e-07,-0.4517182409763336
101,5,-1.2700263596343575e-07,-0.1493145376443863
101,6,-2.3322301956341107e-07,-0.009144539013504982
101,7,5.311019179998766e-08,-0.08655638247728348
102,0,1.408574661354578e-07,-0.2004479020833969
102,1,-8.890184233223408e-08,0.08117237687110901
102,2,3.3020685918927484e-07,-0.3489905893802643
102,3,59.999996185302734,45.81854248046875
102,4,-3.8678075497955433e-07,5.4385881423950195
102,5,-1.2700263596343575e-07,0.3905752897262573
102,6,-2.3322301956341107e-07,-0.30359721183776855
102,7,5.311019179998766e-08,-0.4501447081565857
103,0,1.408574661354578e-07,0.04532351344823837
103,1,-8.890184233223408e-08,0.06876364350318909
103,2,-1.4663031322470488e-07,0.18345245718955994
103,3,2.5585256935301004e-06,0.9583322405815125
103,4,63.000003814697266,50.71620178222656
103,5,-1.2700263596343575e-07,6.714924335479736
103,6,-2.3322301956341107e-07,0.08710122853517532
103,7,5.311019179998766e-08,-0.3299826979637146
104,0,1.408574661354578e-07,0.05765070766210556
104,1,-8.890184233223408e-08,-0.21633300185203552
104,2,-1.4663031322470488e-07,-0.04695906862616539
104,3,-3.024971704235213e-07,0.026329215615987778
104,4,-2.294129444635473e-06,1.1091300249099731
104,5,64.0,50.477264404296875
104,6,-2.3322301956341107e-07,6.228689193725586
104,7,5.311019179998766e-08,0.8989601731300354
105,0,1.408574661354578e-07,-0.04393944889307022
105,1,-8.890184233223408e-08,-0.0623985230922699
105,2,-1.4663031322470488e-07,0.0178817231208086
105,3,-3.024971704235213e-07,-0.09132272750139236
105,4,-3.8678075497955433e-07,-0.014634042046964169
105,5,3.210857585145277e-06,0.8400481939315796
105,6,27.0,40.82859802246094
105,7,5.311019179998766e-08,9.830053329467773
106,0,1.408574661354578e-07,0.4230901300907135
106,1,-8.890184233223408e-08,-0.002602189313620329
106,2,-1.4663031322470488e-07,0.19535765051841736
106,3,-3.024971704235213e-07,-0.16707736253738403
106,4,-3.8678075497955433e-07,-0.1773008406162262
106,5,-1.2700263596343575e-07,0.37182796001434326
106,6,7.204512826319842e-07,1.4545581340789795
106,7,84.0,53.68885803222656
107,0,99.00000762939453,74.48241424560547
107,1,-8.890184233223408e-08,3.8334195613861084
107,2,-1.4663031322470488e-07,-0.09422364830970764
107,3,-3.024971704235213e-07,-0.1636098027229309
107,4,-3.8678075497955433e-07,-0.04213753342628479
107,5,-1.2700263596343575e-07,-0.10048878937959671
107,6,-2.3322301956341107e-07,-0.22460341453552246
107,7,2.4372959614993306e-06,5.3018693923950195
108,0,-6.534862677654019e-06,0.9246188402175903
108,1,18.0,36.174381256103516
108,2,-1.4663031322470488e-07,4.244407653808594
108,3,-3.024971704235213e-07,0.06865613907575607
108,4,-3.8678075497955433e-07,0.1231447160243988
108,5,-1.2700263596343575e-07,-0.08784545212984085
108,6,-2.3322301956341107e-07,0.1901700496673584
108,7,5.311019179998766e-08,0.3568292260169983
109,0,1.408574661354578e-07,0.20357336103916168
109,1,-8.890184233223408e-08,1.8362520933151245
109,2,40.0,31.07146644592285
109,3,-3.024971704235213e-07,8.48213005065918
109,4,-3.8678075497955433e-07,-0.4472731649875641
109,5,-1.2700263596343575e-07,-0.12998689711093903
109,6,-2.3322301956341107e-07,0.0025885156355798244
109,7,5.311019179998766e-08,0.6043582558631897
110,0,1.408574661354578e-07,0.05671229213476181
110,1,-8.890184233223408e-08,0.22021618485450745
110,2,3.3020685918927484e-07,0.5490621328353882
110,3,43.000003814697266,50.50377655029297
110,4,83.0,5.07761812210083
110,5,-1.2700263596343575e-07,0.36396968364715576
110,6,-2.3322301956341107e-07,-0.34293484687805176
110,7,5.311019179998766e-08,-0.3756646513938904
111,0,1.408574661354578e-07,0.11808791011571884
111,1,-8.890184233223408e-08,-0.3242689073085785
111,2,-1.4663031322470488e-07,0.27291807532310486
111,3,-1.7330086166111869e-06,0.5488850474357605
111,4,1.997404979192652e-06,2.9678616523742676
111,5,51.0,55.3520393371582
111,6,-2.3322301956341107e-07,6.816351890563965
111,7,5.311019179998766e-08,-0.22265857458114624
112,0,1.408574661354578e-07,-0.019089557230472565
112,1,-8.890184233223408e-08,-0.2475472390651703
112,2,-1.4663031322470488e-07,-0.015542176552116871
112,3,-3.024971704235213e-07,0.13719433546066284
112,4,-3.8678075497955433e-07,0.27262410521507263
112,5,3.210857585145277e-06,-0.6600714921951294
112,6,32.0,45.10945129394531
112,7,5.311019179998766e-08,8.976101875305176
113,0,1.408574661354578e-07,-0.2707441747188568
113,1,-8.890184233223408e-08,-0.17710503935813904
113,2,-1.4663031322470488e-07,-0.03460278734564781
113,3,-3.024971704235213e-07,-0.13539916276931763
113,4,-3.8678075497955433e-07,0.0044828359968960285
113,5,-1.2700263596343575e-07,0.5280755758285522
113,6,-7.100601919773908e-07,1.3444750308990479
113,7,66.0,53.62636184692383
114,0,60.0,65.1715087890625
114,1,-8.890184233223408e-08,3.3636398315429688
114,2,-1.4663031322470488e-07,-0.09917989373207092
114,3,-3.024971704235213e-07,0.02079504355788231
114,4,-3.8678075497955433e-07,0.16544780135154724
114,5,-1.2700263596343575e-07,-0.2189704328775406
114,6,-2.3322301956341107e-07,0.09255576878786087
114,7,2.4372959614993306e-06,-0.4247826933860779
115,0,-1.7664912093096063e-06,0.9863911867141724
115,1,39.0,30.282621383666992
115,2,-1.4663031322470488e-07,4.4728264808654785
115,3,-3.024971704235213e-07,0.11228387802839279
115,4,-3.8678075497955433e-07,0.056503862142562866
115,5,-1.2700263596343575e-07,-0.10468781739473343
115,6,-2.3322301956341107e-07,0.17809414863586426
115,7,5.311019179998766e-08,0.2910204529762268
116,0,1.408574661354578e-07,-0.08050046116113663
116,1,-8.890184233223408e-08,1.291695237159729
116,2,29.000001907348633,34.38621139526367
116,3,-3.024971704235213e-07,6.934193134307861
116,4,-3.8678075497955433e-07,-0.44021502137184143
116,5,-1.2700263596343575e-07,-0.038834698498249054
116,6,-2.3322301956341107e-07,0.02823377214372158
116,7,5.311019179998766e-08,0.11025052517652512
117,0,1.408574661354578e-07,0.13121141493320465
117,1,-8.890184233223408e-08,-0.002198785077780485
117,2,-1.1003046438418096e-06,0.07548698782920837
117,3,44.0,49.13115692138672
117,4,-3.8678075497955433e-07,5.379455089569092
117,5,-1.2700263596343575e-07,0.4043220281600952
117,6,-2.3322301956341107e-07,-0.2682058811187744
117,7,5.311019179998766e-08,-0.12759488821029663
118,0,1.408574661354578e-07,-0.18336378037929535
118,1,-8.890184233223408e-08,-0.03631982207298279
118,2,-1.4663031322470488e-07,0.006620737258344889
118,3,6.511771175610193e-07,1.4283610582351685
118,4,78.00000762939453,45.507999420166016
118,5,-1.2700263596343575e-07,6.407644271850586
118,6,-2.3322301956341107e-07,0.07790303975343704
118,7,5.311019179998766e-08,-0.373435914516449
119,0,1.408574661354578e-07,0.22776712477207184
119,1,-8.890184233223408e-08,-0.15580329298973083
119,2,-1.4663031322470488e-07,-0.06464114785194397
119,3,-3.024971704235213e-07,0.07380550354719162
119,4,-2.294129444635473e-06,1.4989620447158813
119,5,45.0,52.21588897705078
119,6,-2.3322301956341107e-07,6.673068523406982
119,7,5.311019179998766e-08,0.7848277688026428
120,0,1.408574661354578e-07,-0.08822999149560928
120,1,-8.890184233223408e-08,-0.09511575102806091
120,2,-1.4663031322470488e-07,-0.014501241035759449
120,3,-3.024971704235213e-07,-0.10528070479631424
120,4,-3.8678075497955433e-07,0.12963923811912537
120,5,-1.0806769523696858e-06,1.7114137411117554
120,6,36.999996185302734,43.65851974487305
120,7,5.311019179998766e-08,10.210972785949707
121,0,1.408574661354578e-07,0.43019309639930725
121,1,-8.890184233223408e-08,0.020687013864517212
121,2,-1.4663031322470488e-07,0.1257365643978119
121,3,-3.024971704235213e-07,-0.15391093492507935
121,4,-3.8678075497955433e-07,-0.06381836533546448
121,5,-1.2700263596343575e-07,0.5345195531845093
121,6,2.6277998586010654e-06,1.6929774284362793
121,7,67.0,53.5494499206543
122,0,51.0,65.74723815917969
122,1,-8.890184233223408e-08,3.722705841064453
122,2,-1.4663031322470488e-07,-0.2009517252445221
122,3,-3.024971704235213e-07,-0.022857967764139175
122,4,-3.8678075497955433e-07,-0.18928900361061096
122,5,-1.2700263596343575e-07,-0.19636262953281403
122,6,-2.3322301956341107e-07,0.2056562900543213
122,7,2.4372959614993306e-06,-0.3787822127342224
123,0,-1.7664912093096063e-06,1.8038097620010376
123,1,53.0,29.17772674560547
123,2,-1.4663031322470488e-07,4.777322769165039
123,3,-3.024971704235213e-07,0.145612895488739
123,4,-3.8678075497955433e-07,0.003532022936269641
123,5,-1.2700263596343575e-07,-0.15171827375888824
123,6,-2.3322301956341107e-07,0.02819562517106533
123,7,5.311019179998766e-08,0.24308735132217407
124,0,1.408574661354578e-07,-0.11650834232568741
124,1,-8.890184233223408e-08,-0.026643842458724976
124,2,27.0,35.063011169433594
124,3,-3.024971704235213e-07,6.562887191772461
124,4,-3.8678075497955433e-07,-0.4545859396457672
124,5,-1.2700263596343575e-07,-0.0003534633433446288
124,6,-2.3322301956341107e-07,0.04116416350007057
124,7,5.311019179998766e-08,0.14961916208267212
125,0,1.408574661354578e-07,0.047799251973629
125,1,-8.890184233223408e-08,0.024473100900650024
125,2,3.3020685918927484e-07,0.302971214056015
125,3,47.999996185302734,50.257328033447266
125,4,-3.8678075497955433e-07,5.4385881423950195
125,5,-1.2700263596343575e-07,0.4033888578414917
125,6,-2.3322301956341107e-07,-0.27304863929748535
125,7,5.311019179998766e-08,-0.2396048903465271
126,0,1.408574661354578e-07,-0.28274235129356384
126,1,-8.890184233223408e-08,-0.13589105010032654
126,2,-1.4663031322470488e-07,0.020934434607625008
126,3,2.5585256935301004e-06,0.9927055239677429
126,4,29.0,46.90660858154297
126,5,-1.2700263596343575e-07,6.567598342895508
126,6,-2.3322301956341107e-07,0.08492875844240189
126,7,5.311019179998766e-08,-0.2502135634422302
127,0,1.408574661354578e-07,0.14824403822422028
127,1,-8.890184233223408e-08,-0.1918092668056488
127,2,-1.4663031322470488e-07,-0.14073339104652405
127,3,-3.024971704235213e-07,0.05749004706740379
127,4,-3.8678075497955433e-07,1.3221203088760376
127,5,59.999996185302734,38.90720748901367
127,6,-2.3322301956341107e-07,7.651997089385986
127,7,5.311019179998766e-08,0.8767281174659729
128,0,1.408574661354578e-07,-0.04393944889307022
128,1,-8.890184233223408e-08,-0.0806327760219574
128,2,-1.4663031322470488e-07,-0.07483020424842834
128,3,-3.024971704235213e-07,0.032400306314229965
128,4,-3.8678075497955433e-07,0.6128937005996704
128,5,3.210857585145277e-06,2.95011830329895
128,6,46.999996185302734,31.253808975219727
128,7,5.311019179998766e-08,9.854352951049805
129,0,1.408574661354578e-07,0.4849607050418854
129,1,-8.890184233223408e-08,0.012749583460390568
129,2,-1.4663031322470488e-07,0.10395273566246033
129,3,-3.024971704235213e-07,-0.3025229573249817
129,4,-3.8678075497955433e-07,-0.09839144349098206
129,5,-1.2700263596343575e-07,-0.2664433717727661
129,6,-7.100601919773908e-07,1.4952399730682373
129,7,57.000003814697266,54.86917495727539
130,0,60.0,59.65111541748047
130,1,-8.890184233223408e-08,3.572270631790161
130,2,-1.4663031322470488e-07,0.2736071050167084
130,3,-3.024971704235213e-07,0.049565013498067856
130,4,-3.8678075497955433e-07,-0.204707533121109
130,5,-1.2700263596343575e-07,-0.0016719180857762694
130,6,-2.3322301956341107e-07,-0.045197244733572006
130,7,-2.3310756205319194e-06,-0.4012278914451599
131,0,-1.7664912093096063e-06,0.3918735086917877
131,1,52.0,29.14573860168457
131,2,-1.4663031322470488e-07,4.4728264808654785
131,3,-3.024971704235213e-07,0.07541816681623459
131,4,-3.8678075497955433e-07,-0.016123682260513306
131,5,-1.2700263596343575e-07,-0.27499210834503174
131,6,-2.3322301956341107e-07,-0.003624195698648691
131,7,5.311019179998766e-08,0.27116209268569946
132,0,1.408574661354578e-07,-0.23994623124599457
132,1,-8.890184233223408e-08,0.69957035779953
132,2,43.0,35.989776611328125
132,3,-3.024971704235213e-07,6.558063507080078
132,4,-3.8678075497955433e-07,-0.5351790189743042
132,5,-1.2700263596343575e-07,0.0034526509698480368
132,6,-2.3322301956341107e-07,0.14382338523864746
132,7,5.311019179998766e-08,-0.03250355273485184
133,0,1.408574661354578e-07,0.019171856343746185
133,1,-8.890184233223408e-08,0.06581345200538635
133,2,3.3020685918927484e-07,0.11515602469444275
133,3,52.0,58.44002914428711
133,4,-3.8678075497955433e-07,5.080600261688232
133,5,-1.2700263596343575e-07,0.41274774074554443
133,6,-2.3322301956341107e-07,-0.22182297706604004
133,7,5.311019179998766e-08,0.03725438565015793
134,0,1.408574661354578e-07,-0.2688959538936615
134,1,-8.890184233223408e-08,-0.10880717635154724
134,2,-1.4663031322470488e-07,0.21230348944664001
134,3,-1.7330086166111869e-06,2.411633253097534
134,4,55.0,53.570560455322266
134,5,-1.2700263596343575e-07,6.691256046295166
134,6,-2.3322301956341107e-07,0.07790303975343704
134,7,5.311019179998766e-08,-0.3350762724876404
135,0,1.408574661354578e-07,0.347421795129776
135,1,-8.890184233223408e-08,-0.13373956084251404
135,2,-1.4663031322470488e-07,-0.0668422281742096
135,3,-3.024971704235213e-07,0.03731125220656395
135,4,-2.294129444635473e-06,1.5429774522781372
135,5,44.0,47.62237548828125
135,6,-2.3322301956341107e-07,5.90147066116333
135,7,5.311019179998766e-08,0.856476366519928
136,0,1.408574661354578e-07,-0.33416828513145447
136,1,-8.890184233223408e-08,-0.20597609877586365
136,2,-1.4663031322470488e-07,-0.021330026909708977
136,3,-3.024971704235213e-07,-0.03650790825486183
136,4,-3.8678075497955433e-07,0.02313479781150818
136,5,-1.0806769523696858e-06,2.279951333999634
136,6,32.0,41.106178283691406
136,7,5.311019179998766e-08,10.242578506469727
137,0,1.408574661354578e-07,0.42383208870887756
137,1,-8.890184233223408e-08,0.007722288835793734
137,2,-1.4663031322470488e-07,0.15884050726890564
137,3,-3.024971704235213e-07,-0.20450526475906372
137,4,-3.8678075497955433e-07,-0.35260382294654846
137,5,-1.2700263596343575e-07,0.32387006282806396
137,6,-7.100601919773908e-07,1.5479762554168701
137,7,78.00000762939453,53.29564666748047
138,0,49.0,71.17279815673828
138,1,-8.890184233223408e-08,3.79584002494812
138,2,-1.4663031322470488e-07,-0.012515214271843433
138,3,-3.024971704235213e-07,-0.2917678952217102
138,4,-3.8678075497955433e-07,-0.32487383484840393
138,5,-1.2700263596343575e-07,0.025629393756389618
138,6,-2.3322301956341107e-07,0.13306641578674316
138,7,-2.3310756205319194e-06,4.524288177490234
139,0,1.0945317399091437e-06,3.1726267337799072
139,1,-8.890184233223408e-08,30.26742935180664
139,2,-1.4663031322470488e-07,4.885282516479492
139,3,-3.024971704235213e-07,0.15152281522750854
139,4,43.0,-0.005463510286062956
139,5,-1.2700263596343575e-07,-0.17757143080234528
139,6,-2.3322301956341107e-07,0.16905522346496582
139,7,5.311019179998766e-08,0.01784425415098667
140,0,1.408574661354578e-07,0.16372980177402496
140,1,-8.890184233223408e-08,-0.719919741153717
140,2,-1.4663031322470488e-07,8.897156715393066
140,3,-3.024971704235213e-07,34.456302642822266
140,4,-2.294129444635473e-06,37.972415924072266
140,5,46.0,20.480087280273438
140,6,29.999998092651367,19.73917579650879
140,7,5.311019179998766e-08,0.06966882199048996
141,0,1.408574661354578e-07,-0.668476939201355
141,1,-8.890184233223408e-08,-0.26388320326805115
141,2,-1.4663031322470488e-07,-0.16428962349891663
141,3,-3.024971704235213e-07,17.251197814941406
141,4,-3.8678075497955433e-07,-8.92623233795166
141,5,3.210857585145277e-06,-2.6967194080352783
141,6,7.204512826319842e-07,-3.351900339126587
141,7,80.00000762939453,16.575298309326172
142,0,41.000003814697266,64.59736633300781
142,1,-8.890184233223408e-08,5.064243316650391
142,2,-1.4663031322470488e-07,-0.10847106575965881
142,3,-3.024971704235213e-07,-1.436179518699646
142,4,-3.8678075497955433e-07,-0.08806267380714417
142,5,-1.2700263596343575e-07,-0.009117253124713898
142,6,-2.3322301956341107e-07,0.0022337487898766994
142,7,2.4372959614993306e-06,10.01283073425293
143,0,-1.7664912093096063e-06,3.4472410678863525
143,1,38.0,27.46387481689453
143,2,-1.4663031322470488e-07,4.511876106262207
143,3,-3.024971704235213e-07,-0.16633683443069458
143,4,-3.8678075497955433e-07,-0.3941115438938141
143,5,-1.2700263596343575e-07,-0.04726899415254593
143,6,-2.3322301956341107e-07,-0.16312289237976074
143,7,5.311019179998766e-08,-0.1729220747947693
144,0,1.408574661354578e-07,0.44342055916786194
144,1,-8.890184233223408e-08,0.06567707657814026
144,2,31.0,31.561338424682617
144,3,-3.024971704235213e-07,6.411706924438477
144,4,-3.8678075497955433e-07,-0.05105629563331604
144,5,-1.2700263596343575e-07,-0.2399546056985855
144,6,-2.3322301956341107e-07,-0.008655304089188576
144,7,5.311019179998766e-08,-0.11483187228441238
145,0,1.408574661354578e-07,-0.21981893479824066
145,1,-8.890184233223408e-08,0.16835203766822815
145,2,3.3020685918927484e-07,0.36771807074546814
145,3,59.0,49.83850860595703
145,4,-3.8678075497955433e-07,5.311766624450684
145,5,-1.2700263596343575e-07,0.3746832609176636
145,6,-2.3322301956341107e-07,-0.3272135257720947
145,7,5.311019179998766e-08,-0.5757998824119568
146,0,1.408574661354578e-07,-0.1999729722738266
146,1,-8.890184233223408e-08,-0.004891007672995329
146,2,-1.4663031322470488e-07,0.13866505026817322
146,3,-1.7330086166111869e-06,2.318324327468872
146,4,58.0,51.36469268798828
146,5,-1.2700263596343575e-07,6.710578441619873
146,6,-2.3322301956341107e-07,0.09164691716432571
146,7,5.311019179998766e-08,-0.16170734167099
147,0,1.408574661354578e-07,0.20292867720127106
147,1,-8.890184233223408e-08,-0.16337403655052185
147,2,-1.4663031322470488e-07,-0.08461442589759827
147,3,-3.024971704235213e-07,0.03472917899489403
147,4,1.997404979192652e-06,1.3358079195022583
147,5,56.000003814697266,49.37736129760742
147,6,-2.3322301956341107e-07,5.993780612945557
147,7,5.311019179998766e-08,0.7816677689552307
148,0,1.408574661354578e-07,-0.13313089311122894
148,1,-8.890184233223408e-08,-0.09955033659934998
148,2,-1.4663031322470488e-07,-0.0728088915348053
148,3,-3.024971704235213e-07,-0.1094253733754158
148,4,-3.8678075497955433e-07,0.13690289855003357
148,5,-1.0806769523696858e-06,1.4508298635482788
148,6,28.999998092651367,41.332881927490234
148,7,5.311019179998766e-08,9.880666732788086
149,0,1.408574661354578e-07,0.42337337136268616
149,1,-8.890184233223408e-08,-0.0013113911263644695
149,2,-1.4663031322470488e-07,0.1920998990535736
149,3,-3.024971704235213e-07,-0.16981488466262817
149,4,-3.8678075497955433e-07,-0.2621220648288727
149,5,-1.2700263596343575e-07,0.3175114393234253
149,6,7.204512826319842e-07,1.6733157634735107
149,7,57.999996185302734,53.563560485839844
150,0,51.0,60.20267105102539
150,1,-8.890184233223408e-08,3.5929646492004395
150,2,-1.4663031322470488e-07,-0.04563155397772789
150,3,-3.024971704235213e-07,-0.27384835481643677
150,4,-3.8678075497955433e-07,0.018850892782211304
150,5,-1.2700263596343575e-07,-0.0850607231259346
150,6,-2.3322301956341107e-07,-0.05730127915740013
150,7,-2.3310756205319194e-06,-0.17212718725204468
151,0,-1.7664912093096063e-06,0.9123622179031372
151,1,30.0,27.77399444580078
151,2,-1.4663031322470488e-07,4.777322769165039
151,3,-3.024971704235213e-07,0.09212463349103928
151,4,-3.8678075497955433e-07,0.07999762892723083
151,5,-1.2700263596343575e-07,-0.14224638044834137
151,6,-2.3322301956341107e-07,0.289747953414917
151,7,5.311019179998766e-08,0.2518063187599182
152,0,1.408574661354578e-07,0.1456557661294937
152,1,-8.890184233223408e-08,1.2141879796981812
152,2,25.0,31.805631637573242
152,3,-3.024971704235213e-07,7.236172676086426
152,4,-3.8678075497955433e-07,-0.4425934851169586
152,5,-1.2700263596343575e-07,-0.09789622575044632
152,6,-2.3322301956341107e-07,0.05203557386994362
152,7,5.311019179998766e-08,-0.012561745010316372
153,0,1.408574661354578e-07,-0.08796296268701553
153,1,-8.890184233223408e-08,0.01951494812965393
153,2,3.3020685918927484e-07,-0.40797343850135803
153,3,45.999996185302734,45.458595275878906
153,4,-3.8678075497955433e-07,5.533740043640137
153,5,-1.2700263596343575e-07,0.4118093252182007
153,6,-2.3322301956341107e-07,-0.2266247272491455
153,7,5.311019179998766e-08,0.009488635696470737
154,0,1.408574661354578e-07,-0.01001534704118967
154,1,-8.890184233223408e-08,0.1340588629245758
154,2,-1.4663031322470488e-07,0.16706117987632751
154,3,2.5585256935301004e-06,-0.056474510580301285
154,4,39.0,45.31535339355469
154,5,-1.2700263596343575e-07,6.487620830535889
154,6,-2.3322301956341107e-07,0.08492875844240189
154,7,5.311019179998766e-08,-0.32246583700180054
155,0,1.408574661354578e-07,0.08800997585058212
155,1,-8.890184233223408e-08,-0.23655900359153748
155,2,-1.4663031322470488e-07,-0.10934177041053772
155,3,-3.024971704235213e-07,-0.08422739058732986
155,4,-2.294129444635473e-06,1.0127407312393188
155,5,57.0,42.60010528564453
155,6,-2.3322301956341107e-07,6.503674507141113
155,7,5.311019179998766e-08,0.8130970597267151
156,0,1.408574661354578e-07,-0.0031240961980074644
156,1,-8.890184233223408e-08,-0.06522473692893982
156,2,-1.4663031322470488e-07,-0.07362094521522522
156,3,-3.024971704235213e-07,-0.2904432415962219
156,4,-3.8678075497955433e-07,0.3410283029079437
156,5,-1.0806769523696858e-06,0.12324129790067673
156,6,22.0,37.71662139892578
156,7,72.0,9.866873741149902
157,0,95.0,67.91636657714844
157,1,-8.890184233223408e-08,3.393275022506714
157,2,-1.4663031322470488e-07,0.1070464551448822
157,3,-3.024971704235213e-07,-0.22190123796463013
157,4,-3.8678075497955433e-07,-0.24673309922218323
157,5,-1.2700263596343575e-07,0.19435201585292816
157,6,-7.100601919773908e-07,0.7200372219085693
157,7,2.4372959614993306e-06,4.052093505859375
158,0,-1.7664912093096063e-06,0.5059109926223755
158,1,51.0,34.87443923950195
158,2,-1.4663031322470488e-07,3.6622185707092285
158,3,-3.024971704235213e-07,-0.0742543414235115
158,4,-3.8678075497955433e-07,-0.012861638329923153
158,5,-1.2700263596343575e-07,-0.15971530973911285
158,6,-2.3322301956341107e-07,-0.023987526074051857
158,7,5.311019179998766e-08,0.3978462815284729
159,0,1.408574661354578e-07,0.3745366632938385
159,1,-8.890184233223408e-08,-0.3517037332057953
159,2,42.0,39.921783447265625
159,3,-3.024971704235213e-07,6.1018290519714355
159,4,-3.8678075497955433e-07,0.13583192229270935
159,5,-1.2700263596343575e-07,-0.02382577210664749
159,6,-2.3322301956341107e-07,0.023339038714766502
159,7,5.311019179998766e-08,-0.05681128054857254
160,0,1.408574661354578e-07,0.1515113264322281
160,1,-8.890184233223408e-08,0.013844401575624943
160,2,3.3020685918927484e-07,0.001109930220991373
160,3,51.0,57.410160064697266
160,4,-3.8678075497955433e-07,3.3117265701293945
160,5,-1.2700263596343575e-07,0.1077808067202568
160,6,-2.3322301956341107e-07,-0.08435606211423874
160,7,5.311019179998766e-08,0.1977444291114807
161,0,1.408574661354578e-07,-0.4314917027950287
161,1,-8.890184233223408e-08,-0.04533395171165466
161,2,-1.4663031322470488e-07,0.20136293768882751
161,3,2.5585256935301004e-06,2.3622567653656006
161,4,55.999996185302734,53.021873474121094
161,5,-1.2700263596343575e-07,6.687561988830566
161,6,-2.3322301956341107e-07,0.0539710558950901
161,7,5.311019179998766e-08,-0.1286563277244568
162,0,1.408574661354578e-07,0.3430720865726471
162,1,-8.890184233223408e-08,-0.12678489089012146
162,2,-1.4663031322470488e-07,-0.07810178399085999
162,3,-3.024971704235213e-07,0.039639171212911606
162,4,1.997404979192652e-06,1.6553345918655396
162,5,49.0,47.66435241699219
162,6,-2.3322301956341107e-07,5.932239532470703
162,7,5.311019179998766e-08,0.8358226418495178
163,0,1.408574661354578e-07,-0.3305576741695404
163,1,-8.890184233223408e-08,-0.19796618819236755
163,2,-1.4663031322470488e-07,-0.027259020134806633
163,3,-3.024971704235213e-07,-0.0794566348195076
163,4,-3.8678075497955433e-07,0.21839484572410583
163,5,-1.0806769523696858e-06,1.8965805768966675
163,6,38.0,41.346710205078125
163,7,5.311019179998766e-08,10.082836151123047
164,0,1.408574661354578e-07,0.4345647394657135
164,1,-8.890184233223408e-08,0.008989722467958927
164,2,-1.4663031322470488e-07,0.15681204199790955
164,3,-3.024971704235213e-07,-0.20500928163528442
164,4,-3.8678075497955433e-07,-0.1770433485507965
164,5,-1.2700263596343575e-07,0.19304834306240082
164,6,-7.100601919773908e-07,1.7523291110992432
164,7,63.0,53.80857467651367
165,0,71.0,63.75464630126953
165,1,-8.890184233223408e-08,3.693129301071167
165,2,-1.4663031322470488e-07,-0.02390304021537304
165,3,-3.024971704235213e-07,-0.2817094922065735
165,4,-3.8678075497955433e-07,-0.2532877027988434
165,5,-1.2700263596343575e-07,-0.04216683655977249
165,6,-2.3322301956341107e-07,0.08925128728151321
165,7,-2.3310756205319194e-06,-0.43312638998031616
166,0,-1.7664912093096063e-06,0.07060446590185165
166,1,52.0,31.3634033203125
166,2,-1.4663031322470488e-07,4.227536201477051
166,3,-3.024971704235213e-07,0.12218492478132248
166,4,-3.8678075497955433e-07,0.036453813314437866
166,5,-1.2700263596343575e-07,-0.09976161271333694
166,6,-2.3322301956341107e-07,0.03422761335968971
166,7,5.311019179998766e-08,0.3243628144264221
167,0,1.408574661354578e-07,-0.1859654039144516
167,1,-8.890184233223408e-08,0.44479361176490784
167,2,43.0,37.33455276489258
167,3,-3.024971704235213e-07,6.558063507080078
167,4,-3.8678075497955433e-07,-0.46064940094947815
167,5,-1.2700263596343575e-07,0.0007570903981104493
167,6,-2.3322301956341107e-07,0.05419135466217995
167,7,5.311019179998766e-08,-0.04781050235033035
168,0,1.408574661354578e-07,0.11850752681493759
168,1,-8.890184233223408e-08,0.0873664915561676
168,2,3.3020685918927484e-07,0.10462746024131775
168,3,57.0,58.44002914428711
168,4,-3.8678075497955433e-07,5.080600261688232
168,5,-1.2700263596343575e-07,0.40712201595306396
168,6,-2.3322301956341107e-07,-0.25380778312683105
168,7,5.311019179998766e-08,0.050399355590343475
169,0,1.408574661354578e-07,-0.33436092734336853
169,1,-8.890184233223408e-08,-0.08507785201072693
169,2,-1.4663031322470488e-07,0.24208196997642517
169,3,-1.7330086166111869e-06,2.8471872806549072
169,4,66.0,54.39440155029297
169,5,48.0,6.704726219177246
169,6,-2.3322301956341107e-07,0.06994796544313431
169,7,5.311019179998766e-08,-0.36999791860580444
170,0,1.408574661354578e-07,0.347421795129776
170,1,-8.890184233223408e-08,-0.12956485152244568
170,2,-1.4663031322470488e-07,-0.06925120949745178
170,3,-3.024971704235213e-07,0.1460849642753601
170,4,-2.294129444635473e-06,9.482292175292969
170,5,-1.0806769523696858e-06,-7.617193222045898
170,6,52.0,37.076171875
170,7,5.311019179998766e-08,11.647377014160156
171,0,1.408574661354578e-07,-0.24744974076747894
171,1,-8.890184233223408e-08,-0.2082558572292328
171,2,-1.4663031322470488e-07,-0.026093153282999992
171,3,-3.024971704235213e-07,-0.26217252016067505
171,4,-3.8678075497955433e-07,0.36079224944114685
171,5,-1.2700263596343575e-07,0.5362972021102905
171,6,-7.100601919773908e-07,2.32749080657959
171,7,45.999996185302734,54.34523010253906
172,0,11.0,52.343929290771484
172,1,-8.890184233223408e-08,3.3571135997772217
172,2,-1.4663031322470488e-07,0.1858738362789154
172,3,-3.024971704235213e-07,-0.22864609956741333
172,4,-3.8678075497955433e-07,-0.27929583191871643
172,5,-1.2700263596343575e-07,-0.027813561260700226
172,6,-2.3322301956341107e-07,0.0848696306347847
172,7,2.4372959614993306e-06,-0.19226878881454468
173,0,1.408574661354578e-07,-4.036656379699707
173,1,51.0,3.24678373336792
173,2,-1.4663031322470488e-07,2.4996752738952637
173,3,-3.024971704235213e-07,-0.4974082112312317
173,4,-3.8678075497955433e-07,-0.42703714966773987
173,5,-1.2700263596343575e-07,-0.06338942795991898
173,6,-2.3322301956341107e-07,-0.08041452616453171
173,7,5.311019179998766e-08,0.0559874102473259
174,0,1.408574661354578e-07,-11.28145694732666
174,1,-8.890184233223408e-08,8.662556648254395
174,2,28.000001907348633,26.788341522216797
174,3,52.999996185302734,6.593417644500732
174,4,-3.8678075497955433e-07,-0.6055115461349487
174,5,-1.2700263596343575e-07,-0.024566300213336945
174,6,-2.3322301956341107e-07,0.22381281852722168
174,7,5.311019179998766e-08,7.5419392585754395
175,0,1.408574661354578e-07,-0.9306200742721558
175,1,-8.890184233223408e-08,-0.029428571462631226
175,2,3.3020685918927484e-07,-2.118706464767456
175,3,2.5585256935301004e-06,1.8345776796340942
175,4,54.0,50.979373931884766
175,5,-1.2700263596343575e-07,6.489572525024414
175,6,-2.3322301956341107e-07,-0.1468350887298584
175,7,5.311019179998766e-08,0.37575870752334595
176,0,1.408574661354578e-07,-0.04638371616601944
176,1,-8.890184233223408e-08,-0.21279868483543396
176,2,-1.4663031322470488e-07,0.07508596777915955
176,3,-3.024971704235213e-07,0.19984501600265503
176,4,1.997404979192652e-06,0.2773943841457367
176,5,78.0,47.556854248046875
176,6,-2.3322301956341107e-07,5.834597110748291
176,7,5.311019179998766e-08,0.11701970547437668
177,0,1.408574661354578e-07,0.17787183821201324
177,1,-8.890184233223408e-08,-0.1077781617641449
177,2,-1.4663031322470488e-07,-0.13262000679969788
177,3,-3.024971704235213e-07,0.11231391876935959
177,4,-3.8678075497955433e-07,-0.3382047712802887
177,5,-1.0806769523696858e-06,2.709298849105835
177,6,40.0,39.39695358276367
177,7,5.311019179998766e-08,12.691875457763672
178,0,1.408574661354578e-07,0.03146376460790634
178,1,-8.890184233223408e-08,-0.18535813689231873
178,2,-1.4663031322470488e-07,-0.01978936605155468
178,3,-3.024971704235213e-07,0.16957300901412964
178,4,-3.8678075497955433e-07,-0.3289755880832672
178,5,-1.2700263596343575e-07,-0.3853036165237427
178,6,-7.100601919773908e-07,1.916551113128662
178,7,64.00000762939453,55.09069061279297
179,0,64.0,64.32315826416016
179,1,-8.890184233223408e-08,3.7005228996276855
179,2,-1.4663031322470488e-07,-0.0011283433996140957
179,3,-3.024971704235213e-07,-0.3153741955757141
179,4,-3.8678075497955433e-07,-0.0785926878452301
179,5,-1.2700263596343575e-07,0.09798990935087204
179,6,-2.3322301956341107e-07,-0.04350065812468529
179,7,-2.3310756205319194e-06,-0.8941077589988708
180,0,-1.7664912093096063e-06,0.730941891670227
180,1,40.0,30.569169998168945
180,2,31.0,4.3655266761779785
180,3,-3.024971704235213e-07,0.048480208963155746
180,4,-3.8678075497955433e-07,0.17676076292991638
180,5,-1.2700263596343575e-07,-0.26969921588897705
180,6,-2.3322301956341107e-07,0.21522974967956543
180,7,5.311019179998766e-08,0.30708175897598267
181,0,1.408574661354578e-07,0.18796266615390778
181,1,-8.890184233223408e-08,0.6247729659080505
181,2,3.3020685918927484e-07,-1.3487521409988403
181,3,59.0,49.553531646728516
181,4,-3.8678075497955433e-07,3.7454328536987305
181,5,-1.2700263596343575e-07,0.010794512927532196
181,6,-2.3322301956341107e-07,0.06729436665773392
181,7,5.311019179998766e-08,0.040296606719493866
182,0,1.408574661354578e-07,0.3407060205936432
182,1,-8.890184233223408e-08,0.06691256165504456
182,2,-1.4663031322470488e-07,0.16595587134361267
182,3,-1.7330086166111869e-06,0.9100906252861023
182,4,39.0,51.36469268798828
182,5,-1.2700263596343575e-07,6.418096542358398
182,6,-2.3322301956341107e-07,-0.25839686393737793
182,7,5.311019179998766e-08,-0.003169960342347622
183,0,1.408574661354578e-07,-0.3775976598262787
183,1,-8.890184233223408e-08,-0.13237342238426208
183,2,-1.4663031322470488e-07,0.04732165113091469
183,3,-3.024971704235213e-07,-0.007949654944241047
183,4,-2.294129444635473e-06,0.8220382928848267
183,5,59.0,45.05162048339844
183,6,-2.3322301956341107e-07,6.451443672180176
183,7,5.311019179998766e-08,-0.41864579916000366
184,0,1.408574661354578e-07,-0.037278033792972565
184,1,-8.890184233223408e-08,-0.008369534276425838
184,2,-1.4663031322470488e-07,0.04174504056572914
184,3,-3.024971704235213e-07,-0.1073492243885994
184,4,-3.8678075497955433e-07,0.44570645689964294
184,5,-1.0806769523696858e-06,0.9402097463607788
184,6,42.999996185302734,37.38421630859375
184,7,5.311019179998766e-08,10.088253021240234
185,0,1.408574661354578e-07,0.46089282631874084
185,1,-8.890184233223408e-08,-0.0013113911263644695
185,2,-1.4663031322470488e-07,0.1570023000240326
185,3,-3.024971704235213e-07,-0.15232449769973755
185,4,-3.8678075497955433e-07,0.09391888976097107
185,5,-1.2700263596343575e-07,-0.07268298417329788
185,6,2.6277998586010654e-06,2.192570209503174
185,7,71.0,54.5430793762207
186,0,58.0,67.8879623413086
186,1,-8.890184233223408e-08,3.7509543895721436
186,2,-1.4663031322470488e-07,0.16932377219200134
186,3,-3.024971704235213e-07,-0.06989414244890213
186,4,-3.8678075497955433e-07,-0.14209404587745667
186,5,-1.2700263596343575e-07,0.01706206053495407
186,6,-2.3322301956341107e-07,-0.12377285212278366
186,7,-2.3310756205319194e-06,-0.6989526152610779
187,0,-1.7664912093096063e-06,1.4629746675491333
187,1,39.0,30.636219024658203
187,2,-1.4663031322470488e-07,4.526883125305176
187,3,-3.024971704235213e-07,0.07682626694440842
187,4,-3.8678075497955433e-07,0.007001966703683138
187,5,-1.2700263596343575e-07,-0.26086103916168213
187,6,-2.3322301956341107e-07,0.014750724658370018
187,7,5.311019179998766e-08,0.23633772134780884
188,0,1.408574661354578e-07,-0.04941163212060928
188,1,-8.890184233223408e-08,1.5176187753677368
188,2,28.000001907348633,34.138275146484375
188,3,-3.024971704235213e-07,6.934193134307861
188,4,-3.8678075497955433e-07,-0.502609133720398
188,5,-1.2700263596343575e-07,0.017368189990520477
188,6,-2.3322301956341107e-07,0.06938720494508743
188,7,5.311019179998766e-08,0.11598306149244308
189,0,1.408574661354578e-07,0.1294499784708023
189,1,-8.890184233223408e-08,0.0012754504568874836
189,2,3.3020685918927484e-07,0.006687494460493326
189,3,40.000003814697266,48.653053283691406
189,4,-3.8678075497955433e-07,5.411412239074707
189,5,-1.2700263596343575e-07,0.3987020254135132
189,6,-2.3322301956341107e-07,-0.29155898094177246
189,7,5.311019179998766e-08,-0.3890036940574646
190,0,1.408574661354578e-07,-0.20143304765224457
190,1,-8.890184233223408e-08,-0.03959950804710388
190,2,-1.4663031322470488e-07,-0.016913561150431633
190,3,6.511771175610193e-07,0.2712380290031433
190,4,69.0,42.950496673583984
190,5,-1.2700263596343575e-07,6.22615909576416
190,6,-2.3322301956341107e-07,0.0794684961438179
190,7,5.311019179998766e-08,-0.3490714430809021
191,0,1.408574661354578e-07,0.2270156294107437
191,1,-8.890184233223408e-08,-0.15195855498313904
191,2,-1.4663031322470488e-07,-0.08667531609535217
191,3,-3.024971704235213e-07,0.07720725983381271
191,4,1.997404979192652e-06,1.7317644357681274
191,5,59.0,47.928443908691406
191,6,-2.3322301956341107e-07,6.486234664916992
191,7,5.311019179998766e-08,0.7848277688026428
192,0,1.408574661354578e-07,-0.06593785434961319
192,1,-8.890184233223408e-08,-0.09146127104759216
192,2,-1.4663031322470488e-07,-0.010623124428093433
192,3,-3.024971704235213e-07,-0.20866376161575317
192,4,-3.8678075497955433e-07,-0.06355944275856018
192,5,-1.0806769523696858e-06,0.13410316407680511
192,6,28.999998092651367,42.379295349121094
192,7,5.311019179998766e-08,9.854668617248535
193,0,1.408574661354578e-07,0.42337337136268616
193,1,-8.890184233223408e-08,0.037286192178726196
193,2,-1.4663031322470488e-07,0.0893300473690033
193,3,-3.024971704235213e-07,-0.21729499101638794
193,4,-3.8678075497955433e-07,-0.21275606751441956
193,5,-1.2700263596343575e-07,0.35908353328704834
193,6,7.204512826319842e-07,1.5717427730560303
193,7,66.0,53.69583511352539
194,0,85.0,65.0945053100586
194,1,-8.890184233223408e-08,3.715311288833618
194,2,-1.4663031322470488e-07,-0.1481892168521881
194,3,-3.024971704235213e-07,-0.07564575225114822
194,4,-3.8678075497955433e-07,-0.1252826750278473
194,5,-1.2700263596343575e-07,-0.11581815034151077
194,6,-2.3322301956341107e-07,-0.10648464411497116
194,7,2.4372959614993306e-06,-0.5331820845603943
195,0,-1.7664912093096063e-06,-1.0489767789840698
195,1,19.0,32.21021270751953
195,2,-1.4663031322470488e-07,4.152511119842529
195,3,-3.024971704235213e-07,0.07682626694440842
195,4,-3.8678075497955433e-07,0.08887442946434021
195,5,-1.2700263596343575e-07,-0.12558139860630035
195,6,-2.3322301956341107e-07,0.28667664527893066
195,7,5.311019179998766e-08,0.4058738350868225
196,0,1.408574661354578e-07,-0.17680536210536957
196,1,-8.890184233223408e-08,0.2242216169834137
196,2,41.0,33.006996154785156
196,3,-3.024971704235213e-07,8.354976654052734
196,4,-3.8678075497955433e-07,-0.4425934851169586
196,5,-1.2700263596343575e-07,-0.0931936576962471
196,6,-2.3322301956341107e-07,0.019182449206709862
196,7,5.311019179998766e-08,0.04057031124830246
197,0,1.408574661354578e-07,-0.06017670780420303
197,1,-8.890184233223408e-08,0.22861090302467346
197,2,3.3020685918927484e-07,0.5984662771224976
197,3,47.0,51.432350158691406
197,4,-3.8678075497955433e-07,5.077821731567383
197,5,-1.2700263596343575e-07,0.4043220281600952
197,6,-2.3322301956341107e-07,-0.2680819034576416
197,7,5.311019179998766e-08,0.056144289672374725
198,0,1.408574661354578e-07,0.050836704671382904
198,1,-8.890184233223408e-08,-0.1286693513393402
198,2,-1.4663031322470488e-07,0.18943247199058533
198,3,-1.7330086166111869e-06,2.246650457382202
198,4,43.0,50.933265686035156
198,5,-1.2700263596343575e-07,6.5276103019714355
198,6,-2.3322301956341107e-07,0.060352567583322525
198,7,5.311019179998766e-08,-0.3386039137840271
199,0,1.408574661354578e-07,0.0324641689658165
199,1,-8.890184233223408e-08,-0.23213490843772888
199,2,-1.4663031322470488e-07,-0.0656525194644928
199,3,-3.024971704235213e-07,-0.08216506987810135
199,4,-2.294129444635473e-06,2.03656005859375
199,5,50.0,43.990299224853516
199,6,-2.3322301956341107e-07,6.0833516120910645
199,7,5.311019179998766e-08,0.9505529999732971
200,0,1.408574661354578e-07,-0.32694706320762634
200,1,-8.890184233223408e-08,-0.18740567564964294
200,2,-1.4663031322470488e-07,-0.031790878623723984
200,3,-3.024971704235213e-07,-0.17098551988601685
200,4,-3.8678075497955433e-07,0.3293991982936859
200,5,-1.0806769523696858e-06,0.6714972257614136
200,6,45.0,39.38039779663086
200,7,5.311019179998766e-08,10.050670623779297
201,0,51.0,0.4729749262332916
201,1,-8.890184233223408e-08,0.014056594111025333
201,2,-1.4663031322470488e-07,0.12033399939537048
201,3,-3.024971704235213e-07,-0.22714930772781372
201,4,-3.8678075497955433e-07,0.1970435082912445
201,5,-1.2700263596343575e-07,0.17324243485927582
201,6,-7.100601919773908e-07,1.4751675128936768
201,7,5.311019179998766e-08,54.134544372558594
202,0,-1.7664912093096063e-06,16.681411743164062
202,1,26.0,17.69295883178711
202,2,-1.4663031322470488e-07,4.124467849731445
202,3,-3.024971704235213e-07,-0.15891200304031372
202,4,-3.8678075497955433e-07,0.02571210265159607
202,5,-1.2700263596343575e-07,0.027293555438518524
202,6,-2.3322301956341107e-07,-0.05017399415373802
202,7,5.311019179998766e-08,27.319074630737305
203,0,1.408574661354578e-07,-23.466575622558594
203,1,-8.890184233223408e-08,1.6172500848770142
203,2,31.0,31.384098052978516
203,3,-3.024971704235213e-07,7.145101070404053
203,4,-3.8678075497955433e-07,-0.014985471032559872
203,5,-1.2700263596343575e-07,-0.17708362638950348
203,6,-2.3322301956341107e-07,0.1981794834136963
203,7,5.311019179998766e-08,4.370880603790283
204,0,1.408574661354578e-07,-0.023380137979984283
204,1,-8.890184233223408e-08,0.023188501596450806
204,2,3.3020685918927484e-07,0.5639218091964722
204,3,43.000003814697266,48.3116569519043
204,4,-3.8678075497955433e-07,4.022549629211426
204,5,-1.2700263596343575e-07,-0.008214600384235382
204,6,-2.3322301956341107e-07,0.15142607688903809
204,7,5.311019179998766e-08,-1.5892019271850586
205,0,1.408574661354578e-07,0.18875612318515778
205,1,-8.890184233223408e-08,0.10806074738502502
205,2,-1.4663031322470488e-07,0.058867309242486954
205,3,-1.7330086166111869e-06,1.4454914331436157
205,4,80.0,45.573978424072266
205,5,-1.2700263596343575e-07,6.367549419403076
205,6,-2.3322301956341107e-07,0.08492875844240189
205,7,5.311019179998766e-08,-0.3403396010398865
206,0,1.408574661354578e-07,0.05859961360692978
206,1,-8.890184233223408e-08,-0.20768508315086365
206,2,-1.4663031322470488e-07,0.02274164743721485
206,3,-3.024971704235213e-07,0.06505697220563889
206,4,1.997404979192652e-06,1.41669762134552
206,5,53.0,53.11775588989258
206,6,-2.3322301956341107e-07,6.724307060241699
206,7,5.311019179998766e-08,0.8639217019081116
207,0,1.408574661354578e-07,-0.13313089311122894
207,1,-8.890184233223408e-08,-0.10572013258934021
207,2,-1.4663031322470488e-07,-0.0217453520745039
207,3,-3.024971704235213e-07,-0.13035613298416138
207,4,-3.8678075497955433e-07,0.1010948121547699
207,5,-1.0806769523696858e-06,-0.13011182844638824
207,6,41.999996185302734,44.529361724853516
207,7,5.311019179998766e-08,9.956789016723633
208,0,1.408574661354578e-07,0.4548007547855377
208,1,-8.890184233223408e-08,0.024944216012954712
208,2,-1.4663031322470488e-07,0.11421427130699158
208,3,-3.024971704235213e-07,-0.14303427934646606
208,4,-3.8678075497955433e-07,0.08159980177879333
208,5,-1.2700263596343575e-07,0.22512613236904144
208,6,-7.100601919773908e-07,2.0908331871032715
208,7,47.999996185302734,54.18198776245117
209,0,71.0,53.57095718383789
209,1,-8.890184233223408e-08,3.593268871307373
209,2,-1.4663031322470488e-07,-0.20376363396644592
209,3,-3.024971704235213e-07,-0.012485329993069172
209,4,-3.8678075497955433e-07,-0.2612408697605133
209,5,-1.2700263596343575e-07,-0.042132504284381866
209,6,-2.3322301956341107e-07,0.049009088426828384
209,7,2.4372959614993306e-06,0.34392935037612915
210,0,-1.7664912093096063e-06,-0.17002759873867035
210,1,51.0,29.88241195678711
210,2,-1.4663031322470488e-07,4.227536201477051
210,3,-3.024971704235213e-07,0.10456817597150803
210,4,-3.8678075497955433e-07,0.0010248131584376097
210,5,-1.2700263596343575e-07,-0.16589464247226715
210,6,-2.3322301956341107e-07,0.01707816682755947
210,7,5.311019179998766e-08,0.289558470249176
211,0,1.408574661354578e-07,-0.10588345676660538
211,1,-8.890184233223408e-08,0.3862842619419098
211,2,31.0,37.19289779663086
211,3,-3.024971704235213e-07,6.593417644500732
211,4,-3.8678075497955433e-07,-0.494316965341568
211,5,-1.2700263596343575e-07,-0.003393776947632432
211,6,-2.3322301956341107e-07,0.12543225288391113
211,7,5.311019179998766e-08,-0.15512603521347046
212,0,1.408574661354578e-07,0.07545866817235947
212,1,-8.890184233223408e-08,-0.051716893911361694
212,2,3.3020685918927484e-07,0.4461391866207123
212,3,52.999996185302734,51.73066711425781
212,4,-3.8678075497955433e-07,5.311766624450684
212,5,-1.2700263596343575e-07,0.4211066961288452
212,6,-2.3322301956341107e-07,-0.17498230934143066
212,7,5.311019179998766e-08,0.267278254032135
213,0,1.408574661354578e-07,-0.39484772086143494
213,1,-8.890184233223408e-08,-0.11346063017845154
213,2,-1.4663031322470488e-07,0.05473503842949867
213,3,2.5585256935301004e-06,1.9018479585647583
213,4,60.999996185302734,49.889217376708984
213,5,-1.2700263596343575e-07,6.69448184967041
213,6,-2.3322301956341107e-07,0.06994796544313431
213,7,5.311019179998766e-08,-0.3725575804710388
214,0,1.408574661354578e-07,0.2094966322183609
214,1,-8.890184233223408e-08,-0.18149766325950623
214,2,-1.4663031322470488e-07,-0.11328139901161194
214,3,-3.024971704235213e-07,0.07938449829816818
214,4,-2.294129444635473e-06,1.4507447481155396
214,5,50.0,48.83177947998047
214,6,-2.3322301956341107e-07,6.124256134033203
214,7,5.311019179998766e-08,0.8358226418495178
215,0,1.408574661354578e-07,-0.13313089311122894
215,1,-8.890184233223408e-08,-0.10100564360618591
215,2,-1.4663031322470488e-07,-0.05906834825873375
215,3,-3.024971704235213e-07,-0.10756713896989822
215,4,-3.8678075497955433e-07,0.14130887389183044
215,5,-1.0806769523696858e-06,1.98944890499115
215,6,44.0,42.141971588134766
215,7,5.311019179998766e-08,10.050670623779297
216,0,1.408574661354578e-07,0.4669772684574127
216,1,-8.890184233223408e-08,0.006431967485696077
216,2,-1.4663031322470488e-07,0.16980203986167908
216,3,-3.024971704235213e-07,-0.17594653367996216
216,4,-3.8678075497955433e-07,-0.026245981454849243
216,5,-1.2700263596343575e-07,0.251613974571228
216,6,-7.100601919773908e-07,1.696446180343628
216,7,57.999996185302734,54.08576583862305
217,0,92.00000762939453,60.379310607910156
217,1,-8.890184233223408e-08,3.5929646492004395
217,2,-1.4663031322470488e-07,-0.0763942301273346
217,3,-3.024971704235213e-07,-0.2280786633491516
217,4,-3.8678075497955433e-07,-0.33932915329933167
217,5,-1.2700263596343575e-07,0.0060213725082576275
217,6,-2.3322301956341107e-07,0.10994792729616165
217,7,-2.3310756205319194e-06,-0.20959466695785522
218,0,-6.534862677654019e-06,-0.03875909000635147
218,1,44.0,33.203086853027344
218,2,-1.4663031322470488e-07,4.18979024887085
218,3,-3.024971704235213e-07,0.11651533097028732
218,4,-3.8678075497955433e-07,-0.010477452538907528
218,5,-1.2700263596343575e-07,-0.1527038961648941
218,6,-2.3322301956341107e-07,-0.02314590848982334
218,7,5.311019179998766e-08,0.3403525948524475
219,0,1.408574661354578e-07,0.23873819410800934
219,1,-8.890184233223408e-08,-0.2667466104030609
219,2,43.0,38.92611312866211
219,3,56.0,6.845590114593506
219,4,-3.8678075497955433e-07,-0.5109041929244995
219,5,-1.2700263596343575e-07,0.004939428996294737
219,6,-2.3322301956341107e-07,0.10749316960573196
219,7,5.311019179998766e-08,0.006343417800962925
220,0,1.408574661354578e-07,0.057359836995601654
220,1,-8.890184233223408e-08,0.17352333664894104
220,2,3.3020685918927484e-07,1.713849425315857
220,3,-1.7330086166111869e-06,-3.864708185195923
220,4,44.999996185302734,55.27872085571289
220,5,-1.2700263596343575e-07,6.439484596252441
220,6,-2.3322301956341107e-07,-0.22899842262268066
220,7,5.311019179998766e-08,0.16100364923477173
221,0,1.408574661354578e-07,-0.10550103336572647
221,1,-8.890184233223408e-08,-0.052038758993148804
221,2,-1.4663031322470488e-07,0.04823479428887367
221,3,-3.024971704235213e-07,0.2218744158744812
221,4,1.997404979192652e-06,0.694372296333313
221,5,59.0,46.22494125366211
221,6,-2.3322301956341107e-07,5.79642915725708
221,7,5.311019179998766e-08,-0.1841997504234314
222,0,1.408574661354578e-07,0.2895566523075104
222,1,-8.890184233223408e-08,-0.15716657042503357
222,2,-1.4663031322470488e-07,-0.1810857355594635
222,3,-3.024971704235213e-07,0.22905176877975464
222,4,-3.8678075497955433e-07,0.24074038863182068
222,5,-1.0806769523696858e-06,1.301132082939148
222,6,62.999996185302734,38.86491394042969
222,7,5.311019179998766e-08,10.388781547546387
223,0,1.408574661354578e-07,-0.18807493150234222
223,1,-8.890184233223408e-08,-0.34399279952049255
223,2,-1.4663031322470488e-07,0.12137159705162048
223,3,-3.024971704235213e-07,0.027301963418722153
223,4,-3.8678075497955433e-07,-0.2829202711582184
223,5,-1.2700263596343575e-07,-0.09144032746553421
223,6,2.6277998586010654e-06,3.154005289077759
223,7,71.0,55.1948356628418
224,0,66.0,68.32404327392578
224,1,-8.890184233223408e-08,3.7509543895721436
224,2,-1.4663031322470488e-07,0.10203394293785095
224,3,-3.024971704235213e-07,-0.15666896104812622
224,4,-3.8678075497955433e-07,-0.13192978501319885
224,5,-1.2700263596343575e-07,0.05708157271146774
224,6,-2.3322301956341107e-07,-0.09779810160398483
224,7,-2.3310756205319194e-06,-0.44241803884506226
225,0,-1.7664912093096063e-06,1.015037178993225
225,1,27.0,31.587547302246094
225,2,-1.4663031322470488e-07,4.311882495880127
225,3,-3.024971704235213e-07,0.07682626694440842
225,4,-3.8678075497955433e-07,-0.10775318741798401
225,5,-1.2700263596343575e-07,-0.25601065158843994
225,6,-2.3322301956341107e-07,-0.22864890098571777
225,7,5.311019179998766e-08,0.2460961937904358
226,0,1.408574661354578e-07,-0.32432350516319275
226,1,-8.890184233223408e-08,0.8798627257347107
226,2,48.0,32.956031799316406
226,3,-3.024971704235213e-07,7.444347381591797
226,4,-3.8678075497955433e-07,-0.6938866376876831
226,5,-1.2700263596343575e-07,-0.16744817793369293
226,6,-2.3322301956341107e-07,0.07908416539430618
226,7,5.311019179998766e-08,-0.0205120500177145
227,0,1.408574661354578e-07,-0.05816540867090225
227,1,-8.890184233223408e-08,0.05754557251930237
227,2,3.3020685918927484e-07,-0.10192123055458069
227,3,64.0,58.855743408203125
227,4,-3.8678075497955433e-07,5.114993095397949
227,5,-1.2700263596343575e-07,0.3987020254135132
227,6,-2.3322301956341107e-07,-0.2914254665374756
227,7,5.311019179998766e-08,-0.32207101583480835
228,0,1.408574661354578e-07,-0.005064823664724827
228,1,-8.890184233223408e-08,0.05490151047706604
228,2,-1.4663031322470488e-07,0.3016699254512787
228,3,-1.7330086166111869e-06,2.8637301921844482
228,4,60.999996185302734,58.37263488769531
228,5,-1.2700263596343575e-07,6.733741283416748
228,6,-2.3322301956341107e-07,0.07341504842042923
228,7,5.311019179998766e-08,-0.4655751585960388
229,0,1.408574661354578e-07,0.13322366774082184
229,1,-8.890184233223408e-08,-0.18134793639183044
229,2,-1.4663031322470488e-07,-0.021738676354289055
229,3,-3.024971704235213e-07,-0.05692989006638527
229,4,-2.294129444635473e-06,1.3008047342300415
229,5,62.0,50.823280334472656
229,6,32.0,6.124256134033203
229,7,5.311019179998766e-08,0.8499971032142639
230,0,1.408574661354578e-07,-0.36128124594688416
230,1,-8.890184233223408e-08,-0.24841365218162537
230,2,-1.4663031322470488e-07,-0.012826112098991871
230,3,-3.024971704235213e-07,-0.041339222341775894
230,4,-3.8678075497955433e-07,0.3696213662624359
230,5,-1.0806769523696858e-06,10.16854476928711
230,6,-7.100601919773908e-07,-7.730038642883301
230,7,52.999996185302734,53.57667541503906
231,0,64.0,56.6641731262207
231,1,-8.890184233223408e-08,3.2487330436706543
231,2,-1.4663031322470488e-07,0.212880939245224
231,3,-3.024971704235213e-07,-0.16720134019851685
231,4,-3.8678075497955433e-07,0.028357118368148804
231,5,-1.2700263596343575e-07,-0.05584777146577835
231,6,-2.3322301956341107e-07,-0.14082121849060059
231,7,2.4372959614993306e-06,-0.4030103087425232
232,0,-1.7664912093096063e-06,0.5279217958450317
232,1,49.000003814697266,29.410634994506836
232,2,-1.4663031322470488e-07,3.7140541076660156
232,3,-3.024971704235213e-07,-0.20494681596755981
232,4,-3.8678075497955433e-07,-0.25766363739967346
232,5,-1.2700263596343575e-07,-0.25203001499176025
232,6,-2.3322301956341107e-07,-0.13956618309020996
232,7,5.311019179998766e-08,0.2976289391517639
233,0,1.408574661354578e-07,-0.2360313981771469
233,1,-2.473087533871876e-06,0.5956777930259705
233,2,30.000001907348633,35.992191314697266
233,3,-3.024971704235213e-07,6.246725559234619
233,4,-3.8678075497955433e-07,-0.0962776243686676
233,5,-1.2700263596343575e-07,-0.293282151222229
233,6,-2.3322301956341107e-07,-0.37586045265197754
233,7,5.311019179998766e-08,-0.16166681051254272
234,0,1.408574661354578e-07,0.07203593105077744
234,1,-8.890184233223408e-08,-0.014508812688291073
234,2,-2.5308161184511846e-06,0.2729819715023041
234,3,66.0,51.061744689941406
234,4,-3.8678075497955433e-07,5.34644079208374
234,5,-1.2700263596343575e-07,0.4164990186691284
234,6,-2.3322301956341107e-07,-0.20030903816223145
234,7,5.311019179998766e-08,0.11314015835523605
235,0,1.408574661354578e-07,-0.3987616002559662
235,1,-8.890184233223408e-08,-0.116034597158432
235,2,-1.4663031322470488e-07,0.13017067313194275
235,3,-1.7330086166111869e-06,2.68314528465271
235,4,62.0,53.8062744140625
235,5,24.999998092651367,6.742048263549805
235,6,-2.3322301956341107e-07,0.07491565495729446
235,7,5.311019179998766e-08,-0.367790162563324
236,0,1.408574661354578e-07,0.2213841825723648
236,1,-8.890184233223408e-08,-0.15606078505516052
236,2,-1.4663031322470488e-07,-0.06256690621376038
236,3,-3.024971704235213e-07,0.0708877369761467
236,4,1.997404979192652e-06,14.759512901306152
236,5,-1.2700263596343575e-07,-10.637251853942871
236,6,28.999998092651367,15.42850112915039
236,7,5.311019179998766e-08,7.60302209854126
237,0,1.408574661354578e-07,-0.04363713413476944
237,1,-8.890184233223408e-08,-0.08779391646385193
237,2,-1.4663031322470488e-07,0.042423103004693985
237,3,-3.024971704235213e-07,-0.11323387175798416
237,4,-3.8678075497955433e-07,0.2884155213832855
237,5,-1.2700263596343575e-07,0.47485530376434326
237,6,7.204512826319842e-07,3.253908634185791
237,7,69.00000762939453,46.66905212402344
238,0,68.99999237060547,66.54402160644531
238,1,-8.890184233223408e-08,3.391599416732788
238,2,-1.4663031322470488e-07,0.2235945165157318
238,3,-3.024971704235213e-07,-0.2099784016609192
238,4,-3.8678075497955433e-07,-0.1418861448764801
238,5,-1.2700263596343575e-07,0.06404005736112595
238,6,-2.3322301956341107e-07,0.1009228304028511
238,7,-2.3310756205319194e-06,-0.04314560443162918
239,0,3.955554802814731e-06,0.6756221055984497
239,1,40.0,31.778322219848633
239,2,-1.4663031322470488e-07,3.6179850101470947
239,3,-3.024971704235213e-07,-0.44068652391433716
239,4,-3.8678075497955433e-07,0.23329171538352966
239,5,-1.2700263596343575e-07,0.21548782289028168
239,6,-2.3322301956341107e-07,0.13650822639465332
239,7,5.311019179998766e-08,0.2705150246620178
240,0,1.408574661354578e-07,-0.05877385288476944
240,1,-8.890184233223408e-08,0.7845329642295837
240,2,33.0,35.70441436767578
240,3,-3.024971704235213e-07,6.906552314758301
240,4,-3.8678075497955433e-07,-0.4425934851169586
240,5,-1.2700263596343575e-07,-0.09150279313325882
240,6,-2.3322301956341107e-07,0.013629680499434471
240,7,5.311019179998766e-08,0.0439339205622673
241,0,1.408574661354578e-07,0.16155733168125153
241,1,-8.890184233223408e-08,-0.011645405553281307
241,2,3.3020685918927484e-07,0.4509151875972748
241,3,37.0,50.76803970336914
241,4,-3.8678075497955433e-07,5.243253231048584
241,5,-1.2700263596343575e-07,0.4016512632369995
241,6,-2.3322301956341107e-07,-0.2824714183807373
241,7,5.311019179998766e-08,-0.14286655187606812
242,0,1.408574661354578e-07,-0.1777542680501938
242,1,-8.890184233223408e-08,-0.0643835961818695
242,2,-1.4663031322470488e-07,-0.0280777495354414
242,3,6.511771175610193e-07,0.5696555972099304
242,4,83.0,42.52965545654297
242,5,-1.2700263596343575e-07,6.069715976715088
242,6,-2.3322301956341107e-07,0.071334607899189
242,7,5.311019179998766e-08,-0.4441527724266052
243,0,1.408574661354578e-07,0.2464219480752945
243,1,-8.890184233223408e-08,-0.15596207976341248
243,2,-1.4663031322470488e-07,-0.08320298790931702
243,3,-3.024971704235213e-07,0.23122185468673706
243,4,1.997404979192652e-06,1.632630467414856
243,5,70.0,53.851375579833984
243,6,-2.3322301956341107e-07,6.922017574310303
243,7,5.311019179998766e-08,0.776799738407135
244,0,1.408574661354578e-07,-0.17826543748378754
244,1,-8.890184233223408e-08,-0.1097012460231781
244,2,-1.4663031322470488e-07,-0.02747836522758007
244,3,-3.024971704235213e-07,-0.029053036123514175
244,4,-3.8678075497955433e-07,-0.08448067307472229
244,5,-1.0806769523696858e-06,-0.345378041267395
244,6,26.0,43.01285171508789
244,7,5.311019179998766e-08,9.80156135559082
245,0,1.408574661354578e-07,0.42292991280555725
245,1,-8.890184233223408e-08,0.049160391092300415
245,2,-1.4663031322470488e-07,0.05066666379570961
245,3,-3.024971704235213e-07,-0.17153292894363403
245,4,-3.8678075497955433e-07,-0.12042322754859924
245,5,-1.2700263596343575e-07,0.3378223180770874
245,6,-7.100601919773908e-07,0.5338513851165771
245,7,57.999996185302734,53.759605407714844
246,0,100.00000762939453,60.139892578125
246,1,-8.890184233223408e-08,3.5929646492004395
246,2,-1.4663031322470488e-07,-0.20798268914222717
246,3,-3.024971704235213e-07,0.03380220755934715
246,4,-3.8678075497955433e-07,-0.23443260788917542
246,5,-1.2700263596343575e-07,-0.11176837235689163
246,6,-2.3322301956341107e-07,-0.21481680870056152
246,7,-2.3310756205319194e-06,-0.4531192183494568
247,0,3.955554802814731e-06,1.5279227495193481
247,1,24.0,34.35609817504883
247,2,-1.4663031322470488e-07,4.260128498077393
247,3,-3.024971704235213e-07,0.06870906800031662
247,4,-3.8678075497955433e-07,0.20356521010398865
247,5,-1.2700263596343575e-07,-0.005486138630658388
247,6,-2.3322301956341107e-07,0.12227512151002884
247,7,5.311019179998766e-08,0.3676210045814514
248,0,1.408574661354578e-07,-0.16296468675136566
248,1,-1.0425761729493388e-06,0.026699930429458618
248,2,40.0,33.93370819091797
248,3,-3.024971704235213e-07,7.731766700744629
248,4,-3.8678075497955433e-07,-0.4483126699924469
248,5,-1.2700263596343575e-07,-0.16949905455112457
248,6,-2.3322301956341107e-07,0.038756612688302994
248,7,5.311019179998766e-08,0.08284478634595871
249,0,1.408574661354578e-07,-0.05173955112695694
249,1,-8.890184233223408e-08,0.23901262879371643
249,2,3.3020685918927484e-07,0.14909490942955017
249,3,70.0,51.611385345458984
249,4,-3.8678075497955433e-07,5.07761812210083
249,5,-1.2700263596343575e-07,0.4118093252182007
249,6,-2.3322301956341107e-07,-0.22902512550354004
249,7,5.311019179998766e-08,0.19825369119644165
250,0,1.408574661354578e-07,0.029413364827632904
250,1,-8.890184233223408e-08,-0.12046584486961365
250,2,-1.4663031322470488e-07,0.20092949271202087
250,3,-1.7330086166111869e-06,2.142003297805786
250,4,40.0,58.45006561279297
250,5,-1.2700263596343575e-07,6.7943115234375
250,6,-2.3322301956341107e-07,0.050707582384347916
250,7,5.311019179998766e-08,-0.1858176589012146
251,0,1.408574661354578e-07,0.07423319667577744
251,1,-8.890184233223408e-08,-0.18843135237693787
251,2,-1.4663031322470488e-07,-0.007911828346550465
251,3,-3.024971704235213e-07,-0.03723270073533058
251,4,-3.8678075497955433e-07,1.8888522386550903
251,5,65.0,47.56983947753906
251,6,-2.3322301956341107e-07,6.383964538574219
251,7,5.311019179998766e-08,0.8901057839393616
252,0,1.408574661354578e-07,-0.32324013113975525
252,1,-8.890184233223408e-08,-0.18526610732078552
252,2,-1.4663031322470488e-07,-0.10264649987220764
252,3,-3.024971704235213e-07,-0.08107549697160721
252,4,-3.8678075497955433e-07,0.5106807947158813
252,5,-1.0806769523696858e-06,1.8019870519638062
252,6,53.999996185302734,36.65752410888672
252,7,5.311019179998766e-08,9.823956489562988
253,0,1.408574661354578e-07,0.519394040107727
253,1,-8.890184233223408e-08,-0.018234819173812866
253,2,-1.4663031322470488e-07,0.1972258985042572
253,3,-3.024971704235213e-07,-0.1315787434577942
253,4,-3.8678075497955433e-07,-0.049113184213638306
253,5,-1.2700263596343575e-07,-0.32489073276519775
253,6,2.6277998586010654e-06,1.0930745601654053
253,7,73.00000762939453,55.44350051879883
254,0,72.0,69.0847396850586
254,1,-8.890184233223408e-08,3.763777017593384
254,2,-1.4663031322470488e-07,0.15921911597251892
254,3,-3.024971704235213e-07,-0.0789373591542244
254,4,-3.8678075497955433e-07,-0.09713545441627502
254,5,-1.2700263596343575e-07,0.09714066237211227
254,6,-2.3322301956341107e-07,-0.12872958183288574
254,7,2.4372959614993306e-06,-0.7464303374290466
255,0,-1.7664912093096063e-06,0.4044620096683502
255,1,41.0,32.32608413696289
255,2,30.000001907348633,4.21051025390625
255,3,-3.024971704235213e-07,0.06811492890119553
255,4,-3.8678075497955433e-07,-0.03529968857765198
255,5,-1.2700263596343575e-07,-0.2559858560562134
255,6,-2.3322301956341107e-07,-0.09043430536985397
255,7,5.311019179998766e-08,0.28127962350845337
256,0,1.408574661354578e-07,0.2636014521121979
256,1,-8.890184233223408e-08,0.49084845185279846
256,2,-2.5308161184511846e-06,-1.4510694742202759
256,3,61.0,49.232669830322266
256,4,-3.8678075497955433e-07,4.866522789001465
256,5,-1.2700263596343575e-07,0.009404055774211884
256,6,-2.3322301956341107e-07,0.21540522575378418
256,7,5.311019179998766e-08,-0.03025907836854458
257,0,1.408574661354578e-07,0.38246551156044006
257,1,-8.890184233223408e-08,0.06823626160621643
257,2,-1.4663031322470488e-07,0.14689907431602478
257,3,-1.7330086166111869e-06,0.8143722414970398
257,4,42.0,51.82761001586914
257,5,54.0,6.387205123901367
257,6,-2.3322301956341107e-07,-0.300215482711792
257,7,5.311019179998766e-08,-0.24360746145248413
258,0,1.408574661354578e-07,-0.3836410939693451
258,1,-8.890184233223408e-08,-0.1338392198085785
258,2,-1.4663031322470488e-07,0.051480624824762344
258,3,-3.024971704235213e-07,-0.17846184968948364
258,4,-3.8678075497955433e-07,-0.3733948767185211
258,5,-1.0806769523696858e-06,0.0036915463861078024
258,6,51.0,34.215152740478516
258,7,5.311019179998766e-08,3.255180835723877
259,0,1.408574661354578e-07,-0.013522961176931858
259,1,-8.890184233223408e-08,-0.02672681212425232
259,2,-1.4663031322470488e-07,0.030587049201130867
259,3,-3.024971704235213e-07,-0.23752814531326294
259,4,-3.8678075497955433e-07,0.3508816659450531
259,5,-1.2700263596343575e-07,0.2876209020614624
259,6,-7.100601919773908e-07,1.914320945739746
259,7,49.0,54.38435363769531
260,0,97.0,54.23384475708008
260,1,-8.890184233223408e-08,3.2837398052215576
260,2,-1.4663031322470488e-07,0.1734846532344818
260,3,-3.024971704235213e-07,-0.16104727983474731
260,4,-3.8678075497955433e-07,-0.14008846879005432
260,5,-1.2700263596343575e-07,-0.02041209489107132
260,6,-2.3322301956341107e-07,0.01995444856584072
260,7,-2.3310756205319194e-06,0.2808237671852112
261,0,-1.7664912093096063e-06,1.332011342048645
261,1,26.0,33.07365417480469
261,2,27.0,3.6512608528137207
261,3,-3.024971704235213e-07,-0.4441683888435364
261,4,-3.8678075497955433e-07,0.011712641455233097
261,5,-1.2700263596343575e-07,0.08465372771024704
261,6,-2.3322301956341107e-07,-0.056221719831228256
261,7,5.311019179998766e-08,0.31100040674209595
262,0,1.408574661354578e-07,0.11245550960302353
262,1,-8.890184233223408e-08,-0.35392388701438904
262,2,3.3020685918927484e-07,0.36823973059654236
262,3,41.0,45.76811599731445
262,4,-3.8678075497955433e-07,4.662736892700195
262,5,-1.2700263596343575e-07,-0.021854527294635773
262,6,-2.3322301956341107e-07,0.16918206214904785
262,7,5.311019179998766e-08,0.040741972625255585
263,0,1.408574661354578e-07,0.14605917036533356
263,1,-8.890184233223408e-08,-0.034883588552474976
263,2,-1.4663031322470488e-07,0.09899124503135681
263,3,2.5585256935301004e-06,-1.2695163488388062
263,4,63.999996185302734,43.27898406982422
263,5,85.0,6.05857515335083
263,6,-2.3322301956341107e-07,-0.18327689170837402
263,7,5.311019179998766e-08,0.2798781991004944
264,0,1.408574661354578e-07,0.024506710469722748
264,1,-8.890184233223408e-08,-0.2160397469997406
264,2,-1.4663031322470488e-07,0.16230663657188416
264,3,-3.024971704235213e-07,0.23668164014816284
264,4,1.997404979192652e-06,-0.6805151700973511
264,5,3.210857585145277e-06,-0.3268390893936157
264,6,73.99999237060547,13.81643009185791
264,7,5.311019179998766e-08,8.36881160736084
265,0,1.408574661354578e-07,0.035987041890621185
265,1,-8.890184233223408e-08,-0.04653415083885193
265,2,-1.4663031322470488e-07,0.05661902204155922
265,3,-3.024971704235213e-07,-0.06022483482956886
265,4,-3.8678075497955433e-07,0.412881463766098
265,5,-1.2700263596343575e-07,-0.7173110246658325
265,6,-7.100601919773908e-07,5.866542339324951
265,7,63.0,55.9051628112793
266,0,104.00000762939453,64.2620620727539
266,1,-8.890184233223408e-08,3.353361129760742
266,2,-1.4663031322470488e-07,0.09889540076255798
266,3,-3.024971704235213e-07,-0.19129687547683716
266,4,-3.8678075497955433e-07,-0.025036722421646118
266,5,-1.2700263596343575e-07,0.09235560148954391
266,6,-2.3322301956341107e-07,-0.02283119596540928
266,7,-2.3310756205319194e-06,-0.8018607497215271
267,0,-6.534862677654019e-06,1.9761334657669067
267,1,37.0,35.597084045410156
267,2,-1.4663031322470488e-07,3.706101655960083
267,3,-3.024971704235213e-07,-0.6369488835334778
267,4,-3.8678075497955433e-07,-0.5527905225753784
267,5,-1.2700263596343575e-07,-0.030902989208698273
267,6,-2.3322301956341107e-07,-0.36370396614074707
267,7,5.311019179998766e-08,0.5168629288673401
268,0,1.408574661354578e-07,0.38448062539100647
268,1,-8.890184233223408e-08,-0.47395381331443787
268,2,41.0,37.36819839477539
268,3,-3.024971704235213e-07,6.961572647094727
268,4,-3.8678075497955433e-07,-0.7532328367233276
268,5,-1.2700263596343575e-07,-0.3807021379470825
268,6,-2.3322301956341107e-07,-0.21745800971984863
268,7,5.311019179998766e-08,0.07181554287672043
269,0,1.408574661354578e-07,-0.0018776438664644957
269,1,-8.890184233223408e-08,0.08870163559913635
269,2,3.3020685918927484e-07,-0.043642666190862656
269,3,50.0,54.322940826416016
269,4,-3.8678075497955433e-07,5.077821731567383
269,5,-1.2700263596343575e-07,0.40712201595306396
269,6,-2.3322301956341107e-07,-0.25467658042907715
269,7,5.311019179998766e-08,0.2196236252784729
270,0,1.408574661354578e-07,-0.43337711691856384
270,1,-8.890184233223408e-08,0.04777136445045471
270,2,-1.4663031322470488e-07,0.16879400610923767
270,3,-1.7330086166111869e-06,2.377638101577759
270,4,59.999996185302734,52.25551223754883
270,5,-1.2700263596343575e-07,6.647575378417969
270,6,-2.3322301956341107e-07,0.048229459673166275
270,7,5.311019179998766e-08,-0.09987206012010574
271,0,1.408574661354578e-07,0.14639867842197418
271,1,-8.890184233223408e-08,-0.15925273299217224
271,2,-1.4663031322470488e-07,-0.08505550026893616
271,3,-3.024971704235213e-07,0.021653350442647934
271,4,1.997404979192652e-06,1.665169358253479
271,5,48.0,48.20153045654297
271,6,-2.3322301956341107e-07,6.078088760375977
271,7,5.311019179998766e-08,0.7736416459083557
272,0,1.408574661354578e-07,-0.32694706320762634
272,1,-8.890184233223408e-08,-0.19044551253318787
272,2,-1.4663031322470488e-07,-0.03285184130072594
272,3,-3.024971704235213e-07,-0.06556779891252518
272,4,-3.8678075497955433e-07,0.1263633668422699
272,5,-1.0806769523696858e-06,2.0830471515655518
272,6,61.999996185302734,41.85170364379883
272,7,5.311019179998766e-08,10.115007400512695
273,0,1.408574661354578e-07,0.566503643989563
273,1,-8.890184233223408e-08,0.010212809778749943
273,2,-1.4663031322470488e-07,0.1609247624874115
273,3,-3.024971704235213e-07,-0.19749528169631958
273,4,-3.8678075497955433e-07,0.24093922972679138
273,5,-1.2700263596343575e-07,0.32296788692474365
273,6,2.6277998586010654e-06,1.0528509616851807
273,7,65.0,54.65337371826172
274,0,67.99999237060547,65.18543243408203
274,1,-8.890184233223408e-08,3.707918882369995
274,2,-1.4663031322470488e-07,-0.06648173928260803
274,3,-3.024971704235213e-07,-0.24383383989334106
274,4,-3.8678075497955433e-07,-0.3565329611301422
274,5,-1.2700263596343575e-07,0.02533852308988571
274,6,-2.3322301956341107e-07,0.07097507268190384
274,7,-2.3310756205319194e-06,-0.19948571920394897
275,0,3.955554802814731e-06,0.6185189485549927
275,1,28.000001907348633,31.269001007080078
275,2,-1.4663031322470488e-07,4.278506278991699
275,3,-3.024971704235213e-07,0.1278654932975769
275,4,-3.8678075497955433e-07,-0.06570950150489807
275,5,-1.2700263596343575e-07,-0.24661792814731598
275,6,-2.3322301956341107e-07,-0.22814726829528809
275,7,5.311019179998766e-08,0.3238845467567444
276,0,1.408574661354578e-07,-0.32215580344200134
276,1,-1.0425761729493388e-06,0.8397812247276306
276,2,39.0,33.26836013793945
276,3,-3.024971704235213e-07,7.365306377410889
276,4,-3.8678075497955433e-07,-0.6899641752243042
276,5,-1.2700263596343575e-07,-0.15317358076572418
276,6,-2.3322301956341107e-07,0.103469617664814
276,7,5.311019179998766e-08,-0.06295723468065262
277,0,1.408574661354578e-07,0.007789752446115017
277,1,-8.890184233223408e-08,0.02688494324684143
277,2,3.3020685918927484e-07,0.45831283926963806
277,3,79.0,51.22628402709961
277,4,-3.8678075497955433e-07,5.073159694671631
277,5,-1.2700263596343575e-07,0.40525519847869873
277,6,-2.3322301956341107e-07,-0.2635056972503662
277,7,5.311019179998766e-08,0.027053887024521828
278,0,1.408574661354578e-07,-0.015709735453128815
278,1,-8.890184233223408e-08,0.061639219522476196
278,2,-1.4663031322470488e-07,0.24850067496299744
278,3,2.5585256935301004e-06,0.8922640681266785
278,4,63.999996185302734,62.1640510559082
278,5,-1.2700263596343575e-07,6.919412136077881
278,6,-2.3322301956341107e-07,0.07202745229005814
278,7,5.311019179998766e-08,-0.48706239461898804
279,0,1.408574661354578e-07,0.10803332179784775
279,1,-8.890184233223408e-08,-0.19531592726707458
279,2,-1.4663031322470488e-07,-0.014989045448601246
279,3,-3.024971704235213e-07,0.08565013855695724
279,4,1.997404979192652e-06,0.9250274896621704
279,5,64.0,53.44208908081055
279,6,-2.3322301956341107e-07,6.270346164703369
279,7,5.311019179998766e-08,0.8380017876625061
280,0,1.408574661354578e-07,-0.31716522574424744
280,1,-8.890184233223408e-08,-0.17918738722801208
280,2,-1.4663031322470488e-07,-0.01134887058287859
280,3,-3.024971704235213e-07,-0.055545154958963394
280,4,-3.8678075497955433e-07,-0.03184357285499573
280,5,3.210857585145277e-06,1.215126872062683
280,6,58.0,40.958251953125
280,7,5.311019179998766e-08,9.830053329467773
281,0,1.408574661354578e-07,0.5407601594924927
281,1,-8.890184233223408e-08,-0.031132787466049194
281,2,-1.4663031322470488e-07,0.26945051550865173
281,3,-3.024971704235213e-07,-0.10344678908586502
281,4,-3.8678075497955433e-07,0.11616668105125427
281,5,-1.2700263596343575e-07,0.12616907060146332
281,6,-7.100601919773908e-07,1.1335680484771729
281,7,56.0,55.41960906982422
282,0,105.0,59.0367546081543
282,1,-8.890184233223408e-08,3.555405855178833
282,2,-1.4663031322470488e-07,-0.10332551598548889
282,3,-3.024971704235213e-07,-0.14600354433059692
282,4,-3.8678075497955433e-07,0.014845461584627628
282,5,-1.2700263596343575e-07,0.1668771356344223
282,6,-2.3322301956341107e-07,-0.10602115839719772
282,7,-2.3310756205319194e-06,-0.3864840865135193
283,0,3.955554802814731e-06,2.1416265964508057
283,1,47.0,35.211666107177734
283,2,-1.4663031322470488e-07,4.558977127075195
283,3,-3.024971704235213e-07,0.06865613907575607
283,4,-3.8678075497955433e-07,-0.06250706315040588
283,5,-1.2700263596343575e-07,-0.1948024183511734
283,6,-2.3322301956341107e-07,-0.13463187217712402
283,7,5.311019179998766e-08,0.33237653970718384
284,0,1.408574661354578e-07,0.6148148775100708
284,1,-2.473087533871876e-06,-0.9606977105140686
284,2,40.0,40.498775482177734
284,3,-3.024971704235213e-07,6.737414836883545
284,4,-3.8678075497955433e-07,-0.6733397245407104
284,5,-1.2700263596343575e-07,-0.03615439683198929
284,6,-2.3322301956341107e-07,0.2410275936126709
284,7,5.311019179998766e-08,0.024348312988877296
285,0,1.408574661354578e-07,0.02468886226415634
285,1,-8.890184233223408e-08,0.0805462896823883
285,2,3.3020685918927484e-07,0.10766777396202087
285,3,44.0,55.002132415771484
285,4,-3.8678075497955433e-07,5.07761812210083
285,5,-1.2700263596343575e-07,0.4136852025985718
285,6,-2.3322301956341107e-07,-0.21889233589172363
285,7,5.311019179998766e-08,0.3289547562599182
286,0,1.408574661354578e-07,-0.34314998984336853
286,1,-8.890184233223408e-08,-0.0393272340297699
286,2,-1.4663031322470488e-07,0.11358150839805603
286,3,6.511771175610193e-07,2.1972758769989014
286,4,65.0,49.28299331665039
286,5,-1.2700263596343575e-07,6.407644271850586
286,6,-2.3322301956341107e-07,0.0476229228079319
286,7,5.311019179998766e-08,-0.0337790921330452
287,0,1.408574661354578e-07,0.2889977991580963
287,1,-8.890184233223408e-08,-0.1311570107936859
287,2,-1.4663031322470488e-07,-0.13143697381019592
287,3,-3.024971704235213e-07,0.03208368644118309
287,4,1.997404979192652e-06,1.5674563646316528
287,5,39.0,47.89899826049805
287,6,-2.3322301956341107e-07,6.312671661376953
287,7,5.311019179998766e-08,0.7560892701148987
288,0,1.408574661354578e-07,-0.32324013113975525
288,1,-8.890184233223408e-08,-0.17804870009422302
288,2,-1.4663031322470488e-07,-0.035515930503606796
288,3,-3.024971704235213e-07,-0.06650859862565994
288,4,-3.8678075497955433e-07,-0.0480751097202301
288,5,-1.0806769523696858e-06,2.76934552192688
288,6,42.999996185302734,39.864830017089844
288,7,5.311019179998766e-08,10.359996795654297
289,0,1.408574661354578e-07,0.46089282631874084
289,1,-8.890184233223408e-08,0.020687013864517212
289,2,-1.4663031322470488e-07,0.12892183661460876
289,3,-3.024971704235213e-07,-0.21672898530960083
289,4,-3.8678075497955433e-07,0.03979167342185974
289,5,-1.2700263596343575e-07,0.6295164823532104
289,6,2.6277998586010654e-06,1.0533058643341064
289,7,37.0,53.370052337646484
290,0,107.00000762939453,46.46844482421875
290,1,-8.890184233223408e-08,3.838912010192871
290,2,-1.4663031322470488e-07,-0.11240449547767639
290,3,-3.024971704235213e-07,-0.18430787324905396
290,4,-3.8678075497955433e-07,-0.25641098618507385
290,5,-1.2700263596343575e-07,-0.11157811433076859
290,6,-2.3322301956341107e-07,0.16979575157165527
290,7,5.311019179998766e-08,0.6611223816871643
291,0,3.955554802814731e-06,3.0974018573760986
291,1,59.0,34.00516891479492
291,2,-1.4663031322470488e-07,4.852309226989746
291,3,-3.024971704235213e-07,0.1808721423149109
291,4,-3.8678075497955433e-07,-0.03453865647315979
291,5,-1.2700263596343575e-07,-0.2701030969619751
291,6,-2.3322301956341107e-07,-0.0489809475839138
291,7,5.311019179998766e-08,0.006538921035826206
292,0,1.408574661354578e-07,-1.089706301689148
292,1,-8.890184233223408e-08,0.6503638625144958
292,2,34.0,42.30877685546875
292,3,-3.024971704235213e-07,6.612451076507568
292,4,-3.8678075497955433e-07,-0.502609133720398
292,5,-1.2700263596343575e-07,-0.01003611832857132
292,6,-2.3322301956341107e-07,0.12504315376281738
292,7,5.311019179998766e-08,-0.2723340392112732
293,0,1.408574661354578e-07,0.10709681361913681
293,1,-8.890184233223408e-08,-0.12214478850364685
293,2,3.3020685918927484e-07,0.1385110318660736
293,3,71.0,53.6961669921875
293,4,40.0,5.214391708374023
293,5,-1.2700263596343575e-07,0.4306868314743042
293,6,-2.3322301956341107e-07,-0.12732863426208496
293,7,5.311019179998766e-08,0.2625351548194885
294,0,1.408574661354578e-07,-0.6612375974655151
294,1,-8.890184233223408e-08,-0.09486302733421326
294,2,-1.4663031322470488e-07,0.1821053922176361
294,3,-1.7330086166111869e-06,4.976944923400879
294,4,-3.8678075497955433e-07,-6.431577682495117
294,5,93.0,42.651371002197266
294,6,-2.3322301956341107e-07,6.363142013549805
294,7,5.311019179998766e-08,-0.005315727554261684
295,0,1.408574661354578e-07,0.06437887996435165
295,1,-8.890184233223408e-08,-0.24833211302757263
295,2,-1.4663031322470488e-07,0.0708673894405365
295,3,-3.024971704235213e-07,0.16029995679855347
295,4,-3.8678075497955433e-07,0.3238764703273773
295,5,3.210857585145277e-06,-1.1141282320022583
295,6,61.999996185302734,18.956804275512695
295,7,5.311019179998766e-08,16.724836349487305
296,0,1.408574661354578e-07,0.014948985539376736
296,1,-8.890184233223408e-08,-0.1370922029018402
296,2,-1.4663031322470488e-07,-0.13479486107826233
296,3,-3.024971704235213e-07,-0.1917007565498352
296,4,-3.8678075497955433e-07,0.4823547303676605
296,5,-1.2700263596343575e-07,0.1620863527059555
296,6,2.6277998586010654e-06,0.15881657600402832
296,7,45.999996185302734,56.65913772583008
297,0,91.0,52.344764709472656
297,1,-8.890184233223408e-08,3.4112653732299805
297,2,-1.4663031322470488e-07,-0.0320378802716732
297,3,-3.024971704235213e-07,-0.6175997853279114
297,4,-3.8678075497955433e-07,0.28747472167015076
297,5,-1.2700263596343575e-07,0.21128354966640472
297,6,-2.3322301956341107e-07,0.00876355729997158
297,7,2.4372959614993306e-06,-0.5775927901268005
298,0,3.955554802814731e-06,0.14438070356845856
298,1,47.0,31.76983070373535
298,2,-1.4663031322470488e-07,4.183042049407959
298,3,-3.024971704235213e-07,0.013124640099704266
298,4,-3.8678075497955433e-07,0.0791994035243988
298,5,-1.2700263596343575e-07,-0.10635865479707718
298,6,-2.3322301956341107e-07,-0.15655207633972168
298,7,5.311019179998766e-08,0.28483206033706665
299,0,1.408574661354578e-07,0.21512044966220856
299,1,-2.473087533871876e-06,-0.4825931489467621
299,2,40.0,39.103065490722656
299,3,73.0,6.737414836883545
299,4,-3.8678075497955433e-07,-0.6899641752243042
299,5,-1.2700263596343575e-07,-0.1580153852701187
299,6,-2.3322301956341107e-07,0.037969354540109634
299,7,5.311019179998766e-08,-0.08291763812303543
300,0,1.408574661354578e-07,0.04643645137548447
300,1,-8.890184233223408e-08,0.164363294839859
300,2,3.3020685918927484e-07,-1.2334567308425903
300,3,-1.7330086166111869e-06,2.504082441329956
300,4,63.999996185302734,62.068058013916016
300,5,-1.2700263596343575e-07,6.6555023193359375
300,6,-2.3322301956341107e-07,-0.16915631294250488
300,7,5.311019179998766e-08,0.2586589455604553
301,0,1.408574661354578e-07,-0.1206263080239296
301,1,-8.890184233223408e-08,-0.07350549101829529
301,2,-1.4663031322470488e-07,0.09442886710166931
301,3,-3.024971704235213e-07,0.42155712842941284
301,4,1.997404979192652e-06,0.22538384795188904
301,5,65.0,52.724220275878906
301,6,-2.3322301956341107e-07,6.15545129776001
301,7,5.311019179998766e-08,-0.18053573369979858
302,0,1.408574661354578e-07,0.2889977991580963
302,1,-8.890184233223408e-08,-0.1440502107143402
302,2,-1.4663031322470488e-07,-0.16438832879066467
302,3,-3.024971704235213e-07,0.20493954420089722
302,4,-3.8678075497955433e-07,-0.23289242386817932
302,5,-1.0806769523696858e-06,1.1614288091659546
302,6,51.0,40.79021453857422
302,7,5.311019179998766e-08,10.70272445678711
303,0,1.408574661354578e-07,-0.18312345445156097
303,1,-8.890184233223408e-08,-0.34197577834129333
303,2,-1.4663031322470488e-07,0.08210310339927673
303,3,-3.024971704235213e-07,0.08223360031843185
303,4,-3.8678075497955433e-07,-0.33880701661109924
303,5,-1.2700263596343575e-07,0.04967343062162399
303,6,-7.100601919773908e-07,1.8251821994781494
303,7,71.0,55.34556579589844
304,0,63.0,68.06759643554688
304,1,-8.890184233223408e-08,3.7509543895721436
304,2,-1.4663031322470488e-07,-0.10332551598548889
304,3,-3.024971704235213e-07,-0.1448538899421692
304,4,-3.8678075497955433e-07,-0.002254872815683484
304,5,-1.2700263596343575e-07,0.1668594926595688
304,6,-2.3322301956341107e-07,-0.11168598383665085
304,7,-2.3310756205319194e-06,-0.6323451399803162
305,0,-1.7664912093096063e-06,1.0624862909317017
305,1,24.999998092651367,31.131797790527344
305,2,-1.4663031322470488e-07,4.392351150512695
305,3,-3.024971704235213e-07,0.06811492890119553
305,4,-3.8678075497955433e-07,-0.02647724747657776
305,5,-1.2700263596343575e-07,-0.28678715229034424
305,6,-2.3322301956341107e-07,-0.05225061997771263
305,7,5.311019179998766e-08,0.25022798776626587
306,0,1.408574661354578e-07,-0.2797268331050873
306,1,1.3416096180662862e-06,1.0904902219772339
306,2,43.0,32.34060287475586
306,3,-3.024971704235213e-07,7.622120380401611
306,4,-3.8678075497955433e-07,-0.5913170576095581
306,5,-1.2700263596343575e-07,0.005274645518511534
306,6,-2.3322301956341107e-07,0.1374495029449463
306,7,5.311019179998766e-08,-0.030843203887343407
307,0,1.408574661354578e-07,-0.07768044620752335
307,1,-8.890184233223408e-08,0.067467600107193
307,2,3.3020685918927484e-07,0.37392744421958923
307,3,61.0,54.39469528198242
307,4,-3.8678075497955433e-07,5.080600261688232
307,5,-1.2700263596343575e-07,0.3987020254135132
307,6,-2.3322301956341107e-07,-0.29140162467956543
307,7,5.311019179998766e-08,-0.36157697439193726
308,0,1.408574661354578e-07,-0.08723244816064835
308,1,-8.890184233223408e-08,0.008567721582949162
308,2,-1.4663031322470488e-07,0.17262205481529236
308,3,-1.7330086166111869e-06,2.9824750423431396
308,4,76.0,55.753780364990234
308,5,30.999998092651367,6.7214436531066895
308,6,-2.3322301956341107e-07,0.07567239552736282
308,7,5.311019179998766e-08,-0.4403647780418396
309,0,1.408574661354578e-07,0.08454813808202744
309,1,-8.890184233223408e-08,-0.1859966218471527
309,2,-1.4663031322470488e-07,-0.05320754274725914
309,3,-3.024971704235213e-07,0.19463509321212769
309,4,1.997404979192652e-06,16.272523880004883
309,5,-1.0806769523696858e-06,-11.831023216247559
309,6,60.999996185302734,16.830236434936523
309,7,5.311019179998766e-08,9.837928771972656
310,0,1.408574661354578e-07,-0.19856534898281097
310,1,-8.890184233223408e-08,-0.2088519036769867
310,2,-1.4663031322470488e-07,-0.026410726830363274
310,3,-3.024971704235213e-07,-0.30239516496658325
310,4,-3.8678075497955433e-07,0.3104434907436371
310,5,-1.2700263596343575e-07,0.823388934135437
310,6,2.6277998586010654e-06,2.7826595306396484
310,7,62.000003814697266,53.52787780761719
311,0,93.99999237060547,63.5494270324707
311,1,-8.890184233223408e-08,3.3339617252349854
311,2,-1.4663031322470488e-07,0.19734463095664978
311,3,-3.024971704235213e-07,-0.20855742692947388
311,4,-3.8678075497955433e-07,-0.30172863602638245
311,5,-1.2700263596343575e-07,0.01638304442167282
311,6,-2.3322301956341107e-07,0.042855504900217056
311,7,-2.3310756205319194e-06,0.04082875698804855
312,0,3.955554802814731e-06,0.35080257058143616
312,1,33.0,33.978206634521484
312,2,-1.4663031322470488e-07,3.5458908081054688
312,3,-3.024971704235213e-07,-0.4989359974861145
312,4,-3.8678075497955433e-07,-0.6122578382492065
312,5,-1.2700263596343575e-07,-0.18960775434970856
312,6,-2.3322301956341107e-07,-0.1840684413909912
312,7,5.311019179998766e-08,0.43294912576675415
313,0,1.408574661354578e-07,-0.010873653925955296
313,1,-8.890184233223408e-08,0.020159631967544556
313,2,41.0,35.780059814453125
313,3,-3.024971704235213e-07,7.080806255340576
313,4,-3.8678075497955433e-07,-0.6860436201095581
313,5,-1.2700263596343575e-07,-0.12203515321016312
313,6,-2.3322301956341107e-07,0.1433274745941162
313,7,5.311019179998766e-08,0.04693179577589035
314,0,1.408574661354578e-07,0.019352100789546967
314,1,-8.890184233223408e-08,0.039684683084487915
314,2,3.3020685918927484e-07,0.16216310858726501
314,3,64.0,53.73415756225586
314,4,-3.8678075497955433e-07,5.077821731567383
314,5,-1.2700263596343575e-07,0.4080580472946167
314,6,-2.3322301956341107e-07,-0.24942374229431152
314,7,5.311019179998766e-08,0.14813047647476196
315,0,1.408574661354578e-07,-0.34772762656211853
315,1,-8.890184233223408e-08,0.08323517441749573
315,2,-1.4663031322470488e-07,0.1400502622127533
315,3,-1.7330086166111869e-06,3.0065600872039795
315,4,82.00000762939453,56.31425857543945
315,5,-1.2700263596343575e-07,6.733741283416748
315,6,-2.3322301956341107e-07,0.05460954084992409
315,7,5.311019179998766e-08,-0.23767083883285522
316,0,1.408574661354578e-07,0.12319483608007431
316,1,-8.890184233223408e-08,-0.18598422408103943
316,2,-1.4663031322470488e-07,-0.08819928765296936
316,3,-3.024971704235213e-07,0.14658278226852417
316,4,-2.294129444635473e-06,0.8571726083755493
316,5,45.0,58.05800247192383
316,6,78.0,6.8499298095703125
316,7,5.311019179998766e-08,0.7780662178993225
317,0,1.408574661354578e-07,-0.06331811100244522
317,1,-8.890184233223408e-08,-0.1919289529323578
317,2,-1.4663031322470488e-07,-0.025536207482218742
317,3,-3.024971704235213e-07,-0.051459137350320816
317,4,-3.8678075497955433e-07,0.5337573289871216
317,5,-1.0806769523696858e-06,-5.117356300354004
317,6,-7.100601919773908e-07,21.948200225830078
317,7,54.0,54.88566589355469
318,0,1.408574661354578e-07,57.70668029785156
318,1,-8.890184233223408e-08,3.2416505813598633
318,2,-1.4663031322470488e-07,0.21308550238609314
318,3,-3.024971704235213e-07,-0.054564300924539566
318,4,56.999996185302734,0.006915182340890169
318,5,-1.2700263596343575e-07,-0.2046433836221695
318,6,-2.3322301956341107e-07,-0.0509798489511013
318,7,2.4372959614993306e-06,-0.564816415309906
319,0,1.408574661354578e-07,-4.777616500854492
319,1,-8.890184233223408e-08,-0.1117306649684906
319,2,-1.4663031322470488e-07,4.993138313293457
319,3,-3.024971704235213e-07,33.29270935058594
319,4,-2.294129444635473e-06,31.453981399536133
319,5,56.000003814697266,14.37861442565918
319,6,-2.3322301956341107e-07,7.511128902435303
319,7,5.311019179998766e-08,-0.24559539556503296
320,0,1.408574661354578e-07,-1.5389326810836792
320,1,-8.890184233223408e-08,0.10777941346168518
320,2,-1.4663031322470488e-07,-0.0171829741448164
320,3,-3.024971704235213e-07,13.83378791809082
320,4,-3.8678075497955433e-07,-1.863336443901062
320,5,-1.0806769523696858e-06,7.887685298919678
320,6,30.999998092651367,39.337562561035156
320,7,61.0,-0.18301337957382202
321,0,77.0,55.393436431884766
321,1,-8.890184233223408e-08,3.4228150844573975
321,2,-1.4663031322470488e-07,-0.06309905648231506
321,3,-3.024971704235213e-07,-1.2026609182357788
321,4,-3.8678075497955433e-07,-0.07645311951637268
321,5,-1.2700263596343575e-07,-0.06697238236665726
321,6,7.204512826319842e-07,0.4270036220550537
321,7,2.4372959614993306e-06,0.6477261185646057
322,0,3.955554802814731e-06,-0.8476494550704956
322,1,30.0,31.367406845092773
322,2,-1.4663031322470488e-07,3.4887704849243164
322,3,-3.024971704235213e-07,-0.2803881764411926
322,4,-3.8678075497955433e-07,0.07066020369529724
322,5,-1.2700263596343575e-07,-0.04098571091890335
322,6,-2.3322301956341107e-07,0.08272338658571243
322,7,5.311019179998766e-08,0.3332434296607971
323,0,1.408574661354578e-07,-0.3108404576778412
323,1,-8.890184233223408e-08,1.0085777044296265
323,2,33.0,34.39514923095703
323,3,-3.024971704235213e-07,6.918487548828125
323,4,-3.8678075497955433e-07,0.07376536726951599
323,5,-1.2700263596343575e-07,-0.07731974869966507
323,6,-2.3322301956341107e-07,0.18879485130310059
323,7,5.311019179998766e-08,-0.03534311801195145
324,0,1.408574661354578e-07,0.07782473415136337
324,1,-8.890184233223408e-08,-0.11298713088035583
324,2,3.3020685918927484e-07,0.5184000730514526
324,3,75.0,49.34385681152344
324,4,-3.8678075497955433e-07,3.4343905448913574
324,5,-1.2700263596343575e-07,-0.06542361527681351
324,6,-2.3322301956341107e-07,0.05146384611725807
324,7,5.311019179998766e-08,0.06904702633619308
325,0,1.408574661354578e-07,-0.10706887394189835
325,1,-8.890184233223408e-08,0.13259974122047424
325,2,-1.4663031322470488e-07,0.197927325963974
325,3,-1.7330086166111869e-06,1.4273725748062134
325,4,62.0,58.956275939941406
325,5,-1.2700263596343575e-07,6.873580455780029
325,6,-2.3322301956341107e-07,0.06577087193727493
325,7,5.311019179998766e-08,-0.3987426161766052
326,0,1.408574661354578e-07,0.113320492208004
326,1,-8.890184233223408e-08,-0.21559152007102966
326,2,-1.4663031322470488e-07,-0.008947041817009449
326,3,-3.024971704235213e-07,0.015385325066745281
326,4,1.997404979192652e-06,1.1793800592422485
326,5,68.0,52.5596809387207
326,6,-2.3322301956341107e-07,6.176471710205078
326,7,5.311019179998766e-08,0.8130970597267151
327,0,1.408574661354578e-07,-0.17826543748378754
327,1,-8.890184233223408e-08,-0.127020925283432
327,2,-1.4663031322470488e-07,0.019378038123250008
327,3,-3.024971704235213e-07,-0.06747514754533768
327,4,-3.8678075497955433e-07,-0.03952684998512268
327,5,-1.0806769523696858e-06,1.669059157371521
327,6,27.999998092651367,40.189857482910156
327,7,62.000003814697266,9.799821853637695
328,0,77.0,63.45050048828125
328,1,-8.890184233223408e-08,3.349459409713745
328,2,-1.4663031322470488e-07,0.26254066824913025
328,3,-3.024971704235213e-07,-0.10537225753068924
328,4,-3.8678075497955433e-07,-0.18023911118507385
328,5,-1.2700263596343575e-07,0.28346478939056396
328,6,-7.100601919773908e-07,0.568892240524292
328,7,-2.3310756205319194e-06,1.5981779098510742
329,0,3.955554802814731e-06,-0.8316859006881714
329,1,22.0,31.45327377319336
329,2,-1.4663031322470488e-07,3.4955198764801025
329,3,-3.024971704235213e-07,-0.1776912808418274
329,4,-3.8678075497955433e-07,-0.10003319382667542
329,5,-1.2700263596343575e-07,-0.03680003434419632
329,6,-2.3322301956341107e-07,-0.06581186503171921
329,7,5.311019179998766e-08,0.35055118799209595
330,0,1.408574661354578e-07,-0.4337175786495209
330,1,-8.890184233223408e-08,0.6381406188011169
330,2,44.999996185302734,32.789405822753906
330,3,-3.024971704235213e-07,7.829179763793945
330,4,-3.8678075497955433e-07,0.14547452330589294
330,5,-1.2700263596343575e-07,-0.03036225587129593
330,6,-2.3322301956341107e-07,0.21617531776428223
330,7,5.311019179998766e-08,-0.05916685611009598
331,0,1.408574661354578e-07,-0.09490285068750381
331,1,-8.890184233223408e-08,0.1521381437778473
331,2,3.3020685918927484e-07,0.35412296652793884
331,3,89.00000762939453,55.358909606933594
331,4,-3.8678075497955433e-07,3.112387180328369
331,5,-1.2700263596343575e-07,-0.0730677917599678
331,6,-2.3322301956341107e-07,0.02522445283830166
331,7,5.311019179998766e-08,0.05856852978467941
332,0,1.408574661354578e-07,-0.04991517215967178
332,1,-8.890184233223408e-08,0.6759812235832214
332,2,-1.4663031322470488e-07,0.5536426305770874
332,3,2.5585256935301004e-06,0.9357602000236511
332,4,52.999996185302734,67.97920227050781
332,5,-1.2700263596343575e-07,7.000849723815918
332,6,-2.3322301956341107e-07,0.06577087193727493
332,7,5.311019179998766e-08,-0.40440839529037476
333,0,1.408574661354578e-07,0.0696507915854454
333,1,-8.890184233223408e-08,-0.22361573576927185
333,2,-1.4663031322470488e-07,0.0038999044336378574
333,3,-3.024971704235213e-07,0.03222578391432762
333,4,1.997404979192652e-06,1.8482004404067993
333,5,51.0,52.57029342651367
333,6,-2.3322301956341107e-07,5.80467414855957
333,7,5.311019179998766e-08,0.9082313179969788
334,0,1.408574661354578e-07,-0.34220966696739197
334,1,-8.890184233223408e-08,-0.23049601912498474
334,2,-1.4663031322470488e-07,-0.09333911538124084
334,3,-3.024971704235213e-07,-0.029248539358377457
334,4,-3.8678075497955433e-07,0.1489907205104828
334,5,3.210857585145277e-06,2.7449753284454346
334,6,56.0,41.079307556152344
334,7,5.311019179998766e-08,10.018502235412598
335,0,1.408574661354578e-07,0.5298892259597778
335,1,-8.890184233223408e-08,-0.04025706648826599
335,2,-1.4663031322470488e-07,0.19793638586997986
335,3,-3.024971704235213e-07,-0.2876814007759094
335,4,-3.8678075497955433e-07,0.010861010290682316
335,5,-1.2700263596343575e-07,0.27666175365448
335,6,-7.100601919773908e-07,1.079566240310669
335,7,57.999996185302734,54.651695251464844
336,0,66.0,60.488868713378906
336,1,-8.890184233223408e-08,3.5929646492004395
336,2,-1.4663031322470488e-07,0.010259482078254223
336,3,-3.024971704235213e-07,-0.3097756505012512
336,4,-3.8678075497955433e-07,-0.05600205063819885
336,5,-1.2700263596343575e-07,0.03830563277006149
336,6,-2.3322301956341107e-07,0.059464696794748306
336,7,-2.3310756205319194e-06,-0.22777360677719116
337,0,-1.7664912093096063e-06,0.4766818583011627
337,1,24.0,30.256746292114258
337,2,-1.4663031322470488e-07,4.311882495880127
337,3,-3.024971704235213e-07,0.11228387802839279
337,4,-3.8678075497955433e-07,-0.04891720414161682
337,5,-1.2700263596343575e-07,-0.184092178940773
337,6,-2.3322301956341107e-07,-0.15218663215637207
337,7,5.311019179998766e-08,0.27865272760391235
338,0,1.408574661354578e-07,-0.22762475907802582
338,1,-1.0425761729493388e-06,1.0682553052902222
338,2,32.0,32.325157165527344
338,3,-3.024971704235213e-07,7.731766700744629
338,4,-3.8678075497955433e-07,-0.6600559949874878
338,5,-1.2700263596343575e-07,-0.023202545940876007
338,6,-2.3322301956341107e-07,0.2535245418548584
338,7,5.311019179998766e-08,-0.0703849270939827
339,0,1.408574661354578e-07,-0.08010754734277725
339,1,-8.890184233223408e-08,-0.004876225721091032
339,2,3.3020685918927484e-07,0.6730831861495972
339,3,58.0,48.363765716552734
339,4,-3.8678075497955433e-07,5.276777744293213
339,5,-1.2700263596343575e-07,0.4118093252182007
339,6,-2.3322301956341107e-07,-0.22800946235656738
339,7,5.311019179998766e-08,0.03550343960523605
340,0,1.408574661354578e-07,-0.26895222067832947
340,1,-8.890184233223408e-08,0.04032984375953674
340,2,-1.4663031322470488e-07,0.16382631659507751
340,3,2.5585256935301004e-06,2.1325700283050537
340,4,40.0,51.30937957763672
340,5,-1.2700263596343575e-07,6.706575393676758
340,6,-2.3322301956341107e-07,0.07341504842042923
340,7,5.311019179998766e-08,-0.4615430235862732
341,0,1.408574661354578e-07,0.059340618550777435
341,1,-8.890184233223408e-08,-0.19746693968772888
341,2,-1.4663031322470488e-07,-0.05847468599677086
341,3,-3.024971704235213e-07,0.029323752969503403
341,4,-3.8678075497955433e-07,0.9827009439468384
341,5,61.0,45.20125198364258
341,6,-2.3322301956341107e-07,6.383964538574219
341,7,5.311019179998766e-08,0.8901057839393616
342,0,1.408574661354578e-07,-0.1556595414876938
342,1,-8.890184233223408e-08,-0.11138638854026794
342,2,-1.4663031322470488e-07,-0.09606233239173889
342,3,-3.024971704235213e-07,-0.12665587663650513
342,4,-3.8678075497955433e-07,0.43884190917015076
342,5,-1.0806769523696858e-06,1.1049131155014038
342,6,52.999996185302734,37.33293914794922
342,7,5.311019179998766e-08,9.850903511047363
343,0,1.408574661354578e-07,0.5144902467727661
343,1,-8.890184233223408e-08,-2.0592899090843275e-05
343,2,-1.4663031322470488e-07,0.1533416211605072
343,3,-3.024971704235213e-07,-0.16125375032424927
343,4,-3.8678075497955433e-07,-0.07280340790748596
343,5,-1.2700263596343575e-07,-0.25170958042144775
343,6,-7.100601919773908e-07,0.9890830516815186
343,7,65.0,55.182071685791016
344,0,78.0,65.0560531616211
344,1,-8.890184233223408e-08,3.707918882369995
344,2,-1.4663031322470488e-07,0.15921911597251892
344,3,-3.024971704235213e-07,-0.08344108611345291
344,4,-3.8678075497955433e-07,-0.13617506623268127
344,5,-1.2700263596343575e-07,0.05148684233427048
344,6,-2.3322301956341107e-07,-0.07741092890501022
344,7,-2.3310756205319194e-06,-0.4126529097557068
345,0,-1.7664912093096063e-06,-0.7731894254684448
345,1,24.999998092651367,31.721071243286133
345,2,-1.4663031322470488e-07,4.166543483734131
345,3,-3.024971704235213e-07,0.07401102036237717
345,4,-3.8678075497955433e-07,-0.05089321732521057
345,5,-1.2700263596343575e-07,-0.25782930850982666
345,6,-2.3322301956341107e-07,-0.07596134394407272
345,7,5.311019179998766e-08,0.380439817905426
346,0,1.408574661354578e-07,-0.4544285237789154
346,1,1.3416096180662862e-06,0.751485288143158
346,2,42.0,33.55419158935547
346,3,-3.024971704235213e-07,7.622120380401611
346,4,-3.8678075497955433e-07,-0.6197079420089722
346,5,-1.2700263596343575e-07,-0.0006023723399266601
346,6,-2.3322301956341107e-07,0.20615744590759277
346,7,5.311019179998766e-08,-0.008889622054994106
347,0,1.408574661354578e-07,-0.045929767191410065
347,1,-8.890184233223408e-08,0.08815231919288635
347,2,3.3020685918927484e-07,0.3470834195613861
347,3,75.0,53.56720733642578
347,4,-3.8678075497955433e-07,5.078327655792236
347,5,-1.2700263596343575e-07,0.40525519847869873
347,6,-2.3322301956341107e-07,-0.26380372047424316
347,7,5.311019179998766e-08,0.05117850750684738
348,0,1.408574661354578e-07,-0.16310392320156097
348,1,-8.890184233223408e-08,-0.050935834646224976
348,2,-1.4663031322470488e-07,0.2657659947872162
348,3,-1.7330086166111869e-06,1.874606728553772
348,4,86.00000762939453,61.36709976196289
348,5,-1.2700263596343575e-07,6.873580455780029
348,6,-2.3322301956341107e-07,0.0650646761059761
348,7,5.311019179998766e-08,-0.3924397826194763
349,0,1.408574661354578e-07,0.07946696132421494
349,1,-8.890184233223408e-08,-0.19132670760154724
349,2,-1.4663031322470488e-07,-0.07029357552528381
349,3,-3.024971704235213e-07,0.27726858854293823
349,4,-7.062501026666723e-06,0.7368336915969849
349,5,103.0,61.78297424316406
349,6,-2.3322301956341107e-07,7.12531852722168
349,7,5.311019179998766e-08,0.8790212273597717
350,0,1.408574661354578e-07,-0.3305576741695404
350,1,-8.890184233223408e-08,-0.20548924803733826
350,2,-1.4663031322470488e-07,-0.0294357817620039
350,3,-3.024971704235213e-07,-0.22615987062454224
350,4,-3.8678075497955433e-07,0.46137818694114685
350,5,3.210857585145277e-06,-3.528198480606079
350,6,59.999996185302734,41.06013488769531
350,7,5.311019179998766e-08,16.941425323486328
351,0,1.408574661354578e-07,0.5499221086502075
351,1,-8.890184233223408e-08,-0.026242345571517944
351,2,-1.4663031322470488e-07,0.29672035574913025
351,3,-3.024971704235213e-07,0.06406181305646896
351,4,-3.8678075497955433e-07,0.3334685266017914
351,5,-1.2700263596343575e-07,0.037613265216350555
351,6,2.6277998586010654e-06,-0.13854050636291504
351,7,54.999996185302734,56.94536590576172
352,0,105.0,58.355464935302734
352,1,-8.890184233223408e-08,3.538658380508423
352,2,-1.4663031322470488e-07,-0.21220126748085022
352,3,-3.024971704235213e-07,0.09831397980451584
352,4,-3.8678075497955433e-07,-0.03841868042945862
352,5,-1.2700263596343575e-07,0.20418106019496918
352,6,-2.3322301956341107e-07,0.03444266691803932
352,7,2.4372959614993306e-06,-0.9452447295188904
353,0,3.955554802814731e-06,2.174143075942993
353,1,35.0,35.122520446777344
353,2,-1.4663031322470488e-07,4.558977127075195
353,3,-3.024971704235213e-07,0.06453721970319748
353,4,-3.8678075497955433e-07,0.3519655168056488
353,5,-1.2700263596343575e-07,-0.09795296937227249
353,6,-2.3322301956341107e-07,-0.12268184870481491
353,7,5.311019179998766e-08,0.31763988733291626
354,0,1.408574661354578e-07,0.38459888100624084
354,1,-8.890184233223408e-08,-0.5825486779212952
354,2,49.0,36.575523376464844
354,3,-3.024971704235213e-07,7.00496244430542
354,4,-3.8678075497955433e-07,-0.6821221113204956
354,5,-1.2700263596343575e-07,-0.09401906281709671
354,6,-2.3322301956341107e-07,0.17587828636169434
354,7,5.311019179998766e-08,0.06606154888868332
355,0,1.408574661354578e-07,-0.08289990574121475
355,1,-8.890184233223408e-08,0.2080473005771637
355,2,3.3020685918927484e-07,-1.0365077257156372
355,3,91.00000762939453,61.19623565673828
355,4,-3.8678075497955433e-07,5.122374057769775
355,5,-1.2700263596343575e-07,0.4146231412887573
355,6,-2.3322301956341107e-07,-0.21353936195373535
355,7,5.311019179998766e-08,0.33663612604141235
356,0,1.408574661354578e-07,-0.5677202939987183
356,1,-8.890184233223408e-08,1.9498366117477417
356,2,-1.4663031322470488e-07,0.634724497795105
356,3,-6.501380084955599e-06,1.8325334787368774
356,4,85.00000762939453,69.49718475341797
356,5,-1.2700263596343575e-07,7.014595031738281
356,6,-2.3322301956341107e-07,0.0476229228079319
356,7,5.311019179998766e-08,-0.10349411517381668
357,0,1.408574661354578e-07,0.12295069545507431
357,1,-8.890184233223408e-08,-0.123511403799057
357,2,-1.4663031322470488e-07,-0.03945651277899742
357,3,-3.024971704235213e-07,0.29844921827316284
357,4,1.997404979192652e-06,0.5075575113296509
357,5,82.0,63.09287643432617
357,6,-2.3322301956341107e-07,7.064085483551025
357,7,5.311019179998766e-08,0.7655478119850159
358,0,1.408574661354578e-07,-0.35690197348594666
358,1,-8.890184233223408e-08,-0.27062949538230896
358,2,-1.4663031322470488e-07,-0.11239972710609436
358,3,-3.024971704235213e-07,0.5330225825309753
358,4,-3.8678075497955433e-07,0.0692192018032074
358,5,3.210857585145277e-06,3.139455556869507
358,6,35.0,40.25518798828125
358,7,5.311019179998766e-08,11.552399635314941
359,0,1.408574661354578e-07,0.42439189553260803
359,1,-8.890184233223408e-08,-0.04143771529197693
359,2,-1.4663031322470488e-07,0.2972439229488373
359,3,-3.024971704235213e-07,0.0830642506480217
359,4,-3.8678075497955433e-07,-0.310784250497818
359,5,-1.2700263596343575e-07,0.1337946504354477
359,6,-7.100601919773908e-07,0.7403132915496826
359,7,57.999996185302734,54.91722106933594
360,0,80.0,60.28181838989258
360,1,-8.890184233223408e-08,3.5929646492004395
360,2,-1.4663031322470488e-07,-0.2107950747013092
360,3,-3.024971704235213e-07,0.06605880707502365
360,4,-3.8678075497955433e-07,-0.23962822556495667
360,5,-1.2700263596343575e-07,0.0205758735537529
360,6,-2.3322301956341107e-07,-0.09996866434812546
360,7,-2.3310756205319194e-06,-0.7051238417625427
361,0,-1.7664912093096063e-06,-1.0922192335128784
361,1,34.0,31.168106079101562
361,2,-1.4663031322470488e-07,4.162348747253418
361,3,-3.024971704235213e-07,0.03234785422682762
361,4,-3.8678075497955433e-07,0.3377457559108734
361,5,-1.2700263596343575e-07,-0.1285487562417984
361,6,-2.3322301956341107e-07,0.19554829597473145
361,7,5.311019179998766e-08,0.36244064569473267
362,0,1.408574661354578e-07,-0.08217797428369522
362,1,-8.890184233223408e-08,0.6493276953697205
362,2,39.0,35.2296142578125
362,3,-3.024971704235213e-07,7.042883396148682
362,4,-3.8678075497955433e-07,-0.4466046392917633
362,5,-1.2700263596343575e-07,-0.016195423901081085
362,6,-2.3322301956341107e-07,0.05712151899933815
362,7,5.311019179998766e-08,-0.01295370515435934
363,0,1.408574661354578e-07,0.08122649043798447
363,1,-8.890184233223408e-08,-0.06053170561790466
363,2,3.3020685918927484e-07,0.33880314230918884
363,3,47.999996185302734,52.00871276855469
363,4,-3.8678075497955433e-07,5.073159694671631
363,5,-1.2700263596343575e-07,0.4118093252182007
363,6,-2.3322301956341107e-07,-0.229142427444458
363,7,5.311019179998766e-08,0.06274514645338058
364,0,1.408574661354578e-07,-0.1789616197347641
364,1,-8.890184233223408e-08,0.009916217066347599
364,2,-1.4663031322470488e-07,0.09968885779380798
364,3,2.5585256935301004e-06,2.3736441135406494
364,4,56.999996185302734,50.71014404296875
364,5,-1.2700263596343575e-07,6.567598342895508
364,6,-2.3322301956341107e-07,0.06369567662477493
364,7,5.311019179998766e-08,-0.3642701506614685
365,0,1.408574661354578e-07,0.11873450130224228
365,1,-8.890184233223408e-08,-0.1960793435573578
365,2,-1.4663031322470488e-07,-0.09081187844276428
365,3,-3.024971704235213e-07,0.009851629845798016
365,4,-2.294129444635473e-06,1.7436314821243286
365,5,59.999996185302734,47.363075256347656
365,6,-2.3322301956341107e-07,5.963009834289551
365,7,5.311019179998766e-08,0.7718029618263245
366,0,1.408574661354578e-07,-0.31716522574424744
366,1,-8.890184233223408e-08,-0.17457446455955505
366,2,-1.4663031322470488e-07,-0.04365554079413414
366,3,-3.024971704235213e-07,-0.1303918957710266
366,4,-3.8678075497955433e-07,0.10764655470848083
366,5,3.210857585145277e-06,0.8864802122116089
366,6,44.0,40.68431854248047
366,7,81.00000762939453,9.854352951049805
367,0,82.0,73.27601623535156
367,1,-8.890184233223408e-08,3.4491024017333984
367,2,-1.4663031322470488e-07,0.15275272727012634
367,3,-3.024971704235213e-07,-0.21404153108596802
367,4,-3.8678075497955433e-07,0.016446202993392944
367,5,-1.2700263596343575e-07,-0.011719830334186554
367,6,-7.100601919773908e-07,0.9817049503326416
367,7,-2.3310756205319194e-06,8.19583797454834
368,0,-1.7664912093096063e-06,-1.0655239820480347
368,1,23.0,33.080257415771484
368,2,-1.4663031322470488e-07,3.4548728466033936
368,3,-3.024971704235213e-07,-0.28367263078689575
368,4,-3.8678075497955433e-07,0.11435994505882263
368,5,-1.2700263596343575e-07,0.1410873979330063
368,6,-2.3322301956341107e-07,0.03896785154938698
368,7,5.311019179998766e-08,0.38301998376846313
369,0,1.408574661354578e-07,-0.4764774739742279
369,1,-8.890184233223408e-08,0.48297634720802307
369,2,49.999996185302734,33.31578826904297
369,3,-3.024971704235213e-07,7.467923641204834
369,4,-3.8678075497955433e-07,0.002616495592519641
369,5,-1.2700263596343575e-07,-0.2501312494277954
369,6,-2.3322301956341107e-07,0.2563331127166748
369,7,5.311019179998766e-08,0.18299776315689087
370,0,1.408574661354578e-07,-0.05828366428613663
370,1,-8.890184233223408e-08,0.2173270285129547
370,2,3.1912297799863154e-06,-0.09809985756874084
370,3,45.999996185302734,59.852413177490234
370,4,-3.8678075497955433e-07,3.227316379547119
370,5,-1.2700263596343575e-07,-0.003911145497113466
370,6,-2.3322301956341107e-07,0.10107255727052689
370,7,5.311019179998766e-08,-0.430686891078949
371,0,1.408574661354578e-07,-0.0842798724770546
371,1,-8.890184233223408e-08,0.012219340540468693
371,2,-1.4663031322470488e-07,0.3220585286617279
371,3,2.5585256935301004e-06,2.238347291946411
371,4,65.0,53.4263916015625
371,5,-1.2700263596343575e-07,6.487620830535889
371,6,-2.3322301956341107e-07,0.0623328723013401
371,7,5.311019179998766e-08,-0.3583783507347107
372,0,1.408574661354578e-07,0.08140196651220322
372,1,-8.890184233223408e-08,-0.17917928099632263
372,2,-1.4663031322470488e-07,-0.00606217747554183
372,3,-3.024971704235213e-07,0.024271663278341293
372,4,1.997404979192652e-06,1.7522526979446411
372,5,61.0,48.197479248046875
372,6,-2.3322301956341107e-07,6.312671661376953
372,7,5.311019179998766e-08,0.8989601731300354
373,0,1.408574661354578e-07,-0.3606947362422943
373,1,-8.890184233223408e-08,-0.2531906068325043
373,2,-1.4663031322470488e-07,0.056563232094049454
373,3,-3.024971704235213e-07,-0.18093234300613403
373,4,-3.8678075497955433e-07,0.018150895833969116
373,5,-1.0806769523696858e-06,0.46977698802948
373,6,34.0,41.55796813964844
373,7,5.311019179998766e-08,9.850903511047363
374,0,1.408574661354578e-07,0.4242059290409088
374,1,-8.890184233223408e-08,0.01569691300392151
374,2,-1.4663031322470488e-07,0.146596759557724
374,3,-3.024971704235213e-07,-0.1956670880317688
374,4,-3.8678075497955433e-07,-0.27334633469581604
374,5,-1.2700263596343575e-07,0.06563889235258102
374,6,-7.100601919773908e-07,2.1610214710235596
374,7,61.0,54.17979431152344
375,0,78.0,62.44490051269531
375,1,-8.890184233223408e-08,3.6662778854370117
375,2,-1.4663031322470488e-07,-0.11240449547767639
375,3,-3.024971704235213e-07,-0.13603812456130981
375,4,-3.8678075497955433e-07,0.02033194899559021
375,5,-1.2700263596343575e-07,-0.013316281139850616
375,6,-2.3322301956341107e-07,-0.12476133555173874
375,7,2.4372959614993306e-06,-0.6420134902000427
376,0,-1.7664912093096063e-06,-0.8937681913375854
376,1,49.999996185302734,31.37862205505371
376,2,-1.4663031322470488e-07,4.166543483734131
376,3,-3.024971704235213e-07,0.07401102036237717
376,4,-3.8678075497955433e-07,0.07616433501243591
376,5,-1.2700263596343575e-07,-0.07540953904390335
376,6,-2.3322301956341107e-07,0.16748452186584473
376,7,5.311019179998766e-08,0.3266487717628479
377,0,1.408574661354578e-07,-0.04313359409570694
377,1,2.772121206362499e-06,0.09473791718482971
377,2,51.0,37.823143005371094
377,3,-3.024971704235213e-07,6.629417419433594
377,4,-3.8678075497955433e-07,-0.4439209997653961
377,5,-1.2700263596343575e-07,-0.019168980419635773
377,6,-2.3322301956341107e-07,0.0446174181997776
377,7,5.311019179998766e-08,-0.09003109484910965
378,0,1.408574661354578e-07,0.08063521236181259
378,1,-8.890184233223408e-08,0.04359140992164612
378,2,-2.5308161184511846e-06,-1.3256126642227173
378,3,54.999996185302734,65.12454223632812
378,4,-3.8678075497955433e-07,5.135683536529541
378,5,-1.2700263596343575e-07,0.40899550914764404
378,6,-2.3322301956341107e-07,-0.24494433403015137
378,7,5.311019179998766e-08,0.06012444943189621
379,0,1.408574661354578e-07,-0.28370460867881775
379,1,-8.890184233223408e-08,-0.023842424154281616
379,2,-1.4663031322470488e-07,0.3512204587459564
379,3,2.5585256935301004e-06,2.162670850753784
379,4,84.00000762939453,56.459171295166016
379,5,-1.2700263596343575e-07,6.700939655303955
379,6,-2.3322301956341107e-07,0.0650646761059761
379,7,5.311019179998766e-08,-0.3172997832298279
380,0,1.408574661354578e-07,0.44929900765419006
380,1,-8.890184233223408e-08,-0.0809679925441742
380,2,-1.4663031322470488e-07,-0.08717122673988342
380,3,-3.024971704235213e-07,0.20339077711105347
380,4,1.997404979192652e-06,0.7103039026260376
380,5,96.0,57.72347640991211
380,6,-2.3322301956341107e-07,6.994104862213135
380,7,5.311019179998766e-08,0.8151693940162659
381,0,1.408574661354578e-07,-0.36448654532432556
381,1,-8.890184233223408e-08,-0.2649174630641937
381,2,-1.4663031322470488e-07,0.04728350415825844
381,3,-3.024971704235213e-07,1.1370755434036255
381,4,-3.8678075497955433e-07,0.19636783003807068
381,5,-5.8490486480877735e-06,-1.5952893495559692
381,6,46.0,39.959716796875
381,7,5.311019179998766e-08,14.815505981445312
382,0,1.408574661354578e-07,0.47902026772499084
382,1,-8.890184233223408e-08,0.003851324785500765
382,2,-1.4663031322470488e-07,0.1657465398311615
382,3,-3.024971704235213e-07,-0.025814834982156754
382,4,-3.8678075497955433e-07,0.14881238341331482
382,5,-1.2700263596343575e-07,-0.07339061051607132
382,6,-7.100601919773908e-07,-0.02689766325056553
382,7,73.00000762939453,56.1224365234375
383,0,108.0,68.89732360839844
383,1,-8.890184233223408e-08,3.763777017593384
383,2,-1.4663031322470488e-07,-0.2093888819217682
383,3,-3.024971704235213e-07,0.0935785099864006
383,4,-3.8678075497955433e-07,-0.1160830557346344
383,5,-1.2700263596343575e-07,0.08904539793729782
383,6,-2.3322301956341107e-07,-0.02673744596540928
383,7,2.4372959614993306e-06,-1.2943992614746094
384,0,3.955554802814731e-06,1.976248860359192
384,1,24.999998092651367,37.354190826416016
384,2,-1.4663031322470488e-07,5.010122299194336
384,3,-3.024971704235213e-07,0.031138118356466293
384,4,-3.8678075497955433e-07,0.3451600968837738
384,5,-1.2700263596343575e-07,-0.20475544035434723
384,6,-2.3322301956341107e-07,0.07040620595216751
384,7,5.311019179998766e-08,0.49033790826797485
385,0,1.408574661354578e-07,0.012802264653146267
385,1,1.3416096180662862e-06,0.2315157949924469
385,2,59.0,33.861209869384766
385,3,-3.024971704235213e-07,7.622120380401611
385,4,-3.8678075497955433e-07,-0.5271490812301636
385,5,-1.2700263596343575e-07,0.023252837359905243
385,6,-2.3322301956341107e-07,0.08959604054689407
385,7,5.311019179998766e-08,0.15583473443984985
386,0,1.408574661354578e-07,-0.08273110538721085
386,1,-8.890184233223408e-08,0.3729209005832672
386,2,3.3020685918927484e-07,-0.6395574808120728
386,3,52.0,66.1373291015625
386,4,-3.8678075497955433e-07,5.180802822113037
386,5,-1.2700263596343575e-07,0.3932231664657593
386,6,-2.3322301956341107e-07,-0.2998521327972412
386,7,5.311019179998766e-08,0.20688396692276
387,0,1.408574661354578e-07,0.046385906636714935
387,1,-8.890184233223408e-08,-0.005065530072897673
387,2,-1.4663031322470488e-07,0.4467843472957611
387,3,-1.7330086166111869e-06,2.337402105331421
387,4,88.00000762939453,57.996368408203125
387,5,-1.2700263596343575e-07,6.691256046295166
387,6,-2.3322301956341107e-07,0.04580521956086159
387,7,5.311019179998766e-08,-0.09474272280931473
388,0,1.408574661354578e-07,0.1016637310385704
388,1,-8.890184233223408e-08,-0.11957702040672302
388,2,-1.4663031322470488e-07,-0.012529519386589527
388,3,-3.024971704235213e-07,0.26173895597457886
388,4,1.997404979192652e-06,0.8000999689102173
388,5,107.0,59.53408432006836
388,6,-2.3322301956341107e-07,7.279330253601074
388,7,5.311019179998766e-08,0.8790212273597717
389,0,1.408574661354578e-07,-0.4029329717159271
389,1,-8.890184233223408e-08,-0.26606711745262146
389,2,-1.4663031322470488e-07,-0.0026961839757859707
389,3,-3.024971704235213e-07,1.018405556678772
389,4,-3.8678075497955433e-07,0.5235353708267212
389,5,3.210857585145277e-06,-4.240330696105957
389,6,40.0,41.36518096923828
389,7,5.311019179998766e-08,18.2352237701416
390,0,1.408574661354578e-07,0.443308025598526
390,1,-8.890184233223408e-08,0.007722288835793734
390,2,-1.4663031322470488e-07,0.1633661687374115
390,3,-3.024971704235213e-07,-0.014507596381008625
390,4,-3.8678075497955433e-07,0.0673881471157074
390,5,-1.2700263596343575e-07,0.40428292751312256
390,6,-7.100601919773908e-07,1.1352818012237549
390,7,73.00000762939453,54.83698654174805
391,0,128.0,68.76342010498047
391,1,-8.890184233223408e-08,3.763777017593384
391,2,-1.4663031322470488e-07,-0.21510758996009827
391,3,-3.024971704235213e-07,0.10548131912946701
391,4,-3.8678075497955433e-07,-0.1982511579990387
391,5,-1.2700263596343575e-07,0.0029362363275140524
391,6,-2.3322301956341107e-07,-0.09211801737546921
391,7,2.4372959614993306e-06,-0.6490554213523865
392,0,3.955554802814731e-06,3.10024094581604
392,1,34.0,43.26520919799805
392,2,-1.4663031322470488e-07,15.05450439453125
392,3,-3.024971704235213e-07,0.08183830231428146
392,4,-3.8678075497955433e-07,0.8029052019119263
392,5,-1.2700263596343575e-07,0.05498015135526657
392,6,-2.3322301956341107e-07,0.847496747970581
392,7,5.311019179998766e-08,0.6420498490333557
393,0,1.408574661354578e-07,0.2483588606119156
393,1,-8.890184233223408e-08,0.13884344696998596
393,2,61.0,36.558223724365234
393,3,-3.024971704235213e-07,7.042883396148682
393,4,-3.8678075497955433e-07,-0.4776858389377594
393,5,-1.2700263596343575e-07,0.016370169818401337
393,6,-2.3322301956341107e-07,0.03449893370270729
393,7,5.311019179998766e-08,0.16162115335464478
394,0,1.408574661354578e-07,0.09238161891698837
394,1,-8.890184233223408e-08,0.428556352853775
394,2,3.3020685918927484e-07,-0.9854117631912231
394,3,78.0,68.20525360107422
394,4,-3.8678075497955433e-07,5.188518047332764
394,5,-1.2700263596343575e-07,0.3932231664657593
394,6,-2.3322301956341107e-07,-0.300884485244751
394,7,5.311019179998766e-08,0.335182249546051
395,0,1.408574661354578e-07,-0.16280923783779144
395,1,-8.890184233223408e-08,1.051144003868103
395,2,-1.4663031322470488e-07,0.46281513571739197
395,3,2.5585256935301004e-06,4.067915439605713
395,4,83.0,67.1432113647461
395,5,-1.2700263596343575e-07,6.907954692840576
395,6,-2.3322301956341107e-07,0.038089994341135025
395,7,5.311019179998766e-08,0.043983034789562225
396,0,1.408574661354578e-07,0.10314001888036728
396,1,-8.890184233223408e-08,-0.06436023116111755
396,2,-1.4663031322470488e-07,0.021083207800984383
396,3,-3.024971704235213e-07,0.28780287504196167
396,4,1.997404979192652e-06,0.7076007127761841
396,5,84.0,60.59843444824219
396,6,-2.3322301956341107e-07,6.922017574310303
396,7,5.311019179998766e-08,0.7718029618263245
397,0,1.408574661354578e-07,-0.41128048300743103
397,1,-8.890184233223408e-08,-0.21633872389793396
397,2,-1.4663031322470488e-07,0.06697878241539001
397,3,-3.024971704235213e-07,2.1694304943084717
397,4,-3.8678075497955433e-07,0.25598248839378357
397,5,3.210857585145277e-06,3.2972071170806885
397,6,39.0,39.00840377807617
397,7,5.311019179998766e-08,11.897377967834473
398,0,1.408574661354578e-07,0.43893447518348694
398,1,-8.890184233223408e-08,-0.03000602126121521
398,2,-1.4663031322470488e-07,0.2984536588191986
398,3,-3.024971704235213e-07,0.032748397439718246
398,4,-3.8678075497955433e-07,-0.33120766282081604
398,5,-1.2700263596343575e-07,-0.07299388200044632
398,6,-7.100601919773908e-07,0.17857766151428223
398,7,70.0,55.18551254272461
399,0,66.0,67.28726959228516
399,1,-8.890184233223408e-08,3.7445404529571533
399,2,-1.4663031322470488e-07,-0.20798268914222717
399,3,-3.024971704235213e-07,0.0691634938120842
399,4,-3.8678075497955433e-07,-0.21525755524635315
399,5,-1.2700263596343575e-07,0.05574595183134079
399,6,-2.3322301956341107e-07,-0.06172918900847435
399,7,-2.3310756205319194e-06,-1.108271598815918
400,0,-1.7664912093096063e-06,0.9584704637527466
400,1,41.0,31.487777709960938
400,2,-1.4663031322470488e-07,4.311882495880127
400,3,-3.024971704235213e-07,0.02325790748000145
400,4,-3.8678075497955433e-07,0.29354819655418396
400,5,-1.2700263596343575e-07,-0.20814718306064606
400,6,-2.3322301956341107e-07,0.14726805686950684
400,7,5.311019179998766e-08,0.2789064049720764
401,0,1.408574661354578e-07,-0.12452778965234756
401,1,-8.890184233223408e-08,0.901101291179657
401,2,33.0,35.425025939941406
401,3,-3.024971704235213e-07,6.905553817749023
401,4,-3.8678075497955433e-07,-0.4692362844944
401,5,-1.2700263596343575e-07,0.013781420886516571
401,6,-2.3322301956341107e-07,0.0438234843313694
401,7,5.311019179998766e-08,0.05203109234571457
402,0,1.408574661354578e-07,0.15053094923496246
402,1,-8.890184233223408e-08,0.009008319117128849
402,2,3.3020685918927484e-07,0.43750080466270447
402,3,54.0,50.91402816772461
402,4,-3.8678075497955433e-07,5.243253231048584
402,5,-1.2700263596343575e-07,0.40079057216644287
402,6,-2.3322301956341107e-07,-0.286879301071167
402,7,5.311019179998766e-08,-0.23658984899520874
403,0,1.408574661354578e-07,-0.1909721940755844
403,1,-8.890184233223408e-08,-0.05035075545310974
403,2,-1.4663031322470488e-07,0.12114223837852478
403,3,-1.7330086166111869e-06,2.2432868480682373
403,4,72.0,50.71835708618164
403,5,-1.2700263596343575e-07,6.6977105140686035
403,6,-2.3322301956341107e-07,0.07341504842042923
403,7,5.311019179998766e-08,-0.43232816457748413
404,0,1.408574661354578e-07,0.2634183466434479
404,1,-8.890184233223408e-08,-0.14448699355125427
404,2,-1.4663031322470488e-07,-0.11203637719154358
404,3,-3.024971704235213e-07,0.07804267853498459
404,4,-2.294129444635473e-06,1.0486637353897095
404,5,52.0,51.305885314941406
404,6,-2.3322301956341107e-07,6.544835567474365
404,7,5.311019179998766e-08,0.7686305642127991
405,0,1.408574661354578e-07,-0.17826543748378754
405,1,-8.890184233223408e-08,-0.1227022111415863
405,2,-1.4663031322470488e-07,-0.06386056542396545
405,3,-3.024971704235213e-07,-0.07684404402971268
405,4,-3.8678075497955433e-07,0.09915456175804138
405,5,-1.0806769523696858e-06,1.0404108762741089
405,6,40.0,43.80632781982422
405,7,5.311019179998766e-08,9.986343383789062
406,0,1.408574661354578e-07,0.443308025598526
406,1,-8.890184233223408e-08,0.005141169298440218
406,2,-1.4663031322470488e-07,0.17792686820030212
406,3,-3.024971704235213e-07,-0.12187940627336502
406,4,-3.8678075497955433e-07,-0.2052096426486969
406,5,-1.2700263596343575e-07,0.2611154317855835
406,6,-7.100601919773908e-07,2.0362908840179443
406,7,73.00000762939453,54.06157684326172
407,0,93.99999237060547,68.76342010498047
407,1,-8.890184233223408e-08,3.763777017593384
407,2,-1.4663031322470488e-07,-0.1736995279788971
407,3,-3.024971704235213e-07,-0.05525142326951027
407,4,-3.8678075497955433e-07,-0.28202763199806213
407,5,-1.2700263596343575e-07,-0.055999405682086945
407,6,-2.3322301956341107e-07,0.021153217181563377
407,7,2.4372959614993306e-06,-0.466336190700531
408,0,3.955554802814731e-06,0.36856475472450256
408,1,39.0,34.773223876953125
408,2,-1.4663031322470488e-07,4.20540189743042
408,3,-3.024971704235213e-07,0.10842578858137131
408,4,-3.8678075497955433e-07,0.016466230154037476
408,5,-1.2700263596343575e-07,-0.13699592649936676
408,6,-2.3322301956341107e-07,0.011636024340987206
408,7,5.311019179998766e-08,0.37209802865982056
409,0,1.408574661354578e-07,0.16864503920078278
409,1,-8.890184233223408e-08,0.1992568075656891
409,2,51.999996185302734,37.89979934692383
409,3,-3.024971704235213e-07,6.934193134307861
409,4,-3.8678075497955433e-07,-0.4776858389377594
409,5,-1.2700263596343575e-07,0.016370169818401337
409,6,-2.3322301956341107e-07,0.04175639525055885
409,7,5.311019179998766e-08,0.05422263592481613
410,0,1.408574661354578e-07,0.03763975948095322
410,1,-8.890184233223408e-08,0.14964333176612854
410,2,3.3020685918927484e-07,-1.1662403345108032
410,3,45.999996185302734,64.23186492919922
410,4,-3.8678075497955433e-07,5.141512870788574
410,5,-1.2700263596343575e-07,0.3932231664657593
410,6,-2.3322301956341107e-07,-0.29946017265319824
410,7,5.311019179998766e-08,0.13953930139541626
411,0,1.408574661354578e-07,-0.19238267838954926
411,1,-8.890184233223408e-08,0.0644926130771637
411,2,-1.4663031322470488e-07,0.4251464307308197
411,3,2.5585256935301004e-06,2.2478525638580322
411,4,83.0,54.03200912475586
411,5,-1.2700263596343575e-07,6.487620830535889
411,6,-2.3322301956341107e-07,0.05460954084992409
411,7,5.311019179998766e-08,-0.1953396201133728
412,0,1.408574661354578e-07,0.16554464399814606
412,1,-8.890184233223408e-08,-0.1017213761806488
412,2,-1.4663031322470488e-07,-0.05818667635321617
412,3,-3.024971704235213e-07,0.19722193479537964
412,4,1.997404979192652e-06,1.0935245752334595
412,5,89.0,55.428646087646484
412,6,28.999998092651367,6.922017574310303
412,7,5.311019179998766e-08,0.7848277688026428
413,0,1.408574661354578e-07,-0.38441357016563416
413,1,-8.890184233223408e-08,-0.2695041596889496
413,2,-1.4663031322470488e-07,0.03594956174492836
413,3,-3.024971704235213e-07,0.6358940005302429
413,4,-3.8678075497955433e-07,1.0358344316482544
413,5,3.210857585145277e-06,13.221784591674805
413,6,7.204512826319842e-07,-18.30006980895996
413,7,71.0,54.16106033325195
414,0,81.0,67.56128692626953
414,1,-8.890184233223408e-08,3.386862277984619
414,2,-1.4663031322470488e-07,0.14232811331748962
414,3,-3.024971704235213e-07,-0.1326339840888977
414,4,-3.8678075497955433e-07,0.08849915862083435
414,5,-1.2700263596343575e-07,-0.006353028584271669
414,6,-2.3322301956341107e-07,-0.04705452546477318
414,7,-2.3310756205319194e-06,-1.0711097717285156
415,0,-1.7664912093096063e-06,-0.8329418897628784
415,1,52.0,32.27568817138672
415,2,-1.4663031322470488e-07,3.601114511489868
415,3,-3.024971704235213e-07,0.08024900406599045
415,4,-3.8678075497955433e-07,-0.5151623487472534
415,5,-1.2700263596343575e-07,-0.23756612837314606
415,6,-2.3322301956341107e-07,-0.21450304985046387
415,7,5.311019179998766e-08,0.3347635865211487
416,0,1.408574661354578e-07,-0.010700085200369358
416,1,-8.890184233223408e-08,0.1453932821750641
416,2,60.0,38.41101837158203
416,3,-3.024971704235213e-07,6.739899635314941
416,4,-3.8678075497955433e-07,-0.3180493414402008
416,5,-1.2700263596343575e-07,-0.1869431883096695
416,6,-2.3322301956341107e-07,-0.3761909008026123
416,7,5.311019179998766e-08,-0.0377320721745491
417,0,1.408574661354578e-07,0.09284891933202744
417,1,-8.890184233223408e-08,0.0799354612827301
417,2,3.3020685918927484e-07,-1.5268136262893677
417,3,66.0,70.39238739013672
417,4,-3.8678075497955433e-07,5.185581207275391
417,5,-1.2700263596343575e-07,0.3987020254135132
417,6,-2.3322301956341107e-07,-0.2913801670074463
417,7,5.311019179998766e-08,0.06283669918775558
418,0,1.408574661354578e-07,-0.3275240361690521
418,1,-8.890184233223408e-08,0.011688143946230412
418,2,-1.4663031322470488e-07,0.41651758551597595
418,3,-1.7330086166111869e-06,2.908766031265259
418,4,48.000003814697266,62.2193717956543
418,5,-1.2700263596343575e-07,6.742048263549805
418,6,-2.3322301956341107e-07,0.06301379948854446
418,7,5.311019179998766e-08,-0.29506391286849976
419,0,1.408574661354578e-07,0.49533095955848694
419,1,-8.890184233223408e-08,-0.042636483907699585
419,2,-1.4663031322470488e-07,0.032616470009088516
419,3,-3.024971704235213e-07,0.06625478714704514
419,4,-2.294129444635473e-06,1.3060232400894165
419,5,57.0,48.757450103759766
419,6,-2.3322301956341107e-07,5.726504802703857
419,7,5.311019179998766e-08,0.856476366519928
420,0,1.408574661354578e-07,-0.4071062505245209
420,1,-8.890184233223408e-08,-0.2386842668056488
420,2,-1.4663031322470488e-07,0.08057054877281189
420,3,-3.024971704235213e-07,-0.026069466024637222
420,4,-3.8678075497955433e-07,0.39909324049949646
420,5,-1.0806769523696858e-06,1.952185034751892
420,6,38.0,39.82299041748047
420,7,5.311019179998766e-08,9.866873741149902
421,0,1.408574661354578e-07,0.4345647394657135
421,1,-8.890184233223408e-08,-0.011323063634335995
421,2,-1.4663031322470488e-07,0.19747957587242126
421,3,-3.024971704235213e-07,-0.14226704835891724
421,4,-3.8678075497955433e-07,-0.2519940435886383
421,5,-1.2700263596343575e-07,-0.0037318544927984476
421,6,-7.100601919773908e-07,2.0183839797973633
421,7,75.0,54.2525749206543
422,0,100.00000762939453,69.66546630859375
422,1,-8.890184233223408e-08,3.7766034603118896
422,2,-1.4663031322470488e-07,0.06747660040855408
422,3,-3.024971704235213e-07,-0.20830565690994263
422,4,-3.8678075497955433e-07,0.18623456358909607
422,5,-1.2700263596343575e-07,-0.015352852642536163
422,6,-2.3322301956341107e-07,-0.12940144538879395
422,7,2.4372959614993306e-06,2.0683517456054688
423,0,3.955554802814731e-06,1.2568989992141724
423,1,44.0,35.83679962158203
423,2,-1.4663031322470488e-07,4.260128498077393
423,3,-3.024971704235213e-07,0.0854150578379631
423,4,-3.8678075497955433e-07,0.04513844847679138
423,5,-1.2700263596343575e-07,-0.15390028059482574
423,6,-2.3322301956341107e-07,0.07425809651613235
423,7,5.311019179998766e-08,0.3963623642921448
424,0,1.408574661354578e-07,0.41981807351112366
424,1,-8.890184233223408e-08,-0.6581745743751526
424,2,49.0,39.68989944458008
424,3,-3.024971704235213e-07,6.845590114593506
424,4,-3.8678075497955433e-07,-0.46064940094947815
424,5,-1.2700263596343575e-07,0.010204188525676727
424,6,-2.3322301956341107e-07,0.023102527484297752
424,7,5.311019179998766e-08,0.0829797312617302
425,0,1.408574661354578e-07,0.06749262660741806
425,1,-8.890184233223408e-08,0.15285006165504456
425,2,3.3020685918927484e-07,-1.1705971956253052
425,3,64.0,62.80535888671875
425,4,-3.8678075497955433e-07,5.122374057769775
425,5,-1.2700263596343575e-07,0.38792598247528076
425,6,-2.3322301956341107e-07,-0.30752062797546387
425,7,5.311019179998766e-08,0.18784433603286743
426,0,1.408574661354578e-07,-0.217613086104393
426,1,-8.890184233223408e-08,0.044050127267837524
426,2,-1.4663031322470488e-07,0.31174787878990173
426,3,-1.7330086166111869e-06,2.785923719406128
426,4,70.00000762939453,58.63739013671875
426,5,-1.2700263596343575e-07,6.733741283416748
426,6,-2.3322301956341107e-07,0.050707582384347916
426,7,5.311019179998766e-08,-0.0893225148320198
427,0,1.408574661354578e-07,0.2722741663455963
427,1,-8.890184233223408e-08,-0.09420308470726013
427,2,-1.4663031322470488e-07,-0.04463639482855797
427,3,-3.024971704235213e-07,0.05488317832350731
427,4,-2.294129444635473e-06,0.8931509256362915
427,5,96.0,52.624351501464844
427,6,-2.3322301956341107e-07,6.50562047958374
427,7,5.311019179998766e-08,0.7501989006996155
428,0,1.408574661354578e-07,-0.35690197348594666
428,1,-8.890184233223408e-08,-0.25495395064353943
428,2,-1.4663031322470488e-07,-0.00012603163486346602
428,3,-3.024971704235213e-07,2.608928918838501
428,4,-3.8678075497955433e-07,-0.06442490220069885
428,5,-5.8490486480877735e-06,-1.2298566102981567
428,6,30.999998092651367,33.74041748046875
428,7,5.311019179998766e-08,14.815505981445312
429,0,1.408574661354578e-07,0.42364707589149475
429,1,-8.890184233223408e-08,-0.007806866895407438
429,2,-1.4663031322470488e-07,0.2161472737789154
429,3,-3.024971704235213e-07,-0.09697896987199783
429,4,-3.8678075497955433e-07,-0.23347511887550354
429,5,-1.2700263596343575e-07,0.26638734340667725
429,6,7.204512826319842e-07,2.882031202316284
429,7,54.0,53.74543380737305
430,0,68.99999237060547,57.39189910888672
430,1,-8.890184233223408e-08,3.532266616821289
430,2,-1.4663031322470488e-07,-0.15669217705726624
430,3,-3.024971704235213e-07,0.00882833730429411
430,4,-3.8678075497955433e-07,-0.2526363432407379
430,5,-1.2700263596343575e-07,-0.013502247631549835
430,6,-2.3322301956341107e-07,-0.17111802101135254
430,7,2.4372959614993306e-06,-0.6391934752464294
431,0,3.955554802814731e-06,0.2067204862833023
431,1,39.0,30.2500057220459
431,2,-1.4663031322470488e-07,4.262082099914551
431,3,-3.024971704235213e-07,0.031138118356466293
431,4,-3.8678075497955433e-07,0.5575019121170044
431,5,-1.2700263596343575e-07,0.11934124678373337
431,6,-2.3322301956341107e-07,0.08042836934328079
431,7,5.311019179998766e-08,0.3337598443031311
432,0,1.408574661354578e-07,-0.13637815415859222
432,1,-8.890184233223408e-08,0.5164679884910583
432,2,51.999996185302734,35.56367874145508
432,3,-3.024971704235213e-07,6.934193134307861
432,4,-3.8678075497955433e-07,-0.438591867685318
432,5,-1.2700263596343575e-07,-0.055855877697467804
432,6,-2.3322301956341107e-07,0.06412673741579056
432,7,5.311019179998766e-08,-0.10289330035448074
433,0,1.408574661354578e-07,0.009884974919259548
433,1,-8.890184233223408e-08,0.11836043000221252
433,2,3.3020685918927484e-07,-0.9763423204421997
433,3,38.000003814697266,64.23186492919922
433,4,-3.8678075497955433e-07,5.141512870788574
433,5,-1.2700263596343575e-07,0.41556107997894287
433,6,-2.3322301956341107e-07,-0.20638251304626465
433,7,5.311019179998766e-08,0.08834414929151535
434,0,1.408574661354578e-07,-0.10865674167871475
434,1,-8.890184233223408e-08,0.032529741525650024
434,2,-1.4663031322470488e-07,0.3411796987056732
434,3,-1.7330086166111869e-06,1.0643659830093384
434,4,72.0,49.41968536376953
434,5,-1.2700263596343575e-07,6.12186336517334
434,6,-2.3322301956341107e-07,0.071334607899189
434,7,5.311019179998766e-08,-0.4494323134422302
435,0,1.408574661354578e-07,0.16554464399814606
435,1,-8.890184233223408e-08,-0.10964450240135193
435,2,-1.4663031322470488e-07,-0.09130397439002991
435,3,-3.024971704235213e-07,0.18701905012130737
435,4,-2.294129444635473e-06,2.335575580596924
435,5,45.0,48.425575256347656
435,6,-2.3322301956341107e-07,6.544835567474365
435,7,5.311019179998766e-08,0.7848277688026428
436,0,1.408574661354578e-07,-0.3693722188472748
436,1,-8.890184233223408e-08,-0.27294406294822693
436,2,-1.4663031322470488e-07,0.021510930731892586
436,3,-3.024971704235213e-07,-0.16117125749588013
436,4,-3.8678075497955433e-07,0.10517320036888123
436,5,-1.0806769523696858e-06,2.187622308731079
436,6,26.0,43.233734130859375
436,7,5.311019179998766e-08,10.210972785949707
437,0,1.408574661354578e-07,0.42292991280555725
437,1,-8.890184233223408e-08,0.04485216736793518
437,2,-1.4663031322470488e-07,0.07163509726524353
437,3,-3.024971704235213e-07,-0.22170144319534302
437,4,-3.8678075497955433e-07,-0.28908005356788635
437,5,-1.2700263596343575e-07,0.7890743017196655
437,6,-7.100601919773908e-07,1.770824670791626
437,7,85.00000762939453,52.71990203857422
438,0,78.0,75.03832244873047
438,1,-8.890184233223408e-08,3.8391621112823486
438,2,-1.4663031322470488e-07,-0.1736995279788971
438,3,-3.024971704235213e-07,-0.06876594573259354
438,4,-3.8678075497955433e-07,-0.28656378388404846
438,5,-1.2700263596343575e-07,-0.04974902421236038
438,6,-2.3322301956341107e-07,0.07517219334840775
438,7,2.4372959614993306e-06,5.580597877502441
439,0,-1.7664912093096063e-06,-0.7109278440475464
439,1,26.0,33.28703308105469
439,2,-1.4663031322470488e-07,4.166543483734131
439,3,-3.024971704235213e-07,0.145612895488739
439,4,-3.8678075497955433e-07,0.0010763115715235472
439,5,-1.2700263596343575e-07,-0.15788187086582184
439,6,-2.3322301956341107e-07,0.2092421054840088
439,7,5.311019179998766e-08,0.2995820641517639
440,0,1.408574661354578e-07,-0.4800632894039154
440,1,-8.890184233223408e-08,0.6774579882621765
440,2,51.0,33.76543426513672
440,3,-3.024971704235213e-07,7.527123928070068
440,4,-3.8678075497955433e-07,-0.4483126699924469
440,5,-1.2700263596343575e-07,-0.16475309431552887
440,6,-2.3322301956341107e-07,-0.005518192891031504
440,7,5.311019179998766e-08,0.36860424280166626
441,0,1.408574661354578e-07,-0.027609683573246002
441,1,-8.890184233223408e-08,0.14365139603614807
441,2,-2.5308161184511846e-06,-0.36711183190345764
441,3,65.0,61.24274444580078
441,4,-3.8678075497955433e-07,5.135683536529541
441,5,-1.2700263596343575e-07,0.36123406887054443
441,6,-2.3322301956341107e-07,-0.3469831943511963
441,7,5.311019179998766e-08,-0.5086211562156677
442,0,1.408574661354578e-07,-0.19575105607509613
442,1,-8.890184233223408e-08,0.009663493372499943
442,2,-1.4663031322470488e-07,0.40389761328697205
442,3,2.5585256935301004e-06,2.478245973587036
442,4,80.0,59.56913375854492
442,5,-1.2700263596343575e-07,6.736936092376709
442,6,-2.3322301956341107e-07,0.0650646761059761
442,7,5.311019179998766e-08,-0.39206403493881226
443,0,1.408574661354578e-07,0.12659277021884918
443,1,-8.890184233223408e-08,-0.15954932570457458
443,2,-1.4663031322470488e-07,-0.04900660738348961
443,3,-3.024971704235213e-07,0.15139168500900269
443,4,1.997404979192652e-06,0.7762919664382935
443,5,51.0,57.17097854614258
443,6,-2.3322301956341107e-07,6.724307060241699
443,7,5.311019179998766e-08,0.8639217019081116
444,0,1.408574661354578e-07,-0.36448654532432556
444,1,-8.890184233223408e-08,-0.27021750807762146
444,2,-1.4663031322470488e-07,0.01997980661690235
444,3,-3.024971704235213e-07,-0.007859532721340656
444,4,-3.8678075497955433e-07,0.3088713586330414
444,5,3.210857585145277e-06,0.5292114019393921
444,6,57.0,44.84794616699219
444,7,5.311019179998766e-08,10.018502235412598
445,0,1.408574661354578e-07,0.535324215888977
445,1,-8.890184233223408e-08,-0.009564965032041073
445,2,-1.4663031322470488e-07,0.220083087682724
445,3,-3.024971704235213e-07,-0.054501358419656754
445,4,-3.8678075497955433e-07,0.4036336839199066
445,5,-1.2700263596343575e-07,0.5650194883346558
445,6,-7.100601919773908e-07,1.4784138202667236
445,7,74.0,54.68172836303711
446,0,115.0,69.6326675415039
446,1,-8.890184233223408e-08,3.7701919078826904
446,2,-1.4663031322470488e-07,-0.20376363396644592
446,3,-3.024971704235213e-07,-0.017465893179178238
446,4,-3.8678075497955433e-07,-0.29982462525367737
446,5,-1.2700263596343575e-07,-0.009493954479694366
446,6,-2.3322301956341107e-07,0.04328132048249245
446,7,2.4372959614993306e-06,-0.6196450591087341
447,0,3.955554802814731e-06,2.5100510120391846
447,1,34.0,39.32120132446289
447,2,-1.4663031322470488e-07,7.307136535644531
447,3,-3.024971704235213e-07,0.11228387802839279
447,4,-3.8678075497955433e-07,-0.05540314316749573
447,5,-1.2700263596343575e-07,-0.17674221098423004
447,6,-2.3322301956341107e-07,-0.18010592460632324
447,7,5.311019179998766e-08,0.5163260102272034
448,0,1.408574661354578e-07,0.19500936567783356
448,1,-8.890184233223408e-08,-0.9679251313209534
448,2,54.0,36.82691955566406
448,3,-3.024971704235213e-07,7.042883396148682
448,4,-3.8678075497955433e-07,-0.6669052839279175
448,5,-1.2700263596343575e-07,-0.004750378895550966
448,6,-2.3322301956341107e-07,0.2376706600189209
448,7,5.311019179998766e-08,0.16638141870498657
449,0,1.408574661354578e-07,0.0027419545222073793
449,1,-8.890184233223408e-08,0.31315508484840393
449,2,3.3020685918927484e-07,-1.4281574487686157
449,3,70.0,65.03848266601562
449,4,-3.8678075497955433e-07,5.1562933921813965
449,5,-1.2700263596343575e-07,0.3905752897262573
449,6,-2.3322301956341107e-07,-0.30417799949645996
449,7,5.311019179998766e-08,0.26142555475234985
450,0,1.408574661354578e-07,-0.608174204826355
450,1,-8.890184233223408e-08,0.6477794051170349
450,2,-1.4663031322470488e-07,0.44557270407676697
450,3,-1.7330086166111869e-06,2.5400049686431885
450,4,93.00000762939453,62.403350830078125
450,5,-1.2700263596343575e-07,6.7943115234375
450,6,-2.3322301956341107e-07,0.04174638167023659
450,7,5.311019179998766e-08,-0.005651420913636684
451,0,1.408574661354578e-07,0.11662402004003525
451,1,-8.890184233223408e-08,-0.1018587052822113
451,2,-1.4663031322470488e-07,-0.052426960319280624
451,3,-3.024971704235213e-07,0.37715834379196167
451,4,-7.062501026666723e-06,1.1704097986221313
451,5,66.0,63.20277404785156
451,6,-2.3322301956341107e-07,7.5957489013671875
451,7,5.311019179998766e-08,0.7718029618263245
452,0,1.408574661354578e-07,-0.38014015555381775
452,1,-8.890184233223408e-08,-0.26230964064598083
452,2,-1.4663031322470488e-07,0.03325161710381508
452,3,-3.024971704235213e-07,-0.04850370064377785
452,4,-3.8678075497955433e-07,0.19242295622825623
452,5,-1.0806769523696858e-06,-0.4934931993484497
452,6,51.0,44.38408660888672
452,7,5.311019179998766e-08,9.817862510681152
453,0,1.408574661354578e-07,0.505046010017395
453,1,-8.890184233223408e-08,-0.018234819173812866
453,2,-1.4663031322470488e-07,0.2561891973018646
453,3,-3.024971704235213e-07,0.07485931366682053
453,4,-3.8678075497955433e-07,0.3645039498806
453,5,-1.2700263596343575e-07,0.17708002030849457
453,6,-7.100601919773908e-07,2.0478355884552
453,7,110.0,55.40226745605469
454,0,96.0,87.8703384399414
454,1,-8.890184233223408e-08,4.103282451629639
454,2,-1.4663031322470488e-07,-0.22300496697425842
454,3,-3.024971704235213e-07,0.03900545462965965
454,4,-3.8678075497955433e-07,-0.36256590485572815
454,5,-1.2700263596343575e-07,0.036342017352581024
454,6,-2.3322301956341107e-07,-0.11551260203123093
454,7,2.4372959614993306e-06,10.52486801147461
455,0,3.955554802814731e-06,0.2765580713748932
455,1,62.0,37.06013870239258
455,2,-1.4663031322470488e-07,4.22015905380249
455,3,-3.024971704235213e-07,0.06776636093854904
455,4,-3.8678075497955433e-07,-0.0198916494846344
455,5,-1.2700263596343575e-07,-0.26872408390045166
455,6,-2.3322301956341107e-07,-0.09676670283079147
455,7,5.311019179998766e-08,-0.47213834524154663
456,0,1.408574661354578e-07,0.028714321553707123
456,1,-8.890184233223408e-08,0.9296101927757263
456,2,35.0,42.33491516113281
456,3,-3.024971704235213e-07,6.6382222175598145
456,4,-3.8678075497955433e-07,-0.5913170576095581
456,5,-1.2700263596343575e-07,0.041092269122600555
456,6,-2.3322301956341107e-07,0.008081680163741112
456,7,5.311019179998766e-08,1.4539499282836914
457,0,1.408574661354578e-07,0.44780269265174866
457,1,-8.890184233223408e-08,-0.2104407250881195
457,2,3.3020685918927484e-07,0.22301849722862244
457,3,50.0,54.567928314208984
457,4,-3.8678075497955433e-07,5.185527324676514
457,5,-1.2700263596343575e-07,0.29226672649383545
457,6,-2.3322301956341107e-07,-0.4149281978607178
457,7,5.311019179998766e-08,-0.04092497378587723
458,0,1.408574661354578e-07,-0.6993635892868042
458,1,-8.890184233223408e-08,-0.16460952162742615
458,2,-1.4663031322470488e-07,0.09803041815757751
458,3,-1.7330086166111869e-06,2.8955280780792236
458,4,84.00000762939453,50.201087951660156
458,5,-1.2700263596343575e-07,6.647575378417969
458,6,-2.3322301956341107e-07,0.05333400145173073
458,7,5.311019179998766e-08,-0.09746498614549637
459,0,1.408574661354578e-07,0.011074206791818142
459,1,-8.890184233223408e-08,-0.2707248628139496
459,2,-1.4663031322470488e-07,-0.11473432183265686
459,3,-3.024971704235213e-07,0.14871710538864136
459,4,1.997404979192652e-06,1.0872994661331177
459,5,76.99999237060547,56.7723388671875
459,6,-2.3322301956341107e-07,6.994104862213135
459,7,5.311019179998766e-08,0.9745894074440002
460,0,1.408574661354578e-07,-0.2244804948568344
460,1,-8.890184233223408e-08,-0.14047536253929138
460,2,-1.4663031322470488e-07,-0.033620502799749374
460,3,-3.024971704235213e-07,-0.12038356810808182
460,4,-3.8678075497955433e-07,0.08177146315574646
460,5,-1.0806769523696858e-06,1.4677814245224
460,6,46.0,41.57612609863281
460,7,5.311019179998766e-08,10.70702838897705
461,0,1.408574661354578e-07,0.47902026772499084
461,1,-8.890184233223408e-08,0.010212809778749943
461,2,-1.4663031322470488e-07,0.16184648871421814
461,3,-3.024971704235213e-07,-0.07471591979265213
461,4,-3.8678075497955433e-07,0.19423112273216248
461,5,-1.2700263596343575e-07,-0.1960231214761734
461,6,-7.100601919773908e-07,1.5593979358673096
461,7,83.00000762939453,55.58189010620117
462,0,78.0,74.47409057617188
462,1,-8.890184233223408e-08,3.827678680419922
462,2,-1.4663031322470488e-07,-0.2093888819217682
462,3,-3.024971704235213e-07,0.05056827887892723
462,4,-3.8678075497955433e-07,-0.20425787568092346
462,5,-1.2700263596343575e-07,0.11056076735258102
462,6,-2.3322301956341107e-07,-0.06028580293059349
462,7,-2.3310756205319194e-06,2.2011775970458984
463,0,-1.7664912093096063e-06,-0.6323355436325073
463,1,28.000001907348633,33.14188766479492
463,2,-1.4663031322470488e-07,4.166543483734131
463,3,-3.024971704235213e-07,0.05145281180739403
463,4,-3.8678075497955433e-07,0.07671412825584412
463,5,-1.2700263596343575e-07,-0.35777342319488525
463,6,-2.3322301956341107e-07,0.01090741716325283
463,7,5.311019179998766e-08,0.28911644220352173
464,0,1.408574661354578e-07,-0.4328630864620209
464,1,-1.0425761729493388e-06,0.8352181315422058
464,2,49.0,34.070098876953125
464,3,-3.024971704235213e-07,7.365306377410889
464,4,-3.8678075497955433e-07,-0.5271490812301636
464,5,-1.2700263596343575e-07,0.030948512256145477
464,6,-2.3322301956341107e-07,0.07875276356935501
464,7,5.311019179998766e-08,0.17452579736709595
465,0,1.408574661354578e-07,-0.0038155100774019957
465,1,-8.890184233223408e-08,0.09792891144752502
465,2,3.3020685918927484e-07,-0.31494107842445374
465,3,47.0,59.8928337097168
465,4,-3.8678075497955433e-07,5.122374057769775
465,5,-1.2700263596343575e-07,0.3667057752609253
465,6,-2.3322301956341107e-07,-0.33948302268981934
465,7,5.311019179998766e-08,-0.4871901869773865
466,0,1.408574661354578e-07,-0.18822084367275238
466,1,-8.890184233223408e-08,0.11747780442237854
466,2,-1.4663031322470488e-07,0.3155082166194916
466,3,-1.7330086166111869e-06,2.2789390087127686
466,4,84.00000762939453,53.5451545715332
466,5,-1.2700263596343575e-07,6.5276103019714355
466,6,-2.3322301956341107e-07,0.0650646761059761
466,7,5.311019179998766e-08,-0.3926028609275818
467,0,1.408574661354578e-07,0.14940275251865387
467,1,-8.890184233223408e-08,-0.17553719878196716
467,2,-1.4663031322470488e-07,0.013171526603400707
467,3,-3.024971704235213e-07,0.15757149457931519
467,4,1.997404979192652e-06,0.9136205911636353
467,5,57.0,56.25788497924805
467,6,-2.3322301956341107e-07,6.994104862213135
467,7,5.311019179998766e-08,0.8380017876625061
468,0,1.408574661354578e-07,-0.35690197348594666
468,1,-8.890184233223408e-08,-0.24634656310081482
468,2,-1.4663031322470488e-07,0.034068915992975235
468,3,-3.024971704235213e-07,-0.11348850280046463
468,4,-3.8678075497955433e-07,0.12113818526268005
468,5,-1.0806769523696858e-06,-0.8806983232498169
468,6,58.0,44.28095245361328
468,7,5.311019179998766e-08,9.866873741149902
469,0,78.0,0.5407601594924927
469,1,-8.890184233223408e-08,0.014056594111025333
469,2,-1.4663031322470488e-07,0.1485351026058197
469,3,-3.024971704235213e-07,-0.0948064997792244
469,4,-3.8678075497955433e-07,0.68738853931427
469,5,-1.2700263596343575e-07,0.36213481426239014
469,6,-7.100601919773908e-07,1.8283360004425049
469,7,5.311019179998766e-08,55.041831970214844
470,0,-1.7664912093096063e-06,120.76570129394531
470,1,38.0,23.176897048950195
470,2,-1.4663031322470488e-07,3.643174409866333
470,3,-3.024971704235213e-07,0.0034438923466950655
470,4,-3.8678075497955433e-07,-0.30162087082862854
470,5,-1.2700263596343575e-07,0.08488785475492477
470,6,-2.3322301956341107e-07,0.002129321452230215
470,7,5.311019179998766e-08,28.710893630981445
471,0,1.408574661354578e-07,-19.493377685546875
471,1,-8.890184233223408e-08,-0.6495748162269592
471,2,56.999996185302734,36.18535614013672
471,3,-3.024971704235213e-07,6.557992935180664
471,4,-3.8678075497955433e-07,-0.07493534684181213
471,5,-1.2700263596343575e-07,-0.22903360426425934
471,6,-2.3322301956341107e-07,-0.03478550538420677
471,7,5.311019179998766e-08,-6.653741836547852
472,0,1.408574661354578e-07,0.1296645551919937
472,1,-8.890184233223408e-08,0.06133595108985901
472,2,3.3020685918927484e-07,-1.0990849733352661
472,3,49.0,67.16175079345703
472,4,-3.8678075497955433e-07,4.2600884437561035
472,5,-1.2700263596343575e-07,-0.09383977204561234
472,6,-2.3322301956341107e-07,0.1736304759979248
472,7,5.311019179998766e-08,-0.3775596022605896
473,0,1.408574661354578e-07,-0.08526787906885147
473,1,-8.890184233223408e-08,0.07659521698951721
473,2,-1.4663031322470488e-07,0.4443734586238861
473,3,-1.7330086166111869e-06,2.3221242427825928
473,4,65.0,56.53177261352539
473,5,-1.2700263596343575e-07,6.60758638381958
473,6,-2.3322301956341107e-07,0.0650646761059761
473,7,5.311019179998766e-08,-0.37271302938461304
474,0,1.408574661354578e-07,0.13813413679599762
474,1,-8.890184233223408e-08,-0.08820828795433044
474,2,-1.4663031322470488e-07,-0.03517976030707359
474,3,-3.024971704235213e-07,0.0768696591258049
474,4,1.997404979192652e-06,1.8028608560562134
474,5,63.0,48.679473876953125
474,6,-2.3322301956341107e-07,6.312671661376953
474,7,5.311019179998766e-08,0.7816677689552307
475,0,1.408574661354578e-07,-0.3945845067501068
475,1,-8.890184233223408e-08,-0.2728305757045746
475,2,-1.4663031322470488e-07,0.019875379279255867
475,3,-3.024971704235213e-07,-0.1834591031074524
475,4,-3.8678075497955433e-07,0.020102590322494507
475,5,-1.0806769523696858e-06,0.5770806074142456
475,6,53.999996185302734,41.26201248168945
475,7,5.311019179998766e-08,9.836148262023926
476,0,1.408574661354578e-07,0.519394040107727
476,1,-8.890184233223408e-08,0.011454016901552677
476,2,-1.4663031322470488e-07,0.16166767477989197
476,3,-3.024971704235213e-07,-0.17207318544387817
476,4,-3.8678075497955433e-07,0.28620728850364685
476,5,-1.2700263596343575e-07,0.0560830757021904
476,6,2.6277998586010654e-06,1.4566380977630615
476,7,68.0,55.333683013916016
477,0,107.00000762939453,66.60118865966797
477,1,-8.890184233223408e-08,3.730100631713867
477,2,-1.4663031322470488e-07,-0.11240449547767639
477,3,-3.024971704235213e-07,-0.13103419542312622
477,4,-3.8678075497955433e-07,0.030075639486312866
477,5,-1.2700263596343575e-07,0.1555865854024887
477,6,-2.3322301956341107e-07,-0.11561798304319382
477,7,2.4372959614993306e-06,-0.555726945400238
478,0,3.955554802814731e-06,2.031900644302368
478,1,44.0,36.707584381103516
478,2,-1.4663031322470488e-07,4.852309226989746
478,3,-3.024971704235213e-07,0.07034032791852951
478,4,-3.8678075497955433e-07,-0.04653683304786682
478,5,-1.2700263596343575e-07,-0.2525445222854614
478,6,-2.3322301956341107e-07,-0.0872332975268364
478,7,5.311019179998766e-08,0.5324416756629944
479,0,1.408574661354578e-07,0.6227885484695435
479,1,-8.890184233223408e-08,-0.9229317307472229
479,2,42.0,40.31808090209961
479,3,-3.024971704235213e-07,6.845590114593506
479,4,-3.8678075497955433e-07,-0.6337965726852417
479,5,-1.2700263596343575e-07,0.004419676493853331
479,6,-2.3322301956341107e-07,0.2117173671722412
479,7,5.311019179998766e-08,0.049738459289073944
480,0,1.408574661354578e-07,0.052209995687007904
480,1,-8.890184233223408e-08,0.11431542038917542
480,2,3.3020685918927484e-07,-0.08830848336219788
480,3,52.0,56.3803825378418
480,4,-3.8678075497955433e-07,5.078327655792236
480,5,-1.2700263596343575e-07,0.40251052379608154
480,6,-2.3322301956341107e-07,-0.27771592140197754
480,7,5.311019179998766e-08,0.275032103061676
481,0,1.408574661354578e-07,-0.2767876088619232
481,1,-8.890184233223408e-08,0.007586390245705843
481,2,-1.4663031322470488e-07,0.21020206809043884
481,3,-1.7330086166111869e-06,2.4721267223358154
481,4,44.999996185302734,53.24951934814453
481,5,-1.2700263596343575e-07,6.691256046295166
481,6,-2.3322301956341107e-07,0.04641032591462135
481,7,5.311019179998766e-08,-0.03051847778260708
482,0,1.408574661354578e-07,0.29063811898231506
482,1,-8.890184233223408e-08,-0.12763699889183044
482,2,-1.4663031322470488e-07,-0.06328645348548889
482,3,-3.024971704235213e-07,0.07131784409284592
482,4,1.997404979192652e-06,1.520002007484436
482,5,52.0,45.34584426879883
482,6,-2.3322301956341107e-07,5.842184066772461
482,7,5.311019179998766e-08,0.7501989006996155
483,0,1.408574661354578e-07,-0.3305576741695404
483,1,-8.890184233223408e-08,-0.19843539595603943
483,2,-1.4663031322470488e-07,-0.02964034490287304
483,3,-3.024971704235213e-07,-0.1201666072010994
483,4,-3.8678075497955433e-07,0.3415275514125824
483,5,-1.0806769523696858e-06,0.950337290763855
483,6,30.999998092651367,40.00082015991211
483,7,5.311019179998766e-08,9.986343383789062
484,0,1.408574661354578e-07,0.42364707589149475
484,1,-8.890184233223408e-08,0.007722288835793734
484,2,-1.4663031322470488e-07,0.1421111524105072
484,3,-3.024971704235213e-07,-0.20843344926834106
484,4,-3.8678075497955433e-07,-0.3176087439060211
484,5,-1.2700263596343575e-07,0.04799734801054001
484,6,7.204512826319842e-07,1.802375078201294
484,7,57.999996185302734,53.589778900146484
485,0,105.0,60.23489761352539
485,1,-8.890184233223408e-08,3.5929646492004395
485,2,-1.4663031322470488e-07,0.10203394293785095
485,3,-3.024971704235213e-07,-0.17846471071243286
485,4,-3.8678075497955433e-07,0.06399354338645935
485,5,-1.2700263596343575e-07,-0.03151286393404007
485,6,-2.3322301956341107e-07,0.011387115344405174
485,7,-2.3310756205319194e-06,-0.13078922033309937
486,0,3.955554802814731e-06,2.060168504714966
486,1,24.999998092651367,35.38935089111328
486,2,-1.4663031322470488e-07,4.558977127075195
486,3,-3.024971704235213e-07,0.10842578858137131
486,4,-3.8678075497955433e-07,0.06042107939720154
486,5,-1.2700263596343575e-07,-0.11002553254365921
486,6,-2.3322301956341107e-07,0.24814343452453613
486,7,5.311019179998766e-08,0.38917261362075806
487,0,1.408574661354578e-07,-0.02709660679101944
487,1,1.3416096180662862e-06,0.08067455887794495
487,2,27.0,34.10253143310547
487,3,-3.024971704235213e-07,7.622120380401611
487,4,-3.8678075497955433e-07,-0.438591867685318
487,5,-1.2700263596343575e-07,-0.05321706086397171
487,6,-2.3322301956341107e-07,0.03982377424836159
487,7,5.311019179998766e-08,0.09357362240552902
488,0,1.408574661354578e-07,0.021326206624507904
488,1,-8.890184233223408e-08,0.04068365693092346
488,2,3.3020685918927484e-07,-0.896558403968811
488,3,36.0,46.15953826904297
488,4,-3.8678075497955433e-07,5.4385881423950195
488,5,-1.2700263596343575e-07,0.4118093252182007
488,6,-2.3322301956341107e-07,-0.22928929328918457
488,7,5.311019179998766e-08,0.2456088662147522
489,0,1.408574661354578e-07,0.07688059657812119
489,1,-8.890184233223408e-08,-0.14223775267601013
489,2,-1.4663031322470488e-07,0.08152851462364197
489,3,6.511771175610193e-07,0.458110511302948
489,4,67.0,40.22532272338867
489,5,-1.2700263596343575e-07,6.017597198486328
489,6,-2.3322301956341107e-07,0.0476229228079319
489,7,5.311019179998766e-08,-0.12820810079574585
490,0,1.408574661354578e-07,0.06542506068944931
490,1,-8.890184233223408e-08,-0.22134217619895935
490,2,-1.4663031322470488e-07,-0.02593388967216015
490,3,-3.024971704235213e-07,0.1351434588432312
490,4,1.997404979192652e-06,2.0888924598693848
490,5,72.99999237060547,46.90212631225586
490,6,-2.3322301956341107e-07,6.4063286781311035
490,7,5.311019179998766e-08,0.8790212273597717
491,0,1.408574661354578e-07,-0.04393944889307022
491,1,-8.890184233223408e-08,-0.08610019087791443
491,2,-1.4663031322470488e-07,-0.023078588768839836
491,3,-3.024971704235213e-07,-0.29295140504837036
491,4,-3.8678075497955433e-07,-0.38017264008522034
491,5,3.210857585145277e-06,0.13938365876674652
491,6,26.0,40.78277587890625
491,7,5.311019179998766e-08,10.111056327819824
492,0,1.408574661354578e-07,0.42292991280555725
492,1,-8.890184233223408e-08,0.053593069314956665
492,2,-1.4663031322470488e-07,0.05144915357232094
492,3,-3.024971704235213e-07,-0.2748721241950989
492,4,-3.8678075497955433e-07,-0.13250771164894104
492,5,-1.2700263596343575e-07,0.14055858552455902
492,6,-7.100601919773908e-07,1.163567304611206
492,7,59.0,53.80732345581055
493,0,67.0,60.85013961791992
493,1,-8.890184233223408e-08,3.6165621280670166
493,2,-1.4663031322470488e-07,-0.1305634081363678
493,3,-3.024971704235213e-07,-0.08160621672868729
493,4,-3.8678075497955433e-07,-0.14706888794898987
493,5,-1.2700263596343575e-07,-0.052738793194293976
493,6,-2.3322301956341107e-07,-0.19698834419250488
493,7,2.4372959614993306e-06,-0.6335801482200623
494,0,-1.7664912093096063e-06,0.47444167733192444
494,1,47.0,30.521596908569336
494,2,-1.4663031322470488e-07,4.29500675201416
494,3,-3.024971704235213e-07,0.06448715180158615
494,4,-3.8678075497955433e-07,0.25742778182029724
494,5,-1.2700263596343575e-07,0.029706351459026337
494,6,-2.3322301956341107e-07,0.08225608617067337
494,7,5.311019179998766e-08,0.326324999332428
495,0,1.408574661354578e-07,-0.2646091878414154
495,1,-2.473087533871876e-06,0.2904447615146637
495,2,41.0,36.075870513916016
495,3,-3.024971704235213e-07,6.737414836883545
495,4,-3.8678075497955433e-07,-0.4483126699924469
495,5,-1.2700263596343575e-07,-0.17000259459018707
495,6,-2.3322301956341107e-07,0.04551148787140846
495,7,5.311019179998766e-08,-0.050252385437488556
496,0,1.408574661354578e-07,0.07282175868749619
496,1,-8.890184233223408e-08,0.11818113923072815
496,2,3.3020685918927484e-07,0.385457843542099
496,3,54.0,55.897708892822266
496,4,-3.8678075497955433e-07,5.077821731567383
496,5,-1.2700263596343575e-07,0.41087138652801514
496,6,-2.3322301956341107e-07,-0.23360753059387207
496,7,5.311019179998766e-08,0.034462980926036835
497,0,1.408574661354578e-07,-0.2254856675863266
497,1,-8.890184233223408e-08,-0.07563552260398865
497,2,-1.4663031322470488e-07,0.1838601529598236
497,3,-1.7330086166111869e-06,2.601362943649292
497,4,70.00000762939453,53.30475997924805
497,5,65.0,6.6977105140686035
497,6,-2.3322301956341107e-07,0.07272125035524368
497,7,5.311019179998766e-08,-0.408993661403656
498,0,1.408574661354578e-07,0.30160632729530334
498,1,-8.890184233223408e-08,-0.12173566222190857
498,2,-1.4663031322470488e-07,-0.09508004784584045
498,3,-3.024971704235213e-07,0.2251860499382019
498,4,-2.294129444635473e-06,6.255215644836426
498,5,-1.0806769523696858e-06,-6.790300369262695
498,6,47.999996185302734,38.872745513916016
498,7,5.311019179998766e-08,10.70272445678711
499,0,1.408574661354578e-07,-0.221092090010643
499,1,-8.890184233223408e-08,-0.19193324446678162
499,2,-1.4663031322470488e-07,-0.02906194142997265
499,3,-3.024971704235213e-07,-0.21942168474197388
499,4,-3.8678075497955433e-07,0.22114428877830505
499,5,-1.2700263596343575e-07,0.5246924161911011
499,6,2.6277998586010654e-06,1.6880073547363281
499,7,57.000003814697266,55.21455764770508
500,0,67.0,59.657981872558594
500,1,-8.890184233223408e-08,3.2101025581359863
500,2,-1.4663031322470488e-07,0.17896828055381775
500,3,-3.024971704235213e-07,-0.18325787782669067
500,4,-3.8678075497955433e-07,-0.14898863434791565
500,5,-1.2700263596343575e-07,-0.022977478802204132
500,6,-2.3322301956341107e-07,-0.11907266825437546
500,7,-2.3310756205319194e-06,-0.469749391078949
501,0,-1.7664912093096063e-06,0.43135181069374084
501,1,39.0,30.310165405273438
501,2,-1.4663031322470488e-07,3.7283976078033447
501,3,-3.024971704235213e-07,-0.5668919682502747
501,4,-3.8678075497955433e-07,-0.516769289970398
501,5,-1.2700263596343575e-07,-0.16458667814731598
501,6,-2.3322301956341107e-07,-0.08055376261472702
501,7,5.311019179998766e-08,0.3005252480506897
502,0,1.408574661354578e-07,-0.1417149156332016
502,1,-8.890184233223408e-08,0.673515260219574
502,2,44.0,35.29579162597656
502,3,-3.024971704235213e-07,6.934193134307861
502,4,-3.8678075497955433e-07,-0.5506676435470581
502,5,-1.2700263596343575e-07,-0.004246838856488466
502,6,-2.3322301956341107e-07,0.14582180976867676
502,7,5.311019179998766e-08,-0.09709066897630692
503,0,1.408574661354578e-07,0.06867804378271103
503,1,-8.890184233223408e-08,0.1642564833164215
503,2,-2.5308161184511846e-06,-0.094858318567276
503,3,49.0,57.63954162597656
503,4,-3.8678075497955433e-07,5.0828728675842285
503,5,-1.2700263596343575e-07,0.41274774074554443
503,6,-2.3322301956341107e-07,-0.22264647483825684
503,7,5.311019179998766e-08,0.03164201229810715
504,0,1.408574661354578e-07,-0.13906560838222504
504,1,-8.890184233223408e-08,0.0041855876334011555
504,2,-1.4663031322470488e-07,0.21758493781089783
504,3,-1.7330086166111869e-06,2.283522844314575
504,4,55.999996185302734,52.787254333496094
504,5,-1.2700263596343575e-07,6.60758638381958
504,6,-2.3322301956341107e-07,0.07272125035524368
504,7,5.311019179998766e-08,-0.45705217123031616
505,0,1.408574661354578e-07,0.20792020857334137
505,1,-8.890184233223408e-08,-0.13140210509300232
505,2,-1.4663031322470488e-07,-0.07050338387489319
505,3,-3.024971704235213e-07,0.010342772118747234
505,4,1.997404979192652e-06,1.8080288171768188
505,5,70.0,47.32107162475586
505,6,-2.3322301956341107e-07,5.932239532470703
505,7,5.311019179998766e-08,0.7848277688026428
506,0,1.408574661354578e-07,-0.33805927634239197
506,1,-8.890184233223408e-08,-0.2106667459011078
506,2,-1.4663031322470488e-07,-0.010013249702751637
506,3,-3.024971704235213e-07,-0.2213495373725891
506,4,-3.8678075497955433e-07,-0.1029137670993805
506,5,-1.0806769523696858e-06,1.5392097234725952
506,6,47.999996185302734,39.42253875732422
506,7,47.0,9.80156135559082
507,0,66.0,54.02566146850586
507,1,-8.890184233223408e-08,3.3027608394622803
507,2,-1.4663031322470488e-07,0.15314611792564392
507,3,-3.024971704235213e-07,-0.2276032567024231
507,4,-3.8678075497955433e-07,0.11403760313987732
507,5,-1.2700263596343575e-07,-0.14961208403110504
507,6,2.6277998586010654e-06,1.912891149520874
507,7,2.4372959614993306e-06,1.960822582244873
508,0,-1.7664912093096063e-06,0.3314744532108307
508,1,16.0,29.11502456665039
508,2,-1.4663031322470488e-07,3.6634364128112793
508,3,-3.024971704235213e-07,-0.29131728410720825
508,4,-3.8678075497955433e-07,-0.02397051453590393
508,5,-1.2700263596343575e-07,0.20311962068080902
508,6,-2.3322301956341107e-07,-0.012114280834794044
508,7,5.311019179998766e-08,0.29269319772720337
509,0,1.408574661354578e-07,-0.07225880771875381
509,1,-5.657390147462138e-07,0.34912243485450745
509,2,30.000001907348633,31.31730079650879
509,3,-3.024971704235213e-07,8.352049827575684
509,4,-3.8678075497955433e-07,0.02799949049949646
509,5,-1.2700263596343575e-07,-0.37422192096710205
509,6,-2.3322301956341107e-07,0.33513379096984863
509,7,5.311019179998766e-08,-0.10303778201341629
510,0,1.408574661354578e-07,-0.145896777510643
510,1,-8.890184233223408e-08,-0.06707581877708435
510,2,-2.5308161184511846e-06,0.4837096631526947
510,3,41.0,46.18610763549805
510,4,-3.8678075497955433e-07,4.263735771179199
510,5,-1.2700263596343575e-07,-0.011646874248981476
510,6,-2.3322301956341107e-07,0.1111462190747261
510,7,5.311019179998766e-08,0.20986467599868774
511,0,1.408574661354578e-07,-0.013661243952810764
511,1,-8.890184233223408e-08,-0.08013305068016052
511,2,-1.4663031322470488e-07,0.1482914388179779
511,3,2.5585256935301004e-06,0.5149480700492859
511,4,33.0,44.16910934448242
511,5,-1.2700263596343575e-07,6.278305530548096
511,6,-2.3322301956341107e-07,0.07341504842042923
511,7,5.311019179998766e-08,-0.4499348998069763
512,0,1.408574661354578e-07,-0.3039005696773529
512,1,-8.890184233223408e-08,-0.28135403990745544
512,2,-1.4663031322470488e-07,-0.0655304491519928
512,3,-3.024971704235213e-07,-0.12165386229753494
512,4,-3.8678075497955433e-07,0.5401631593704224
512,5,53.0,39.47114944458008
512,6,-2.3322301956341107e-07,7.310366630554199
512,7,5.311019179998766e-08,1.0636563301086426
513,0,1.408574661354578e-07,-0.11067567020654678
513,1,-8.890184233223408e-08,-0.10172662138938904
513,2,-1.4663031322470488e-07,-0.018206743523478508
513,3,-3.024971704235213e-07,-0.33630114793777466
513,4,-3.8678075497955433e-07,0.3592301309108734
513,5,-1.0806769523696858e-06,1.1898878812789917
513,6,52.0,33.80619430541992
513,7,5.311019179998766e-08,9.956789016723633
514,0,1.408574661354578e-07,0.509766697883606
514,1,-8.890184233223408e-08,0.03319397568702698
514,2,-1.4663031322470488e-07,0.06174597516655922
514,3,-3.024971704235213e-07,-0.27564507722854614
514,4,-3.8678075497955433e-07,-0.1721915304660797
514,5,-1.2700263596343575e-07,-0.12689603865146637
514,6,-7.100601919773908e-07,1.3951313495635986
514,7,52.0,54.643672943115234
515,0,71.0,56.11905288696289
515,1,-8.890184233223408e-08,3.5501325130462646
515,2,-1.4663031322470488e-07,0.22962793707847595
515,3,-3.024971704235213e-07,-0.022079292684793472
515,4,-3.8678075497955433e-07,-0.25725260376930237
515,5,-1.2700263596343575e-07,-0.05951607972383499
515,6,-2.3322301956341107e-07,0.0862429216504097
515,7,-2.3310756205319194e-06,0.3093767762184143
516,0,-1.7664912093096063e-06,-0.1261805146932602
516,1,54.0,30.267955780029297
516,2,-1.4663031322470488e-07,4.227536201477051
516,3,-3.024971704235213e-07,0.10456817597150803
516,4,-3.8678075497955433e-07,-0.03452292084693909
516,5,-1.2700263596343575e-07,-0.19066442549228668
516,6,-2.3322301956341107e-07,-0.08425735682249069
516,7,5.311019179998766e-08,0.290959894657135
517,0,1.408574661354578e-07,-0.09085450321435928
517,1,-8.890184233223408e-08,0.5967850089073181
517,2,37.0,37.68574523925781
517,3,-3.024971704235213e-07,6.569484233856201
517,4,-3.8678075497955433e-07,-0.6055115461349487
517,5,-1.2700263596343575e-07,-0.017159588634967804
517,6,-2.3322301956341107e-07,0.20177817344665527
517,7,5.311019179998766e-08,-0.14452213048934937
518,0,1.408574661354578e-07,0.10316386073827744
518,1,-8.890184233223408e-08,-0.005018323194235563
518,2,-2.5308161184511846e-06,0.42303451895713806
518,3,59.0,53.93318176269531
518,4,-3.8678075497955433e-07,5.127803802490234
518,5,-1.2700263596343575e-07,0.41743648052215576
518,6,-2.3322301956341107e-07,-0.19562506675720215
518,7,5.311019179998766e-08,0.1734209656715393
519,0,1.408574661354578e-07,-0.39750561118125916
519,1,-8.890184233223408e-08,-0.1278758943080902
519,2,-1.4663031322470488e-07,0.1572636067867279
519,3,-1.7330086166111869e-06,3.015092611312866
519,4,26.000001907348633,53.07750701904297
519,5,-1.2700263596343575e-07,6.710578441619873
519,6,-2.3322301956341107e-07,0.06994796544313431
519,7,5.311019179998766e-08,-0.36620229482650757
520,0,1.408574661354578e-07,0.2433568388223648
520,1,-8.890184233223408e-08,-0.2079668939113617
520,2,-1.4663031322470488e-07,-0.020986704155802727
520,3,-3.024971704235213e-07,0.17164677381515503
520,4,-1.3404550145423855e-06,1.8286906480789185
520,5,49.0,38.70980453491211
520,6,-2.3322301956341107e-07,7.339498043060303
520,7,5.311019179998766e-08,0.8882990479469299
521,0,1.408574661354578e-07,-0.27082428336143494
521,1,-8.890184233223408e-08,-0.1622539460659027
521,2,-1.4663031322470488e-07,-0.1324721872806549
521,3,-3.024971704235213e-07,0.8240219950675964
521,4,-3.8678075497955433e-07,0.735824704170227
521,5,-1.0806769523696858e-06,3.541025161743164
521,6,29.999998092651367,27.48993492126465
521,7,5.311019179998766e-08,10.082836151123047
522,0,1.408574661354578e-07,0.42350879311561584
522,1,-8.890184233223408e-08,-0.0013113911263644695
522,2,-1.4663031322470488e-07,0.14344248175621033
522,3,-3.024971704235213e-07,-0.20288020372390747
522,4,-3.8678075497955433e-07,-0.1444491446018219
522,5,-1.2700263596343575e-07,0.24742351472377777
522,6,7.204512826319842e-07,2.6297342777252197
522,7,43.0,53.34667205810547
523,0,43.0,50.40903854370117
523,1,-8.890184233223408e-08,3.7144720554351807
523,2,-1.4663031322470488e-07,0.3010657727718353
523,3,-3.024971704235213e-07,0.03552788123488426
523,4,-3.8678075497955433e-07,-0.3596571981906891
523,5,-1.2700263596343575e-07,0.035638682544231415
523,6,-2.3322301956341107e-07,0.05452323332428932
523,7,-2.3310756205319194e-06,0.26212412118911743
524,0,1.0945317399091437e-06,1.2898541688919067
524,1,70.0,22.735794067382812
524,2,-1.4663031322470488e-07,5.104594707489014
524,3,-3.024971704235213e-07,0.12218492478132248
524,4,-3.8678075497955433e-07,0.04763135313987732
524,5,-1.2700263596343575e-07,-0.14732803404331207
524,6,-2.3322301956341107e-07,0.2790811061859131
524,7,5.311019179998766e-08,0.09832482784986496
525,0,1.408574661354578e-07,-10.365681648254395
525,1,-8.890184233223408e-08,4.951059341430664
525,2,33.0,39.024471282958984
525,3,-3.024971704235213e-07,6.756880760192871
525,4,-3.8678075497955433e-07,-0.4410056173801422
525,5,-1.2700263596343575e-07,-0.08472979813814163
525,6,-2.3322301956341107e-07,0.06783033162355423
525,7,5.311019179998766e-08,0.10603003948926926
526,0,1.408574661354578e-07,-0.015040257014334202
526,1,-8.890184233223408e-08,0.08285608887672424
526,2,3.3020685918927484e-07,0.14899858832359314
526,3,30.0,54.9041748046875
526,4,-3.8678075497955433e-07,5.243253231048584
526,5,-1.2700263596343575e-07,0.4256018400192261
526,6,-2.3322301956341107e-07,-0.1497037410736084
526,7,5.311019179998766e-08,0.3141527771949768
527,0,1.408574661354578e-07,-0.27899059653282166
527,1,-8.890184233223408e-08,-0.2823353707790375
527,2,-1.4663031322470488e-07,-0.019677309319376945
527,3,6.511771175610193e-07,-0.45303279161453247
527,4,63.999996185302734,38.17728805541992
527,5,58.0,5.891757488250732
527,6,-2.3322301956341107e-07,0.09040046483278275
527,7,5.311019179998766e-08,-0.12721961736679077
528,0,1.408574661354578e-07,-0.0382755771279335
528,1,-8.890184233223408e-08,-0.2063814103603363
528,2,-1.4663031322470488e-07,-0.19435134530067444
528,3,-3.024971704235213e-07,0.5175363421440125
528,4,1.997404979192652e-06,7.03515625
528,5,-1.0806769523696858e-06,-7.334323883056641
528,6,36.999996185302734,38.055419921875
528,7,5.311019179998766e-08,13.147786140441895
529,0,1.408574661354578e-07,-0.09817967563867569
529,1,-8.890184233223408e-08,-0.10907039046287537
529,2,-1.4663031322470488e-07,-0.03339734300971031
529,3,-3.024971704235213e-07,-0.20330506563186646
529,4,-3.8678075497955433e-07,0.22260436415672302
529,5,-1.2700263596343575e-07,0.1697000116109848
529,6,2.6277998586010654e-06,0.49698853492736816
529,7,52.999996185302734,54.253536224365234
530,0,57.0,56.69690704345703
530,1,-8.890184233223408e-08,3.276568651199341
530,2,-1.4663031322470488e-07,-0.04119076952338219
530,3,-3.024971704235213e-07,-0.4082406163215637
530,4,-3.8678075497955433e-07,-0.08380833268165588
530,5,-1.2700263596343575e-07,-0.05924857407808304
530,6,-2.3322301956341107e-07,-0.15672898292541504
530,7,2.4372959614993306e-06,0.1352439522743225
531,0,-1.7664912093096063e-06,-0.3153294026851654
531,1,52.0,28.06062889099121
531,2,-1.4663031322470488e-07,4.038588047027588
531,3,-3.024971704235213e-07,-0.5376494526863098
531,4,-3.8678075497955433e-07,-0.3626488745212555
531,5,-1.2700263596343575e-07,0.0034788770135492086
531,6,-2.3322301956341107e-07,-0.19007134437561035
531,7,5.311019179998766e-08,0.2668958306312561
532,0,1.408574661354578e-07,-0.20528970658779144
532,1,-8.890184233223408e-08,0.6245507597923279
532,2,41.0,35.605045318603516
532,3,-3.024971704235213e-07,6.558063507080078
532,4,-3.8678075497955433e-07,-0.4545859396457672
532,5,-1.2700263596343575e-07,-0.013936646282672882
532,6,-2.3322301956341107e-07,0.08676744252443314
532,7,5.311019179998766e-08,-0.04539770632982254
533,0,1.408574661354578e-07,-0.03269372135400772
533,1,-8.890184233223408e-08,0.06261816620826721
533,2,3.3020685918927484e-07,0.33118709921836853
533,3,39.0,56.624549865722656
533,4,-3.8678075497955433e-07,5.077821731567383
533,5,-1.2700263596343575e-07,0.4164990186691284
533,6,-2.3322301956341107e-07,-0.19920134544372559
533,7,5.311019179998766e-08,0.0975680872797966
534,0,1.408574661354578e-07,-0.24087415635585785
534,1,-8.890184233223408e-08,-0.1281319558620453
534,2,-1.4663031322470488e-07,0.08060058951377869
534,3,6.511771175610193e-07,1.5280324220657349
534,4,66.0,46.83534240722656
534,5,-1.2700263596343575e-07,6.174011707305908
534,6,-2.3322301956341107e-07,0.08025766164064407
534,7,5.311019179998766e-08,-0.3059825301170349
535,0,1.408574661354578e-07,0.3184434473514557
535,1,-8.890184233223408e-08,-0.16465291380882263
535,2,-1.4663031322470488e-07,-0.1473924219608307
535,3,-3.024971704235213e-07,0.11290233582258224
535,4,-2.294129444635473e-06,1.8713642358779907
535,5,31.999998092651367,47.33182144165039
535,6,-2.3322301956341107e-07,6.358795642852783
535,7,5.311019179998766e-08,0.856476366519928
536,0,1.408574661354578e-07,-0.32694706320762634
536,1,-8.890184233223408e-08,-0.1818004548549652
536,2,-1.4663031322470488e-07,-0.008626607246696949
536,3,-3.024971704235213e-07,-0.11251337081193924
536,4,-3.8678075497955433e-07,-0.10037079453468323
536,5,8.266716804428142e-07,2.0003879070281982
536,6,41.0,36.453521728515625
536,7,5.311019179998766e-08,10.511354446411133
537,0,1.408574661354578e-07,0.4487086832523346
537,1,-8.890184233223408e-08,0.04116716980934143
537,2,-1.4663031322470488e-07,0.07966265082359314
537,3,-3.024971704235213e-07,-0.2631877064704895
537,4,-3.8678075497955433e-07,0.06025084853172302
537,5,-1.2700263596343575e-07,0.8700684309005737
537,6,-7.100601919773908e-07,0.25870633125305176
537,7,41.999996185302734,52.760921478271484
538,0,60.0,49.80414581298828
538,1,-8.890184233223408e-08,3.7391884326934814
538,2,-1.4663031322470488e-07,-0.1214844286441803
538,3,-3.024971704235213e-07,-0.17676478624343872
538,4,-3.8678075497955433e-07,-0.21252861618995667
538,5,-1.2700263596343575e-07,-0.14868558943271637
538,6,-2.3322301956341107e-07,0.2032182216644287
538,7,2.4372959614993306e-06,0.2811203598976135
539,0,-1.7664912093096063e-06,-0.3912723958492279
539,1,48.0,27.457975387573242
539,2,-1.4663031322470488e-07,4.4728264808654785
539,3,-3.024971704235213e-07,0.23587149381637573
539,4,-3.8678075497955433e-07,-0.042805105447769165
539,5,-1.2700263596343575e-07,-0.310827374458313
539,6,-2.3322301956341107e-07,-0.04670118913054466
539,7,5.311019179998766e-08,0.13825756311416626
540,0,1.408574661354578e-07,-0.24239622056484222
540,1,-2.473087533871876e-06,0.6834413409233093
540,2,29.000001907348633,35.33020782470703
540,3,-3.024971704235213e-07,6.701416015625
540,4,-3.8678075497955433e-07,-0.48602381348609924
540,5,-1.2700263596343575e-07,-0.005544312763959169
540,6,-2.3322301956341107e-07,0.11774707585573196
540,7,5.311019179998766e-08,-0.1701321005821228
541,0,1.408574661354578e-07,0.019762180745601654
541,1,-8.890184233223408e-08,0.008375079371035099
541,2,-1.1003046438418096e-06,0.13317379355430603
541,3,61.0,50.465843200683594
541,4,-3.8678075497955433e-07,5.379455089569092
541,5,-1.2700263596343575e-07,0.42650306224823
541,6,-2.3322301956341107e-07,-0.15012526512145996
541,7,5.311019179998766e-08,0.16649013757705688
542,0,1.408574661354578e-07,-0.3869656026363373
542,1,-8.890184233223408e-08,-0.11787852644920349
542,2,-1.4663031322470488e-07,0.13854393362998962
542,3,-1.7330086166111869e-06,2.2306253910064697
542,4,52.999996185302734,51.580596923828125
542,5,-1.2700263596343575e-07,6.7214436531066895
542,6,-2.3322301956341107e-07,0.07790303975343704
542,7,5.311019179998766e-08,-0.3389825224876404
543,0,1.408574661354578e-07,0.19498933851718903
543,1,-8.890184233223408e-08,-0.14665469527244568
543,2,-1.4663031322470488e-07,-0.08460059762001038
543,3,-3.024971704235213e-07,0.017553504556417465
543,4,1.997404979192652e-06,0.9814020395278931
543,5,55.0,48.7839469909668
543,6,-2.3322301956341107e-07,5.80467414855957
543,7,5.311019179998766e-08,0.773862898349762
544,0,1.408574661354578e-07,-0.08822999149560928
544,1,-8.890184233223408e-08,-0.07614144682884216
544,2,-1.4663031322470488e-07,-0.06035485491156578
544,3,-3.024971704235213e-07,-0.12271053344011307
544,4,-3.8678075497955433e-07,0.20432767271995544
544,5,3.210857585145277e-06,1.6782845258712769
544,6,29.999998092651367,40.79813003540039
544,7,5.311019179998766e-08,9.903470039367676
545,0,1.408574661354578e-07,0.42350879311561584
545,1,-8.890184233223408e-08,-0.003892510663717985
545,2,-1.4663031322470488e-07,0.19507059454917908
545,3,-3.024971704235213e-07,-0.17432433366775513
545,4,-3.8678075497955433e-07,-0.304561048746109
545,5,-1.2700263596343575e-07,0.2144678682088852
545,6,7.204512826319842e-07,1.7849674224853516
545,7,40.0,53.615142822265625
546,0,81.0,48.268123626708984
546,1,-8.890184233223408e-08,3.780154228210449
546,2,-1.4663031322470488e-07,0.010259482078254223
546,3,-3.024971704235213e-07,-0.30625611543655396
546,4,-3.8678075497955433e-07,0.07798966765403748
546,5,-1.2700263596343575e-07,-0.09722913056612015
546,6,-2.3322301956341107e-07,-0.0589139424264431
546,7,5.311019179998766e-08,0.902170717716217
547,0,-1.7664912093096063e-06,-0.7783154249191284
547,1,48.0,29.653972625732422
547,2,-1.4663031322470488e-07,4.1595139503479
547,3,-3.024971704235213e-07,0.09685152024030685
547,4,-3.8678075497955433e-07,0.07156810164451599
547,5,-1.2700263596343575e-07,-0.13682903349399567
547,6,-2.3322301956341107e-07,0.30081868171691895
547,7,5.311019179998766e-08,0.07127862423658371
548,0,1.408574661354578e-07,0.03619875758886337
548,1,-2.473087533871876e-06,-0.1198335587978363
548,2,12.0,38.05891799926758
548,3,-3.024971704235213e-07,6.701416015625
548,4,-3.8678075497955433e-07,-0.4410056173801422
548,5,-1.2700263596343575e-07,-0.08625758439302444
548,6,-2.3322301956341107e-07,0.06789136677980423
548,7,5.311019179998766e-08,-0.21750730276107788
549,0,1.408574661354578e-07,0.16362108290195465
549,1,-8.890184233223408e-08,-0.12684592604637146
549,2,3.3020685918927484e-07,1.524941086769104
549,3,43.000003814697266,31.633920669555664
549,4,-3.8678075497955433e-07,5.503101348876953
549,5,-1.2700263596343575e-07,0.4283055067062378
549,6,-2.3322301956341107e-07,-0.1406872272491455
549,7,5.311019179998766e-08,0.179293692111969
550,0,1.408574661354578e-07,-0.31496700644493103
550,1,-8.890184233223408e-08,-0.055423349142074585
550,2,-1.4663031322470488e-07,0.5885275602340698
550,3,-1.7330086166111869e-06,4.383846282958984
550,4,56.999996185302734,38.89698791503906
550,5,-1.2700263596343575e-07,6.367549419403076
550,6,-2.3322301956341107e-07,0.06301379948854446
550,7,5.311019179998766e-08,-0.29718393087387085
551,0,1.408574661354578e-07,-0.01964554935693741
551,1,-8.890184233223408e-08,-0.022621244192123413
551,2,-1.4663031322470488e-07,-0.06928744912147522
551,3,-3.024971704235213e-07,0.07115905731916428
551,4,-2.294129444635473e-06,2.036233425140381
551,5,57.0,46.511322021484375
551,6,-2.3322301956341107e-07,5.963009834289551
551,7,5.311019179998766e-08,0.773862898349762
552,0,1.408574661354578e-07,0.2635175287723541
552,1,-8.890184233223408e-08,0.0010584895499050617
552,2,-1.4663031322470488e-07,-0.044089462608098984
552,3,-3.024971704235213e-07,-0.04321128502488136
552,4,-3.8678075497955433e-07,0.011496634222567081
552,5,-1.0806769523696858e-06,0.8339318037033081
552,6,35.0,41.102317810058594
552,7,5.311019179998766e-08,9.866873741149902
553,0,1.408574661354578e-07,0.42439189553260803
553,1,-8.890184233223408e-08,0.024944216012954712
553,2,-1.4663031322470488e-07,0.11692318320274353
553,3,-3.024971704235213e-07,-0.23197871446609497
553,4,-3.8678075497955433e-07,-0.2358488142490387
553,5,-1.2700263596343575e-07,-0.025372155010700226
553,6,-7.100601919773908e-07,2.1241981983184814
553,7,52.0,54.085819244384766
554,0,70.0,56.01499938964844
554,1,-8.890184233223408e-08,3.5501325130462646
554,2,-1.4663031322470488e-07,-0.03520694002509117
554,3,-3.024971704235213e-07,-0.28176385164260864
554,4,-3.8678075497955433e-07,0.11795434355735779
554,5,-1.2700263596343575e-07,-0.014271385967731476
554,6,-2.3322301956341107e-07,-0.06971954554319382
554,7,-2.3310756205319194e-06,0.33589988946914673
555,0,-1.7664912093096063e-06,0.04346194118261337
555,1,14.0,30.157760620117188
555,2,32.0,4.245737075805664
555,3,-3.024971704235213e-07,0.0854150578379631
555,4,-3.8678075497955433e-07,0.061493486166000366
555,5,-1.2700263596343575e-07,-0.07811177521944046
555,6,-2.3322301956341107e-07,0.13214659690856934
555,7,5.311019179998766e-08,0.31277185678482056
556,0,1.408574661354578e-07,-0.011092045344412327
556,1,-5.657390147462138e-07,-0.7034106850624084
556,2,3.3020685918927484e-07,4.044611930847168
556,3,37.0,46.94123458862305
556,4,-3.8678075497955433e-07,3.53181791305542
556,5,-1.2700263596343575e-07,-0.022010453045368195
556,6,-2.3322301956341107e-07,0.0776527002453804
556,7,5.311019179998766e-08,0.002711349166929722
557,0,1.408574661354578e-07,0.004107615910470486
557,1,-8.890184233223408e-08,-0.03876647353172302
557,2,-1.4663031322470488e-07,0.06929239630699158
557,3,6.511771175610193e-07,-0.6183446049690247
557,4,52.000003814697266,42.24662399291992
557,5,-1.2700263596343575e-07,5.835090160369873
557,6,-2.3322301956341107e-07,-0.1955106258392334
557,7,5.311019179998766e-08,0.058240942656993866
558,0,1.408574661354578e-07,0.15640081465244293
558,1,-8.890184233223408e-08,0.03772583603858948
558,2,-1.4663031322470488e-07,0.11401113867759705
558,3,-3.024971704235213e-07,-0.03380424156785011
558,4,-2.294129444635473e-06,3.2014822959899902
558,5,34.0,44.29387283325195
558,6,-2.3322301956341107e-07,5.679227828979492
558,7,5.311019179998766e-08,-0.4801635146141052
559,0,1.408574661354578e-07,0.028040073812007904
559,1,-8.890184233223408e-08,-0.09135827422142029
559,2,-1.4663031322470488e-07,0.051418159157037735
559,3,-3.024971704235213e-07,-0.19606143236160278
559,4,-3.8678075497955433e-07,-0.10496655106544495
559,5,8.266716804428142e-07,2.431077718734741
559,6,40.0,31.693065643310547
559,7,47.999996185302734,9.12728214263916
560,0,46.0,54.515830993652344
560,1,-8.890184233223408e-08,3.293560028076172
560,2,-1.4663031322470488e-07,0.056198928505182266
560,3,-3.024971704235213e-07,-0.2964509129524231
560,4,-3.8678075497955433e-07,0.1240597665309906
560,5,-1.2700263596343575e-07,0.6816190481185913
560,6,-7.100601919773908e-07,-0.6976935863494873
560,7,2.4372959614993306e-06,2.4388418197631836
561,0,-1.7664912093096063e-06,0.9737926721572876
561,1,16.0,24.696908950805664
561,2,-1.4663031322470488e-07,4.370834827423096
561,3,-3.024971704235213e-07,-0.3214276432991028
561,4,-3.8678075497955433e-07,-0.2846955358982086
561,5,-1.2700263596343575e-07,-0.08634866029024124
561,6,-2.3322301956341107e-07,0.04392457380890846
561,7,5.311019179998766e-08,0.209994375705719
562,0,1.408574661354578e-07,0.11268439143896103
562,1,-5.657390147462138e-07,-0.41830071806907654
562,2,33.0,28.63897705078125
562,3,-3.024971704235213e-07,7.664944171905518
562,4,-3.8678075497955433e-07,-0.04602280259132385
562,5,-1.2700263596343575e-07,-0.30703794956207275
562,6,-2.3322301956341107e-07,-0.04303764924407005
562,7,5.311019179998766e-08,-0.11286968737840652
563,0,1.408574661354578e-07,-0.3134935796260834
563,1,-8.890184233223408e-08,0.05350056290626526
563,2,3.3020685918927484e-07,1.2681621313095093
563,3,45.999996185302734,47.322669982910156
563,4,-3.8678075497955433e-07,3.7080888748168945
563,5,-1.2700263596343575e-07,-0.008140690624713898
563,6,-2.3322301956341107e-07,0.11537767201662064
563,7,5.311019179998766e-08,0.3712063431739807
564,0,1.408574661354578e-07,-0.217338427901268
564,1,-8.890184233223408e-08,0.05544033646583557
564,2,-1.4663031322470488e-07,0.17338880896568298
564,3,2.5585256935301004e-06,2.1400535106658936
564,4,24.000001907348633,47.719451904296875
564,5,41.0,6.487620830535889
564,6,-2.3322301956341107e-07,0.08852506428956985
564,7,5.311019179998766e-08,-0.329460084438324
565,0,1.408574661354578e-07,-0.2978733479976654
565,1,-8.890184233223408e-08,-0.30067071318626404
565,2,-1.4663031322470488e-07,-0.09146562218666077
565,3,-3.024971704235213e-07,-0.18029433488845825
565,4,-3.8678075497955433e-07,-6.204621315002441
565,5,8.266716804428142e-07,4.614515781402588
565,6,40.0,20.690092086791992
565,7,5.311019179998766e-08,9.092902183532715
566,0,1.408574661354578e-07,-0.08086476475000381
566,1,-8.890184233223408e-08,-0.11131581664085388
566,2,-1.4663031322470488e-07,-0.031121401116251945
566,3,-3.024971704235213e-07,-0.04198533669114113
566,4,-3.8678075497955433e-07,0.22969159483909607
566,5,-1.2700263596343575e-07,0.3460181951522827
566,6,-7.100601919773908e-07,2.5985772609710693
566,7,47.999996185302734,53.39091491699219
567,0,56.0,53.56365203857422
567,1,-8.890184233223408e-08,3.2707130908966064
567,2,-1.4663031322470488e-07,0.08652147650718689
567,3,-3.024971704235213e-07,-0.17616873979568481
567,4,-3.8678075497955433e-07,-0.06512060761451721
567,5,-1.2700263596343575e-07,-0.10843575745820999
567,6,-2.3322301956341107e-07,0.07110334187746048
567,7,2.4372959614993306e-06,0.5735641121864319
568,0,-1.7664912093096063e-06,0.01934828609228134
568,1,43.0,27.21094512939453
568,2,-1.4663031322470488e-07,3.9535861015319824
568,3,-3.024971704235213e-07,-0.25515681505203247
568,4,-3.8678075497955433e-07,0.22796592116355896
568,5,-1.2700263596343575e-07,0.11282240599393845
568,6,-2.3322301956341107e-07,0.003818278666585684
568,7,5.311019179998766e-08,0.22086197137832642
569,0,1.408574661354578e-07,-0.11655697971582413
569,1,-8.890184233223408e-08,0.8023099303245544
569,2,47.0,34.28174591064453
569,3,-3.024971704235213e-07,6.882190227508545
569,4,-3.8678075497955433e-07,-0.4776858389377594
569,5,-1.2700263596343575e-07,-0.0005284625804051757
569,6,-2.3322301956341107e-07,0.11418557912111282
569,7,5.311019179998766e-08,-0.10445160418748856
570,0,1.408574661354578e-07,-0.09337887912988663
570,1,-8.890184233223408e-08,0.1235140860080719
570,2,3.3020685918927484e-07,-0.6128445863723755
570,3,58.0,60.97408676147461
570,4,-3.8678075497955433e-07,5.105016231536865
570,5,-1.2700263596343575e-07,0.4211066961288452
570,6,-2.3322301956341107e-07,-0.17081475257873535
570,7,5.311019179998766e-08,0.26189619302749634
571,0,1.408574661354578e-07,-0.19183336198329926
571,1,-8.890184233223408e-08,-0.01809653639793396
571,2,-1.4663031322470488e-07,0.23802456259727478
571,3,2.5585256935301004e-06,2.934026002883911
571,4,44.999996185302734,56.01003646850586
571,5,-1.2700263596343575e-07,6.706575393676758
571,6,-2.3322301956341107e-07,0.08104301244020462
571,7,5.311019179998766e-08,-0.3088368773460388
572,0,1.408574661354578e-07,0.25404563546180725
572,1,-8.890184233223408e-08,-0.10821971297264099
572,2,-1.4663031322470488e-07,-0.02455773763358593
572,3,-3.024971704235213e-07,0.046494659036397934
572,4,1.997404979192652e-06,1.130684494972229
572,5,39.0,46.625850677490234
572,6,-2.3322301956341107e-07,5.842184066772461
572,7,5.311019179998766e-08,0.7550783753395081
573,0,1.408574661354578e-07,-0.35032734274864197
573,1,-8.890184233223408e-08,-0.2395401895046234
573,2,-1.4663031322470488e-07,-0.022807268425822258
573,3,-3.024971704235213e-07,0.05056064948439598
573,4,-3.8678075497955433e-07,0.03408822417259216
573,5,-1.0806769523696858e-06,2.4459969997406006
573,6,41.999996185302734,32.04570770263672
573,7,5.311019179998766e-08,10.359996795654297
574,0,1.408574661354578e-07,0.4548007547855377
574,1,-8.890184233223408e-08,-2.0592899090843275e-05
574,2,-1.4663031322470488e-07,0.16777929663658142
574,3,-3.024971704235213e-07,-0.17814046144485474
574,4,-3.8678075497955433e-07,0.0338951051235199
574,5,-1.2700263596343575e-07,0.6079820394515991
574,6,-7.100601919773908e-07,0.7985565662384033
574,7,38.0,53.3338737487793
575,0,53.0,47.016239166259766
575,1,-8.890184233223408e-08,3.8193259239196777
575,2,-1.4663031322470488e-07,0.10203394293785095
575,3,-3.024971704235213e-07,-0.21150094270706177
575,4,-3.8678075497955433e-07,-0.3528651297092438
575,5,-1.2700263596343575e-07,0.06867968291044235
575,6,-2.3322301956341107e-07,0.08629775792360306
575,7,5.311019179998766e-08,0.8332095742225647
576,0,-1.7664912093096063e-06,1.3914381265640259
576,1,40.0,25.141483306884766
576,2,-1.4663031322470488e-07,4.670811653137207
576,3,-3.024971704235213e-07,0.1808721423149109
576,4,-3.8678075497955433e-07,-0.034089475870132446
576,5,-1.2700263596343575e-07,-0.2618290185928345
576,6,-2.3322301956341107e-07,-0.045125242322683334
576,7,5.311019179998766e-08,0.016503864899277687
577,0,1.408574661354578e-07,0.021378658711910248
577,1,-8.890184233223408e-08,0.42424383759498596
577,2,29.000001907348633,33.507713317871094
577,3,-3.024971704235213e-07,6.906552314758301
577,4,-3.8678075497955433e-07,-0.494316965341568
577,5,-1.2700263596343575e-07,-0.008576996624469757
577,6,-2.3322301956341107e-07,0.12199712544679642
577,7,5.311019179998766e-08,-0.20071738958358765
578,0,1.408574661354578e-07,-0.06289754062891006
578,1,-8.890184233223408e-08,0.09711781144142151
578,2,-1.1003046438418096e-06,0.06016716733574867
578,3,28.0,49.28189468383789
578,4,-3.8678075497955433e-07,5.379455089569092
578,5,-1.2700263596343575e-07,0.42987191677093506
578,6,-2.3322301956341107e-07,-0.13108325004577637
578,7,5.311019179998766e-08,0.15848785638809204
579,0,1.408574661354578e-07,-0.24435602128505707
579,1,-8.890184233223408e-08,-0.058540910482406616
579,2,-1.4663031322470488e-07,-0.07011094689369202
579,3,6.511771175610193e-07,-0.006686036475002766
579,4,52.999996185302734,35.55118942260742
579,5,-1.2700263596343575e-07,5.842767238616943
579,6,-2.3322301956341107e-07,0.08339620381593704
579,7,5.311019179998766e-08,-0.286465585231781
580,0,1.408574661354578e-07,0.24020875990390778
580,1,-8.890184233223408e-08,-0.14783868193626404
580,2,-1.4663031322470488e-07,-0.20184627175331116
580,3,-3.024971704235213e-07,0.23229330778121948
580,4,1.997404979192652e-06,5.295214653015137
580,5,50.0,42.81970977783203
580,6,-2.3322301956341107e-07,5.80467414855957
580,7,5.311019179998766e-08,0.776799738407135
581,0,1.408574661354578e-07,-0.08822999149560928
581,1,-8.890184233223408e-08,-0.09965810179710388
581,2,-1.4663031322470488e-07,-0.04275527223944664
581,3,-3.024971704235213e-07,-0.2587931752204895
581,4,-3.8678075497955433e-07,0.02387818694114685
581,5,-1.0806769523696858e-06,0.5062493085861206
581,6,32.0,40.984031677246094
581,7,5.311019179998766e-08,10.050670623779297
582,0,1.408574661354578e-07,0.42383208870887756
582,1,-8.890184233223408e-08,0.09101477265357971
582,2,-1.4663031322470488e-07,-0.10003295540809631
582,3,-3.024971704235213e-07,-0.4117901921272278
582,4,-3.8678075497955433e-07,-0.12251320481300354
582,5,-1.2700263596343575e-07,0.031019560992717743
582,6,-7.100601919773908e-07,1.7202742099761963
582,7,50.999996185302734,53.57981872558594
583,0,57.0,55.36333084106445
583,1,-8.890184233223408e-08,3.560915946960449
583,2,-1.4663031322470488e-07,0.010259482078254223
583,3,-3.024971704235213e-07,-0.31058675050735474
583,4,-3.8678075497955433e-07,-0.11746922135353088
583,5,-1.2700263596343575e-07,-0.025677330791950226
583,6,-2.3322301956341107e-07,0.07567668706178665
583,7,-2.3310756205319194e-06,0.617350161075592
584,0,-1.7664912093096063e-06,-0.403219074010849
584,1,40.0,27.81165885925293
584,2,22.000001907348633,4.554388046264648
584,3,-3.024971704235213e-07,0.11651533097028732
584,4,-3.8678075497955433e-07,0.05198487639427185
584,5,-1.2700263596343575e-07,-0.1199728325009346
584,6,-2.3322301956341107e-07,0.1910722255706787
584,7,5.311019179998766e-08,0.26231247186660767
585,0,1.408574661354578e-07,0.24647821485996246
585,1,-8.890184233223408e-08,1.0541659593582153
585,2,-1.1003046438418096e-06,-2.288623571395874
585,3,39.0,42.44181823730469
585,4,-3.8678075497955433e-07,3.811600685119629
585,5,-1.2700263596343575e-07,-0.04615844041109085
585,6,-2.3322301956341107e-07,0.07668090611696243
585,7,5.311019179998766e-08,-0.0659446194767952
586,0,1.408574661354578e-07,0.14991869032382965
586,1,-8.890184233223408e-08,0.05426636338233948
586,2,-1.4663031322470488e-07,0.05961594358086586
586,3,6.511771175610193e-07,-0.4277823567390442
586,4,43.0,40.44779968261719
586,5,-1.2700263596343575e-07,5.944272518157959
586,6,-2.3322301956341107e-07,-0.18693804740905762
586,7,5.311019179998766e-08,0.17223316431045532
587,0,1.408574661354578e-07,-0.33678898215293884
587,1,-8.890184233223408e-08,-0.13017520308494568
587,2,-1.4663031322470488e-07,0.025503011420369148
587,3,-3.024971704235213e-07,-0.061610523611307144
587,4,-2.294129444635473e-06,1.8966890573501587
587,5,61.0,42.55440902709961
587,6,-2.3322301956341107e-07,6.029721736907959
587,7,5.311019179998766e-08,-0.3322257399559021
588,0,1.408574661354578e-07,-0.04101739078760147
588,1,-8.890184233223408e-08,0.004119307268410921
588,2,-1.4663031322470488e-07,0.07933887839317322
588,3,-3.024971704235213e-07,-0.31719666719436646
588,4,-3.8678075497955433e-07,0.18692836165428162
588,5,-1.0806769523696858e-06,0.2541745901107788
588,6,28.999998092651367,37.99018859863281
588,7,5.311019179998766e-08,10.090424537658691
589,0,1.408574661354578e-07,0.42337337136268616
589,1,-8.890184233223408e-08,0.04116716980934143
589,2,-1.4663031322470488e-07,0.058974120765924454
589,3,-3.024971704235213e-07,-0.270158588886261
589,4,-3.8678075497955433e-07,-0.23956814408302307
589,5,-1.2700263596343575e-07,-0.18944229185581207
589,6,7.204512826319842e-07,1.7376821041107178
589,7,47.999996185302734,53.78321075439453
590,0,43.0,53.488399505615234
590,1,-8.890184233223408e-08,3.593268871307373
590,2,-1.4663031322470488e-07,0.12508711218833923
590,3,-3.024971704235213e-07,-0.1278875470161438
590,4,-3.8678075497955433e-07,-0.013640313409268856
590,5,-1.2700263596343575e-07,-0.12100899964570999
590,6,-2.3322301956341107e-07,-0.15695643424987793
590,7,2.4372959614993306e-06,0.5710716843605042
591,0,1.0945317399091437e-06,1.3175827264785767
591,1,55.0,23.55799102783203
591,2,-1.4663031322470488e-07,5.104594707489014
591,3,-3.024971704235213e-07,0.07401102036237717
591,4,-3.8678075497955433e-07,0.09029683470726013
591,5,-1.2700263596343575e-07,-0.1225515678524971
591,6,-2.3322301956341107e-07,0.32311129570007324
591,7,5.311019179998766e-08,0.17397791147232056
592,0,1.408574661354578e-07,0.6778765916824341
592,1,-8.890184233223408e-08,0.7977895140647888
592,2,35.0,34.47486877441406
592,3,45.999996185302734,6.578080177307129
592,4,-3.8678075497955433e-07,-0.4425934851169586
592,5,-1.2700263596343575e-07,-0.10433924943208694
592,6,-2.3322301956341107e-07,0.07362628728151321
592,7,5.311019179998766e-08,-0.08149523288011551
593,0,1.408574661354578e-07,-0.1726759523153305
593,1,-8.890184233223408e-08,0.03593626618385315
593,2,3.3020685918927484e-07,1.9564920663833618
593,3,2.5585256935301004e-06,-3.1802637577056885
593,4,32.0,48.471675872802734
593,5,-1.2700263596343575e-07,6.272858142852783
593,6,-2.3322301956341107e-07,-0.16732287406921387
593,7,5.311019179998766e-08,0.3855820298194885
594,0,1.408574661354578e-07,-0.14192377030849457
594,1,-8.890184233223408e-08,-0.2858186662197113
594,2,-1.4663031322470488e-07,-0.030266432091593742
594,3,-3.024971704235213e-07,0.08315103501081467
594,4,-3.8678075497955433e-07,0.2662721574306488
594,5,45.0,40.076663970947266
594,6,-2.3322301956341107e-07,7.393736362457275
594,7,5.311019179998766e-08,-0.1732611060142517
595,0,1.408574661354578e-07,0.20059408247470856
595,1,-8.890184233223408e-08,-0.15417107939720154
595,2,-1.4663031322470488e-07,-0.1803690493106842
595,3,-3.024971704235213e-07,0.10283678025007248
595,4,-3.8678075497955433e-07,0.5411807298660278
595,5,-1.0806769523696858e-06,3.1705548763275146
595,6,26.0,29.53915023803711
595,7,5.311019179998766e-08,12.012223243713379
596,0,1.408574661354578e-07,-0.15997110307216644
596,1,-8.890184233223408e-08,-0.235142320394516
596,2,-1.4663031322470488e-07,0.018947454169392586
596,3,-3.024971704235213e-07,0.28105467557907104
596,4,-3.8678075497955433e-07,-0.4323042929172516
596,5,-1.2700263596343575e-07,0.29765641689300537
596,6,-7.100601919773908e-07,2.294661283493042
596,7,44.0,52.71990203857422
597,0,32.0,50.97481918334961
597,1,-8.890184233223408e-08,3.6896705627441406
597,2,-1.4663031322470488e-07,0.23964914679527283
597,3,-3.024971704235213e-07,-0.036278072744607925
597,4,-3.8678075497955433e-07,-0.14222612977027893
597,5,-1.2700263596343575e-07,0.09373318403959274
597,6,-2.3322301956341107e-07,0.06858564168214798
597,7,-2.3310756205319194e-06,0.4168739914894104
598,0,1.0945317399091437e-06,2.031432867050171
598,1,35.0,21.006736755371094
598,2,-1.4663031322470488e-07,5.573887825012207
598,3,-3.024971704235213e-07,0.145612895488739
598,4,-3.8678075497955433e-07,0.0010763115715235472
598,5,-1.2700263596343575e-07,-0.17142261564731598
598,6,-2.3322301956341107e-07,0.25502467155456543
598,7,5.311019179998766e-08,0.11138635128736496
599,0,1.408574661354578e-07,0.7051812410354614
599,1,-8.890184233223408e-08,-0.04454335570335388
599,2,27.0,29.65194320678711
599,3,-3.024971704235213e-07,7.00496244430542
599,4,-3.8678075497955433e-07,-0.4483126699924469
599,5,-1.2700263596343575e-07,-0.16251148283481598
599,6,-2.3322301956341107e-07,0.04681706801056862
599,7,5.311019179998766e-08,-0.12335676699876785
600,0,1.408574661354578e-07,-0.25876984000205994
600,1,-8.890184233223408e-08,0.13647118210792542
600,2,3.3020685918927484e-07,0.029555650427937508
600,3,36.0,47.523502349853516
600,4,-3.8678075497955433e-07,5.4385881423950195
600,5,-1.2700263596343575e-07,0.42470109462738037
600,6,-2.3322301956341107e-07,-0.1476895809173584
600,7,5.311019179998766e-08,0.4134059548377991
601,0,1.408574661354578e-07,-0.28924259543418884
601,1,-8.890184233223408e-08,-0.04004964232444763
601,2,-1.4663031322470488e-07,-0.03654637560248375
601,3,6.511771175610193e-07,0.4466244578361511
601,4,26.000001907348633,40.22532272338867
601,5,-1.2700263596343575e-07,6.017597198486328
601,6,-2.3322301956341107e-07,0.09800220280885696
601,7,5.311019179998766e-08,-0.13919156789779663
602,0,1.408574661354578e-07,0.1542006880044937
602,1,-8.890184233223408e-08,-0.20054969191551208
602,2,-1.4663031322470488e-07,-0.1919032633304596
602,3,-3.024971704235213e-07,-0.01319295633584261
602,4,-1.3404550145423855e-06,2.1991658210754395
602,5,46.0,34.86333465576172
602,6,-2.3322301956341107e-07,7.339498043060303
602,7,5.311019179998766e-08,0.7655478119850159
603,0,1.408574661354578e-07,-0.04393944889307022
603,1,-8.890184233223408e-08,-0.08610019087791443
603,2,-1.4663031322470488e-07,-0.04303755983710289
603,3,-3.024971704235213e-07,0.12953060865402222
603,4,-3.8678075497955433e-07,0.3059445321559906
603,5,3.210857585145277e-06,2.5878384113311768
603,6,15.0,26.413057327270508
603,7,5.311019179998766e-08,10.179337501525879
604,0,1.408574661354578e-07,0.41273799538612366
604,1,-8.890184233223408e-08,0.053593069314956665
604,2,-1.4663031322470488e-07,-0.007725862320512533
604,3,-3.024971704235213e-07,-0.21432572603225708
604,4,-3.8678075497955433e-07,-0.1540326178073883
604,5,-1.2700263596343575e-07,0.2041977494955063
604,6,-2.3322301956341107e-07,0.08974242955446243
604,7,34.0,39.59331130981445
605,0,34.999996185302734,44.07650375366211
605,1,-8.890184233223408e-08,3.9339022636413574
605,2,-1.4663031322470488e-07,0.3010657727718353
605,3,-3.024971704235213e-07,0.02950352057814598
605,4,-3.8678075497955433e-07,-0.2498258650302887
605,5,-1.2700263596343575e-07,-0.1670299917459488
605,6,-2.3322301956341107e-07,-0.24494481086730957
605,7,5.311019179998766e-08,1.6238765716552734
606,0,1.0945317399091437e-06,0.8289061784744263
606,1,14.0,20.292646408081055
606,2,-1.4663031322470488e-07,5.519885063171387
606,3,-3.024971704235213e-07,0.13969820737838745
606,4,-3.8678075497955433e-07,0.007373422849923372
606,5,-1.2700263596343575e-07,-0.15548671782016754
606,6,-2.3322301956341107e-07,0.0868222787976265
606,7,5.311019179998766e-08,-0.03693241626024246
607,0,1.408574661354578e-07,0.3376065790653229
607,1,-5.657390147462138e-07,0.15768852829933167
607,2,24.000001907348633,27.305274963378906
607,3,-3.024971704235213e-07,8.806354522705078
607,4,-3.8678075497955433e-07,-0.36312857270240784
607,5,-1.2700263596343575e-07,0.12009035795927048
607,6,-2.3322301956341107e-07,-0.340623140335083
607,7,5.311019179998766e-08,-0.3581179976463318
608,0,1.408574661354578e-07,-0.20098863542079926
608,1,-8.890184233223408e-08,-0.04954633116722107
608,2,3.3020685918927484e-07,0.24057945609092712
608,3,49.0,41.79217529296875
608,4,-3.8678075497955433e-07,5.5819926261901855
608,5,-1.2700263596343575e-07,0.43332040309906006
608,6,-2.3322301956341107e-07,-0.10621046274900436
608,7,5.311019179998766e-08,0.8199439644813538
609,0,1.408574661354578e-07,-0.3266380727291107
609,1,-8.890184233223408e-08,0.04451361298561096
609,2,-1.4663031322470488e-07,0.1861489713191986
609,3,-1.7330086166111869e-06,-0.42201167345046997
609,4,34.0,46.53864288330078
609,5,-1.2700263596343575e-07,6.60758638381958
609,6,-2.3322301956341107e-07,0.09566760808229446
609,7,5.311019179998766e-08,-0.29034703969955444
610,0,1.408574661354578e-07,-0.4501417577266693
610,1,-8.890184233223408e-08,-0.22506007552146912
610,2,-1.4663031322470488e-07,-0.09985366463661194
610,3,-3.024971704235213e-07,-0.13596564531326294
610,4,-3.8678075497955433e-07,0.45302972197532654
610,5,28.000001907348633,41.13515090942383
610,6,-2.3322301956341107e-07,7.167390823364258
610,7,5.311019179998766e-08,1.1626825332641602
611,0,1.408574661354578e-07,0.015620372258126736
611,1,-8.890184233223408e-08,-0.05282983183860779
611,2,-1.4663031322470488e-07,-0.10809674859046936
611,3,-3.024971704235213e-07,-0.2279241681098938
611,4,-3.8678075497955433e-07,0.024018853902816772
611,5,-1.0806769523696858e-06,2.3454487323760986
611,6,17.0,27.442481994628906
611,7,5.311019179998766e-08,10.563385009765625
612,0,1.408574661354578e-07,0.417429119348526
612,1,-8.890184233223408e-08,0.011454016901552677
612,2,-1.4663031322470488e-07,0.11686596274375916
612,3,-3.024971704235213e-07,-0.2738249897956848
612,4,-3.8678075497955433e-07,-0.36114302277565
612,5,-1.2700263596343575e-07,0.5268610715866089
612,6,-2.3322301956341107e-07,1.5842411518096924
612,7,47.999996185302734,36.054046630859375
613,0,49.0,53.302154541015625
613,1,-8.890184233223408e-08,3.593268871307373
613,2,-1.4663031322470488e-07,0.21960720419883728
613,3,-3.024971704235213e-07,-0.087544746696949
613,4,-3.8678075497955433e-07,-0.4098261892795563
613,5,-1.2700263596343575e-07,-0.005797990132123232
613,6,-2.3322301956341107e-07,-0.020847076550126076
613,7,2.4372959614993306e-06,1.7293643951416016
614,0,1.0945317399091437e-06,1.0302988290786743
614,1,19.0,25.56061553955078
614,2,-1.4663031322470488e-07,4.885282516479492
614,3,-3.024971704235213e-07,0.3088032603263855
614,4,-3.8678075497955433e-07,-0.17271319031715393
614,5,-1.2700263596343575e-07,-0.27046072483062744
614,6,-2.3322301956341107e-07,0.09695363789796829
614,7,5.311019179998766e-08,0.20461183786392212
615,0,1.408574661354578e-07,0.028809688985347748
615,1,-8.890184233223408e-08,0.31813088059425354
615,2,42.0,29.400434494018555
615,3,61.999996185302734,8.354976654052734
615,4,-3.8678075497955433e-07,-0.4068717062473297
615,5,-1.2700263596343575e-07,0.16551195085048676
615,6,-2.3322301956341107e-07,-0.2981436252593994
615,7,5.311019179998766e-08,-0.21890634298324585
616,0,1.408574661354578e-07,-0.3342913091182709
616,1,-8.890184233223408e-08,0.08572140336036682
616,2,3.3020685918927484e-07,4.060211181640625
616,3,2.5585256935301004e-06,-2.66377854347229
616,4,37.0,57.74571990966797
616,5,-1.2700263596343575e-07,6.512589454650879
616,6,-2.3322301956341107e-07,-0.16905903816223145
616,7,5.311019179998766e-08,0.387397825717926
617,0,1.408574661354578e-07,-0.18751035630702972
617,1,-8.890184233223408e-08,0.11544933915138245
617,2,-1.4663031322470488e-07,0.01041922252625227
617,3,-3.024971704235213e-07,0.22588413953781128
617,4,-3.8678075497955433e-07,-0.012274174951016903
617,5,40.0,44.915565490722656
617,6,-2.3322301956341107e-07,6.706570625305176
617,7,5.311019179998766e-08,-0.34523671865463257
618,0,1.408574661354578e-07,0.039870403707027435
618,1,-8.890184233223408e-08,-0.29152020812034607
618,2,-1.4663031322470488e-07,-0.1291429102420807
618,3,-3.024971704235213e-07,0.17034310102462769
618,4,-3.8678075497955433e-07,0.23650559782981873
618,5,-1.0806769523696858e-06,2.796692132949829
618,6,29.999998092651367,27.21320915222168
618,7,5.311019179998766e-08,9.3528413772583
619,0,1.408574661354578e-07,-0.3186367452144623
619,1,-8.890184233223408e-08,-0.34386929869651794
619,2,-1.4663031322470488e-07,0.1775434911251068
619,3,-3.024971704235213e-07,-0.09738952666521072
619,4,-3.8678075497955433e-07,-0.5542067289352417
619,5,-1.2700263596343575e-07,0.4492896795272827
619,6,7.204512826319842e-07,1.5984785556793213
619,7,54.999996185302734,52.878501892089844
620,0,33.999996185302734,58.07399368286133
620,1,-8.890184233223408e-08,3.538658380508423
620,2,-1.4663031322470488e-07,0.18954309821128845
620,3,-3.024971704235213e-07,-0.09751207381486893
620,4,-3.8678075497955433e-07,-0.24804344773292542
620,5,-1.2700263596343575e-07,0.14919792115688324
620,6,-2.3322301956341107e-07,0.09691549092531204
620,7,2.4372959614993306e-06,0.23363405466079712
621,0,1.0945317399091437e-06,1.3092910051345825
621,1,49.999996185302734,23.614320755004883
621,2,-1.4663031322470488e-07,5.561465740203857
621,3,-3.024971704235213e-07,0.17500180006027222
621,4,-3.8678075497955433e-07,-0.033027082681655884
621,5,-1.2700263596343575e-07,-0.1881801038980484
621,6,-2.3322301956341107e-07,0.21819138526916504
621,7,5.311019179998766e-08,0.18769270181655884
622,0,1.408574661354578e-07,0.2359267622232437
622,1,2.772121206362499e-06,0.4486903250217438
622,2,36.0,31.786773681640625
622,3,-3.024971704235213e-07,6.629417419433594
622,4,-3.8678075497955433e-07,-0.4410056173801422
622,5,-1.2700263596343575e-07,-0.07765544205904007
622,6,-2.3322301956341107e-07,0.06976247578859329
622,7,5.311019179998766e-08,0.07013946026563644
623,0,1.408574661354578e-07,-0.18322549760341644
623,1,-8.890184233223408e-08,0.06331148743629456
623,2,3.3020685918927484e-07,0.6331247091293335
623,3,42.0,53.00011444091797
623,4,-3.8678075497955433e-07,5.156667232513428
623,5,-1.2700263596343575e-07,0.4146231412887573
623,6,-2.3322301956341107e-07,-0.20438742637634277
623,7,5.311019179998766e-08,0.050805144011974335
624,0,1.408574661354578e-07,-0.08940110355615616
624,1,-8.890184233223408e-08,-0.18944701552391052
624,2,-1.4663031322470488e-07,0.0015476667322218418
624,3,6.511771175610193e-07,2.2591159343719482
624,4,22.0,46.81794357299805
624,5,-1.2700263596343575e-07,6.325510501861572
624,6,-2.3322301956341107e-07,0.09646964818239212
624,7,5.311019179998766e-08,-0.0483211949467659
625,0,1.408574661354578e-07,0.27208343148231506
625,1,-8.890184233223408e-08,-0.15940436720848083
625,2,-1.4663031322470488e-07,-0.08910146355628967
625,3,-3.024971704235213e-07,0.16663092374801636
625,4,-3.8678075497955433e-07,2.135829448699951
625,5,35.0,32.279354095458984
625,6,41.999996185302734,7.530160427093506
625,7,5.311019179998766e-08,0.8151693940162659
626,0,1.408574661354578e-07,-0.13870511949062347
626,1,-8.890184233223408e-08,-0.1378236711025238
626,2,-1.4663031322470488e-07,-0.04053511843085289
626,3,-3.024971704235213e-07,0.20204514265060425
626,4,-3.8678075497955433e-07,1.0530744791030884
626,5,-1.0806769523696858e-06,-4.278280258178711
626,6,-7.100601919773908e-07,8.128494262695312
626,7,41.999996185302734,52.52070617675781
627,0,75.0,49.80720138549805
627,1,-8.890184233223408e-08,3.432079315185547
627,2,-1.4663031322470488e-07,0.05285057798027992
627,3,-3.024971704235213e-07,-0.15777283906936646
627,4,-3.8678075497955433e-07,-0.22671499848365784
627,5,-1.2700263596343575e-07,0.16096197068691254
627,6,-2.3322301956341107e-07,0.08808828145265579
627,7,2.4372959614993306e-06,-0.43120473623275757
628,0,3.955554802814731e-06,-0.6522997617721558
628,1,23.0,29.676355361938477
628,2,30.000001907348633,3.719308614730835
628,3,-3.024971704235213e-07,0.01000946294516325
628,4,-3.8678075497955433e-07,-0.5509909391403198
628,5,-1.2700263596343575e-07,-0.137705460190773
628,6,-2.3322301956341107e-07,-0.04989027604460716
628,7,5.311019179998766e-08,0.20055681467056274
629,0,1.408574661354578e-07,-0.13166795670986176
629,1,-8.890184233223408e-08,-0.8583336472511292
629,2,-2.5308161184511846e-06,1.8728288412094116
629,3,65.0,45.88592529296875
629,4,-3.8678075497955433e-07,6.97519063949585
629,5,-1.2700263596343575e-07,-0.203776016831398
629,6,-2.3322301956341107e-07,-0.2053992748260498
629,7,5.311019179998766e-08,-0.1258816123008728
630,0,1.408574661354578e-07,0.07089724391698837
630,1,-8.890184233223408e-08,0.08122101426124573
630,2,-1.4663031322470488e-07,0.17855390906333923
630,3,2.5585256935301004e-06,1.1057277917861938
630,4,48.999996185302734,53.354286193847656
630,5,-1.2700263596343575e-07,6.5588531494140625
630,6,-2.3322301956341107e-07,-0.1510317325592041
630,7,5.311019179998766e-08,0.15433603525161743
631,0,1.408574661354578e-07,-0.030823566019535065
631,1,-8.890184233223408e-08,-0.017269223928451538
631,2,-1.4663031322470488e-07,0.02769884653389454
631,3,-3.024971704235213e-07,-0.09875757247209549
631,4,1.997404979192652e-06,1.3937727212905884
631,5,20.999998092651367,48.75414276123047
631,6,-2.3322301956341107e-07,5.6513495445251465
631,7,5.311019179998766e-08,-0.4222049117088318
632,0,1.408574661354578e-07,-0.03895745426416397
632,1,-8.890184233223408e-08,-0.03144463896751404
632,2,-1.4663031322470488e-07,0.019048066809773445
632,3,-3.024971704235213e-07,-0.08820802718400955
632,4,-3.8678075497955433e-07,-0.1022423803806305
632,5,8.266716804428142e-07,2.3179361820220947
632,6,30.999998092651367,24.38471794128418
632,7,5.311019179998766e-08,5.783446311950684
633,0,1.408574661354578e-07,0.42364707589149475
633,1,-8.890184233223408e-08,-0.009564965032041073
633,2,-1.4663031322470488e-07,0.19613680243492126
633,3,-3.024971704235213e-07,-0.20833760499954224
633,4,-3.8678075497955433e-07,0.5304652452468872
633,5,-1.2700263596343575e-07,1.53844153881073
633,6,7.204512826319842e-07,2.0601518154144287
633,7,43.0,44.843475341796875
634,0,37.0,50.41664505004883
634,1,-8.890184233223408e-08,3.7144720554351807
634,2,-1.4663031322470488e-07,0.0559600330889225
634,3,-3.024971704235213e-07,-0.2789815068244934
634,4,-3.8678075497955433e-07,-0.3660058081150055
634,5,-1.2700263596343575e-07,0.0026701611932367086
634,6,-2.3322301956341107e-07,0.12351537495851517
634,7,-2.3310756205319194e-06,0.702186644077301
635,0,-1.7664912093096063e-06,1.9038792848587036
635,1,19.0,21.04952049255371
635,2,-1.4663031322470488e-07,5.424025058746338
635,3,-3.024971704235213e-07,0.44259899854660034
635,4,-3.8678075497955433e-07,-0.20631304383277893
635,5,-1.2700263596343575e-07,-0.3381768465042114
635,6,-2.3322301956341107e-07,0.06468463689088821
635,7,5.311019179998766e-08,0.0707288309931755
636,0,1.408574661354578e-07,0.18471159040927887
636,1,-8.890184233223408e-08,0.10074272751808167
636,2,19.0,27.823366165161133
636,3,27.0,8.354976654052734
636,4,-3.8678075497955433e-07,-0.438591867685318
636,5,-1.2700263596343575e-07,-0.06280291825532913
636,6,-2.3322301956341107e-07,0.07264018803834915
636,7,5.311019179998766e-08,-0.18471091985702515
637,0,1.408574661354578e-07,-0.2785662114620209
637,1,-8.890184233223408e-08,0.04235544800758362
637,2,3.3020685918927484e-07,0.08871683478355408
637,3,6.511771175610193e-07,-0.011398141272366047
637,4,29.0,31.548118591308594
637,5,-1.2700263596343575e-07,5.6376953125
637,6,-2.3322301956341107e-07,-0.1464688777923584
637,7,5.311019179998766e-08,0.40566879510879517
638,0,1.408574661354578e-07,-0.18000207841396332
638,1,-8.890184233223408e-08,0.08676949143409729
638,2,-1.4663031322470488e-07,0.026501985266804695
638,3,-3.024971704235213e-07,-0.0019477054011076689
638,4,-3.8678075497955433e-07,1.0782390832901
638,5,57.0,35.28447723388672
638,6,-2.3322301956341107e-07,7.572696208953857
638,7,5.311019179998766e-08,-0.2708677649497986
639,0,1.408574661354578e-07,-0.17931924760341644
639,1,-8.890184233223408e-08,-0.042508214712142944
639,2,-1.4663031322470488e-07,-0.04810013994574547
639,3,-3.024971704235213e-07,-0.1980913281440735
639,4,-3.8678075497955433e-07,0.3231383264064789
639,5,-1.0806769523696858e-06,1.702126383781433
639,6,21.0,31.088937759399414
639,7,38.0,8.896003723144531
640,0,40.0,47.09379959106445
640,1,-8.890184233223408e-08,2.7936837673187256
640,2,-1.4663031322470488e-07,0.10211643576622009
640,3,-3.024971704235213e-07,0.36035650968551636
640,4,-3.8678075497955433e-07,-0.17871800065040588
640,5,-1.2700263596343575e-07,0.08782421797513962
640,6,7.204512826319842e-07,2.3474810123443604
640,7,5.311019179998766e-08,3.693798065185547
641,0,-1.7664912093096063e-06,1.381665825843811
641,1,24.999998092651367,20.553709030151367
641,2,-1.4663031322470488e-07,4.370468616485596
641,3,-3.024971704235213e-07,0.03815668448805809
641,4,-3.8678075497955433e-07,-0.30197611451148987
641,5,-1.2700263596343575e-07,-0.2024608999490738
641,6,-2.3322301956341107e-07,-0.03561234101653099
641,7,5.311019179998766e-08,-0.00956768449395895
642,0,1.408574661354578e-07,0.26870742440223694
642,1,1.3416096180662862e-06,1.3848801851272583
642,2,25.0,29.753726959228516
642,3,-3.024971704235213e-07,7.2958831787109375
642,4,-3.8678075497955433e-07,0.14231929183006287
642,5,-1.2700263596343575e-07,-0.02719462662935257
642,6,-2.3322301956341107e-07,-0.007078404072672129
642,7,5.311019179998766e-08,-0.16328805685043335
643,0,1.408574661354578e-07,-0.26006969809532166
643,1,-8.890184233223408e-08,0.030290991067886353
643,2,3.3020685918927484e-07,-0.3870765268802643
643,3,44.0,44.64732360839844
643,4,-3.8678075497955433e-07,3.7271111011505127
643,5,-1.2700263596343575e-07,0.05295168608427048
643,6,-2.3322301956341107e-07,-0.13544869422912598
643,7,5.311019179998766e-08,0.4522882103919983
644,0,1.408574661354578e-07,0.13319887220859528
644,1,-8.890184233223408e-08,0.016613870859146118
644,2,-1.4663031322470488e-07,0.14026722311973572
644,3,6.511771175610193e-07,-0.3534472584724426
644,4,34.0,44.2983283996582
644,5,-1.2700263596343575e-07,6.407644271850586
644,6,-2.3322301956341107e-07,0.092269666492939
644,7,5.311019179998766e-08,-0.2683071494102478
645,0,1.408574661354578e-07,0.05486883968114853
645,1,-8.890184233223408e-08,-0.21183785796165466
645,2,-1.4663031322470488e-07,-0.09332481026649475
645,3,-3.024971704235213e-07,-0.1009257510304451
645,4,-3.8678075497955433e-07,0.3927036225795746
645,5,39.0,40.28606414794922
645,6,-2.3322301956341107e-07,7.167390823364258
645,7,5.311019179998766e-08,0.8790212273597717
646,0,1.408574661354578e-07,-0.0031240961980074644
646,1,-8.890184233223408e-08,-0.06665858626365662
646,2,-1.4663031322470488e-07,-0.0717708170413971
646,3,-3.024971704235213e-07,-0.28111058473587036
646,4,-3.8678075497955433e-07,0.3389779031276703
646,5,-1.0806769523696858e-06,2.1345341205596924
646,6,22.0,24.151439666748047
646,7,5.311019179998766e-08,10.359996795654297
647,0,1.408574661354578e-07,0.42201724648475647
647,1,-8.890184233223408e-08,0.020687013864517212
647,2,-1.4663031322470488e-07,0.08539995551109314
647,3,-3.024971704235213e-07,-0.26626187562942505
647,4,-3.8678075497955433e-07,-0.30850496888160706
647,5,-1.2700263596343575e-07,0.4405783414840698
647,6,-7.100601919773908e-07,1.6530654430389404
647,7,45.0,48.16339111328125
648,0,75.0,51.5582275390625
648,1,-8.890184233223408e-08,3.6648504734039307
648,2,-1.4663031322470488e-07,0.21960720419883728
648,3,-3.024971704235213e-07,-0.06527263671159744
648,4,-3.8678075497955433e-07,-0.3211463987827301
648,5,-1.2700263596343575e-07,0.007137648295611143
648,6,-2.3322301956341107e-07,-0.0010125584667548537
648,7,5.311019179998766e-08,0.7657342553138733
649,0,3.955554802814731e-06,-0.6749047040939331
649,1,23.0,29.968313217163086
649,2,-1.4663031322470488e-07,4.17827033996582
649,3,-3.024971704235213e-07,0.1808721423149109
649,4,-3.8678075497955433e-07,-0.03396978974342346
649,5,-1.2700263596343575e-07,-0.1832066923379898
649,6,-2.3322301956341107e-07,0.21517109870910645
649,7,5.311019179998766e-08,0.2824116349220276
650,0,1.408574661354578e-07,-0.3405674397945404
650,1,-8.890184233223408e-08,0.7615336775779724
650,2,37.999996185302734,32.85020446777344
650,3,47.0,7.854354381561279
650,4,-3.8678075497955433e-07,-0.4517182409763336
650,5,-1.2700263596343575e-07,-0.0512009933590889
650,6,-2.3322301956341107e-07,-0.05140804871916771
650,7,5.311019179998766e-08,-0.08418554812669754
651,0,1.408574661354578e-07,-0.12799058854579926
651,1,-8.890184233223408e-08,0.14350023865699768
651,2,3.3020685918927484e-07,3.539909601211548
651,3,-1.7330086166111869e-06,-4.664160251617432
651,4,26.000001907348633,49.69419479370117
651,5,-1.2700263596343575e-07,6.327640533447266
651,6,-2.3322301956341107e-07,-0.16222739219665527
651,7,5.311019179998766e-08,0.20733076333999634
652,0,1.408574661354578e-07,-0.09613118320703506
652,1,-8.890184233223408e-08,0.05015459656715393
652,2,-1.4663031322470488e-07,0.04355129972100258
652,3,-3.024971704235213e-07,0.15323084592819214
652,4,-1.3404550145423855e-06,1.484735131263733
652,5,40.0,36.8186149597168
652,6,-2.3322301956341107e-07,7.323247909545898
652,7,5.311019179998766e-08,-0.4222049117088318
653,0,1.408574661354578e-07,0.06730666011571884
653,1,-8.890184233223408e-08,-0.24818333983421326
653,2,-1.4663031322470488e-07,-0.16156259179115295
653,3,-3.024971704235213e-07,0.050059493631124496
653,4,-3.8678075497955433e-07,0.6468559503555298
653,5,-1.0806769523696858e-06,3.0547287464141846
653,6,23.999998092651367,24.782306671142578
653,7,5.311019179998766e-08,9.582571029663086
654,0,1.408574661354578e-07,-0.23121438920497894
654,1,-8.890184233223408e-08,-0.27842530608177185
654,2,-1.4663031322470488e-07,0.08182224631309509
654,3,-3.024971704235213e-07,0.09991329163312912
654,4,-3.8678075497955433e-07,-0.5068444013595581
654,5,-1.2700263596343575e-07,0.4217451810836792
654,6,7.204512826319842e-07,2.3909096717834473
654,7,49.0,50.15451431274414
655,0,60.0,54.000064849853516
655,1,-8.890184233223408e-08,3.5824851989746094
655,2,-1.4663031322470488e-07,0.3010657727718353
655,3,-3.024971704235213e-07,0.01757543906569481
655,4,-3.8678075497955433e-07,-0.2893036901950836
655,5,-1.2700263596343575e-07,0.11071907728910446
655,6,-2.3322301956341107e-07,0.08382821828126907
655,7,-2.3310756205319194e-06,0.8683391213417053
656,0,-1.7664912093096063e-06,-0.22261415421962738
656,1,41.0,28.179872512817383
656,2,-1.4663031322470488e-07,4.4728264808654785
656,3,-3.024971704235213e-07,0.17500180006027222
656,4,-3.8678075497955433e-07,-0.02978840470314026
656,5,-1.2700263596343575e-07,-0.17585624754428864
656,6,-2.3322301956341107e-07,0.23062634468078613
656,7,5.311019179998766e-08,0.263278067111969
657,0,1.408574661354578e-07,-0.20826421678066254
657,1,-8.890184233223408e-08,0.7412845492362976
657,2,36.0,34.611942291259766
657,3,-3.024971704235213e-07,6.905553817749023
657,4,-3.8678075497955433e-07,-0.4502810537815094
657,5,-1.2700263596343575e-07,-0.1364070326089859
657,6,-2.3322301956341107e-07,0.018353229388594627
657,7,5.311019179998766e-08,-0.10486788302659988
658,0,1.408574661354578e-07,-0.0046328091993927956
658,1,-8.890184233223408e-08,0.10628405213356018
658,2,3.3020685918927484e-07,0.38758406043052673
658,3,35.0,51.793724060058594
658,4,-3.8678075497955433e-07,5.156667232513428
658,5,-1.2700263596343575e-07,0.42019879817962646
658,6,-2.3322301956341107e-07,-0.17679953575134277
658,7,5.311019179998766e-08,0.22536426782608032
659,0,1.408574661354578e-07,-0.17312608659267426
659,1,-8.890184233223408e-08,-0.0518094003200531
659,2,-1.4663031322470488e-07,-0.01822534017264843
659,3,6.511771175610193e-07,0.3596345782279968
659,4,48.000003814697266,42.1529541015625
659,5,-1.2700263596343575e-07,5.968844413757324
659,6,-2.3322301956341107e-07,0.07790303975343704
659,7,5.311019179998766e-08,-0.36359113454818726
660,0,1.408574661354578e-07,0.2535344660282135
660,1,-8.890184233223408e-08,-0.15354403853416443
660,2,-1.4663031322470488e-07,-0.16074195504188538
660,3,-3.024971704235213e-07,0.05742710456252098
660,4,-2.294129444635473e-06,4.626352787017822
660,5,24.999998092651367,42.73583984375
660,6,-2.3322301956341107e-07,5.726504802703857
660,7,5.311019179998766e-08,0.7686305642127991
661,0,1.408574661354578e-07,-0.24765191972255707
661,1,-8.890184233223408e-08,-0.12676391005516052
661,2,-1.4663031322470488e-07,-0.01162972766906023
661,3,-3.024971704235213e-07,-0.2300737500190735
661,4,-3.8678075497955433e-07,-0.16382351517677307
661,5,-1.2700263596343575e-07,1.4159239530563354
661,6,13.0,29.808242797851562
661,7,44.0,9.425008773803711
662,0,46.0,51.26976013183594
662,1,49.000003814697266,3.395678997039795
662,2,-1.4663031322470488e-07,0.03312525525689125
662,3,-3.024971704235213e-07,-0.33666878938674927
662,4,-3.8678075497955433e-07,-0.19072094559669495
662,5,-1.2700263596343575e-07,0.6702412366867065
662,6,-2.3322301956341107e-07,3.2427093982696533
662,7,-2.3310756205319194e-06,3.55716609954834
663,0,-1.7664912093096063e-06,-9.856173515319824
663,1,-2.473087533871876e-06,7.46914005279541
663,2,23.0,34.80227279663086
663,3,-3.024971704235213e-07,4.857908725738525
663,4,-3.8678075497955433e-07,-0.3230060636997223
663,5,-1.2700263596343575e-07,0.05450188368558884
663,6,-2.3322301956341107e-07,0.10694576054811478
663,7,5.311019179998766e-08,0.05386786907911301
664,0,1.408574661354578e-07,-0.09952531009912491
664,1,-8.890184233223408e-08,-0.04855021834373474
664,2,3.3020685918927484e-07,-0.022550730034708977
664,3,56.0,45.48002624511719
664,4,-3.8678075497955433e-07,4.169631004333496
664,5,-1.2700263596343575e-07,-0.3113471269607544
664,6,-2.3322301956341107e-07,-0.07618211954832077
664,7,5.311019179998766e-08,-0.10414738208055496
665,0,1.408574661354578e-07,-0.1527479737997055
665,1,-8.890184233223408e-08,0.1518324911594391
665,2,-1.4663031322470488e-07,0.1210378110408783
665,3,-1.7330086166111869e-06,1.0047775506973267
665,4,48.999996185302734,45.58417892456055
665,5,-1.2700263596343575e-07,7.419544219970703
665,6,-2.3322301956341107e-07,-0.33958888053894043
665,7,5.311019179998766e-08,0.20196253061294556
666,0,1.408574661354578e-07,-0.02183518558740616
666,1,-8.890184233223408e-08,-0.3940764367580414
666,2,-1.4663031322470488e-07,-0.08068147301673889
666,3,-3.024971704235213e-07,0.04092472419142723
666,4,1.997404979192652e-06,1.0310169458389282
666,5,55.0,46.967185974121094
666,6,-2.3322301956341107e-07,5.66753625869751
666,7,5.311019179998766e-08,-0.6969794631004333
667,0,1.408574661354578e-07,0.034331463277339935
667,1,-8.890184233223408e-08,-0.03312596678733826
667,2,-1.4663031322470488e-07,0.04056725278496742
667,3,-3.024971704235213e-07,-0.16221076250076294
667,4,-3.8678075497955433e-07,0.2290712296962738
667,5,3.210857585145277e-06,1.4452885389328003
667,6,14.000000953674316,40.23517608642578
667,7,5.311019179998766e-08,9.903470039367676
668,0,1.408574661354578e-07,0.4103938639163971
668,1,-8.890184233223408e-08,0.0025605265982449055
668,2,-1.4663031322470488e-07,0.1661294400691986
668,3,-3.024971704235213e-07,-0.17910414934158325
668,4,-3.8678075497955433e-07,-0.12711992859840393
668,5,-1.2700263596343575e-07,0.07468973845243454
668,6,-2.3322301956341107e-07,3.471782684326172
668,7,43.0,39.10988998413086
669,0,31.000001907348633,50.23642349243164
669,1,-8.890184233223408e-08,3.7144720554351807
669,2,-1.4663031322470488e-07,0.0559600330889225
669,3,-3.024971704235213e-07,-0.23284274339675903
669,4,-3.8678075497955433e-07,-0.08044186234474182
669,5,-1.2700263596343575e-07,-0.14967264235019684
669,6,-2.3322301956341107e-07,-0.2410590648651123
669,7,-2.3310756205319194e-06,1.3859853744506836
670,0,1.0945317399091437e-06,2.0188162326812744
670,1,41.0,20.45276641845703
670,2,-1.4663031322470488e-07,5.563483238220215
670,3,-3.024971704235213e-07,0.09685152024030685
670,4,-3.8678075497955433e-07,0.1009269654750824
670,5,-1.2700263596343575e-07,-0.06328500062227249
670,6,-2.3322301956341107e-07,-0.035600896924734116
670,7,5.311019179998766e-08,0.0764184519648552
671,0,1.408574661354578e-07,0.9065390825271606
671,1,-8.890184233223408e-08,0.07726851105690002
671,2,39.0,30.109193801879883
671,3,-3.024971704235213e-07,6.905553817749023
671,4,-3.8678075497955433e-07,-0.3202890455722809
671,5,-1.2700263596343575e-07,0.1454838365316391
671,6,-2.3322301956341107e-07,-0.3726637363433838
671,7,5.311019179998766e-08,-0.1538214087486267
672,0,1.408574661354578e-07,-0.2525366246700287
672,1,-8.890184233223408e-08,0.06403675675392151
672,2,3.3020685918927484e-07,0.4524444043636322
672,3,47.0,53.11644744873047
672,4,-3.8678075497955433e-07,5.073159694671631
672,5,-1.2700263596343575e-07,0.4256018400192261
672,6,-2.3322301956341107e-07,-0.14328598976135254
672,7,5.311019179998766e-08,0.38090234994888306
673,0,1.408574661354578e-07,-0.30496105551719666
673,1,-8.890184233223408e-08,-0.14585503935813904
673,2,-1.4663031322470488e-07,0.07569918036460876
673,3,-1.7330086166111869e-06,2.371464967727661
673,4,32.0,50.26441192626953
673,5,-1.2700263596343575e-07,6.5276103019714355
673,6,-2.3322301956341107e-07,0.09849239140748978
673,7,5.311019179998766e-08,-0.08305592089891434
674,0,1.408574661354578e-07,0.24738897383213043
674,1,-8.890184233223408e-08,-0.13849839568138123
674,2,-1.4663031322470488e-07,-0.078439861536026
674,3,-3.024971704235213e-07,0.05627220496535301
674,4,-3.8678075497955433e-07,0.7591053247451782
674,5,50.0,40.233978271484375
674,6,14.000000953674316,7.467020511627197
674,7,5.311019179998766e-08,0.7686305642127991
675,0,1.408574661354578e-07,-0.27776893973350525
675,1,-8.890184233223408e-08,-0.17371758818626404
675,2,-1.4663031322470488e-07,-0.0486089251935482
675,3,-3.024971704235213e-07,-0.20150738954544067
675,4,-3.8678075497955433e-07,0.5686179399490356
675,5,-1.0806769523696858e-06,6.769127368927002
675,6,-2.3322301956341107e-07,-11.924208641052246
675,7,33.0,30.566452026367188
676,0,46.0,43.47846984863281
676,1,-8.890184233223408e-08,3.6883676052093506
676,2,-1.4663031322470488e-07,0.10322794318199158
676,3,-3.024971704235213e-07,-0.2869494557380676
676,4,-3.8678075497955433e-07,-0.14713898301124573
676,5,-1.2700263596343575e-07,0.024365775287151337
676,6,-2.3322301956341107e-07,-0.07346176356077194
676,7,5.311019179998766e-08,1.177293300628662
677,0,-1.7664912093096063e-06,1.594190239906311
677,1,20.0,22.07931137084961
677,2,-1.4663031322470488e-07,4.190279483795166
677,3,-3.024971704235213e-07,-0.026340309530496597
677,4,-3.8678075497955433e-07,-0.2640933096408844
677,5,-1.2700263596343575e-07,-0.14725269377231598
677,6,-2.3322301956341107e-07,-0.12495826929807663
677,7,5.311019179998766e-08,0.04110484570264816
678,0,1.408574661354578e-07,0.078316830098629
678,1,-8.890184233223408e-08,0.6564015746116638
678,2,34.0,29.139280319213867
678,3,-3.024971704235213e-07,7.520341873168945
678,4,-3.8678075497955433e-07,0.019227594137191772
678,5,-1.2700263596343575e-07,0.02575957030057907
678,6,-2.3322301956341107e-07,0.22494244575500488
678,7,5.311019179998766e-08,-0.33140844106674194
679,0,1.408574661354578e-07,-0.1530531495809555
679,1,-8.890184233223408e-08,0.008501441217958927
679,2,3.3020685918927484e-07,0.8110173940658569
679,3,49.0,48.37575149536133
679,4,-3.8678075497955433e-07,5.214391708374023
679,5,-1.2700263596343575e-07,0.4342001676559448
679,6,-2.3322301956341107e-07,-0.10647176951169968
679,7,5.311019179998766e-08,0.9191260933876038
680,0,1.408574661354578e-07,-0.2600592076778412
680,1,-8.890184233223408e-08,0.04245367646217346
680,2,-1.4663031322470488e-07,0.16921886801719666
680,3,-1.7330086166111869e-06,2.2902004718780518
680,4,37.0,49.413848876953125
680,5,-1.2700263596343575e-07,6.60758638381958
680,6,-2.3322301956341107e-07,0.08852506428956985
680,7,5.311019179998766e-08,-0.3234385848045349
681,0,1.408574661354578e-07,0.02094569057226181
681,1,-8.890184233223408e-08,-0.23797091841697693
681,2,-1.4663031322470488e-07,-0.07817330956459045
681,3,-3.024971704235213e-07,-0.04114324226975441
681,4,-3.8678075497955433e-07,0.9283567667007446
681,5,43.0,42.44486999511719
681,6,-2.3322301956341107e-07,6.767406940460205
681,7,5.311019179998766e-08,0.9364443421363831
682,0,1.408574661354578e-07,-0.20131002366542816
682,1,-8.890184233223408e-08,-0.12742194533348083
682,2,-1.4663031322470488e-07,-0.04788365587592125
682,3,-3.024971704235213e-07,-0.15235310792922974
682,4,-3.8678075497955433e-07,0.3587094247341156
682,5,-1.0806769523696858e-06,2.0110394954681396
682,6,23.999998092651367,30.704753875732422
682,7,5.311019179998766e-08,10.273704528808594
683,0,1.408574661354578e-07,0.4225541651248932
683,1,-8.890184233223408e-08,0.011454016901552677
683,2,-1.4663031322470488e-07,0.11812576651573181
683,3,-3.024971704235213e-07,-0.2475636601448059
683,4,-3.8678075497955433e-07,-0.33420124650001526
683,5,-1.2700263596343575e-07,0.3526972532272339
683,6,7.204512826319842e-07,1.9237720966339111
683,7,36.0,51.01346206665039
684,0,26.000001907348633,45.543067932128906
684,1,42.0,3.8621435165405273
684,2,-1.4663031322470488e-07,0.18954309821128845
684,3,-3.024971704235213e-07,-0.09276992827653885
684,4,-3.8678075497955433e-07,-0.2119249403476715
684,5,-1.2700263596343575e-07,0.05079924315214157
684,6,-2.3322301956341107e-07,0.038003209978342056
684,7,5.311019179998766e-08,1.0545654296875
685,0,1.408574661354578e-07,-13.455452919006348
685,1,-8.890184233223408e-08,9.152091979980469
685,2,29.000001907348633,29.327096939086914
685,3,-3.024971704235213e-07,6.312182426452637
685,4,-3.8678075497955433e-07,-0.01460066344588995
685,5,-1.2700263596343575e-07,-0.1565500646829605
685,6,-2.3322301956341107e-07,0.23906922340393066
685,7,5.311019179998766e-08,-0.10037273913621902
686,0,1.408574661354578e-07,0.17642225325107574
686,1,-8.890184233223408e-08,0.0659574568271637
686,2,-1.1003046438418096e-06,-0.32474008202552795
686,3,52.0,49.58336639404297
686,4,-3.8678075497955433e-07,3.556138038635254
686,5,-1.2700263596343575e-07,-0.08644784241914749
686,6,-2.3322301956341107e-07,-0.003092522267252207
686,7,5.311019179998766e-08,-0.29570668935775757
687,0,1.408574661354578e-07,-0.1462172120809555
687,1,-8.890184233223408e-08,0.008543402887880802
687,2,-1.4663031322470488e-07,0.09735473990440369
687,3,-1.7330086166111869e-06,1.1993428468704224
687,4,37.0,49.125728607177734
687,5,-1.2700263596343575e-07,6.531266689300537
687,6,-2.3322301956341107e-07,-0.1117851659655571
687,7,5.311019179998766e-08,0.3512802720069885
688,0,1.408574661354578e-07,-0.3307274281978607
688,1,-8.890184233223408e-08,-0.021121591329574585
688,2,-1.4663031322470488e-07,-0.05167880281805992
688,3,-3.024971704235213e-07,0.012001688592135906
688,4,-3.8678075497955433e-07,0.8245049715042114
688,5,44.0,42.945953369140625
688,6,-2.3322301956341107e-07,6.695322513580322
688,7,5.311019179998766e-08,-0.20578664541244507
689,0,1.408574661354578e-07,-0.08822999149560928
689,1,-8.890184233223408e-08,-0.08849295973777771
689,2,-1.4663031322470488e-07,-0.06586995720863342
689,3,-3.024971704235213e-07,-0.15655452013015747
689,4,-3.8678075497955433e-07,0.3803640305995941
689,5,-1.0806769523696858e-06,1.95225989818573
689,6,22.999998092651367,32.43048095703125
689,7,5.311019179998766e-08,10.242578506469727
690,0,1.408574661354578e-07,0.4222947657108307
690,1,-8.890184233223408e-08,0.007722288835793734
690,2,-1.4663031322470488e-07,0.13061127066612244
690,3,-3.024971704235213e-07,-0.21968680620193481
690,4,-3.8678075497955433e-07,-0.406212717294693
690,5,-1.2700263596343575e-07,0.3333500623703003
690,6,-7.100601919773908e-07,1.944220781326294
690,7,43.0,50.475555419921875
691,0,39.0,50.33704376220703
691,1,19.0,3.7144720554351807
691,2,-1.4663031322470488e-07,0.18954309821128845
691,3,-3.024971704235213e-07,-0.09102088958024979
691,4,-3.8678075497955433e-07,-0.19562998414039612
691,5,-1.2700263596343575e-07,0.007607809733599424
691,6,-2.3322301956341107e-07,-0.0005352445296011865
691,7,-2.3310756205319194e-06,0.6314378380775452
692,0,1.0945317399091437e-06,3.3176448345184326
692,1,-8.890184233223408e-08,-1.667331337928772
692,2,22.000001907348633,25.941884994506836
692,3,-3.024971704235213e-07,7.597958564758301
692,4,-3.8678075497955433e-07,-0.008195786736905575
692,5,-1.2700263596343575e-07,-0.14555038511753082
692,6,-2.3322301956341107e-07,0.22881627082824707
692,7,5.311019179998766e-08,0.0341373011469841
693,0,1.408574661354578e-07,0.09982695430517197
693,1,-8.890184233223408e-08,0.022064119577407837
693,2,-1.1003046438418096e-06,-1.2343875169754028
693,3,38.000003814697266,40.75340270996094
693,4,-3.8678075497955433e-07,3.657567024230957
693,5,-1.2700263596343575e-07,-0.08658803254365921
693,6,-2.3322301956341107e-07,-0.02239965833723545
693,7,5.311019179998766e-08,-0.1305217146873474
694,0,1.408574661354578e-07,0.01908888667821884
694,1,-8.890184233223408e-08,-0.15332278609275818
694,2,-1.4663031322470488e-07,0.21713003516197205
694,3,-1.7330086166111869e-06,-0.1258428692817688
694,4,38.0,39.84564971923828
694,5,-1.2700263596343575e-07,5.931878566741943
694,6,-2.3322301956341107e-07,-0.14754652976989746
694,7,5.311019179998766e-08,0.28098779916763306
695,0,1.408574661354578e-07,0.0029098012018948793
695,1,-8.890184233223408e-08,0.40853920578956604
695,2,-1.4663031322470488e-07,-0.18559470772743225
695,3,-3.024971704235213e-07,-0.043017689138650894
695,4,1.997404979192652e-06,0.5328022241592407
695,5,30.999998092651367,40.801998138427734
695,6,-2.3322301956341107e-07,6.565709590911865
695,7,5.311019179998766e-08,-0.4745873808860779
696,0,1.408574661354578e-07,0.053041599690914154
696,1,-8.890184233223408e-08,-0.04458245635032654
696,2,-1.4663031322470488e-07,-0.08711686730384827
696,3,-3.024971704235213e-07,-0.25054675340652466
696,4,-3.8678075497955433e-07,-0.016760259866714478
696,5,-1.0806769523696858e-06,1.761147379875183
696,6,25.0,25.236186981201172
696,7,5.311019179998766e-08,10.530543327331543
697,0,1.408574661354578e-07,0.4227563440799713
697,1,-8.890184233223408e-08,0.04485216736793518
697,2,-1.4663031322470488e-07,0.043895576149225235
697,3,-3.024971704235213e-07,-0.30265456438064575
697,4,-3.8678075497955433e-07,-0.16039696335792542
697,5,-1.2700263596343575e-07,0.7032431364059448
697,6,-7.100601919773908e-07,0.7227461338043213
697,7,45.0,47.60194396972656
698,0,22.0,51.595062255859375
698,1,19.0,3.6648504734039307
698,2,-1.4663031322470488e-07,0.1794789731502533
698,3,-3.024971704235213e-07,-0.11796361953020096
698,4,-3.8678075497955433e-07,-0.3513602316379547
698,5,-1.2700263596343575e-07,0.1086338683962822
698,6,-2.3322301956341107e-07,0.13153910636901855
698,7,5.311019179998766e-08,0.7004104256629944
699,0,1.408574661354578e-07,-7.3463335037231445
699,1,-8.890184233223408e-08,2.979435682296753
699,2,29.000001907348633,23.385730743408203
699,3,-3.024971704235213e-07,7.411473274230957
699,4,-3.8678075497955433e-07,-0.03526678681373596
699,5,-1.2700263596343575e-07,-0.25882017612457275
699,6,-2.3322301956341107e-07,0.18629193305969238
699,7,5.311019179998766e-08,0.0765262171626091
700,0,1.408574661354578e-07,0.14909280836582184
700,1,-8.890184233223408e-08,0.07444038987159729
700,2,-1.1003046438418096e-06,-0.9689723253250122
700,3,52.999996185302734,46.27014923095703
700,4,-3.8678075497955433e-07,3.540919780731201
700,5,-1.2700263596343575e-07,-0.14912284910678864
700,6,-2.3322301956341107e-07,0.027026420459151268
700,7,5.311019179998766e-08,-0.10611433535814285
701,0,1.408574661354578e-07,-0.05334649235010147
701,1,-8.890184233223408e-08,-0.1546851098537445
701,2,-1.4663031322470488e-07,0.1857965886592865
701,3,2.5585256935301004e-06,0.6612946391105652
701,4,36.0,49.40263748168945
701,5,-1.2700263596343575e-07,6.4945149421691895
701,6,-2.3322301956341107e-07,-0.14806056022644043
701,7,5.311019179998766e-08,0.3190022110939026
702,0,1.408574661354578e-07,0.15892328321933746
702,1,-8.890184233223408e-08,0.19710436463356018
702,2,-1.4663031322470488e-07,-0.08705917000770569
702,3,-3.024971704235213e-07,-0.030771557241678238
702,4,-3.8678075497955433e-07,0.7418290376663208
702,5,48.0,42.679500579833984
702,6,-2.3322301956341107e-07,6.819610118865967
702,7,5.311019179998766e-08,-0.08519978076219559
703,0,1.408574661354578e-07,-0.08822999149560928
703,1,-8.890184233223408e-08,-0.08683881163597107
703,2,-1.4663031322470488e-07,-0.07245507836341858
703,3,-3.024971704235213e-07,-0.16265851259231567
703,4,-3.8678075497955433e-07,0.4309440553188324
703,5,-1.0806769523696858e-06,1.639034628868103
703,6,23.999998092651367,34.72515869140625
703,7,5.311019179998766e-08,10.115007400512695
704,0,1.408574661354578e-07,0.4225541651248932
704,1,-8.890184233223408e-08,0.006431967485696077
704,2,-1.4663031322470488e-07,0.13265642523765564
704,3,-3.024971704235213e-07,-0.20866423845291138
704,4,-3.8678075497955433e-07,-0.3975485861301422
704,5,-1.2700263596343575e-07,0.22657333314418793
704,6,7.204512826319842e-07,2.077561140060425
704,7,45.0,52.25984191894531
705,0,42.0,51.58644104003906
705,1,43.0,3.6648504734039307
705,2,-1.4663031322470488e-07,0.19956430792808533
705,3,-3.024971704235213e-07,-0.070760078728199
705,4,-3.8678075497955433e-07,-0.04184761643409729
705,5,-1.2700263596343575e-07,0.014286868274211884
705,6,-2.3322301956341107e-07,-0.004672760609537363
705,7,5.311019179998766e-08,0.47028595209121704
706,0,1.0945317399091437e-06,-6.548738479614258
706,1,-8.890184233223408e-08,6.247653484344482
706,2,24.000001907348633,33.528961181640625
706,3,-3.024971704235213e-07,6.306960105895996
706,4,-3.8678075497955433e-07,0.03896006941795349
706,5,-1.2700263596343575e-07,-0.12273991852998734
706,6,-2.3322301956341107e-07,0.23438668251037598
706,7,5.311019179998766e-08,0.078648142516613
707,0,1.408574661354578e-07,0.008433482609689236
707,1,-8.890184233223408e-08,0.008937270380556583
707,2,3.3020685918927484e-07,-0.4646050035953522
707,3,52.0,46.82758712768555
707,4,-3.8678075497955433e-07,3.687612533569336
707,5,-1.2700263596343575e-07,-0.12191260606050491
707,6,-2.3322301956341107e-07,0.008425479754805565
707,7,5.311019179998766e-08,-0.17545264959335327
708,0,1.408574661354578e-07,-0.16231809556484222
708,1,-8.890184233223408e-08,0.1084078848361969
708,2,-1.4663031322470488e-07,0.13299354910850525
708,3,-1.7330086166111869e-06,0.3049470782279968
708,4,40.0,47.81462478637695
708,5,-1.2700263596343575e-07,6.491286754608154
708,6,-2.3322301956341107e-07,-0.15683817863464355
708,7,5.311019179998766e-08,0.15065008401870728
709,0,1.408574661354578e-07,-0.2912796437740326
709,1,-8.890184233223408e-08,-0.13441810011863708
709,2,-1.4663031322470488e-07,-0.09393563866615295
709,3,-3.024971704235213e-07,-0.053035084158182144
709,4,-3.8678075497955433e-07,1.1943713426589966
709,5,33.0,43.9947395324707
709,6,-2.3322301956341107e-07,6.324915885925293
709,7,5.311019179998766e-08,-0.6259517073631287
710,0,1.408574661354578e-07,0.015620372258126736
710,1,-8.890184233223408e-08,-0.0495510995388031
710,2,-1.4663031322470488e-07,-0.11320415139198303
710,3,-3.024971704235213e-07,-0.18726474046707153
710,4,-3.8678075497955433e-07,-0.022111326456069946
710,5,-1.0806769523696858e-06,2.49556040763855
710,6,19.0,23.344974517822266
710,7,5.311019179998766e-08,10.486299514770508
711,0,1.408574661354578e-07,0.4214870035648346
711,1,-8.890184233223408e-08,0.007722288835793734
711,2,-1.4663031322470488e-07,0.1327732503414154
711,3,-3.024971704235213e-07,-0.23194772005081177
711,4,-3.8678075497955433e-07,-0.41965189576148987
711,5,-1.2700263596343575e-07,0.5122197866439819
711,6,-7.100601919773908e-07,0.7920010089874268
711,7,43.0,42.405391693115234
712,0,33.0,50.28955078125
712,1,13.0,3.7144720554351807
712,2,-1.4663031322470488e-07,0.15921911597251892
712,3,-3.024971704235213e-07,-0.14218980073928833
712,4,-3.8678075497955433e-07,-0.37794676423072815
712,5,-1.2700263596343575e-07,-0.08544553071260452
712,6,-2.3322301956341107e-07,-0.008435482159256935
712,7,-2.3310756205319194e-06,1.187678337097168
713,0,-1.7664912093096063e-06,2.415539503097534
713,1,-8.890184233223408e-08,-2.016572952270508
713,2,25.0,22.83049774169922
713,3,-3.024971704235213e-07,5.447474002838135
713,4,-3.8678075497955433e-07,-0.025080114603042603
713,5,-1.2700263596343575e-07,-0.2216750532388687
713,6,-2.3322301956341107e-07,0.11850429326295853
713,7,5.311019179998766e-08,0.04260020703077316
714,0,1.408574661354578e-07,0.11753954738378525
714,1,-8.890184233223408e-08,0.10909786820411682
714,2,3.3020685918927484e-07,-0.8376799821853638
714,3,35.0,42.31618118286133
714,4,-3.8678075497955433e-07,3.8168985843658447
714,5,-1.2700263596343575e-07,0.15554319322109222
714,6,-2.3322301956341107e-07,-0.2197573184967041
714,7,5.311019179998766e-08,-0.10198015719652176
715,0,1.408574661354578e-07,-0.083975650370121
715,1,-8.890184233223408e-08,-0.1636277139186859
715,2,-1.4663031322470488e-07,0.19089016318321228
715,3,6.511771175610193e-07,0.4756914973258972
715,4,23.0,39.045162200927734
715,5,-1.2700263596343575e-07,5.778860092163086
715,6,-2.3322301956341107e-07,-0.14433693885803223
715,7,5.311019179998766e-08,0.33724266290664673
716,0,1.408574661354578e-07,0.169288769364357
716,1,-8.890184233223408e-08,0.32428303360939026
716,2,-1.4663031322470488e-07,-0.1440064013004303
716,3,-3.024971704235213e-07,-0.011555020697414875
716,4,-3.8678075497955433e-07,2.1774420738220215
716,5,30.999998092651367,32.06719970703125
716,6,-2.3322301956341107e-07,7.4555792808532715
716,7,5.311019179998766e-08,-0.3529176115989685
717,0,1.408574661354578e-07,-0.0031240961980074644
717,1,-8.890184233223408e-08,-0.06868132948875427
717,2,-1.4663031322470488e-07,-0.0626617968082428
717,3,-3.024971704235213e-07,-0.12945443391799927
717,4,-3.8678075497955433e-07,0.18358191847801208
717,5,-1.0806769523696858e-06,3.9497549533843994
717,6,8.000000953674316,23.152387619018555
717,7,5.311019179998766e-08,10.530543327331543
718,0,1.408574661354578e-07,0.39775481820106506
718,1,-8.890184233223408e-08,0.058025747537612915
718,2,-1.4663031322470488e-07,-0.04946723207831383
718,3,-3.024971704235213e-07,-0.11399061232805252
718,4,-3.8678075497955433e-07,-0.1384238302707672
718,5,-1.2700263596343575e-07,0.24755607545375824
718,6,-7.100601919773908e-07,0.32408976554870605
718,7,41.999996185302734,18.48593521118164
719,0,54.999996185302734,49.579315185546875
719,1,-8.890184233223408e-08,3.7391884326934814
719,2,-1.4663031322470488e-07,0.31341680884361267
719,3,-3.024971704235213e-07,-0.01372701395303011
719,4,-3.8678075497955433e-07,-0.5144823789596558
719,5,-1.2700263596343575e-07,0.334957480430603
719,6,-2.3322301956341107e-07,-0.009126419201493263
719,7,2.4372959614993306e-06,2.621973991394043
720,0,3.955554802814731e-06,0.28765788674354553
720,1,41.0,26.190900802612305
720,2,-1.4663031322470488e-07,4.607862949371338
720,3,-3.024971704235213e-07,0.2516605257987976
720,4,-3.8678075497955433e-07,-0.1563219130039215
720,5,-1.2700263596343575e-07,-0.23319686949253082
720,6,-2.3322301956341107e-07,-0.3459889888763428
720,7,5.311019179998766e-08,0.09464221447706223
721,0,1.408574661354578e-07,-0.06346593052148819
721,1,-8.890184233223408e-08,0.5378236174583435
721,2,30.000001907348633,33.86174392700195
721,3,-3.024971704235213e-07,6.905553817749023
721,4,-3.8678075497955433e-07,-0.049679189920425415
721,5,-1.2700263596343575e-07,0.540422797203064
721,6,-2.3322301956341107e-07,0.07161498814821243
721,7,5.311019179998766e-08,-0.10877174884080887
722,0,1.408574661354578e-07,-0.035492755472660065
722,1,-8.890184233223408e-08,0.08734264969825745
722,2,-2.5308161184511846e-06,0.1321295201778412
722,3,34.0,49.90087890625
722,4,-3.8678075497955433e-07,5.34644079208374
722,5,-1.2700263596343575e-07,0.42650306224823
722,6,-2.3322301956341107e-07,-0.14953827857971191
722,7,5.311019179998766e-08,0.16998201608657837
723,0,1.408574661354578e-07,-0.26656898856163025
723,1,-8.890184233223408e-08,-0.06562480330467224
723,2,-1.4663031322470488e-07,-0.03884139284491539
723,3,6.511771175610193e-07,0.2892104983329773
723,4,39.0,39.85678482055664
723,5,-1.2700263596343575e-07,5.933465480804443
723,6,-2.3322301956341107e-07,0.08182693272829056
723,7,5.311019179998766e-08,-0.30416959524154663
724,0,1.408574661354578e-07,0.24912752211093903
724,1,-8.890184233223408e-08,-0.1431642472743988
724,2,-1.4663031322470488e-07,-0.18845048546791077
724,3,-3.024971704235213e-07,0.014629061333835125
724,4,-2.294129444635473e-06,1.6150647401809692
724,5,29.0,40.201751708984375
724,6,-2.3322301956341107e-07,6.503674507141113
724,7,5.311019179998766e-08,0.7686305642127991
725,0,1.408574661354578e-07,-0.11067567020654678
725,1,-8.890184233223408e-08,-0.09997710585594177
725,2,-1.4663031322470488e-07,-0.012291577644646168
725,3,-3.024971704235213e-07,-0.30523282289505005
725,4,-3.8678075497955433e-07,-0.0533389151096344
725,5,8.266716804428142e-07,1.3306940793991089
725,6,22.0,31.3193359375
725,7,5.311019179998766e-08,10.564647674560547
726,0,1.408574661354578e-07,0.42201724648475647
726,1,-8.890184233223408e-08,0.06245794892311096
726,2,-1.4663031322470488e-07,0.006682249251753092
726,3,-3.024971704235213e-07,-0.34759312868118286
726,4,-3.8678075497955433e-07,-0.24226513504981995
726,5,-1.2700263596343575e-07,0.7405117750167847
726,6,-7.100601919773908e-07,0.48337435722351074
726,7,41.999996185302734,43.838783264160156
727,0,33.0,49.681053161621094
727,1,-8.890184233223408e-08,3.7391884326934814
727,2,-1.4663031322470488e-07,0.16932377219200134
727,3,-3.024971704235213e-07,-0.13011103868484497
727,4,-3.8678075497955433e-07,-0.35988035798072815
727,5,-1.2700263596343575e-07,-0.020887501537799835
727,6,-2.3322301956341107e-07,0.10010791569948196
727,7,2.4372959614993306e-06,1.0981354713439941
728,0,-1.7664912093096063e-06,1.716241478919983
728,1,41.0,21.28399085998535
728,2,-1.4663031322470488e-07,5.57020378112793
728,3,-3.024971704235213e-07,0.28782862424850464
728,4,-3.8678075497955433e-07,-0.012537389062345028
728,5,-1.2700263596343575e-07,-0.2429438978433609
728,6,-2.3322301956341107e-07,0.163862943649292
728,7,5.311019179998766e-08,0.06374555081129074
729,0,1.408574661354578e-07,0.7838813066482544
729,1,-8.890184233223408e-08,-0.036003679037094116
729,2,24.000001907348633,30.505475997924805
729,3,-3.024971704235213e-07,6.905553817749023
729,4,-3.8678075497955433e-07,-0.4517182409763336
729,5,-1.2700263596343575e-07,-0.040083058178424835
729,6,-2.3322301956341107e-07,-0.06507467478513718
729,7,5.311019179998766e-08,-0.14520925283432007
730,0,1.408574661354578e-07,-0.2939489781856537
730,1,-8.890184233223408e-08,0.125786691904068
730,2,3.3020685918927484e-07,0.29757294058799744
730,3,30.0,46.52546310424805
730,4,-3.8678075497955433e-07,5.5819926261901855
730,5,-1.2700263596343575e-07,0.42650306224823
730,6,-2.3322301956341107e-07,-0.14039397239685059
730,7,5.311019179998766e-08,0.36745983362197876
731,0,1.408574661354578e-07,-0.3970879018306732
731,1,-8.890184233223408e-08,-0.0796714723110199
731,2,-1.4663031322470488e-07,0.07287535071372986
731,3,6.511771175610193e-07,1.3329626321792603
731,4,27.0,35.770835876464844
731,5,-1.2700263596343575e-07,5.891757488250732
731,6,-2.3322301956341107e-07,0.09725452214479446
731,7,5.311019179998766e-08,-0.0979423001408577
732,0,1.408574661354578e-07,0.21896947920322418
732,1,-8.890184233223408e-08,-0.12040147185325623
732,2,-1.4663031322470488e-07,-0.2363220751285553
732,3,-3.024971704235213e-07,0.10922162979841232
732,4,1.997404979192652e-06,2.4202494621276855
732,5,52.0,34.39628219604492
732,6,-2.3322301956341107e-07,7.429309368133545
732,7,5.311019179998766e-08,0.7686305642127991
733,0,1.408574661354578e-07,0.015620372258126736
733,1,-8.890184233223408e-08,-0.06392726302146912
733,2,-1.4663031322470488e-07,-0.07983174920082092
733,3,-3.024971704235213e-07,3.6602797508239746
733,4,-3.8678075497955433e-07,0.32110795378685
733,5,-1.0806769523696858e-06,2.2356154918670654
733,6,18.0,29.04030990600586
733,7,5.311019179998766e-08,9.986343383789062
734,0,1.408574661354578e-07,0.41977420449256897
734,1,-8.890184233223408e-08,0.08082190155982971
734,2,-1.4663031322470488e-07,-0.1375838816165924
734,3,-3.024971704235213e-07,-0.23366671800613403
734,4,-3.8678075497955433e-07,-0.1701125204563141
734,5,-1.2700263596343575e-07,0.17487989366054535
734,6,-2.3322301956341107e-07,1.8499109745025635
734,7,37.0,46.193634033203125
735,0,34.999996185302734,46.018558502197266
735,1,-8.890184233223408e-08,3.838912010192871
735,2,-1.4663031322470488e-07,0.292867511510849
735,3,-3.024971704235213e-07,0.03846615180373192
735,4,-3.8678075497955433e-07,-0.33859434723854065
735,5,-1.2700263596343575e-07,-0.2203623205423355
735,6,-2.3322301956341107e-07,-0.24453186988830566
735,7,5.311019179998766e-08,1.4797272682189941
736,0,1.0945317399091437e-06,1.231855034828186
736,1,20.0,20.84597396850586
736,2,-1.4663031322470488e-07,5.519885063171387
736,3,-3.024971704235213e-07,0.10842578858137131
736,4,-3.8678075497955433e-07,0.0821143090724945
736,5,-1.2700263596343575e-07,-0.0781794860959053
736,6,-2.3322301956341107e-07,0.06945730000734329
736,7,5.311019179998766e-08,-0.03380913287401199
737,0,1.408574661354578e-07,0.23271478712558746
737,1,-8.890184233223408e-08,0.5222882628440857
737,2,30.000001907348633,27.646352767944336
737,3,-3.024971704235213e-07,8.234381675720215
737,4,-3.8678075497955433e-07,-0.4174002707004547
737,5,-1.2700263596343575e-07,0.14410768449306488
737,6,-2.3322301956341107e-07,-0.27106595039367676
737,7,5.311019179998766e-08,-0.3120822310447693
738,0,1.408574661354578e-07,-0.2791012227535248
738,1,-8.890184233223408e-08,0.06968727707862854
738,2,-2.5308161184511846e-06,0.20725378394126892
738,3,36.0,46.967140197753906
738,4,-3.8678075497955433e-07,5.34644079208374
738,5,-1.2700263596343575e-07,0.4306868314743042
738,6,-2.3322301956341107e-07,-0.11937402933835983
738,7,5.311019179998766e-08,0.45231205224990845
739,0,1.408574661354578e-07,-0.05380425602197647
739,1,-8.890184233223408e-08,0.0010809008963406086
739,2,-1.4663031322470488e-07,0.05038103833794594
739,3,6.511771175610193e-07,0.12903183698654175
739,4,24.000001907348633,41.02436447143555
739,5,-1.2700263596343575e-07,6.017597198486328
739,6,-2.3322301956341107e-07,0.09566760808229446
739,7,5.311019179998766e-08,-0.2548307776451111
740,0,1.408574661354578e-07,-0.02648911625146866
740,1,-8.890184233223408e-08,-0.2573147714138031
740,2,-1.4663031322470488e-07,-0.11692348122596741
740,3,-3.024971704235213e-07,-0.01087838876992464
740,4,-3.8678075497955433e-07,2.401309013366699
740,5,26.0,33.03752517700195
740,6,-2.3322301956341107e-07,7.442767143249512
740,7,5.311019179998766e-08,0.9364443421363831
741,0,1.408574661354578e-07,-0.11067567020654678
741,1,-8.890184233223408e-08,-0.10091599822044373
741,2,-1.4663031322470488e-07,-0.024205831810832024
741,3,-3.024971704235213e-07,-0.13529568910598755
741,4,-3.8678075497955433e-07,-0.08180800080299377
741,5,-1.0806769523696858e-06,4.4251322746276855
741,6,22.0,22.534832000732422
741,7,5.311019179998766e-08,9.929747581481934
742,0,1.408574661354578e-07,0.42201724648475647
742,1,-8.890184233223408e-08,0.053593069314956665
742,2,-1.4663031322470488e-07,-0.016419557854533195
742,3,-3.024971704235213e-07,-0.1748989224433899
742,4,-3.8678075497955433e-07,-0.2587656080722809
742,5,-1.2700263596343575e-07,0.7906936407089233
742,6,-7.100601919773908e-07,2.515751361846924
742,7,22.000001907348633,41.99211502075195
743,0,54.999996185302734,28.7955322265625
743,1,-8.890184233223408e-08,4.410227298736572
743,2,-1.4663031322470488e-07,0.3087509572505951
743,3,-3.024971704235213e-07,-0.053241077810525894
743,4,-3.8678075497955433e-07,-0.5245627164840698
743,5,-1.2700263596343575e-07,0.03555046766996384
743,6,-2.3322301956341107e-07,0.12073446065187454
743,7,-9.005641459225444e-07,-0.49829667806625366
744,0,3.955554802814731e-06,3.903425931930542
744,1,20.0,22.86414909362793
744,2,-1.4663031322470488e-07,4.607862949371338
744,3,-3.024971704235213e-07,0.34936732053756714
744,4,-3.8678075497955433e-07,-0.1506580412387848
744,5,-1.2700263596343575e-07,-0.27621567249298096
744,6,-2.3322301956341107e-07,0.1280214786529541
744,7,5.311019179998766e-08,0.30771976709365845
745,0,1.408574661354578e-07,0.04190840572118759
745,1,-8.890184233223408e-08,1.2042917013168335
745,2,21.000001907348633,30.21208381652832
745,3,-3.024971704235213e-07,8.234381675720215
745,4,-3.8678075497955433e-07,-0.4517182409763336
745,5,-1.2700263596343575e-07,0.047172896564006805
745,6,-2.3322301956341107e-07,-0.11150573939085007
745,7,5.311019179998766e-08,-0.3457726836204529
746,0,1.408574661354578e-07,-0.19517789781093597
746,1,-8.890184233223408e-08,-0.05475720763206482
746,2,3.3020685918927484e-07,0.019699903205037117
746,3,30.0,39.90930938720703
746,4,-3.8678075497955433e-07,5.643662929534912
746,5,-1.2700263596343575e-07,0.4451969861984253
746,6,-2.3322301956341107e-07,-0.06742262095212936
746,7,5.311019179998766e-08,-0.2748345732688904
747,0,1.408574661354578e-07,-0.20953451097011566
747,1,-8.890184233223408e-08,-0.03544864058494568
747,2,-1.4663031322470488e-07,0.14025339484214783
747,3,6.511771175610193e-07,0.08592956513166428
747,4,35.0,34.7024040222168
747,5,-1.2700263596343575e-07,5.891757488250732
747,6,-2.3322301956341107e-07,0.08182693272829056
747,7,5.311019179998766e-08,-0.3889464735984802
748,0,1.408574661354578e-07,-0.12413392215967178
748,1,-8.890184233223408e-08,-0.13630446791648865
748,2,-1.4663031322470488e-07,-0.1314174234867096
748,3,-3.024971704235213e-07,0.1206628605723381
748,4,-3.8678075497955433e-07,0.5966154336929321
748,5,16.0,37.906898498535156
748,6,-2.3322301956341107e-07,7.026179790496826
748,7,5.311019179998766e-08,0.9364443421363831
749,0,1.408574661354578e-07,0.07162108272314072
749,1,-8.890184233223408e-08,-0.043821901082992554
749,2,-1.4663031322470488e-07,-0.10190406441688538
749,3,-3.024971704235213e-07,-0.1768844723701477
749,4,-3.8678075497955433e-07,-0.13888779282569885
749,5,3.4983452223968925e-07,1.2525776624679565
749,6,16.0,13.752930641174316
749,7,5.311019179998766e-08,5.714894771575928
750,0,1.408574661354578e-07,0.41508498787879944
750,1,-8.890184233223408e-08,0.08082190155982971
750,2,-1.4663031322470488e-07,-0.10140624642372131
750,3,-3.024971704235213e-07,-0.35505181550979614
750,4,-3.8678075497955433e-07,-0.04083719849586487
750,5,-1.2700263596343575e-07,0.9593886137008667
750,6,-7.100601919773908e-07,5.7500529289245605
750,7,36.0,26.201433181762695
751,0,41.000003814697266,45.329288482666016
751,1,-8.890184233223408e-08,3.8621435165405273
751,2,-1.4663031322470488e-07,0.2095859944820404
751,3,-3.024971704235213e-07,-0.1706879734992981
751,4,-3.8678075497955433e-07,-0.5557936429977417
751,5,-1.2700263596343575e-07,-0.07977784425020218
751,6,-2.3322301956341107e-07,0.10436654835939407
751,7,5.311019179998766e-08,2.0481314659118652
752,0,-1.7664912093096063e-06,1.3634783029556274
752,1,28.999998092651367,20.51227378845215
752,2,-1.4663031322470488e-07,5.19325590133667
752,3,-3.024971704235213e-07,0.51969975233078
752,4,-3.8678075497955433e-07,-0.14605847001075745
752,5,-1.2700263596343575e-07,-0.3710743188858032
752,6,-2.3322301956341107e-07,0.01454663835465908
752,7,5.311019179998766e-08,-0.007611698471009731
753,0,1.408574661354578e-07,0.41490092873573303
753,1,-8.890184233223408e-08,1.6462854146957397
753,2,26.0,30.435346603393555
753,3,-3.024971704235213e-07,7.301053047180176
753,4,-3.8678075497955433e-07,-0.39760199189186096
753,5,-1.2700263596343575e-07,0.12333523482084274
753,6,-2.3322301956341107e-07,-0.32480883598327637
753,7,5.311019179998766e-08,-0.27777665853500366
754,0,1.408574661354578e-07,-0.22493158280849457
754,1,-8.890184233223408e-08,0.06896057724952698
754,2,3.3020685918927484e-07,-0.28294768929481506
754,3,41.0,46.04111099243164
754,4,-3.8678075497955433e-07,5.485552787780762
754,5,-1.2700263596343575e-07,0.43156421184539795
754,6,-2.3322301956341107e-07,-0.11699032038450241
754,7,5.311019179998766e-08,0.41291290521621704
755,0,1.408574661354578e-07,-0.04579339176416397
755,1,-8.890184233223408e-08,0.045676618814468384
755,2,-1.4663031322470488e-07,0.1309889256954193
755,3,2.5585256935301004e-06,-0.06320173293352127
755,4,36.0,42.98380661010742
755,5,39.0,6.278305530548096
755,6,-2.3322301956341107e-07,0.09164691716432571
755,7,5.311019179998766e-08,-0.2534932494163513
756,0,1.408574661354578e-07,0.08025946468114853
756,1,-8.890184233223408e-08,-0.23292073607444763
756,2,-1.4663031322470488e-07,-0.1135503351688385
756,3,-3.024971704235213e-07,-0.058314625173807144
756,4,-3.8678075497955433e-07,-0.608183741569519
756,5,-1.0806769523696858e-06,-0.04622996598482132
756,6,44.0,22.01940155029297
756,7,5.311019179998766e-08,9.783159255981445
757,0,1.408574661354578e-07,0.09836401790380478
757,1,-8.890184233223408e-08,-0.07774505019187927
757,2,-1.4663031322470488e-07,-0.04247632250189781
757,3,-3.024971704235213e-07,-0.19565564393997192
757,4,-3.8678075497955433e-07,0.1821962296962738
757,5,-1.2700263596343575e-07,0.4080551862716675
757,6,-7.100601919773908e-07,2.5387673377990723
757,7,34.0,53.40819549560547
758,0,53.999996185302734,44.6786994934082
758,1,-8.890184233223408e-08,3.641482353210449
758,2,-1.4663031322470488e-07,0.06529411673545837
758,3,-3.024971704235213e-07,-0.29976826906204224
758,4,-3.8678075497955433e-07,-0.092308908700943
758,5,-1.2700263596343575e-07,-0.1060878112912178
758,6,-2.3322301956341107e-07,0.08150220662355423
758,7,5.311019179998766e-08,0.5108428597450256
759,0,3.955554802814731e-06,2.2601020336151123
759,1,28.000001907348633,24.769309997558594
759,2,-1.4663031322470488e-07,3.995859384536743
759,3,-3.024971704235213e-07,-0.37209922075271606
759,4,-3.8678075497955433e-07,0.07395562529563904
759,5,-1.2700263596343575e-07,0.045082442462444305
759,6,-2.3322301956341107e-07,-0.02654098905622959
759,7,5.311019179998766e-08,0.050295405089855194
760,0,1.408574661354578e-07,0.17498983442783356
760,1,-1.0425761729493388e-06,1.4876569509506226
760,2,17.0,31.926830291748047
760,3,-3.024971704235213e-07,7.365306377410889
760,4,-3.8678075497955433e-07,-0.5109041929244995
760,5,-1.2700263596343575e-07,-0.012440331280231476
760,6,-2.3322301956341107e-07,0.13019108772277832
760,7,5.311019179998766e-08,-0.33519452810287476
761,0,1.408574661354578e-07,-0.11617550998926163
761,1,-8.890184233223408e-08,-0.12790784239768982
761,2,3.3020685918927484e-07,1.0038975477218628
761,3,26.0,36.51616287231445
761,4,-3.8678075497955433e-07,5.693925857543945
761,5,-1.2700263596343575e-07,0.43332040309906006
761,6,-2.3322301956341107e-07,-0.11278700083494186
761,7,5.311019179998766e-08,0.17934423685073853
762,0,1.408574661354578e-07,0.07553114742040634
762,1,-8.890184233223408e-08,0.1483844816684723
762,2,-1.4663031322470488e-07,0.10981115698814392
762,3,-7.793343570483557e-07,2.3458187580108643
762,4,30.0,30.684253692626953
762,5,-1.2700263596343575e-07,5.809626579284668
762,6,-2.3322301956341107e-07,0.0826113298535347
762,7,5.311019179998766e-08,-0.3585347533226013
763,0,1.408574661354578e-07,0.021392010152339935
763,1,-8.890184233223408e-08,-0.10273703932762146
763,2,-1.4663031322470488e-07,-0.18974748253822327
763,3,-3.024971704235213e-07,0.23351353406906128
763,4,-3.8678075497955433e-07,2.1013803482055664
763,5,51.0,35.61979293823242
763,6,22.999998092651367,7.653847694396973
763,7,5.311019179998766e-08,0.8380017876625061
764,0,1.408574661354578e-07,0.22228921949863434
764,1,-8.890184233223408e-08,-0.04119834303855896
764,2,-1.4663031322470488e-07,-0.20106330513954163
764,3,-3.024971704235213e-07,2.8199737071990967
764,4,-3.8678075497955433e-07,0.7515617609024048
764,5,3.210857585145277e-06,2.3412649631500244
764,6,-7.100601919773908e-07,-7.552130699157715
764,7,38.0,44.39231491088867
765,0,25.0,46.7569694519043
765,1,22.0,3.5520596504211426
765,2,-1.4663031322470488e-07,-0.1521989405155182
765,3,-3.024971704235213e-07,-0.33234626054763794
765,4,-3.8678075497955433e-07,-0.1256188452243805
765,5,-1.2700263596343575e-07,0.10042893141508102
765,6,-2.3322301956341107e-07,0.030045276507735252
765,7,5.311019179998766e-08,0.6620813012123108
766,0,1.408574661354578e-07,-9.867545127868652
766,1,-8.890184233223408e-08,2.9864754676818848
766,2,29.000001907348633,24.164716720581055
766,3,-3.024971704235213e-07,5.305716037750244
766,4,-3.8678075497955433e-07,-0.2075904905796051
766,5,-1.2700263596343575e-07,-0.1782475858926773
766,6,-2.3322301956341107e-07,-0.12121414393186569
766,7,5.311019179998766e-08,-0.08088917285203934
767,0,1.408574661354578e-07,0.12634386122226715
767,1,-8.890184233223408e-08,0.0462287962436676
767,2,-1.1003046438418096e-06,-0.7973791360855103
767,3,11.999999046325684,45.162254333496094
767,4,-3.8678075497955433e-07,7.0289740562438965
767,5,-1.2700263596343575e-07,-0.22694267332553864
767,6,-2.3322301956341107e-07,0.002689128275960684
767,7,5.311019179998766e-08,-0.1846904158592224
768,0,1.408574661354578e-07,0.005825183354318142
768,1,-8.890184233223408e-08,-0.2281571328639984
768,2,-1.4663031322470488e-07,-0.10592237114906311
768,3,6.511771175610193e-07,-3.098435640335083
768,4,33.0,33.644676208496094
768,5,-1.2700263596343575e-07,5.697973728179932
768,6,-2.3322301956341107e-07,-0.1207568570971489
768,7,5.311019179998766e-08,0.25811535120010376
769,0,1.408574661354578e-07,0.15997041761875153
769,1,-8.890184233223408e-08,0.22389021515846252
769,2,-1.4663031322470488e-07,-0.13601985573768616
769,3,-3.024971704235213e-07,0.9162651896476746
769,4,-3.8678075497955433e-07,1.4273234605789185
769,5,18.0,32.728172302246094
769,6,14.000000953674316,7.238274097442627
769,7,5.311019179998766e-08,-0.11658281832933426
770,0,1.408574661354578e-07,-0.0488346591591835
770,1,-8.890184233223408e-08,-0.14236792922019958
770,2,-1.4663031322470488e-07,-0.024122385308146477
770,3,-3.024971704235213e-07,-0.4593585133552551
770,4,-3.8678075497955433e-07,0.04693612456321716
770,5,-1.2700263596343575e-07,-3.5617306232452393
770,6,-2.3322301956341107e-07,3.5436086654663086
770,7,45.999996185302734,20.45022201538086
771,0,32.0,52.14073181152344
771,1,-8.890184233223408e-08,3.4257986545562744
771,2,-1.4663031322470488e-07,-0.04533591493964195
771,3,-3.024971704235213e-07,-0.4446786046028137
771,4,-3.8678075497955433e-07,-0.10577574372291565
771,5,-1.2700263596343575e-07,0.2724803686141968
771,6,-2.3322301956341107e-07,0.1754605770111084
771,7,2.4372959614993306e-06,1.6888031959533691
772,0,1.0945317399091437e-06,2.0508902072906494
772,1,24.999998092651367,21.31981658935547
772,2,-1.4663031322470488e-07,4.704473972320557
772,3,-3.024971704235213e-07,-0.1453574299812317
772,4,-3.8678075497955433e-07,-0.38411036133766174
772,5,-1.2700263596343575e-07,0.2635892629623413
772,6,-2.3322301956341107e-07,0.07248283177614212
772,7,5.311019179998766e-08,0.15648800134658813
773,0,1.408574661354578e-07,0.48440757393836975
773,1,1.3416096180662862e-06,1.854160189628601
773,2,21.000001907348633,28.41063117980957
773,3,-3.024971704235213e-07,6.78034782409668
773,4,-3.8678075497955433e-07,-0.38176432251930237
773,5,-1.2700263596343575e-07,0.2952808141708374
773,6,-2.3322301956341107e-07,0.03433823958039284
773,7,5.311019179998766e-08,-0.11354536563158035
774,0,1.408574661354578e-07,-0.27366432547569275
774,1,-8.890184233223408e-08,0.06739702820777893
774,2,3.3020685918927484e-07,0.4081052243709564
774,3,32.0,40.76569747924805
774,4,-3.8678075497955433e-07,5.643662929534912
774,5,-1.2700263596343575e-07,0.42290055751800537
774,6,-2.3322301956341107e-07,-0.15535759925842285
774,7,5.311019179998766e-08,0.4756346344947815
775,0,1.408574661354578e-07,-0.22388635575771332
775,1,-8.890184233223408e-08,0.007395655382424593
775,2,-1.4663031322470488e-07,0.10668548941612244
775,3,-1.7330086166111869e-06,0.2159830927848816
775,4,34.0,35.978614807128906
775,5,-1.2700263596343575e-07,5.903103351593018
775,6,-2.3322301956341107e-07,0.09800220280885696
775,7,5.311019179998766e-08,-0.21975797414779663
776,0,1.408574661354578e-07,0.02456202358007431
776,1,-8.890184233223408e-08,-0.14115867018699646
776,2,-1.4663031322470488e-07,-0.11444917321205139
776,3,-3.024971704235213e-07,0.07372014969587326
776,4,-3.8678075497955433e-07,0.39080724120140076
776,5,37.999996185302734,38.03201675415039
776,6,-2.3322301956341107e-07,7.167390823364258
776,7,5.311019179998766e-08,0.8790212273597717
777,0,1.408574661354578e-07,0.07162108272314072
777,1,-8.890184233223408e-08,-0.042047590017318726
777,2,-1.4663031322470488e-07,-0.0971323549747467
777,3,-3.024971704235213e-07,-0.2536070942878723
777,4,-3.8678075497955433e-07,0.258856862783432
777,5,3.210857585145277e-06,1.5332854986190796
777,6,16.0,23.504783630371094
777,7,5.311019179998766e-08,10.377904891967773
778,0,1.408574661354578e-07,0.41508498787879944
778,1,-8.890184233223408e-08,0.07120028138160706
778,2,-1.4663031322470488e-07,-0.06505551934242249
778,3,-3.024971704235213e-07,-0.35841161012649536
778,4,-3.8678075497955433e-07,-0.26111021637916565
778,5,-1.2700263596343575e-07,0.29712092876434326
778,6,-7.100601919773908e-07,0.38974595069885254
778,7,23.0,39.1611213684082
779,0,36.0,31.9401798248291
779,1,-8.890184233223408e-08,4.419225692749023
779,2,-1.4663031322470488e-07,0.21960720419883728
779,3,-3.024971704235213e-07,-0.06736022979021072
779,4,-3.8678075497955433e-07,-0.44349852204322815
779,5,-1.2700263596343575e-07,-0.09622872620820999
779,6,-2.3322301956341107e-07,-0.13920855522155762
779,7,5.311019179998766e-08,-0.7965592741966248
780,0,1.0945317399091437e-06,-0.09671101719141006
780,1,36.0,17.940837860107422
780,2,-1.4663031322470488e-07,5.472211837768555
780,3,-3.024971704235213e-07,0.1843850016593933
780,4,-3.8678075497955433e-07,-0.023945242166519165
780,5,-1.2700263596343575e-07,-0.21182598173618317
780,6,-2.3322301956341107e-07,0.10156465321779251
780,7,5.311019179998766e-08,0.12292676419019699
781,0,1.408574661354578e-07,0.5492497682571411
781,1,-8.890184233223408e-08,-0.042379945516586304
781,2,26.0,30.484130859375
781,3,-3.024971704235213e-07,6.977349281311035
781,4,-3.8678075497955433e-07,-0.39760199189186096
781,5,-1.2700263596343575e-07,0.0886763259768486
781,6,-2.3322301956341107e-07,-0.3055717945098877
781,7,5.311019179998766e-08,0.47324568033218384
782,0,1.408574661354578e-07,-0.08142171055078506
782,1,-8.890184233223408e-08,0.14054909348487854
782,2,3.3020685918927484e-07,-0.04104485735297203
782,3,33.0,47.03135299682617
782,4,-3.8678075497955433e-07,5.485552787780762
782,5,-1.2700263596343575e-07,0.444144606590271
782,6,-2.3322301956341107e-07,-0.06371425837278366
782,7,5.311019179998766e-08,0.5059371590614319
783,0,1.408574661354578e-07,-0.26061710715293884
783,1,-8.890184233223408e-08,-0.015342324040830135
783,2,-1.4663031322470488e-07,-0.029764799401164055
783,3,6.511771175610193e-07,0.8437950015068054
783,4,36.0,38.154903411865234
783,5,-1.2700263596343575e-07,5.916420936584473
783,6,-2.3322301956341107e-07,0.09486556798219681
783,7,5.311019179998766e-08,-0.15146392583847046
784,0,1.408574661354578e-07,0.16251958906650543
784,1,-8.890184233223408e-08,-0.1888347566127777
784,2,-1.4663031322470488e-07,-0.16433539986610413
784,3,-3.024971704235213e-07,0.005398447625339031
784,4,-3.8678075497955433e-07,0.5277215242385864
784,5,45.0,38.98338317871094
784,6,-2.3322301956341107e-07,6.891729831695557
784,7,5.311019179998766e-08,0.7661762833595276
785,0,1.408574661354578e-07,-0.022118426859378815
785,1,-8.890184233223408e-08,-0.07744845747947693
785,2,-1.4663031322470488e-07,-0.04120650514960289
785,3,-3.024971704235213e-07,-0.33301812410354614
785,4,-3.8678075497955433e-07,0.23905524611473083
785,5,-1.0806769523696858e-06,1.028438925743103
785,6,21.0,32.83082580566406
785,7,5.311019179998766e-08,10.210972785949707
786,0,1.408574661354578e-07,0.42176833748817444
786,1,-8.890184233223408e-08,0.06683006882667542
786,2,-1.4663031322470488e-07,-0.029934076592326164
786,3,-3.024971704235213e-07,-0.34696274995803833
786,4,-3.8678075497955433e-07,-0.2941574156284332
786,5,-1.2700263596343575e-07,0.3054283857345581
786,6,7.204512826319842e-07,1.6532862186431885
786,7,32.0,48.75674819946289
787,0,43.0,43.13763427734375
787,1,-8.890184233223408e-08,4.026137351989746
787,2,-1.4663031322470488e-07,0.19956430792808533
787,3,-3.024971704235213e-07,-0.07655984908342361
787,4,-3.8678075497955433e-07,-0.18302050232887268
787,5,-1.2700263596343575e-07,-0.10283578187227249
787,6,-2.3322301956341107e-07,-0.10905908793210983
787,7,5.311019179998766e-08,0.40283113718032837
788,0,1.0945317399091437e-06,1.5326234102249146
788,1,16.0,20.52562141418457
788,2,-1.4663031322470488e-07,5.104594707489014
788,3,-3.024971704235213e-07,0.145612895488739
788,4,-3.8678075497955433e-07,-0.00030699308263137937
788,5,-1.2700263596343575e-07,-0.13444103300571442
788,6,-2.3322301956341107e-07,0.1666576862335205
788,7,5.311019179998766e-08,-0.008718914352357388
789,0,1.408574661354578e-07,0.07257380336523056
789,1,-5.657390147462138e-07,-0.6715388894081116
789,2,19.0,28.219970703125
789,3,-3.024971704235213e-07,8.68311882019043
789,4,-3.8678075497955433e-07,-0.4476079046726227
789,5,-1.2700263596343575e-07,0.051983706653118134
789,6,-2.3322301956341107e-07,-0.12935328483581543
789,7,5.311019179998766e-08,-0.32211583852767944
790,0,1.408574661354578e-07,-0.21426282823085785
790,1,-8.890184233223408e-08,-0.16537198424339294
790,2,3.3020685918927484e-07,1.1392451524734497
790,3,28.0,37.128292083740234
790,4,-3.8678075497955433e-07,5.70620584487915
790,5,-1.2700263596343575e-07,0.4350789785385132
790,6,-2.3322301956341107e-07,-0.10130953043699265
790,7,5.311019179998766e-08,1.2716631889343262
791,0,1.408574661354578e-07,-0.21356283128261566
791,1,-8.890184233223408e-08,0.05422106385231018
791,2,-1.4663031322470488e-07,0.17431387305259705
791,3,6.511771175610193e-07,1.3049737215042114
791,4,35.0,32.49835205078125
791,5,-1.2700263596343575e-07,5.842767238616943
791,6,-2.3322301956341107e-07,0.09040046483278275
791,7,5.311019179998766e-08,-0.3111571669578552
792,0,1.408574661354578e-07,-0.34413227438926697
792,1,-8.890184233223408e-08,-0.07976064085960388
792,2,-1.4663031322470488e-07,-0.19528308510780334
792,3,-3.024971704235213e-07,0.19663017988204956
792,4,-3.8678075497955433e-07,1.0185915231704712
792,5,40.0,37.47071075439453
792,6,-2.3322301956341107e-07,7.026179790496826
792,7,5.311019179998766e-08,1.0636563301086426
793,0,1.408574661354578e-07,0.11595740169286728
793,1,-8.890184233223408e-08,-0.040274232625961304
793,2,-1.4663031322470488e-07,-0.14232078194618225
793,3,-3.024971704235213e-07,-0.26128846406936646
793,4,-3.8678075497955433e-07,0.21659812331199646
793,5,-1.0806769523696858e-06,1.3286179304122925
793,6,27.999998092651367,25.609636306762695
793,7,37.0,10.346578598022461
794,0,57.0,46.836151123046875
794,1,-8.890184233223408e-08,3.5654842853546143
794,2,-1.4663031322470488e-07,-0.14366069436073303
794,3,-3.024971704235213e-07,-0.3965380787849426
794,4,-3.8678075497955433e-07,-0.03184834122657776
794,5,-1.2700263596343575e-07,0.36834752559661865
794,6,-7.100601919773908e-07,1.2193615436553955
794,7,5.311019179998766e-08,3.0611138343811035
795,0,-1.7664912093096063e-06,0.34460845589637756
795,1,16.0,25.982675552368164
795,2,-1.4663031322470488e-07,3.9393351078033447
795,3,-3.024971704235213e-07,-0.07351190596818924
795,4,-3.8678075497955433e-07,-0.23223868012428284
795,5,-1.2700263596343575e-07,0.10954128950834274
795,6,-2.3322301956341107e-07,-0.024821991100907326
795,7,5.311019179998766e-08,0.03846412152051926
796,0,1.408574661354578e-07,0.006138942204415798
796,1,-5.657390147462138e-07,-0.3353177011013031
796,2,19.0,30.179800033569336
796,3,43.000003814697266,7.779355525970459
796,4,-3.8678075497955433e-07,-0.034949690103530884
796,5,-1.2700263596343575e-07,-0.18718065321445465
796,6,-2.3322301956341107e-07,0.23370909690856934
796,7,5.311019179998766e-08,-0.282437264919281
797,0,1.408574661354578e-07,-0.1381577104330063
797,1,-8.890184233223408e-08,-0.13003692030906677
797,2,3.3020685918927484e-07,-3.061662435531616
797,3,-1.7330086166111869e-06,5.58963680267334
797,4,24.000001907348633,39.24509048461914
797,5,-1.2700263596343575e-07,7.5630412101745605
797,6,-2.3322301956341107e-07,0.034725431352853775
797,7,5.311019179998766e-08,0.13328224420547485
798,0,1.408574661354578e-07,-0.04548535495996475
798,1,-8.890184233223408e-08,-0.0037408764474093914
798,2,-1.4663031322470488e-07,0.030804963782429695
798,3,-3.024971704235213e-07,0.035911258310079575
798,4,-3.8678075497955433e-07,1.186794400215149
798,5,14.999999046325684,34.4526252746582
798,6,-2.3322301956341107e-07,7.423266887664795
798,7,5.311019179998766e-08,-0.4098929762840271
799,0,1.408574661354578e-07,-0.34413227438926697
799,1,-8.890184233223408e-08,-0.0660615861415863
799,2,-1.4663031322470488e-07,-0.09750190377235413
799,3,-3.024971704235213e-07,-0.3050087094306946
799,4,-3.8678075497955433e-07,0.24946936964988708
799,5,3.4983452223968925e-07,2.3904354572296143
799,6,20.0,8.798730850219727
799,7,5.311019179998766e-08,3.9922852516174316
800,0,1.408574661354578e-07,0.17181886732578278
800,1,-8.890184233223408e-08,-0.1440645158290863
800,2,-1.4663031322470488e-07,-0.022292284294962883
800,3,-3.024971704235213e-07,0.25050896406173706
800,4,-3.8678075497955433e-07,1.9359914064407349
800,5,-1.2700263596343575e-07,1.3254965543746948
800,6,-2.3322301956341107e-07,4.913618564605713
800,7,40.0,31.439279556274414
801,0,36.0,48.161190032958984
801,1,-8.890184233223408e-08,3.780154228210449
801,2,-1.4663031322470488e-07,0.3087509572505951
801,3,-3.024971704235213e-07,-0.2029131054878235
801,4,-3.8678075497955433e-07,-0.6339796781539917
801,5,-1.2700263596343575e-07,-0.15360035002231598
801,6,-2.3322301956341107e-07,0.24097275733947754
801,7,5.311019179998766e-08,2.0034027099609375
802,0,1.0945317399091437e-06,1.7764884233474731
802,1,31.0,20.855823516845703
802,2,-1.4663031322470488e-07,5.472211837768555
802,3,-3.024971704235213e-07,0.5292231440544128
802,4,-3.8678075497955433e-07,-0.10423508286476135
802,5,-1.2700263596343575e-07,-0.34789860248565674
802,6,-2.3322301956341107e-07,0.042750123888254166
802,7,5.311019179998766e-08,0.017611080780625343
803,0,1.408574661354578e-07,0.5631924867630005
803,1,-8.890184233223408e-08,1.1801737546920776
803,2,26.0,29.993038177490234
803,3,-3.024971704235213e-07,7.1712870597839355
803,4,-3.8678075497955433e-07,-0.4359072744846344
803,5,-1.2700263596343575e-07,0.10616718977689743
803,6,-2.3322301956341107e-07,-0.17525887489318848
803,7,5.311019179998766e-08,-0.15991443395614624
804,0,1.408574661354578e-07,-0.2475041002035141
804,1,-8.890184233223408e-08,0.10473576188087463
804,2,3.3020685918927484e-07,-0.16886964440345764
804,3,22.0,46.31382369995117
804,4,36.0,5.485552787780762
804,5,-1.2700263596343575e-07,0.4283055067062378
804,6,-2.3322301956341107e-07,-0.1342151165008545
804,7,5.311019179998766e-08,0.37538057565689087
805,0,1.408574661354578e-07,-0.24081407487392426
805,1,-8.890184233223408e-08,0.015250594355165958
805,2,-1.4663031322470488e-07,-0.05389418825507164
805,3,6.511771175610193e-07,1.8377386331558228
805,4,-3.8678075497955433e-07,1.1156474351882935
805,5,31.999998092651367,35.26185607910156
805,6,-2.3322301956341107e-07,6.820822715759277
805,7,5.311019179998766e-08,-0.20588630437850952
806,0,1.408574661354578e-07,0.1011592373251915
806,1,-8.890184233223408e-08,-0.19963273406028748
806,2,-1.4663031322470488e-07,-0.16151395440101624
806,3,-3.024971704235213e-07,0.19159144163131714
806,4,-3.8678075497955433e-07,-0.07230749726295471
806,5,8.266716804428142e-07,0.583274245262146
806,6,21.0,22.504377365112305
806,7,5.311019179998766e-08,9.879387855529785
807,0,1.408574661354578e-07,0.03708281368017197
807,1,-8.890184233223408e-08,-0.09257516264915466
807,2,-1.4663031322470488e-07,-0.06492772698402405
807,3,-3.024971704235213e-07,0.12283914536237717
807,4,-3.8678075497955433e-07,-0.1442035734653473
807,5,-1.2700263596343575e-07,0.6180099248886108
807,6,7.204512826319842e-07,0.4563872814178467
807,7,29.000001907348633,44.332847595214844
808,0,44.0,41.661460876464844
808,1,-8.890184233223408e-08,3.8524246215820312
808,2,-1.4663031322470488e-07,-0.187082439661026
808,3,-3.024971704235213e-07,0.011393244378268719
808,4,-3.8678075497955433e-07,-0.1900714933872223
808,5,-1.2700263596343575e-07,-0.08871711045503616
808,6,-2.3322301956341107e-07,0.026656871661543846
808,7,5.311019179998766e-08,0.39176374673843384
809,0,-1.7664912093096063e-06,1.6963287591934204
809,1,7.000000476837158,20.35002899169922
809,2,-1.4663031322470488e-07,5.06602144241333
809,3,-3.024971704235213e-07,0.23587149381637573
809,4,-3.8678075497955433e-07,-0.026019960641860962
809,5,-1.2700263596343575e-07,-0.2143494039773941
809,6,-2.3322301956341107e-07,0.15641140937805176
809,7,5.311019179998766e-08,0.1417580246925354
810,0,1.408574661354578e-07,-0.2296513170003891
810,1,-5.657390147462138e-07,-2.027071952819824
810,2,25.0,27.930335998535156
810,3,-3.024971704235213e-07,2.4642417430877686
810,4,-3.8678075497955433e-07,-0.4476079046726227
810,5,-1.2700263596343575e-07,0.06656777113676071
810,6,-2.3322301956341107e-07,-0.14125275611877441
810,7,5.311019179998766e-08,-0.303550660610199
811,0,1.408574661354578e-07,-0.06252465397119522
811,1,-8.890184233223408e-08,-0.044224828481674194
811,2,3.3020685918927484e-07,1.1688679456710815
811,3,35.0,41.110694885253906
811,4,-3.8678075497955433e-07,5.533740043640137
811,5,-1.2700263596343575e-07,0.4380077123641968
811,6,-2.3322301956341107e-07,-0.08830951899290085
811,7,5.311019179998766e-08,2.684737205505371
812,0,1.408574661354578e-07,-0.32374081015586853
812,1,-8.890184233223408e-08,0.10691729187965393
812,2,-1.4663031322470488e-07,0.05024704709649086
812,3,6.511771175610193e-07,0.5647050738334656
812,4,41.0,39.045162200927734
812,5,-1.2700263596343575e-07,5.968844413757324
812,6,-2.3322301956341107e-07,0.08977437764406204
812,7,5.311019179998766e-08,-0.4336795210838318
813,0,1.408574661354578e-07,0.6207543611526489
813,1,-8.890184233223408e-08,-0.22498950362205505
813,2,-1.4663031322470488e-07,-0.04688611254096031
813,3,-3.024971704235213e-07,-0.06039697304368019
813,4,-2.294129444635473e-06,2.1007919311523438
813,5,31.999998092651367,41.04233932495117
813,6,-2.3322301956341107e-07,6.290180206298828
813,7,5.311019179998766e-08,1.445909023284912
814,0,1.408574661354578e-07,-0.0031240961980074644
814,1,-8.890184233223408e-08,-0.06868132948875427
814,2,-1.4663031322470488e-07,-0.04468074068427086
814,3,-3.024971704235213e-07,-0.24460917711257935
814,4,-3.8678075497955433e-07,-0.041694074869155884
814,5,8.266716804428142e-07,1.6527050733566284
814,6,16.0,25.12086296081543
814,7,5.311019179998766e-08,10.511354446411133
815,0,1.408574661354578e-07,0.41508498787879944
815,1,-8.890184233223408e-08,0.058025747537612915
815,2,-1.4663031322470488e-07,0.022019239142537117
815,3,-3.024971704235213e-07,-0.33022385835647583
815,4,-3.8678075497955433e-07,-0.29088154435157776
815,5,-1.2700263596343575e-07,0.3998216390609741
815,6,-7.100601919773908e-07,0.6373875141143799
815,7,50.000003814697266,36.61792755126953
816,0,38.0,54.49250030517578
816,1,8.0,3.5717010498046875
816,2,-1.4663031322470488e-07,0.1481393277645111
816,3,-3.024971704235213e-07,-0.1541956067085266
816,4,-3.8678075497955433e-07,-0.3685511648654938
816,5,-1.2700263596343575e-07,-0.07526267319917679
816,6,-2.3322301956341107e-07,-0.05929255113005638
816,7,-2.3310756205319194e-06,1.494399070739746
817,0,1.0945317399091437e-06,9.714409828186035
817,1,-8.890184233223408e-08,-4.71835470199585
817,2,17.0,14.574416160583496
817,3,-3.024971704235213e-07,1.236219048500061
817,4,-3.8678075497955433e-07,-0.019862085580825806
817,5,-1.2700263596343575e-07,-0.2479478269815445
817,6,-2.3322301956341107e-07,0.10331083089113235
817,7,5.311019179998766e-08,0.14922195672988892
818,0,1.408574661354578e-07,0.13664163649082184
818,1,-8.890184233223408e-08,0.05761280655860901
818,2,3.3020685918927484e-07,-0.3948895037174225
818,3,22.0,33.45797348022461
818,4,-3.8678075497955433e-07,3.9084818363189697
818,5,-1.2700263596343575e-07,0.15834318101406097
818,6,-2.3322301956341107e-07,-0.3265697956085205
818,7,5.311019179998766e-08,-0.1366552710533142
819,0,1.408574661354578e-07,-0.08210454136133194
819,1,-8.890184233223408e-08,-0.12360772490501404
819,2,-1.4663031322470488e-07,0.11971649527549744
819,3,6.511771175610193e-07,1.4727798700332642
819,4,22.0,29.305479049682617
819,5,31.999998092651367,5.59692907333374
819,6,-2.3322301956341107e-07,-0.17461562156677246
819,7,5.311019179998766e-08,0.4598541855812073
820,0,1.408574661354578e-07,0.11800875514745712
820,1,-8.890184233223408e-08,0.025380998849868774
820,2,-1.4663031322470488e-07,-0.1358748972415924
820,3,-3.024971704235213e-07,0.36456459760665894
820,4,-3.8678075497955433e-07,-1.9663141965866089
820,5,8.266716804428142e-07,2.5091750621795654
820,6,12.0,15.486169815063477
820,7,5.311019179998766e-08,3.6797432899475098
821,0,1.408574661354578e-07,0.19275201857089996
821,1,-8.890184233223408e-08,-0.05666503310203552
821,2,-1.4663031322470488e-07,-0.2158128321170807
821,3,-3.024971704235213e-07,-0.05023271217942238
821,4,-3.8678075497955433e-07,0.20179423689842224
821,5,-1.2700263596343575e-07,-0.22373022139072418
821,6,2.4361415285056864e-07,0.8100235462188721
821,7,22.000001907348633,28.490142822265625
822,0,33.999996185302734,27.618703842163086
822,1,-8.890184233223408e-08,3.9832260608673096
822,2,-1.4663031322470488e-07,-0.17497411370277405
822,3,-3.024971704235213e-07,-0.1299026608467102
822,4,-3.8678075497955433e-07,0.0025807328056544065
822,5,-1.2700263596343575e-07,-0.15381015837192535
822,6,-2.3322301956341107e-07,-0.17447876930236816
822,7,-9.005641459225444e-07,-0.2901744246482849
823,0,1.0945317399091437e-06,-0.9461125135421753
823,1,24.999998092651367,18.768558502197266
823,2,-1.4663031322470488e-07,4.51262903213501
823,3,-3.024971704235213e-07,-0.24675971269607544
823,4,-3.8678075497955433e-07,0.08764895796775818
823,5,-1.2700263596343575e-07,-0.02941764146089554
823,6,-2.3322301956341107e-07,-0.22596049308776855
823,7,5.311019179998766e-08,0.1626630425453186
824,0,1.408574661354578e-07,0.4586564600467682
824,1,1.3416096180662862e-06,1.6608086824417114
824,2,22.000001907348633,28.783950805664062
824,3,-3.024971704235213e-07,7.622120380401611
824,4,-3.8678075497955433e-07,-0.23440876603126526
824,5,-1.2700263596343575e-07,0.1960815042257309
824,6,-2.3322301956341107e-07,-0.3536231517791748
824,7,5.311019179998766e-08,-0.2832321524620056
825,0,1.408574661354578e-07,-0.18438516557216644
825,1,-8.890184233223408e-08,0.03074827790260315
825,2,-1.1003046438418096e-06,0.11841949820518494
825,3,17.0,41.827335357666016
825,4,-3.8678075497955433e-07,5.6234450340271
825,5,-1.2700263596343575e-07,0.4451969861984253
825,6,-2.3322301956341107e-07,-0.062193628400564194
825,7,5.311019179998766e-08,0.6883969902992249
826,0,1.408574661354578e-07,-0.17533574998378754
826,1,-8.890184233223408e-08,0.041320234537124634
826,2,-1.4663031322470488e-07,-0.18976417183876038
826,3,-3.024971704235213e-07,-0.966755211353302
826,4,28.0,30.82829475402832
826,5,-1.2700263596343575e-07,5.920419216156006
826,6,-2.3322301956341107e-07,0.09646964818239212
826,7,5.311019179998766e-08,-0.23120778799057007
827,0,1.408574661354578e-07,0.03199496120214462
827,1,-8.890184233223408e-08,-0.11753520369529724
827,2,-1.4663031322470488e-07,-0.14237990975379944
827,3,-3.024971704235213e-07,0.40342825651168823
827,4,-3.8678075497955433e-07,2.834379196166992
827,5,13.0,32.01206588745117
827,6,-2.3322301956341107e-07,7.563931941986084
827,7,5.311019179998766e-08,0.8790212273597717
828,0,1.408574661354578e-07,0.053041599690914154
828,1,-8.890184233223408e-08,-0.09252175688743591
828,2,-1.4663031322470488e-07,-0.19091907143592834
828,3,-3.024971704235213e-07,-0.1521967053413391
828,4,-3.8678075497955433e-07,-0.7442511320114136
828,5,-6.038397941665608e-07,1.2641338109970093
828,6,13.0,5.608475208282471
828,7,5.311019179998766e-08,4.833425521850586
829,0,1.408574661354578e-07,0.40805259346961975
829,1,-8.890184233223408e-08,0.140651136636734
829,2,-1.4663031322470488e-07,-0.1454412043094635
829,3,-3.024971704235213e-07,-0.32557088136672974
829,4,-3.8678075497955433e-07,-0.027669817209243774
829,5,-1.2700263596343575e-07,0.8338221311569214
829,6,-2.3322301956341107e-07,6.182376861572266
829,7,35.0,20.070802688598633
830,0,34.999996185302734,44.63740158081055
830,1,-8.890184233223408e-08,3.896559953689575
830,2,-1.4663031322470488e-07,0.28347381949424744
830,3,-3.024971704235213e-07,-0.21899396181106567
830,4,-3.8678075497955433e-07,-0.5640333890914917
830,5,-1.2700263596343575e-07,-0.18655218183994293
830,6,-2.3322301956341107e-07,0.05592513456940651
830,7,5.311019179998766e-08,2.3771400451660156
831,0,1.0945317399091437e-06,0.9456959962844849
831,1,26.0,20.47708511352539
831,2,20.0,5.519885063171387
831,3,-3.024971704235213e-07,0.5455076098442078
831,4,-3.8678075497955433e-07,0.031572431325912476
831,5,-1.2700263596343575e-07,-0.27122175693511963
831,6,-2.3322301956341107e-07,-0.09213089197874069
831,7,5.311019179998766e-08,-0.03289742022752762
832,0,1.408574661354578e-07,0.5091677904129028
832,1,-8.890184233223408e-08,-1.090553879737854
832,2,3.3020685918927484e-07,-0.11241164803504944
832,3,21.0,39.09189987182617
832,4,-3.8678075497955433e-07,4.041564464569092
832,5,-1.2700263596343575e-07,0.15163074433803558
832,6,-2.3322301956341107e-07,-0.3699934482574463
832,7,5.311019179998766e-08,-0.2855672240257263
833,0,1.408574661354578e-07,-0.154533252120018
833,1,-8.890184233223408e-08,-0.07536515593528748
833,2,-1.4663031322470488e-07,-0.2738625109195709
833,3,6.511771175610193e-07,0.2588421702384949
833,4,25.000001907348633,30.354509353637695
833,5,31.999998092651367,5.65207576751709
833,6,-2.3322301956341107e-07,-0.11029552668333054
833,7,5.311019179998766e-08,0.5147033333778381
834,0,1.408574661354578e-07,-0.1366776078939438
834,1,-8.890184233223408e-08,0.03779783844947815
834,2,-1.4663031322470488e-07,-0.1955520212650299
834,3,-3.024971704235213e-07,0.4150664210319519
834,4,-1.3404550145423855e-06,-0.9635475873947144
834,5,8.266716804428142e-07,1.923953890800476
834,6,41.999996185302734,15.241334915161133
834,7,5.311019179998766e-08,3.2079405784606934
835,0,1.408574661354578e-07,0.005597255192697048
835,1,-8.890184233223408e-08,-0.033977121114730835
835,2,-1.4663031322470488e-07,-0.05293860659003258
835,3,-3.024971704235213e-07,-0.15202313661575317
835,4,-3.8678075497955433e-07,0.7455531358718872
835,5,-1.2700263596343575e-07,0.5402010679244995
835,6,-7.100601919773908e-07,3.6684675216674805
835,7,21.0,51.81610870361328
836,0,33.999996185302734,25.95575714111328
836,1,22.0,3.979173421859741
836,2,-1.4663031322470488e-07,-0.16689029335975647
836,3,-3.024971704235213e-07,-0.21485263109207153
836,4,-3.8678075497955433e-07,-0.03217402100563049
836,5,-1.2700263596343575e-07,-0.07503283768892288
836,6,-2.3322301956341107e-07,0.05605912581086159
836,7,1.0067844868899556e-06,-0.20253604650497437
837,0,1.0945317399091437e-06,-4.729894638061523
837,1,-8.890184233223408e-08,1.6739102602005005
837,2,17.0,25.88254737854004
837,3,-3.024971704235213e-07,4.588479995727539
837,4,-3.8678075497955433e-07,0.15469703078269958
837,5,-1.2700263596343575e-07,0.03008972853422165
837,6,-2.3322301956341107e-07,0.01814914308488369
837,7,5.311019179998766e-08,0.08509021252393723
838,0,1.408574661354578e-07,0.11542239040136337
838,1,-8.890184233223408e-08,0.060390859842300415
838,2,3.3020685918927484e-07,0.13254627585411072
838,3,21.0,35.65875244140625
838,4,-3.8678075497955433e-07,4.00111722946167
838,5,-1.2700263596343575e-07,-0.018575794994831085
838,6,-2.3322301956341107e-07,0.1326158046722412
838,7,5.311019179998766e-08,-0.2118028998374939
839,0,1.408574661354578e-07,-0.07680115848779678
839,1,-8.890184233223408e-08,-0.1717449128627777
839,2,-1.4663031322470488e-07,0.0609038807451725
839,3,6.511771175610193e-07,1.6541258096694946
839,4,29.0,29.13686180114746
839,5,-1.2700263596343575e-07,5.689415454864502
839,6,-2.3322301956341107e-07,-0.06136583909392357
839,7,5.311019179998766e-08,1.5717644691467285
840,0,1.408574661354578e-07,-0.0633905902504921
840,1,-8.890184233223408e-08,0.16405192017555237
840,2,-1.4663031322470488e-07,-0.15202489495277405
840,3,-3.024971704235213e-07,0.41597288846969604
840,4,-3.8678075497955433e-07,3.121203899383545
840,5,39.0,33.58265686035156
840,6,18.0,7.5718231201171875
840,7,5.311019179998766e-08,-0.372611939907074
841,0,1.408574661354578e-07,0.21467794477939606
841,1,-8.890184233223408e-08,-0.0609951913356781
841,2,-1.4663031322470488e-07,-0.21991363167762756
841,3,-3.024971704235213e-07,1.1143828630447388
841,4,-3.8678075497955433e-07,0.501923680305481
841,5,-1.0806769523696858e-06,1.5446757078170776
841,6,-2.3322301956341107e-07,-7.001699447631836
841,7,20.0,34.900325775146484
842,0,32.0,21.914194107055664
842,1,12.000000953674316,3.971240282058716
842,2,-1.4663031322470488e-07,-0.15701022744178772
842,3,-3.024971704235213e-07,-0.3906310200691223
842,4,-3.8678075497955433e-07,-0.16066685318946838
842,5,-1.2700263596343575e-07,0.00395571393892169
842,6,-2.3322301956341107e-07,-0.08244775980710983
842,7,5.311019179998766e-08,-0.15336698293685913
843,0,1.0945317399091437e-06,3.4103267192840576
843,1,-5.657390147462138e-07,-2.3599610328674316
843,2,16.0,19.273662567138672
843,3,-3.024971704235213e-07,1.4680949449539185
843,4,-3.8678075497955433e-07,-0.43470659852027893
843,5,-1.2700263596343575e-07,-0.06176198273897171
843,6,-2.3322301956341107e-07,-0.12469743937253952
843,7,5.311019179998766e-08,0.19174009561538696
844,0,1.408574661354578e-07,0.21451200544834137
844,1,-8.890184233223408e-08,0.1673521101474762
844,2,3.3020685918927484e-07,-0.3876401484012604
844,3,27.0,31.032489776611328
844,4,-3.8678075497955433e-07,5.750448226928711
844,5,-1.2700263596343575e-07,-0.032677777111530304
844,6,-2.3322301956341107e-07,0.1686112880706787
844,7,5.311019179998766e-08,-0.14862674474716187
845,0,1.408574661354578e-07,-0.09540639072656631
845,1,-8.890184233223408e-08,-0.1399436891078949
845,2,-1.4663031322470488e-07,0.3324297368526459
845,3,6.511771175610193e-07,2.3734638690948486
845,4,28.0,30.825002670288086
845,5,-1.2700263596343575e-07,5.705406188964844
845,6,-2.3322301956341107e-07,-0.0602419339120388
845,7,5.311019179998766e-08,-0.045287080109119415
846,0,1.408574661354578e-07,0.10372080653905869
846,1,-8.890184233223408e-08,0.09009161591529846
846,2,-1.4663031322470488e-07,-0.15742841362953186
846,3,-3.024971704235213e-07,0.22316187620162964
846,4,-3.8678075497955433e-07,2.4231600761413574
846,5,54.0,34.51021957397461
846,6,-2.3322301956341107e-07,7.51947021484375
846,7,5.311019179998766e-08,-0.3498210310935974
847,0,1.408574661354578e-07,0.18320287764072418
847,1,-8.890184233223408e-08,-0.03593835234642029
847,2,-1.4663031322470488e-07,-0.20992723107337952
847,3,-3.024971704235213e-07,4.587578773498535
847,4,-3.8678075497955433e-07,0.23524388670921326
847,5,-1.0806769523696858e-06,2.0423777103424072
847,6,41.999996185302734,29.949892044067383
847,7,5.311019179998766e-08,9.93012809753418
848,0,1.408574661354578e-07,0.4548007547855377
848,1,-8.890184233223408e-08,0.09611406922340393
848,2,-1.4663031322470488e-07,-0.16140761971473694
848,3,-3.024971704235213e-07,-0.25544339418411255
848,4,-3.8678075497955433e-07,0.05872926115989685
848,5,-1.2700263596343575e-07,-0.07383597642183304
848,6,-7.100601919773908e-07,1.7068276405334473
848,7,19.0,54.237205505371094
849,0,22.0,21.389345169067383
849,1,30.0,3.987088918685913
849,2,-1.4663031322470488e-07,0.28347381949424744
849,3,-3.024971704235213e-07,0.037173446267843246
849,4,-3.8678075497955433e-07,-0.272456556558609
849,5,-1.2700263596343575e-07,-0.06676257401704788
849,6,-2.3322301956341107e-07,0.008777385577559471
849,7,5.311019179998766e-08,-0.34970659017562866
850,0,1.408574661354578e-07,-15.501189231872559
850,1,-8.890184233223408e-08,8.56501579284668
850,2,15.000000953674316,26.438756942749023
850,3,-3.024971704235213e-07,6.87445068359375
850,4,-3.8678075497955433e-07,0.003769487841054797
850,5,-1.2700263596343575e-07,-0.1602112203836441
850,6,-2.3322301956341107e-07,0.2147371768951416
850,7,5.311019179998766e-08,0.24634891748428345
851,0,1.408574661354578e-07,0.1546241194009781
851,1,-8.890184233223408e-08,0.09026756882667542
851,2,-6.234674856386846e-07,0.5852912664413452
851,3,20.0,33.89000701904297
851,4,-3.8678075497955433e-07,3.8979811668395996
851,5,-1.2700263596343575e-07,-0.01980937272310257
851,6,-2.3322301956341107e-07,0.1371781826019287
851,7,5.311019179998766e-08,-0.07286972552537918
852,0,1.408574661354578e-07,-0.11735615879297256
852,1,-8.890184233223408e-08,-0.12629422545433044
852,2,-1.4663031322470488e-07,0.1317513883113861
852,3,-7.793343570483557e-07,2.4192721843719482
852,4,18.0,28.547935485839844
852,5,28.000001907348633,5.714570999145508
852,6,-2.3322301956341107e-07,-0.05706476792693138
852,7,5.311019179998766e-08,-0.0769462063908577
853,0,1.408574661354578e-07,0.1108800396323204
853,1,-8.890184233223408e-08,0.23446360230445862
853,2,-1.4663031322470488e-07,-0.2105485498905182
853,3,-3.024971704235213e-07,0.23971861600875854
853,4,-3.8678075497955433e-07,-2.5287561416625977
853,5,-1.0806769523696858e-06,1.8576620817184448
853,6,44.0,17.44934844970703
853,7,10.0,4.337374687194824
854,0,42.0,10.212942123413086
854,1,-8.890184233223408e-08,-0.0709138810634613
854,2,-1.4663031322470488e-07,-0.22548261284828186
854,3,-3.024971704235213e-07,-0.04232865944504738
854,4,-3.8678075497955433e-07,0.4009591042995453
854,5,-1.2700263596343575e-07,0.9089368581771851
854,6,-7.100601919773908e-07,4.098480701446533
854,7,5.311019179998766e-08,-1.9605379104614258
855,0,1.0945317399091437e-06,-0.9481076002120972
855,1,11.0,15.542692184448242
855,2,-1.4663031322470488e-07,2.89634108543396
855,3,-3.024971704235213e-07,-0.10938341170549393
855,4,-3.8678075497955433e-07,0.06572207808494568
855,5,-1.2700263596343575e-07,-0.07126487046480179
855,6,-2.3322301956341107e-07,0.030005699023604393
855,7,5.311019179998766e-08,-1.8320274353027344
856,0,1.408574661354578e-07,-0.15276990830898285
856,1,-8.890184233223408e-08,-1.7164069414138794
856,2,20.0,28.196889877319336
856,3,-3.024971704235213e-07,1.3039313554763794
856,4,-3.8678075497955433e-07,-0.000507741526234895
856,5,-1.2700263596343575e-07,-0.07280648499727249
856,6,-2.3322301956341107e-07,-0.046002622693777084
856,7,5.311019179998766e-08,0.10642056912183762
857,0,1.408574661354578e-07,-0.16827665269374847
857,1,-8.890184233223408e-08,-0.19947728514671326
857,2,3.3020685918927484e-07,0.7195314168930054
857,3,13.0,36.92192077636719
857,4,-3.8678075497955433e-07,4.191523551940918
857,5,-1.2700263596343575e-07,-0.009267933666706085
857,6,-2.3322301956341107e-07,0.12932848930358887
857,7,5.311019179998766e-08,-0.5337809920310974
858,0,1.408574661354578e-07,-0.19056592881679535
858,1,-8.890184233223408e-08,0.038604170083999634
858,2,-1.4663031322470488e-07,-0.07094302773475647
858,3,-3.024971704235213e-07,-2.089627504348755
858,4,27.0,23.359094619750977
858,5,-1.2700263596343575e-07,6.033949851989746
858,6,-2.3322301956341107e-07,0.09102321416139603
858,7,5.311019179998766e-08,-0.35540956258773804
859,0,1.408574661354578e-07,-0.3241451680660248
859,1,-8.890184233223408e-08,-0.10007151961326599
859,2,-1.4663031322470488e-07,-0.030443815514445305
859,3,-3.024971704235213e-07,0.6518675684928894
859,4,1.997404979192652e-06,1.57577383518219
859,5,26.0,30.533355712890625
859,6,-2.3322301956341107e-07,7.429309368133545
859,7,5.311019179998766e-08,1.2354083061218262
860,0,1.408574661354578e-07,0.09169306606054306
860,1,-8.890184233223408e-08,-0.09755143523216248
860,2,-1.4663031322470488e-07,-0.12306037545204163
860,3,-3.024971704235213e-07,0.19902533292770386
860,4,-3.8678075497955433e-07,-0.3197268545627594
860,5,-1.0806769523696858e-06,2.4318583011627197
860,6,35.0,23.38536834716797
860,7,5.311019179998766e-08,9.929747581481934
861,0,1.408574661354578e-07,0.42439189553260803
861,1,-8.890184233223408e-08,0.1446947157382965
861,2,-1.4663031322470488e-07,-0.08513274788856506
861,3,-3.024971704235213e-07,-0.5005324482917786
861,4,-3.8678075497955433e-07,-0.13630428910255432
861,5,-1.2700263596343575e-07,1.081562876701355
861,6,-7.100601919773908e-07,3.2558891773223877
861,7,30.0,50.30978012084961
862,0,30.000001907348633,42.53550338745117
862,1,7.000000476837158,4.155577182769775
862,2,-1.4663031322470488e-07,0.292867511510849
862,3,-3.024971704235213e-07,-0.05171758309006691
862,4,-3.8678075497955433e-07,-0.4928797781467438
862,5,-1.2700263596343575e-07,0.1139286682009697
862,6,-2.3322301956341107e-07,0.11014152318239212
862,7,5.311019179998766e-08,0.06209712475538254
863,0,-1.7664912093096063e-06,7.446166038513184
863,1,-5.657390147462138e-07,-4.459311008453369
863,2,15.000000953674316,13.766438484191895
863,3,-3.024971704235213e-07,1.0970579385757446
863,4,-3.8678075497955433e-07,-0.017746835947036743
863,5,-1.2700263596343575e-07,-0.33665335178375244
863,6,-2.3322301956341107e-07,0.10471606999635696
863,7,5.311019179998766e-08,-0.031808800995349884
864,0,1.408574661354578e-07,0.2917558252811432
864,1,-8.890184233223408e-08,0.18362084031105042
864,2,-6.234674856386846e-07,-0.38818708062171936
864,3,20.0,31.002216339111328
864,4,30.0,3.7100119590759277
864,5,-1.2700263596343575e-07,-0.03851235657930374
864,6,-2.3322301956341107e-07,0.07178760319948196
864,7,5.311019179998766e-08,-0.27966398000717163
865,0,1.408574661354578e-07,-0.013690807856619358
865,1,-8.890184233223408e-08,-0.05718955397605896
865,2,-1.4663031322470488e-07,0.20646604895591736
865,3,-7.793343570483557e-07,-2.2228405475616455
865,4,-3.8678075497955433e-07,0.5072795152664185
865,5,24.0,32.938846588134766
865,6,-2.3322301956341107e-07,7.095759391784668
865,7,5.311019179998766e-08,0.2511940598487854
866,0,1.408574661354578e-07,-0.06457696110010147
866,1,-8.890184233223408e-08,0.03906765580177307
866,2,-1.4663031322470488e-07,-0.1249028742313385
866,3,-3.024971704235213e-07,0.2551514506340027
866,4,-3.8678075497955433e-07,-0.22287216782569885
866,5,-1.2700263596343575e-07,1.3863242864608765
866,6,33.0,22.54179573059082
866,7,5.311019179998766e-08,2.124302864074707
867,0,1.408574661354578e-07,0.27531638741493225
867,1,-8.890184233223408e-08,-0.07141169905662537
867,2,-1.4663031322470488e-07,-0.20594993233680725
867,3,-3.024971704235213e-07,0.10888689011335373
867,4,-3.8678075497955433e-07,0.17180022597312927
867,5,-1.2700263596343575e-07,1.261745810508728
867,6,-7.100601919773908e-07,3.106478691101074
867,7,26.000001907348633,48.11970138549805
868,0,33.0,39.723236083984375
868,1,-8.890184233223408e-08,3.9540209770202637
868,2,-1.4663031322470488e-07,-0.1969558298587799
868,3,-3.024971704235213e-07,-0.11439592391252518
868,4,-3.8678075497955433e-07,-0.29896536469459534
868,5,-1.2700263596343575e-07,0.07045828551054001
868,6,-2.3322301956341107e-07,0.10218501836061478
868,7,5.311019179998766e-08,1.2159910202026367
869,0,-1.7664912093096063e-06,0.12427916377782822
869,1,27.0,18.884666442871094
869,2,16.0,5.57020378112793
869,3,-3.024971704235213e-07,0.3840257525444031
869,4,-3.8678075497955433e-07,-0.11897173523902893
869,5,-1.2700263596343575e-07,-0.339391827583313
869,6,-2.3322301956341107e-07,0.09119010716676712
869,7,5.311019179998766e-08,0.2614012360572815
870,0,1.408574661354578e-07,0.5504485368728638
870,1,-8.890184233223408e-08,-0.5484095215797424
870,2,3.3020685918927484e-07,-0.8282276391983032
870,3,17.999998092651367,33.2987174987793
870,4,-3.8678075497955433e-07,3.752196788787842
870,5,-1.2700263596343575e-07,-0.052497513592243195
870,6,-2.3322301956341107e-07,0.05859828367829323
870,7,5.311019179998766e-08,-0.29871171712875366
871,0,1.408574661354578e-07,-0.1203211322426796
871,1,-8.890184233223408e-08,-0.048454850912094116
871,2,-1.4663031322470488e-07,-0.2209412157535553
871,3,6.511771175610193e-07,0.9415990710258484
871,4,18.0,27.31620979309082
871,5,-1.2700263596343575e-07,5.732619762420654
871,6,-2.3322301956341107e-07,-0.07094263285398483
871,7,5.311019179998766e-08,1.8309111595153809
872,0,1.408574661354578e-07,-0.23181425034999847
872,1,-8.890184233223408e-08,0.03313341736793518
872,2,-1.4663031322470488e-07,-0.14872661232948303
872,3,-3.024971704235213e-07,-0.0731237605214119
872,4,-3.8678075497955433e-07,1.8502165079116821
872,5,43.0,23.235288619995117
872,6,22.0,7.884249210357666
872,7,5.311019179998766e-08,-0.21424764394760132
873,0,1.408574661354578e-07,0.008654735051095486
873,1,-8.890184233223408e-08,-0.027599424123764038
873,2,-1.4663031322470488e-07,-0.13698545098304749
873,3,-3.024971704235213e-07,7.074865341186523
873,4,-3.8678075497955433e-07,-0.42685022950172424
873,5,-1.0806769523696858e-06,5.764400482177734
873,6,-7.100601919773908e-07,-3.152282953262329
873,7,30.0,39.93058395385742
874,0,18.0,42.287147521972656
874,1,14.0,3.814321279525757
874,2,-1.4663031322470488e-07,-0.17889133095741272
874,3,-3.024971704235213e-07,-0.321860134601593
874,4,-3.8678075497955433e-07,-0.11789122223854065
874,5,-1.2700263596343575e-07,0.10509669035673141
874,6,-2.3322301956341107e-07,0.019222503527998924
874,7,5.311019179998766e-08,-0.4402245879173279
875,0,1.408574661354578e-07,-2.4038798809051514
875,1,-5.657390147462138e-07,1.8957639932632446
875,2,15.000000953674316,13.856337547302246
875,3,-3.024971704235213e-07,2.4303324222564697
875,4,-3.8678075497955433e-07,-0.3452109396457672
875,5,-1.2700263596343575e-07,-0.2011510282754898
875,6,-2.3322301956341107e-07,-0.13168549537658691
875,7,5.311019179998766e-08,0.02482324279844761
876,0,1.408574661354578e-07,0.28640857338905334
876,1,-8.890184233223408e-08,0.20085135102272034
876,2,-6.234674856386846e-07,-0.6179214715957642
876,3,21.0,29.709787368774414
876,4,-3.8678075497955433e-07,6.137316703796387
876,5,-1.2700263596343575e-07,-0.1354605108499527
876,6,-2.3322301956341107e-07,0.0733349397778511
876,7,5.311019179998766e-08,-0.2952842116355896
877,0,1.408574661354578e-07,-0.014993526972830296
877,1,-8.890184233223408e-08,-0.07432612776756287
877,2,-1.4663031322470488e-07,0.11849531531333923
877,3,6.511771175610193e-07,2.005378484725952
877,4,41.0,28.48216438293457
877,5,-1.2700263596343575e-07,5.663432598114014
877,6,-2.3322301956341107e-07,-0.08228801935911179
877,7,5.311019179998766e-08,0.26735931634902954
878,0,1.408574661354578e-07,-0.07221493870019913
878,1,-8.890184233223408e-08,0.04051247239112854
878,2,-1.4663031322470488e-07,-0.1588393747806549
878,3,-3.024971704235213e-07,0.4410044550895691
878,4,-2.294129444635473e-06,3.516880512237549
878,5,30.0,37.68024444580078
878,6,-2.3322301956341107e-07,6.229641914367676
878,7,5.311019179998766e-08,-0.060735173523426056
879,0,1.408574661354578e-07,0.2068416029214859
879,1,-8.890184233223408e-08,-0.06527051329612732
879,2,-1.4663031322470488e-07,-0.24237599968910217
879,3,-3.024971704235213e-07,-0.10517341643571854
879,4,-3.8678075497955433e-07,0.11810740828514099
879,5,8.266716804428142e-07,0.8832672834396362
879,6,15.0,30.867576599121094
879,7,18.0,10.547646522521973
880,0,32.0,20.253192901611328
880,1,9.0,2.87300181388855
880,2,-1.4663031322470488e-07,-0.1135193407535553
880,3,-3.024971704235213e-07,-0.48313456773757935
880,4,-3.8678075497955433e-07,-0.24263277649879456
880,5,-1.2700263596343575e-07,0.4188007116317749
880,6,-2.3322301956341107e-07,2.210486650466919
880,7,5.311019179998766e-08,0.07012372463941574
881,0,1.0945317399091437e-06,8.513575553894043
881,1,3.879353016600362e-07,-3.7116990089416504
881,2,18.0,14.414518356323242
881,3,-3.024971704235213e-07,0.10390632599592209
881,4,-3.8678075497955433e-07,-0.3550242483615875
881,5,-1.2700263596343575e-07,-0.0013257343089208007
881,6,-2.3322301956341107e-07,0.0912029817700386
881,7,5.311019179998766e-08,0.16343456506729126
882,0,1.408574661354578e-07,0.2786208689212799
882,1,-8.890184233223408e-08,0.155175119638443
882,2,-1.1003046438418096e-06,-0.5628215074539185
882,3,30.0,33.03543472290039
882,4,-3.8678075497955433e-07,3.5818629264831543
882,5,-1.2700263596343575e-07,-0.26046907901763916
882,6,-2.3322301956341107e-07,0.1058967188000679
882,7,5.311019179998766e-08,0.025924736633896828
883,0,1.408574661354578e-07,0.026775501668453217
883,1,-8.890184233223408e-08,-0.09567651152610779
883,2,-1.4663031322470488e-07,0.3360222280025482
883,3,6.511771175610193e-07,0.8132016062736511
883,4,14.0,31.117996215820312
883,5,34.0,6.3651652336120605
883,6,-2.3322301956341107e-07,-0.31874966621398926
883,7,5.311019179998766e-08,-0.01381868775933981
884,0,1.408574661354578e-07,0.07209505885839462
884,1,-8.890184233223408e-08,-0.018162816762924194
884,2,-1.4663031322470488e-07,-0.15466228127479553
884,3,-3.024971704235213e-07,0.16811102628707886
884,4,5.668935614266957e-07,-6.704408645629883
884,5,8.266716804428142e-07,4.082193851470947
884,6,17.0,15.689881324768066
884,7,5.311019179998766e-08,4.301067352294922
885,0,1.408574661354578e-07,0.18805135786533356
885,1,-8.890184233223408e-08,-0.030032724142074585
885,2,-1.4663031322470488e-07,-0.15634885430335999
885,3,-3.024971704235213e-07,0.055825408548116684
885,4,-3.8678075497955433e-07,0.2340599000453949
885,5,-1.2700263596343575e-07,0.20905815064907074
885,6,-2.3322301956341107e-07,-1.8469164371490479
885,7,35.0,39.325286865234375
886,0,37.0,44.746334075927734
886,1,13.0,3.6070713996887207
886,2,-1.4663031322470488e-07,-0.19224897027015686
886,3,-3.024971704235213e-07,0.026360686868429184
886,4,-3.8678075497955433e-07,-0.009810357354581356
886,5,-1.2700263596343575e-07,-0.24339593946933746
886,6,-2.3322301956341107e-07,-0.15333819389343262
886,7,5.311019179998766e-08,1.6861109733581543
887,0,-1.7664912093096063e-06,2.9163129329681396
887,1,-8.890184233223408e-08,-3.4077439308166504
887,2,12.0,23.654369354248047
887,3,-3.024971704235213e-07,2.3380420207977295
887,4,-3.8678075497955433e-07,0.0023523278068751097
887,5,-1.2700263596343575e-07,-0.032491810619831085
887,6,-2.3322301956341107e-07,0.09460378438234329
887,7,5.311019179998766e-08,-0.12970250844955444
888,0,1.408574661354578e-07,0.08564390987157822
888,1,-8.890184233223408e-08,0.07517185807228088
888,2,3.3020685918927484e-07,-0.5519586801528931
888,3,5.0,27.04558753967285
888,4,-3.8678075497955433e-07,3.4419631958007812
888,5,-1.2700263596343575e-07,0.12893949449062347
888,6,-2.3322301956341107e-07,-0.29958653450012207
888,7,5.311019179998766e-08,-0.2603592276573181
889,0,1.408574661354578e-07,-0.06087479740381241
889,1,-8.890184233223408e-08,-0.14626750349998474
889,2,-1.4663031322470488e-07,0.10048994421958923
889,3,-3.024971704235213e-07,-1.4290012121200562
889,4,36.0,9.444633483886719
889,5,-1.2700263596343575e-07,0.6201919317245483
889,6,-2.3322301956341107e-07,-0.11102937906980515
889,7,5.311019179998766e-08,0.2687245011329651
890,0,1.408574661354578e-07,0.1739293485879898
890,1,-8.890184233223408e-08,0.21943655610084534
890,2,-1.4663031322470488e-07,0.4102815091609955
890,3,-3.024971704235213e-07,0.1828104853630066
890,4,-3.8678075497955433e-07,2.322134017944336
890,5,22.0,31.90359115600586
890,6,-2.3322301956341107e-07,6.821105003356934
890,7,5.311019179998766e-08,-0.4272155165672302
891,0,1.408574661354578e-07,0.2635175287723541
891,1,-8.890184233223408e-08,-0.1315060555934906
891,2,-1.4663031322470488e-07,-0.09648767113685608
891,3,-3.024971704235213e-07,1.1123443841934204
891,4,-3.8678075497955433e-07,-0.9557303190231323
891,5,-1.2700263596343575e-07,0.5297673940658569
891,6,22.0,22.395959854125977
891,7,5.311019179998766e-08,8.099011421203613
892,0,1.408574661354578e-07,0.42201724648475647
892,1,-8.890184233223408e-08,0.15740719437599182
892,2,-1.4663031322470488e-07,-0.038347866386175156
892,3,-3.024971704235213e-07,-0.6884253621101379
892,4,-3.8678075497955433e-07,-0.2847212851047516
892,5,-1.2700263596343575e-07,1.0793880224227905
892,6,-7.100601919773908e-07,2.8479769229888916
892,7,26.000001907348633,39.10116958618164
893,0,20.0,39.56132507324219
893,1,-8.890184233223408e-08,4.402947902679443
893,2,-1.4663031322470488e-07,0.19956430792808533
893,3,-3.024971704235213e-07,-0.12676984071731567
893,4,-3.8678075497955433e-07,-0.42340365052223206
893,5,-1.2700263596343575e-07,0.007653109263628721
893,6,-2.3322301956341107e-07,0.17583155632019043
893,7,5.311019179998766e-08,1.640115737915039
894,0,1.408574661354578e-07,0.6824294328689575
894,1,11.0,9.918807029724121
894,2,-1.4663031322470488e-07,5.151725769042969
894,3,-3.024971704235213e-07,0.42647379636764526
894,4,-3.8678075497955433e-07,-0.25749197602272034
894,5,-1.2700263596343575e-07,-0.3255101442337036
894,6,-2.3322301956341107e-07,0.10254312306642532
894,7,5.311019179998766e-08,0.1077151820063591
895,0,1.408574661354578e-07,-0.5500849485397339
895,1,-8.890184233223408e-08,2.0454492568969727
895,2,20.0,18.761932373046875
895,3,63.0,5.6023688316345215
895,4,-3.8678075497955433e-07,-0.4517182409763336
895,5,-1.2700263596343575e-07,0.02982746809720993
895,6,-2.3322301956341107e-07,-0.10348104685544968
895,7,5.311019179998766e-08,-0.28061622381210327
896,0,1.408574661354578e-07,-0.2872637212276459
896,1,-8.890184233223408e-08,0.16046181321144104
896,2,3.3020685918927484e-07,-6.780746936798096
896,3,-1.7330086166111869e-06,8.421590805053711
896,4,35.0,52.8936767578125
896,5,28.000001907348633,6.608367919921875
896,6,-2.3322301956341107e-07,-0.06606125086545944
896,7,5.311019179998766e-08,0.20877748727798462
897,0,1.408574661354578e-07,-0.4193447530269623
897,1,-8.890184233223408e-08,0.09993782639503479
897,2,-1.4663031322470488e-07,0.1261514127254486
897,3,-3.024971704235213e-07,0.12084310501813889
897,4,-3.8678075497955433e-07,4.448372840881348
897,5,-1.0806769523696858e-06,-1.2097121477127075
897,6,20.0,17.555437088012695
897,7,35.0,2.0821332931518555
898,0,46.0,36.06598663330078
898,1,-8.890184233223408e-08,11.229450225830078
898,2,-1.4663031322470488e-07,-0.14967551827430725
898,3,-3.024971704235213e-07,0.026056941598653793
898,4,-3.8678075497955433e-07,-0.00020256573043297976
898,5,-1.2700263596343575e-07,0.019292227923870087
898,6,-2.3322301956341107e-07,0.24300789833068848
898,7,5.311019179998766e-08,2.8668556213378906
899,0,-1.7664912093096063e-06,2.0234878063201904
899,1,34.0,20.570331573486328
899,2,-1.4663031322470488e-07,8.457815170288086
899,3,-3.024971704235213e-07,0.12305896729230881
899,4,-3.8678075497955433e-07,0.1419278085231781
899,5,-1.2700263596343575e-07,-0.25167953968048096
899,6,-2.3322301956341107e-07,0.09563422948122025
899,7,5.311019179998766e-08,0.040992312133312225
900,0,1.408574661354578e-07,0.41999831795692444
900,1,-8.890184233223408e-08,0.8399989008903503
900,2,3.0,31.58311653137207
900,3,37.0,4.8108601570129395
900,4,-3.8678075497955433e-07,0.15905675292015076
900,5,-1.2700263596343575e-07,0.0832284614443779
900,6,-2.3322301956341107e-07,0.06820941716432571
900,7,5.311019179998766e-08,-0.18855613470077515
901,0,1.408574661354578e-07,-0.025786258280277252
901,1,-8.890184233223408e-08,-0.09084853529930115
901,2,-1.4663031322470488e-07,-8.99484920501709
901,3,6.511771175610193e-07,9.556331634521484
901,4,41.0,27.76438331604004
901,5,28.000001907348633,7.00623083114624
901,6,-2.3322301956341107e-07,-0.17007184028625488
901,7,5.311019179998766e-08,0.39284998178482056
902,0,1.408574661354578e-07,-0.29675087332725525
902,1,-8.890184233223408e-08,-0.012506573460996151
902,2,-1.4663031322470488e-07,0.32150349020957947
902,3,-3.024971704235213e-07,0.06105059012770653
902,4,-2.294129444635473e-06,4.402235984802246
902,5,-1.0806769523696858e-06,-3.226935625076294
902,6,27.999998092651367,18.210742950439453
902,7,32.0,1.8913421630859375
903,0,43.0,51.51968765258789
903,1,-8.890184233223408e-08,4.104576110839844
903,2,-1.4663031322470488e-07,0.04049238935112953
903,3,-3.024971704235213e-07,-0.19051581621170044
903,4,-3.8678075497955433e-07,0.013536066748201847
903,5,-1.2700263596343575e-07,0.22815881669521332
903,6,-7.100601919773908e-07,3.0867278575897217
903,7,5.311019179998766e-08,2.5704259872436523
904,0,1.0945317399091437e-06,1.4146658182144165
904,1,32.000003814697266,17.5045108795166
904,2,16.0,4.026034355163574
904,3,-3.024971704235213e-07,-0.23869401216506958
904,4,-3.8678075497955433e-07,-0.12660637497901917
904,5,-1.2700263596343575e-07,-0.06390345841646194
904,6,-2.3322301956341107e-07,-0.05759691819548607
904,7,5.311019179998766e-08,0.007131629623472691
905,0,1.408574661354578e-07,0.6135426759719849
905,1,-2.473087533871876e-06,0.07393208146095276
905,2,3.3020685918927484e-07,-1.7821093797683716
905,3,29.0,29.605527877807617
905,4,31.0,14.934714317321777
905,5,-1.2700263596343575e-07,0.16743265092372894
905,6,-2.3322301956341107e-07,0.1528937816619873
905,7,5.311019179998766e-08,-0.24484771490097046
906,0,1.408574661354578e-07,-0.06971249729394913
906,1,-8.890184233223408e-08,-0.0020209248177707195
906,2,-1.4663031322470488e-07,0.1000274121761322
906,3,6.511771175610193e-07,-2.3901569843292236
906,4,-3.8678075497955433e-07,0.5948201417922974
906,5,46.0,24.644084930419922
906,6,15.0,13.313546180725098
906,7,5.311019179998766e-08,0.6007104516029358
907,0,1.408574661354578e-07,-0.2858446538448334
907,1,-8.890184233223408e-08,-0.05333384871482849
907,2,-1.4663031322470488e-07,-0.006074098404496908
907,3,-3.024971704235213e-07,0.17314642667770386
907,4,-3.8678075497955433e-07,0.24752673506736755
907,5,3.210857585145277e-06,4.615711688995361
907,6,-2.3322301956341107e-07,-10.346550941467285
907,7,40.999996185302734,23.184621810913086
908,0,28.0,52.660621643066406
908,1,-8.890184233223408e-08,11.57553768157959
908,2,-1.4663031322470488e-07,-0.030047563835978508
908,3,-3.024971704235213e-07,0.19033688306808472
908,4,-3.8678075497955433e-07,-0.08619347214698792
908,5,-1.2700263596343575e-07,-0.01710856705904007
908,6,-2.3322301956341107e-07,-0.06643938273191452
908,7,2.4372959614993306e-06,1.9644017219543457
909,0,1.0945317399091437e-06,2.578655958175659
909,1,19.0,17.406810760498047
909,2,-1.4663031322470488e-07,3.182732343673706
909,3,-3.024971704235213e-07,0.13357609510421753
909,4,-3.8678075497955433e-07,-0.19160261750221252
909,5,-1.2700263596343575e-07,-0.029090531170368195
909,6,-2.3322301956341107e-07,-0.15620207786560059
909,7,5.311019179998766e-08,0.06895499676465988
910,0,1.408574661354578e-07,0.026005886495113373
910,1,-8.890184233223408e-08,1.4046272039413452
910,2,16.0,26.237743377685547
910,3,-3.024971704235213e-07,7.598879814147949
910,4,-3.8678075497955433e-07,-0.004657655488699675
910,5,-1.2700263596343575e-07,0.01824318617582321
910,6,-2.3322301956341107e-07,0.2140505313873291
910,7,5.311019179998766e-08,-0.25452178716659546
911,0,1.408574661354578e-07,-0.25436100363731384
911,1,-8.890184233223408e-08,-0.003957837354391813
911,2,3.3020685918927484e-07,0.18877968192100525
911,3,32.0,33.79058074951172
911,4,-3.8678075497955433e-07,5.660123825073242
911,5,-1.2700263596343575e-07,0.4274038076400757
911,6,-2.3322301956341107e-07,-0.13458514213562012
911,7,5.311019179998766e-08,0.4187818169593811
912,0,1.408574661354578e-07,-0.12704358994960785
912,1,-8.890184233223408e-08,-0.017274945974349976
912,2,-1.4663031322470488e-07,0.31431469321250916
912,3,-1.7330086166111869e-06,1.1410084962844849
912,4,37.0,33.90428161621094
912,5,-1.2700263596343575e-07,5.903103351593018
912,6,-2.3322301956341107e-07,0.09949279576539993
912,7,5.311019179998766e-08,-0.22118991613388062
913,0,1.408574661354578e-07,-0.19589315354824066
913,1,-8.890184233223408e-08,-0.06845006346702576
913,2,-1.4663031322470488e-07,-0.07853904366493225
913,3,-3.024971704235213e-07,0.04503696784377098
913,4,-3.8678075497955433e-07,0.22260436415672302
913,5,11.0,39.190895080566406
913,6,-2.3322301956341107e-07,6.767406940460205
913,7,5.311019179998766e-08,0.9505529999732971
914,0,1.408574661354578e-07,0.18320287764072418
914,1,-8.890184233223408e-08,-0.019461244344711304
914,2,-1.4663031322470488e-07,-0.17820945382118225
914,3,-3.024971704235213e-07,-0.14579135179519653
914,4,-3.8678075497955433e-07,-0.13059034943580627
914,5,-1.2700263596343575e-07,0.08873116225004196
914,6,22.0,4.619924545288086
914,7,5.311019179998766e-08,4.3591485023498535
915,0,1.408574661354578e-07,0.42201724648475647
915,1,-8.890184233223408e-08,0.07120028138160706
915,2,-1.4663031322470488e-07,-0.050142910331487656
915,3,-3.024971704235213e-07,-0.3329384922981262
915,4,-3.8678075497955433e-07,0.5999261140823364
915,5,-1.2700263596343575e-07,1.6385267972946167
915,6,-7.100601919773908e-07,6.734043121337891
915,7,38.0,30.097339630126953
916,0,36.0,46.74101638793945
916,1,-8.890184233223408e-08,3.8193259239196777
916,2,-1.4663031322470488e-07,0.18954309821128845
916,3,-3.024971704235213e-07,-0.22722560167312622
916,4,-3.8678075497955433e-07,-0.6219967603683472
916,5,-1.2700263596343575e-07,-0.5108605623245239
916,6,-2.3322301956341107e-07,0.2403886318206787
916,7,5.311019179998766e-08,1.8396415710449219
917,0,1.0945317399091437e-06,1.616237759590149
917,1,24.0,20.51485824584961
917,2,16.0,5.472211837768555
917,3,-3.024971704235213e-07,0.562454879283905
917,4,-3.8678075497955433e-07,0.06478270888328552
917,5,-1.2700263596343575e-07,-0.29208052158355713
917,6,-2.3322301956341107e-07,0.04546714201569557
917,7,5.311019179998766e-08,-0.01975530944764614
918,0,1.408574661354578e-07,0.3835574686527252
918,1,-1.0425761729493388e-06,0.20466366410255432
918,2,3.3020685918927484e-07,-0.3578154146671295
918,3,27.0,33.280860900878906
918,4,34.0,3.559000015258789
918,5,-1.2700263596343575e-07,-0.024705536663532257
918,6,-2.3322301956341107e-07,-0.06775736063718796
918,7,5.311019179998766e-08,-0.25435155630111694
919,0,1.408574661354578e-07,-0.1615971177816391
919,1,-8.890184233223408e-08,-0.07060679793357849
919,2,-1.4663031322470488e-07,0.1335504949092865
919,3,6.511771175610193e-07,-3.853827714920044
919,4,-3.8678075497955433e-07,0.2072521150112152
919,5,33.0,35.26587677001953
919,6,30.999998092651367,6.644442081451416
919,7,5.311019179998766e-08,0.4441381096839905
920,0,1.408574661354578e-07,0.04326357692480087
920,1,-8.890184233223408e-08,0.07885685563087463
920,2,-1.4663031322470488e-07,-0.0017162836156785488
920,3,-3.024971704235213e-07,0.15622299909591675
920,4,-3.8678075497955433e-07,0.20901641249656677
920,5,-1.0806769523696858e-06,-0.5508157014846802
920,6,7.204512826319842e-07,1.706641435623169
920,7,50.999996185302734,43.90391540527344
921,0,44.0,52.93777084350586
921,1,30.0,7.733776092529297
921,2,-1.4663031322470488e-07,-0.07063928246498108
921,3,-3.024971704235213e-07,0.19859665632247925
921,4,-3.8678075497955433e-07,-0.004951864015311003
921,5,-1.2700263596343575e-07,0.08926426619291306
921,6,-2.3322301956341107e-07,-0.0272901002317667
921,7,-2.3310756205319194e-06,0.14393383264541626
922,0,-1.7664912093096063e-06,0.1939011961221695
922,1,-8.890184233223408e-08,1.3576909303665161
922,2,5.0,28.148283004760742
922,3,-3.024971704235213e-07,9.22160816192627
922,4,-3.8678075497955433e-07,-0.0785931646823883
922,5,-1.2700263596343575e-07,0.10546719282865524
922,6,-2.3322301956341107e-07,-0.10102199763059616
922,7,5.311019179998766e-08,0.15322309732437134
923,0,1.408574661354578e-07,0.20883001387119293
923,1,-8.890184233223408e-08,0.050249963998794556
923,2,-1.4663031322470488e-07,-2.586712598800659
923,3,35.0,13.636126518249512
923,4,13.0,0.29400596022605896
923,5,22.999998092651367,-0.18950237333774567
923,6,-2.3322301956341107e-07,0.010970836505293846
923,7,5.311019179998766e-08,-0.14555495977401733
924,0,1.408574661354578e-07,-0.216087207198143
924,1,-8.890184233223408e-08,-0.048183053731918335
924,2,-1.4663031322470488e-07,-0.2889820635318756
924,3,6.511771175610193e-07,11.17466926574707
924,4,-8.636179131826793e-07,-6.3486833572387695
924,5,8.266716804428142e-07,-0.12257159501314163
924,6,26.0,10.422616958618164
924,7,5.311019179998766e-08,1.490997314453125
925,0,1.408574661354578e-07,0.06496062129735947
925,1,-8.890184233223408e-08,-0.015399067662656307
925,2,-1.4663031322470488e-07,-0.6790119409561157
925,3,-3.024971704235213e-07,0.1500517725944519
925,4,-3.8678075497955433e-07,0.13472136855125427
925,5,-1.2700263596343575e-07,0.49193084239959717
925,6,-7.100601919773908e-07,2.9097657203674316
925,7,56.0,40.07036590576172
926,0,66.0,57.96073913574219
926,1,-8.890184233223408e-08,2.3133676052093506
926,2,-1.4663031322470488e-07,-0.33628907799720764
926,3,-3.024971704235213e-07,-0.05977994576096535
926,4,-3.8678075497955433e-07,-0.05211105942726135
926,5,-1.2700263596343575e-07,0.2223442643880844
926,6,-2.3322301956341107e-07,0.07962394505739212
926,7,-2.3310756205319194e-06,0.39037376642227173
927,0,-1.7664912093096063e-06,0.45137420296669006
927,1,33.0,29.445993423461914
927,2,14.0,3.65868878364563
927,3,-3.024971704235213e-07,0.10467212647199631
927,4,-3.8678075497955433e-07,0.0051275198347866535
927,5,-1.2700263596343575e-07,-0.0327841117978096
927,6,-2.3322301956341107e-07,0.11571431905031204
927,7,5.311019179998766e-08,0.31504207849502563
928,0,1.408574661354578e-07,0.040305279195308685
928,1,-8.890184233223408e-08,1.8467005491256714
928,2,-6.234674856386846e-07,-1.748254418373108
928,3,50.0,30.98436164855957
928,4,-3.8678075497955433e-07,3.5488767623901367
928,5,-1.2700263596343575e-07,-0.16849245131015778
928,6,-2.3322301956341107e-07,0.059552911669015884
928,7,5.311019179998766e-08,-0.08462423831224442
929,0,1.408574661354578e-07,0.23435606062412262
929,1,-8.890184233223408e-08,0.06529703736305237
929,2,-1.4663031322470488e-07,0.24409422278404236
929,3,-1.7330086166111869e-06,1.9699913263320923
929,4,28.0,43.71583557128906
929,5,24.0,6.393716812133789
929,6,-2.3322301956341107e-07,-0.21703076362609863
929,7,5.311019179998766e-08,0.04516129940748215
930,0,1.408574661354578e-07,-0.20296655595302582
930,1,-8.890184233223408e-08,-0.03596124053001404
930,2,-1.4663031322470488e-07,-0.01696649007499218
930,3,-3.024971704235213e-07,-0.0304606594145298
930,4,-3.8678075497955433e-07,3.56205415725708
930,5,-1.2700263596343575e-07,1.2802475690841675
930,6,29.999998092651367,14.228598594665527
930,7,45.0,0.5492125153541565
931,0,32.0,55.14555358886719
931,1,-8.890184233223408e-08,12.351583480834961
931,2,-1.4663031322470488e-07,0.026634545996785164
931,3,-3.024971704235213e-07,-0.1892445683479309
931,4,-3.8678075497955433e-07,0.19559630751609802
931,5,-1.2700263596343575e-07,0.43046605587005615
931,6,7.204512826319842e-07,2.191744089126587
931,7,5.311019179998766e-08,3.348334789276123
932,0,1.0945317399091437e-06,1.9636479616165161
932,1,27.0,19.09541130065918
932,2,16.0,3.7491164207458496
932,3,-3.024971704235213e-07,-0.1184576228260994
932,4,-3.8678075497955433e-07,0.044658273458480835
932,5,-1.2700263596343575e-07,-0.023600704967975616
932,6,-2.3322301956341107e-07,-0.06164335831999779
932,7,5.311019179998766e-08,0.13615137338638306
933,0,1.408574661354578e-07,0.6025038957595825
933,1,-8.890184233223408e-08,-0.4637657105922699
933,2,3.3020685918927484e-07,-1.189008355140686
933,3,52.0,29.09008026123047
933,4,-3.8678075497955433e-07,17.268508911132812
933,5,-1.2700263596343575e-07,0.11025320738554001
933,6,-2.3322301956341107e-07,0.12598347663879395
933,7,5.311019179998766e-08,-0.002285904251039028
934,0,1.408574661354578e-07,-0.16533170640468597
934,1,-8.890184233223408e-08,0.005435854662209749
934,2,-1.4663031322470488e-07,0.2233322560787201
934,3,-1.7330086166111869e-06,0.9806024432182312
934,4,23.0,42.15617752075195
934,5,-1.2700263596343575e-07,8.133298873901367
934,6,-2.3322301956341107e-07,0.048641446977853775
934,7,5.311019179998766e-08,0.4798346161842346
935,0,1.408574661354578e-07,-0.24563013017177582
935,1,-8.890184233223408e-08,0.03840866684913635
935,2,-1.4663031322470488e-07,-0.0260635893791914
935,3,-3.024971704235213e-07,0.10345809906721115
935,4,-3.8678075497955433e-07,2.101616859436035
935,5,24.999998092651367,34.7851448059082
935,6,27.999998092651367,7.454966068267822
935,7,5.311019179998766e-08,-0.20851176977157593
936,0,1.408574661354578e-07,0.006314418278634548
936,1,-8.890184233223408e-08,-0.006398289930075407
936,2,-1.4663031322470488e-07,0.0030916654504835606
936,3,-3.024971704235213e-07,-0.1919272541999817
936,4,-3.8678075497955433e-07,0.9977294206619263
936,5,-1.2700263596343575e-07,-4.522377967834473
936,6,-7.100601919773908e-07,4.325909614562988
936,7,28.000001907348633,37.46379089355469
937,0,37.0,41.05216979980469
937,1,35.0,4.015796661376953
937,2,-1.4663031322470488e-07,0.11558517813682556
937,3,-3.024971704235213e-07,-0.20378714799880981
937,4,-3.8678075497955433e-07,-0.3187350332736969
937,5,-1.2700263596343575e-07,0.14164911210536957
937,6,-2.3322301956341107e-07,-0.033212896436452866
937,7,5.311019179998766e-08,-0.5530185103416443
938,0,-1.7664912093096063e-06,-9.543932914733887
938,1,-8.890184233223408e-08,5.327466011047363
938,2,11.0,29.95989418029785
938,3,47.0,4.228522777557373
938,4,-3.8678075497955433e-07,-0.4267367422580719
938,5,-1.2700263596343575e-07,0.05386959761381149
938,6,-2.3322301956341107e-07,-0.13657546043395996
938,7,5.311019179998766e-08,0.9117475152015686
939,0,1.408574661354578e-07,0.2920972406864166
939,1,-8.890184233223408e-08,0.03366556763648987
939,2,-6.234674856386846e-07,-7.648195743560791
939,3,-1.7330086166111869e-06,10.828424453735352
939,4,27.0,34.365901947021484
939,5,35.0,11.151155471801758
939,6,-2.3322301956341107e-07,0.10541845113039017
939,7,5.311019179998766e-08,-0.3380813002586365
940,0,1.408574661354578e-07,-0.21367059648036957
940,1,-8.890184233223408e-08,-0.14824828505516052
940,2,-1.4663031322470488e-07,0.06179508939385414
940,3,-3.024971704235213e-07,-0.13594752550125122
940,4,1.997404979192652e-06,-2.95648193359375
940,5,-1.0806769523696858e-06,2.4271857738494873
940,6,26.0,13.467260360717773
940,7,5.311019179998766e-08,16.32021141052246
941,0,1.408574661354578e-07,-0.16185270249843597
941,1,-8.890184233223408e-08,0.007862002588808537
941,2,-1.4663031322470488e-07,-0.05535187944769859
941,3,-3.024971704235213e-07,-0.09736949950456619
941,4,-3.8678075497955433e-07,0.10538014769554138
941,5,-1.2700263596343575e-07,0.06371533125638962
941,6,-7.100601919773908e-07,0.716843843460083
941,7,34.0,46.62869644165039
942,0,54.999996185302734,43.762855529785156
942,1,-8.890184233223408e-08,2.9059717655181885
942,2,-1.4663031322470488e-07,0.03436312451958656
942,3,-3.024971704235213e-07,0.30238980054855347
942,4,-3.8678075497955433e-07,0.07155951857566833
942,5,-1.2700263596343575e-07,-0.06819785386323929
942,6,-2.3322301956341107e-07,0.035620931535959244
942,7,5.311019179998766e-08,0.9788342118263245
943,0,3.955554802814731e-06,2.023324728012085
943,1,24.0,24.995954513549805
943,2,14.0,3.979584217071533
943,3,-3.024971704235213e-07,-0.2785719037055969
943,4,-3.8678075497955433e-07,0.21531018614768982
943,5,-1.2700263596343575e-07,0.07447993010282516
943,6,-2.3322301956341107e-07,0.16713309288024902
943,7,5.311019179998766e-08,0.07760434597730637
944,0,1.408574661354578e-07,0.10189833492040634
944,1,-1.0425761729493388e-06,0.5413159728050232
944,2,-6.234674856386846e-07,-0.2954660952091217
944,3,27.0,31.02339744567871
944,4,19.0,3.5488767623901367
944,5,-1.2700263596343575e-07,-0.136421337723732
944,6,-2.3322301956341107e-07,0.041358236223459244
944,7,5.311019179998766e-08,-0.30609697103500366
945,0,1.408574661354578e-07,-0.08228955417871475
945,1,-8.890184233223408e-08,-0.009928791783750057
945,2,-1.4663031322470488e-07,0.23746713995933533
945,3,6.511771175610193e-07,1.5824161767959595
945,4,1.0437307764732395e-06,-3.67221736907959
945,5,31.999998092651367,25.295284271240234
945,6,29.999998092651367,7.826269149780273
945,7,54.0,0.15838629007339478
946,0,47.999996185302734,22.354114532470703
946,1,-8.890184233223408e-08,1.9005790948867798
946,2,-1.4663031322470488e-07,-0.009190228767693043
946,3,-3.024971704235213e-07,0.23784512281417847
946,4,-3.8678075497955433e-07,0.42707642912864685
946,5,8.266716804428142e-07,-5.26881217956543
946,6,7.204512826319842e-07,3.834746837615967
946,7,2.4372959614993306e-06,10.311017990112305
947,0,1.0945317399091437e-06,4.701731204986572
947,1,21.0,16.278860092163086
947,2,14.0,13.600051879882812
947,3,-3.024971704235213e-07,0.16984814405441284
947,4,-3.8678075497955433e-07,0.22218331694602966
947,5,-1.2700263596343575e-07,0.14573322236537933
947,6,-2.3322301956341107e-07,-0.01226305402815342
947,7,5.311019179998766e-08,0.2681193947792053
948,0,1.408574661354578e-07,0.14379610121250153
948,1,-8.890184233223408e-08,1.7498306035995483
948,2,-6.234674856386846e-07,-1.5545789003372192
948,3,30.0,24.12786865234375
948,4,41.0,6.156739711761475
948,5,45.0,-0.0743480995297432
948,6,-2.3322301956341107e-07,-0.08056902140378952
948,7,5.311019179998766e-08,-0.041063256561756134
949,0,1.408574661354578e-07,-0.14103208482265472
949,1,-8.890184233223408e-08,0.014808089472353458
949,2,-1.4663031322470488e-07,0.20605215430259705
949,3,6.511771175610193e-07,-5.229360103607178
949,4,-2.294129444635473e-06,3.3847084045410156
949,5,-1.0806769523696858e-06,-8.875821113586426
949,6,22.0,26.69554901123047
949,7,39.0,2.5716776847839355
950,0,20.0,20.96343421936035
950,1,-8.890184233223408e-08,0.7874566912651062
950,2,-1.4663031322470488e-07,0.07973942160606384
950,3,-3.024971704235213e-07,0.10379569977521896
950,4,-3.8678075497955433e-07,0.06626376509666443
950,5,-1.2700263596343575e-07,0.11453091353178024
950,6,-7.100601919773908e-07,3.7084736824035645
950,7,5.311019179998766e-08,7.897253036499023
951,0,1.408574661354578e-07,1.7400251626968384
951,1,27.0,8.896595001220703
951,2,26.0,2.486528158187866
951,3,-3.024971704235213e-07,0.03130977973341942
951,4,-3.8678075497955433e-07,-0.11393919587135315
951,5,-1.2700263596343575e-07,-0.08663953095674515
951,6,-2.3322301956341107e-07,0.018731361255049706
951,7,5.311019179998766e-08,-0.017318671569228172
952,0,1.408574661354578e-07,-1.0189541578292847
952,1,-8.890184233223408e-08,3.16318678855896
952,2,3.3020685918927484e-07,0.4892056882381439
952,3,33.0,40.152549743652344
952,4,-3.8678075497955433e-07,14.054951667785645
952,5,-1.2700263596343575e-07,0.345234751701355
952,6,-2.3322301956341107e-07,-0.06421207636594772
952,7,5.311019179998766e-08,-0.3186797499656677
953,0,1.408574661354578e-07,-0.19689737260341644
953,1,-8.890184233223408e-08,0.031214624643325806
953,2,-1.4663031322470488e-07,0.04486212506890297
953,3,6.511771175610193e-07,0.05775183066725731
953,4,38.0,37.190948486328125
953,5,26.999998092651367,6.922234535217285
953,6,-2.3322301956341107e-07,-0.10294698923826218
953,7,5.311019179998766e-08,0.3917999863624573
954,0,1.408574661354578e-07,-0.3550184667110443
954,1,-8.890184233223408e-08,-0.05393752455711365
954,2,-1.4663031322470488e-07,0.06852564215660095
954,3,-3.024971704235213e-07,0.07153385132551193
954,4,1.997404979192652e-06,4.192847728729248
954,5,8.266716804428142e-07,-2.100771188735962
954,6,16.0,16.451330184936523
954,7,39.0,2.4451189041137695
955,0,43.0,51.025177001953125
955,1,-8.890184233223408e-08,9.644682884216309
955,2,-1.4663031322470488e-07,0.04338106885552406
955,3,-3.024971704235213e-07,-0.19074279069900513
955,4,-3.8678075497955433e-07,-0.025994211435317993
955,5,-1.2700263596343575e-07,-0.05874789506196976
955,6,-7.100601919773908e-07,0.9807794094085693
955,7,5.311019179998766e-08,4.497663974761963
956,0,1.0945317399091437e-06,1.2196112871170044
956,1,34.0,20.629337310791016
956,2,17.0,3.30159068107605
956,3,-3.024971704235213e-07,-0.3008440136909485
956,4,-3.8678075497955433e-07,-0.0029958777595311403
956,5,-1.2700263596343575e-07,-0.23736347258090973
956,6,-2.3322301956341107e-07,0.03728843107819557
956,7,5.311019179998766e-08,-0.03291315585374832
957,0,1.408574661354578e-07,0.6310445070266724
957,1,-8.890184233223408e-08,-0.08416518568992615
957,2,3.3020685918927484e-07,-1.3518973588943481
957,3,43.000003814697266,31.574947357177734
957,4,37.0,15.179647445678711
957,5,-1.2700263596343575e-07,0.060541026294231415
957,6,-2.3322301956341107e-07,0.06412149220705032
957,7,5.311019179998766e-08,-0.0942806676030159
958,0,1.408574661354578e-07,-0.04224095493555069
958,1,-8.890184233223408e-08,0.024517923593521118
958,2,-1.4663031322470488e-07,0.17782005667686462
958,3,-1.7330086166111869e-06,2.2574703693389893
958,4,-3.8678075497955433e-07,-4.233406066894531
958,5,71.99999237060547,32.98440933227539
958,6,-2.3322301956341107e-07,5.340460300445557
958,7,5.311019179998766e-08,0.3532310128211975
959,0,1.408574661354578e-07,-0.33070263266563416
959,1,-8.890184233223408e-08,-0.0924135148525238
959,2,-1.4663031322470488e-07,-0.08019891381263733
959,3,-3.024971704235213e-07,0.12347476929426193
959,4,-3.8678075497955433e-07,0.25556477904319763
959,5,-1.0806769523696858e-06,0.477131724357605
959,6,33.0,35.047916412353516
959,7,5.311019179998766e-08,5.36224365234375
960,0,1.408574661354578e-07,0.002512119011953473
960,1,-8.890184233223408e-08,-0.026681989431381226
960,2,-1.4663031322470488e-07,-0.03604951128363609
960,3,-3.024971704235213e-07,-0.0035741969477385283
960,4,-3.8678075497955433e-07,0.0937105119228363
960,5,-1.2700263596343575e-07,-0.5007048845291138
960,6,-7.100601919773908e-07,2.720154047012329
960,7,47.0,53.31378936767578
961,0,60.0,52.94367599487305
961,1,-8.890184233223408e-08,3.3009772300720215
961,2,-1.4663031322470488e-07,-0.10542789101600647
961,3,-3.024971704235213e-07,-0.08587200194597244
961,4,-3.8678075497955433e-07,0.4082556664943695
961,5,-1.2700263596343575e-07,0.017831675708293915
961,6,-2.3322301956341107e-07,-0.13236355781555176
961,7,2.4372959614993306e-06,0.10440545529127121
962,0,-1.7664912093096063e-06,-0.40919193625450134
962,1,40.0,27.98017120361328
962,2,27.0,4.4728264808654785
962,3,-3.024971704235213e-07,0.06842153519392014
962,4,-3.8678075497955433e-07,0.156681627035141
962,5,-1.2700263596343575e-07,-0.11337865144014359
962,6,-2.3322301956341107e-07,0.25450921058654785
962,7,5.311019179998766e-08,0.24176937341690063
963,0,1.408574661354578e-07,0.19875921308994293
963,1,-8.890184233223408e-08,0.6737231612205505
963,2,3.3020685918927484e-07,-1.349037766456604
963,3,72.0,47.242027282714844
963,4,35.0,3.7337937355041504
963,5,-1.2700263596343575e-07,-0.03831876069307327
963,6,-2.3322301956341107e-07,0.07875419408082962
963,7,5.311019179998766e-08,-0.1272401213645935
964,0,1.408574661354578e-07,0.18684114515781403
964,1,-8.890184233223408e-08,0.08661642670631409
964,2,-1.4663031322470488e-07,0.37324652075767517
964,3,2.5585256935301004e-06,2.3555476665496826
964,4,-3.8678075497955433e-07,-7.647674560546875
964,5,30.0,40.145057678222656
964,6,39.0,6.503350734710693
964,7,5.311019179998766e-08,0.2392616868019104
965,0,1.408574661354578e-07,-0.3805025517940521
965,1,-8.890184233223408e-08,-0.13560065627098083
965,2,-1.4663031322470488e-07,-0.04301276430487633
965,3,-3.024971704235213e-07,-0.05132419243454933
965,4,-3.8678075497955433e-07,1.6428629159927368
965,5,8.266716804428142e-07,0.5770562887191772
965,6,-7.100601919773908e-07,6.321786403656006
965,7,38.0,47.692604064941406
966,0,31.000001907348633,54.292911529541016
966,1,24.999998092651367,4.696667671203613
966,2,-1.4663031322470488e-07,-0.07705798745155334
966,3,-3.024971704235213e-07,-0.14936906099319458
966,4,-3.8678075497955433e-07,-0.03204956650733948
966,5,-1.2700263596343575e-07,0.06705843657255173
966,6,-2.3322301956341107e-07,0.028055911883711815
966,7,5.311019179998766e-08,1.8602075576782227
967,0,1.0945317399091437e-06,-6.785427093505859
967,1,1.3416096180662862e-06,3.6028661727905273
967,2,27.0,30.0527286529541
967,3,54.0,2.515329122543335
967,4,-3.8678075497955433e-07,0.010046572424471378
967,5,-1.2700263596343575e-07,0.03688322752714157
967,6,-2.3322301956341107e-07,-0.11900972574949265
967,7,5.311019179998766e-08,-0.0998806431889534
968,0,1.408574661354578e-07,0.10810866206884384
968,1,-8.890184233223408e-08,-0.007971852086484432
968,2,3.3020685918927484e-07,0.914453387260437
968,3,-1.7330086166111869e-06,2.3224217891693115
968,4,48.999996185302734,46.367610931396484
968,5,59.0,12.821125984191895
968,6,-2.3322301956341107e-07,-0.008480304852128029
968,7,5.311019179998766e-08,-0.24105066061019897
969,0,1.408574661354578e-07,0.01273550745099783
969,1,-8.890184233223408e-08,-0.17786511778831482
969,2,-1.4663031322470488e-07,0.12500843405723572
969,3,-3.024971704235213e-07,0.11471479386091232
969,4,1.997404979192652e-06,2.4626049995422363
969,5,-1.0806769523696858e-06,-2.553279161453247
969,6,15.0,34.175140380859375
969,7,61.0,10.503155708312988
970,0,44.0,54.72821807861328
970,1,-8.890184233223408e-08,19.762466430664062
970,2,-1.4663031322470488e-07,-0.11722198128700256
970,3,-3.024971704235213e-07,-0.09132606536149979
970,4,-3.8678075497955433e-07,-0.004032521974295378
970,5,-1.2700263596343575e-07,-0.22846759855747223
970,6,-2.3322301956341107e-07,2.511073589324951
970,7,2.4372959614993306e-06,2.5210108757019043
971,0,-1.7664912093096063e-06,2.558020830154419
971,1,22.0,23.54836654663086
971,2,25.0,8.628605842590332
971,3,-3.024971704235213e-07,0.06194322928786278
971,4,-3.8678075497955433e-07,-0.11653032898902893
971,5,-1.2700263596343575e-07,-0.043577320873737335
971,6,-2.3322301956341107e-07,-0.18147921562194824
971,7,5.311019179998766e-08,0.22953182458877563
972,0,1.408574661354578e-07,0.1972113996744156
972,1,-8.890184233223408e-08,1.5751045942306519
972,2,3.3020685918927484e-07,1.031723141670227
972,3,52.0,42.03404998779297
972,4,38.0,12.44148063659668
972,5,-1.2700263596343575e-07,0.5902785062789917
972,6,-2.3322301956341107e-07,0.06434417515993118
972,7,5.311019179998766e-08,0.07440238445997238
973,0,1.408574661354578e-07,-0.15372739732265472
973,1,-8.890184233223408e-08,0.011242778040468693
973,2,-1.4663031322470488e-07,0.2298806607723236
973,3,-1.7330086166111869e-06,3.3618175983428955
973,4,1.997404979192652e-06,-6.054152488708496
973,5,14.999999046325684,34.19713592529297
973,6,33.0,5.278644561767578
973,7,5.311019179998766e-08,-0.20401662588119507
974,0,1.408574661354578e-07,0.02210249751806259
974,1,-8.890184233223408e-08,0.12579193711280823
974,2,-1.4663031322470488e-07,-0.07945457100868225
974,3,-3.024971704235213e-07,-0.1236460879445076
974,4,-3.8678075497955433e-07,-0.011878876946866512
974,5,3.4983452223968925e-07,-7.14682674407959
974,6,-7.100601919773908e-07,8.935212135314941
974,7,52.999996185302734,36.32517623901367
975,0,44.0,53.180721282958984
975,1,-8.890184233223408e-08,5.83135461807251
975,2,-1.4663031322470488e-07,0.044188354164361954
975,3,-3.024971704235213e-07,-0.1310475468635559
975,4,-3.8678075497955433e-07,-0.2849821150302887
975,5,-1.2700263596343575e-07,0.12801872193813324
975,6,-2.3322301956341107e-07,-0.08566354960203171
975,7,2.4372959614993306e-06,0.3625078797340393
976,0,-1.7664912093096063e-06,1.2526007890701294
976,1,32.000003814697266,22.536388397216797
976,2,28.000001907348633,4.136075496673584
976,3,-3.024971704235213e-07,-0.04625779762864113
976,4,-3.8678075497955433e-07,-0.04646626114845276
976,5,-1.2700263596343575e-07,0.269680380821228
976,6,-2.3322301956341107e-07,-0.13050198554992676
976,7,5.311019179998766e-08,0.2062554955482483
977,0,1.408574661354578e-07,0.5966168642044067
977,1,-2.473087533871876e-06,-0.8210402131080627
977,2,3.3020685918927484e-07,-0.030723242089152336
977,3,42.0,46.12654495239258
977,4,55.0,5.121294021606445
977,5,-1.2700263596343575e-07,-0.09573758393526077
977,6,-2.3322301956341107e-07,0.10337091237306595
977,7,5.311019179998766e-08,-0.08775801211595535
978,0,1.408574661354578e-07,-0.040976382791996
978,1,-8.890184233223408e-08,0.015139968134462833
978,2,-1.4663031322470488e-07,0.1427825391292572
978,3,6.511771175610193e-07,2.730020761489868
978,4,-2.294129444635473e-06,2.0525283813476562
978,5,58.0,44.527687072753906
978,6,11.0,5.624558925628662
978,7,5.311019179998766e-08,0.1655007004737854
979,0,1.408574661354578e-07,-0.3157442510128021
979,1,-8.890184233223408e-08,-0.0647793710231781
979,2,-1.4663031322470488e-07,-0.0321752093732357
979,3,-3.024971704235213e-07,0.04155987128615379
979,4,-3.8678075497955433e-07,0.1875215470790863
979,5,-1.0806769523696858e-06,6.682627201080322
979,6,-7.100601919773908e-07,-17.696012496948242
979,7,32.0,18.84562873840332
980,0,46.999996185302734,50.80238342285156
980,1,-8.890184233223408e-08,5.231471061706543
980,2,-1.4663031322470488e-07,0.0638640820980072
980,3,-3.024971704235213e-07,0.05662744864821434
980,4,-3.8678075497955433e-07,-0.11485424637794495
980,5,-1.2700263596343575e-07,0.018225066363811493
980,6,-2.3322301956341107e-07,-0.06564926356077194
980,7,5.311019179998766e-08,1.69191312789917
981,0,1.0945317399091437e-06,1.7887321710586548
981,1,34.0,20.551008224487305
981,2,20.0,4.0161638259887695
981,3,-3.024971704235213e-07,-0.12157756835222244
981,4,-3.8678075497955433e-07,-0.1312350332736969
981,5,-1.2700263596343575e-07,-0.2291785627603531
981,6,-2.3322301956341107e-07,-0.06874250620603561
981,7,5.311019179998766e-08,0.045615725219249725
982,0,1.408574661354578e-07,0.5812150239944458
982,1,-8.890184233223408e-08,0.04891052842140198
982,2,3.3020685918927484e-07,-1.5550967454910278
982,3,38.000003814697266,38.561119079589844
982,4,48.999996185302734,6.332297325134277
982,5,-1.2700263596343575e-07,-0.03139842301607132
982,6,-2.3322301956341107e-07,0.17430949211120605
982,7,5.311019179998766e-08,-0.3256053328514099
983,0,1.408574661354578e-07,-0.018619395792484283
983,1,-8.890184233223408e-08,0.015862852334976196
983,2,-1.4663031322470488e-07,0.09178289771080017
983,3,-1.7330086166111869e-06,2.302704095840454
983,4,1.997404979192652e-06,1.7108122110366821
983,5,56.000003814697266,42.45766830444336
983,6,-2.3322301956341107e-07,5.415825843811035
983,7,5.311019179998766e-08,0.4575653672218323
984,0,1.408574661354578e-07,-0.3408859670162201
984,1,-8.890184233223408e-08,-0.0900178849697113
984,2,-1.4663031322470488e-07,-0.08657994866371155
984,3,-3.024971704235213e-07,0.06652276962995529
984,4,-3.8678075497955433e-07,0.11886081099510193
984,5,-1.0806769523696858e-06,0.5637820959091187
984,6,12.0,39.9353141784668
984,7,5.311019179998766e-08,4.818099498748779
985,0,1.408574661354578e-07,-0.0007065318059176207
985,1,-8.890184233223408e-08,-0.026254266500473022
985,2,-1.4663031322470488e-07,0.03800186887383461
985,3,-3.024971704235213e-07,0.08454006165266037
985,4,-3.8678075497955433e-07,-0.2433547079563141
985,5,-1.2700263596343575e-07,0.033435218036174774
985,6,2.4361415285056864e-07,3.9317166805267334
985,7,59.999996185302734,30.631635665893555
986,0,46.999996185302734,61.26271057128906
986,1,-8.890184233223408e-08,3.3166868686676025
986,2,-1.4663031322470488e-07,-0.1549469530582428
986,3,-3.024971704235213e-07,-0.07860548049211502
986,4,-3.8678075497955433e-07,-0.14503279328346252
986,5,-1.2700263596343575e-07,-0.08725083619356155
986,6,-2.3322301956341107e-07,-0.20079827308654785
986,7,2.4372959614993306e-06,0.4126482605934143
987,0,1.0945317399091437e-06,1.3148776292800903
987,1,20.0,26.923187255859375
987,2,24.000001907348633,4.954572677612305
987,3,-3.024971704235213e-07,0.09212463349103928
987,4,-3.8678075497955433e-07,0.114905446767807
987,5,-1.2700263596343575e-07,-0.10331404954195023
987,6,-2.3322301956341107e-07,-0.1459200382232666
987,7,5.311019179998766e-08,0.22490841150283813
988,0,1.408574661354578e-07,0.12898172438144684
988,1,-8.890184233223408e-08,1.8726900815963745
988,2,3.3020685918927484e-07,0.857909083366394
988,3,33.0,43.06064987182617
988,4,48.000003814697266,4.067857265472412
988,5,-1.2700263596343575e-07,0.2815459966659546
988,6,-2.3322301956341107e-07,-0.35074496269226074
988,7,5.311019179998766e-08,-0.05883354693651199
989,0,1.408574661354578e-07,-0.16118894517421722
989,1,-8.890184233223408e-08,0.02540341019630432
989,2,-1.4663031322470488e-07,0.117055743932724
989,3,6.511771175610193e-07,2.9689266681671143
989,4,-2.294129444635473e-06,2.260364532470703
989,5,34.0,41.44468307495117
989,6,20.0,5.523168563842773
989,7,5.311019179998766e-08,-0.1410769820213318
990,0,1.408574661354578e-07,-0.2648809850215912
990,1,-8.890184233223408e-08,0.1100400984287262
990,2,-1.4663031322470488e-07,-0.02513471059501171
990,3,-3.024971704235213e-07,0.011080916039645672
990,4,-3.8678075497955433e-07,0.11664590239524841
990,5,8.266716804428142e-07,5.098771095275879
990,6,-2.3322301956341107e-07,-4.977067947387695
990,7,45.999996185302734,28.00996971130371
991,0,56.0,49.60089874267578
991,1,27.0,5.130201816558838
991,2,-1.4663031322470488e-07,0.06547674536705017
991,3,-3.024971704235213e-07,0.1588084101676941
991,4,-3.8678075497955433e-07,-0.038293272256851196
991,5,-1.2700263596343575e-07,-0.03085387498140335
991,6,-2.3322301956341107e-07,-0.1029360219836235
991,7,2.4372959614993306e-06,0.38822704553604126
992,0,-1.7664912093096063e-06,6.110543727874756
992,1,-8.890184233223408e-08,-2.1301536560058594
992,2,26.0,31.705177307128906
992,3,32.0,6.776656150817871
992,4,-3.8678075497955433e-07,0.017319291830062866
992,5,-1.2700263596343575e-07,0.04696785658597946
992,6,-2.3322301956341107e-07,-0.15017914772033691
992,7,5.311019179998766e-08,0.16297537088394165
993,0,1.408574661354578e-07,0.2705184519290924
993,1,-8.890184233223408e-08,0.0668114721775055
993,2,3.3020685918927484e-07,3.561955451965332
993,3,-1.7330086166111869e-06,-2.5762665271759033
993,4,54.0,38.20663070678711
993,5,28.000001907348633,10.545833587646484
993,6,-2.3322301956341107e-07,0.1637880802154541
993,7,5.311019179998766e-08,-0.10904688388109207
994,0,1.408574661354578e-07,-0.21904169023036957
994,1,-8.890184233223408e-08,-0.1223054826259613
994,2,-1.4663031322470488e-07,0.06367906928062439
994,3,-3.024971704235213e-07,-0.15448743104934692
994,4,1.997404979192652e-06,10.81733512878418
994,5,-1.0806769523696858e-06,-6.827582359313965
994,6,25.0,14.15616226196289
994,7,44.0,2.439803123474121
995,0,68.99999237060547,50.850379943847656
995,1,-8.890184233223408e-08,10.255134582519531
995,2,-1.4663031322470488e-07,-0.08109298348426819
995,3,-3.024971704235213e-07,-0.22865325212478638
995,4,-3.8678075497955433e-07,0.15972670912742615
995,5,-1.2700263596343575e-07,0.5586808919906616
995,6,-7.100601919773908e-07,4.450990676879883
995,7,-2.3310756205319194e-06,3.067133903503418
996,0,3.955554802814731e-06,0.0733281597495079
996,1,27.0,28.58296012878418
996,2,28.000001907348633,8.359922409057617
996,3,-3.024971704235213e-07,0.2855684161186218
996,4,-3.8678075497955433e-07,-0.13534918427467346
996,5,-1.2700263596343575e-07,-0.03696358948945999
996,6,-2.3322301956341107e-07,-0.0008737989119254053
996,7,5.311019179998766e-08,0.2531805634498596
997,0,1.408574661354578e-07,-0.03367219120264053
997,1,-8.890184233223408e-08,-0.6025462746620178
997,2,3.3020685918927484e-07,0.8069804906845093
997,3,47.0,43.299720764160156
997,4,69.0,12.355046272277832
997,5,64.0,0.19352708756923676
997,6,-2.3322301956341107e-07,0.027602439746260643
997,7,5.311019179998766e-08,-0.14342540502548218
998,0,1.408574661354578e-07,0.0999852642416954
998,1,-8.890184233223408e-08,0.05752554535865784
998,2,-1.4663031322470488e-07,0.17933019995689392
998,3,-1.7330086166111869e-06,4.482054710388184
998,4,1.997404979192652e-06,18.376689910888672
998,5,3.210857585145277e-06,-11.096020698547363
998,6,27.999998092651367,27.18506622314453
998,7,56.0,4.263895034790039
999,0,26.000001907348633,28.768728256225586
999,1,31.0,0.06289997696876526
999,2,-1.4663031322470488e-07,-0.0667215883731842
999,3,-3.024971704235213e-07,-0.1401708722114563
999,4,-3.8678075497955433e-07,-0.10909309983253479
999,5,-1.2700263596343575e-07,0.31192290782928467
999,6,-7.100601919773908e-07,2.2942540645599365
999,7,-2.3310756205319194e-06,9.626761436462402
1000,0,1.408574661354578e-07,-4.44998836517334
1000,1,-8.890184233223408e-08,6.48626184463501
1000,2,27.0,20.59294319152832
1000,3,-3.024971704235213e-07,-0.21005040407180786
1000,4,-3.8678075497955433e-07,-0.009354501031339169
1000,5,-1.2700263596343575e-07,-0.00741208391264081
1000,6,-2.3322301956341107e-07,0.01599145494401455
1000,7,5.311019179998766e-08,0.1636534333229065
1001,0,1.408574661354578e-07,0.14626897871494293
1001,1,-8.890184233223408e-08,0.05357447266578674
1001,2,3.3020685918927484e-07,-0.16673770546913147
1001,3,49.0,43.958580017089844
1001,4,39.0,11.995473861694336
1001,5,40.0,0.44958722591400146
1001,6,-2.3322301956341107e-07,-0.38115811347961426
1001,7,5.311019179998766e-08,0.1397281289100647
1002,0,1.408574661354578e-07,-0.02951512485742569
1002,1,-8.890184233223408e-08,-0.07613715529441833
1002,2,-1.4663031322470488e-07,0.15161165595054626
1002,3,-1.7330086166111869e-06,5.904440402984619
1002,4,-2.294129444635473e-06,-0.34530916810035706
1002,5,-1.0806769523696858e-06,-1.0393344163894653
1002,6,19.0,21.01813316345215
1002,7,5.311019179998766e-08,2.142451763153076
1003,0,1.408574661354578e-07,0.14549459517002106
1003,1,-8.890184233223408e-08,0.24674692749977112
1003,2,-1.4663031322470488e-07,-0.057206299155950546
1003,3,-3.024971704235213e-07,-0.10322649031877518
1003,4,-3.8678075497955433e-07,-0.006821065675467253
1003,5,-1.2700263596343575e-07,0.038215987384319305
1003,6,-7.100601919773908e-07,0.9755990505218506
1003,7,45.0,37.8090934753418
1004,0,70.0,51.436031341552734
1004,1,28.999998092651367,2.2186214923858643
1004,2,-1.4663031322470488e-07,-0.09343019127845764
1004,3,-3.024971704235213e-07,-0.1366928219795227
1004,4,-3.8678075497955433e-07,-0.12597313523292542
1004,5,-1.2700263596343575e-07,-0.14248956739902496
1004,6,-2.3322301956341107e-07,-0.14574551582336426
1004,7,5.311019179998766e-08,1.0263876914978027
1005,0,-1.7664912093096063e-06,10.325818061828613
1005,1,-8.890184233223408e-08,-4.454229831695557
1005,2,26.0,35.60340118408203
1005,3,59.999996185302734,7.453158855438232
1005,4,-3.8678075497955433e-07,0.2296524941921234
1005,5,-1.2700263596343575e-07,0.3007320165634155
1005,6,-2.3322301956341107e-07,-0.03342747315764427
1005,7,5.311019179998766e-08,0.15539032220840454
1006,0,1.408574661354578e-07,0.07362665981054306
1006,1,-8.890184233223408e-08,0.07258978486061096
1006,2,3.3020685918927484e-07,0.9536317586898804
1006,3,2.5585256935301004e-06,4.187371730804443
1006,4,27.0,49.328529357910156
1006,5,61.0,7.940798282623291
1006,6,-2.3322301956341107e-07,-0.20533108711242676
1006,7,5.311019179998766e-08,-0.04214853793382645
1007,0,1.408574661354578e-07,-0.24538789689540863
1007,1,-8.890184233223408e-08,-0.045408815145492554
1007,2,-1.4663031322470488e-07,0.10244831442832947
1007,3,-3.024971704235213e-07,0.07105892151594162
1007,4,1.997404979192652e-06,-5.111868858337402
1007,5,-1.0806769523696858e-06,5.255982875823975
1007,6,17.0,25.95407485961914
1007,7,34.0,6.832324981689453
1008,0,50.0,46.381019592285156
1008,1,-8.890184233223408e-08,0.857604444026947
1008,2,-1.4663031322470488e-07,-0.09176364541053772
1008,3,-3.024971704235213e-07,0.07638566941022873
1008,4,-3.8678075497955433e-07,0.11305150389671326
1008,5,-1.2700263596343575e-07,-0.31857216358184814
1008,6,-2.3322301956341107e-07,1.509826421737671
1008,7,5.311019179998766e-08,2.71651554107666
1009,0,1.0945317399091437e-06,4.092010021209717
1009,1,30.0,21.66556739807129
1009,2,32.0,9.07048511505127
1009,3,-3.024971704235213e-07,0.1354352831840515
1009,4,-3.8678075497955433e-07,0.11368140578269958
1009,5,-1.2700263596343575e-07,-0.08953631669282913
1009,6,-2.3322301956341107e-07,-0.14977812767028809
1009,7,5.311019179998766e-08,0.0624881312251091
1010,0,1.408574661354578e-07,0.46637168526649475
1010,1,-8.890184233223408e-08,-1.0895887613296509
1010,2,3.3020685918927484e-07,0.2664869725704193
1010,3,44.0,46.69064712524414
1010,4,-3.8678075497955433e-07,11.11792278289795
1010,5,-1.2700263596343575e-07,0.5035427808761597
1010,6,-2.3322301956341107e-07,-0.012265438213944435
1010,7,5.311019179998766e-08,-0.24108880758285522
1011,0,1.408574661354578e-07,-0.02813134342432022
1011,1,-8.890184233223408e-08,0.007015616167336702
1011,2,-1.4663031322470488e-07,0.1367252767086029
1011,3,6.511771175610193e-07,0.92631596326828
1011,4,26.000001907348633,45.50051498413086
1011,5,-1.2700263596343575e-07,7.1624979972839355
1011,6,-2.3322301956341107e-07,-0.2582061290740967
1011,7,5.311019179998766e-08,0.31652361154556274
1012,0,1.408574661354578e-07,-0.17923150956630707
1012,1,-8.890184233223408e-08,-0.07096156477928162
1012,2,-1.4663031322470488e-07,0.021283956244587898
1012,3,-3.024971704235213e-07,-0.0008781597134657204
1012,4,-1.3404550145423855e-06,1.9847780466079712
1012,5,20.999998092651367,36.3106803894043
1012,6,-2.3322301956341107e-07,7.3096842765808105
1012,7,5.311019179998766e-08,-0.31569570302963257
1013,0,1.408574661354578e-07,-0.03479371219873428
1013,1,-8.890184233223408e-08,-0.04550084471702576
1013,2,-1.4663031322470488e-07,0.050112102180719376
1013,3,-3.024971704235213e-07,0.08196800202131271
1013,4,-3.8678075497955433e-07,0.13574227690696716
1013,5,8.266716804428142e-07,3.856283664703369
1013,6,36.0,19.03513526916504
1013,7,41.999996185302734,5.634211540222168
1014,0,57.0,50.74436569213867
1014,1,-8.890184233223408e-08,3.430828809738159
1014,2,-1.4663031322470488e-07,0.07534489035606384
1014,3,-3.024971704235213e-07,-0.29055243730545044
1014,4,-3.8678075497955433e-07,0.16253098845481873
1014,5,-1.2700263596343575e-07,1.5939563512802124
1014,6,-7.100601919773908e-07,4.06266975402832
1014,7,2.4372959614993306e-06,2.2187142372131348
1015,0,-1.7664912093096063e-06,0.02635207027196884
1015,1,31.0,26.702869415283203
1015,2,40.0,3.939194917678833
1015,3,-3.024971704235213e-07,-0.10479576140642166
1015,4,-3.8678075497955433e-07,-0.5448130369186401
1015,5,-1.2700263596343575e-07,0.04896055907011032
1015,6,-2.3322301956341107e-07,0.012983089312911034
1015,7,5.311019179998766e-08,0.16193538904190063
1016,0,75.0,0.3508225977420807
1016,1,-8.890184233223408e-08,-1.244956612586975
1016,2,3.3020685918927484e-07,0.35972341895103455
1016,3,-3.024971704235213e-07,52.14091110229492
1016,4,-3.8678075497955433e-07,4.728943347930908
1016,5,-1.2700263596343575e-07,-0.35961592197418213
1016,6,-2.3322301956341107e-07,0.013360267505049706
1016,7,5.311019179998766e-08,-0.07059044390916824
1017,0,3.955554802814731e-06,58.50445556640625
1017,1,27.0,-0.46829041838645935
1017,2,-1.4663031322470488e-07,0.07652601599693298
1017,3,-3.024971704235213e-07,-2.5275633335113525
1017,4,-3.8678075497955433e-07,-0.22668209671974182
1017,5,-1.2700263596343575e-07,-0.02594340592622757
1017,6,-2.3322301956341107e-07,0.09848619252443314
1017,7,5.311019179998766e-08,43.99959945678711
1018,0,1.408574661354578e-07,-0.21572576463222504
1018,1,-8.890184233223408e-08,27.698408126831055
1018,2,25.0,5.672802448272705
1018,3,-3.024971704235213e-07,-0.42023688554763794
1018,4,-3.8678075497955433e-07,-0.04427328705787659
1018,5,-1.2700263596343575e-07,0.4750407934188843
1018,6,-2.3322301956341107e-07,0.039357904344797134
1018,7,5.311019179998766e-08,2.305054187774658
1019,0,1.408574661354578e-07,0.19934476912021637
1019,1,-8.890184233223408e-08,0.04204311966896057
1019,2,3.3020685918927484e-07,1.6511791944503784
1019,3,32.0,34.595394134521484
1019,4,-3.8678075497955433e-07,5.8038482666015625
1019,5,-1.2700263596343575e-07,0.4750407934188843
1019,6,-2.3322301956341107e-07,0.018729930743575096
1019,7,5.311019179998766e-08,-1.444859504699707
1020,0,1.408574661354578e-07,-0.2202538102865219
1020,1,-8.890184233223408e-08,0.06457367539405823
1020,2,-1.4663031322470488e-07,0.17846187949180603
1020,3,-1.7330086166111869e-06,0.8600723147392273
1020,4,35.0,37.34502410888672
1020,5,-1.2700263596343575e-07,5.903103351593018
1020,6,-2.3322301956341107e-07,0.06716419011354446
1020,7,5.311019179998766e-08,-0.4229850172996521
1021,0,1.408574661354578e-07,0.0635014995932579
1021,1,-8.890184233223408e-08,-0.21032533049583435
1021,2,-1.4663031322470488e-07,-0.11498895287513733
1021,3,-3.024971704235213e-07,0.018366511911153793
1021,4,-3.8678075497955433e-07,0.4196816384792328
1021,5,37.000003814697266,38.36860656738281
1021,6,-2.3322301956341107e-07,7.026179790496826
1021,7,5.311019179998766e-08,0.8499971032142639
1022,0,1.408574661354578e-07,-0.0031240961980074644
1022,1,-8.890184233223408e-08,-0.06868848204612732
1022,2,-1.4663031322470488e-07,-0.052088405936956406
1022,3,-3.024971704235213e-07,-0.29893380403518677
1022,4,-3.8678075497955433e-07,0.23550567030906677
1022,5,-1.0806769523696858e-06,1.5706361532211304
1022,6,25.0,22.800989151000977
1022,7,5.311019179998766e-08,10.401108741760254
1023,0,1.408574661354578e-07,0.4227563440799713
1023,1,-8.890184233223408e-08,0.07120028138160706
1023,2,-1.4663031322470488e-07,-0.060079243034124374
1023,3,-3.024971704235213e-07,-0.35997992753982544
1023,4,-3.8678075497955433e-07,-0.11774149537086487
1023,5,-1.2700263596343575e-07,0.48297441005706787
1023,6,-7.100601919773908e-07,1.5411555767059326
1023,7,32.0,49.86258316040039
1024,0,46.999996185302734,43.235225677490234
1024,1,8.0,4.026137351989746
1024,2,23.0,0.2095859944820404
1024,3,-3.024971704235213e-07,-0.07999355345964432
1024,4,-3.8678075497955433e-07,-0.3768290579319
1024,5,-1.2700263596343575e-07,0.12182270735502243
1024,6,-2.3322301956341107e-07,0.09883809834718704
1024,7,5.311019179998766e-08,0.30685049295425415
1025,0,1.0945317399091437e-06,9.584145545959473
1025,1,-8.890184233223408e-08,-9.290605545043945
1025,2,3.3020685918927484e-07,2.448258638381958
1025,3,52.999996185302734,38.30595397949219
1025,4,33.0,6.610446453094482
1025,5,-1.2700263596343575e-07,-0.20633091032505035
1025,6,-2.3322301956341107e-07,0.22943806648254395
1025,7,5.311019179998766e-08,-0.04171080142259598
1026,0,1.408574661354578e-07,-0.060224391520023346
1026,1,-8.890184233223408e-08,-0.07444867491722107
1026,2,-1.4663031322470488e-07,0.2870844304561615
1026,3,2.5585256935301004e-06,2.6304190158843994
1026,4,-3.8678075497955433e-07,-5.940330505371094
1026,5,37.000003814697266,23.256317138671875
1026,6,-2.3322301956341107e-07,12.395529747009277
1026,7,5.311019179998766e-08,-0.25104182958602905
1027,0,1.408574661354578e-07,-0.11462578922510147
1027,1,-8.890184233223408e-08,-0.18438205122947693
1027,2,-1.4663031322470488e-07,-0.08509460091590881
1027,3,-3.024971704235213e-07,-0.02974492684006691
1027,4,-3.8678075497955433e-07,-0.06231012940406799
1027,5,-1.0806769523696858e-06,2.557002305984497
1027,6,34.0,18.74008560180664
1027,7,5.311019179998766e-08,14.044015884399414
1028,0,1.408574661354578e-07,0.03144373744726181
1028,1,-8.890184233223408e-08,0.22012892365455627
1028,2,-1.4663031322470488e-07,-0.038097526878118515
1028,3,-3.024971704235213e-07,-0.0434454120695591
1028,4,-3.8678075497955433e-07,0.24690493941307068
1028,5,-1.2700263596343575e-07,0.483242392539978
1028,6,-7.100601919773908e-07,1.5382649898529053
1028,7,32.0,52.17030334472656
1029,0,81.0,43.417633056640625
1029,1,18.0,3.7552225589752197
1029,2,33.0,0.015973420813679695
1029,3,-3.024971704235213e-07,0.04329889640212059
1029,4,-3.8678075497955433e-07,-0.04980459809303284
1029,5,-1.2700263596343575e-07,0.00632845563814044
1029,6,-2.3322301956341107e-07,0.06738496571779251
1029,7,5.311019179998766e-08,0.11669021099805832
1030,0,-1.7664912093096063e-06,21.671730041503906
1030,1,-8.890184233223408e-08,-12.247581481933594
1030,2,3.3020685918927484e-07,2.6701979637145996
1030,3,47.0,46.61703109741211
1030,4,24.000001907348633,5.433123588562012
1030,5,-1.2700263596343575e-07,-0.22572483122348785
1030,6,-2.3322301956341107e-07,0.1681058406829834
1030,7,5.311019179998766e-08,0.04530387371778488
1031,0,1.408574661354578e-07,0.008213183842599392
1031,1,-8.890184233223408e-08,0.10345736145973206
1031,2,-1.4663031322470488e-07,0.1898849904537201
1031,3,-1.7330086166111869e-06,4.496089458465576
1031,4,-3.8678075497955433e-07,-3.065876007080078
1031,5,59.999996185302734,24.743114471435547
1031,6,-2.3322301956341107e-07,19.154926300048828
1031,7,5.311019179998766e-08,-0.1765846610069275
1032,0,1.408574661354578e-07,-0.307424396276474
1032,1,-8.890184233223408e-08,-0.15334376692771912
1032,2,-1.4663031322470488e-07,-0.04192033037543297
1032,3,-3.024971704235213e-07,0.06080406531691551
1032,4,-3.8678075497955433e-07,-0.0011271529365330935
1032,5,3.210857585145277e-06,4.109753131866455
1032,6,36.999996185302734,25.32172393798828
1032,7,68.0,8.577227592468262
1033,0,43.0,62.937049865722656
1033,1,21.0,8.03244400024414
1033,2,-1.4663031322470488e-07,0.07144865393638611
1033,3,-3.024971704235213e-07,-0.04249412193894386
1033,4,-3.8678075497955433e-07,0.2993226945400238
1033,5,-1.2700263596343575e-07,-0.0850607231259346
1033,6,2.6277998586010654e-06,1.6591815948486328
1033,7,2.4372959614993306e-06,1.8861846923828125
1034,0,1.0945317399091437e-06,6.826888561248779
1034,1,-8.890184233223408e-08,-1.4788209199905396
1034,2,24.000001907348633,31.306028366088867
1034,3,64.0,4.245839595794678
1034,4,-3.8678075497955433e-07,0.004068464506417513
1034,5,-1.2700263596343575e-07,-0.04704011231660843
1034,6,-2.3322301956341107e-07,-0.015117401257157326
1034,7,5.311019179998766e-08,0.2804623246192932
1035,0,1.408574661354578e-07,0.06269469112157822
1035,1,-8.890184233223408e-08,-0.0398307740688324
1035,2,3.3020685918927484e-07,-0.6777530908584595
1035,3,-1.7330086166111869e-06,6.365870952606201
1035,4,24.000001907348633,46.05290985107422
1035,5,20.999998092651367,12.560178756713867
1035,6,41.0,0.37233757972717285
1035,7,5.311019179998766e-08,0.15322786569595337
1036,0,1.408574661354578e-07,-0.009826519526541233
1036,1,-8.890184233223408e-08,-0.13234195113182068
1036,2,-1.4663031322470488e-07,0.10664686560630798
1036,3,-3.024971704235213e-07,0.09070651978254318
1036,4,-3.8678075497955433e-07,8.565629005432129
1036,5,8.266716804428142e-07,-7.992457389831543
1036,6,-7.100601919773908e-07,14.957984924316406
1036,7,59.0,15.440468788146973
1037,0,46.0,55.08067321777344
1037,1,7.000000476837158,20.087413787841797
1037,2,-1.4663031322470488e-07,-0.11739841103553772
1037,3,-3.024971704235213e-07,0.0833241268992424
1037,4,-3.8678075497955433e-07,0.13238105177879333
1037,5,-1.2700263596343575e-07,0.13540874421596527
1037,6,-2.3322301956341107e-07,0.15778231620788574
1037,7,2.4372959614993306e-06,-0.2707328200340271
1038,0,-1.7664912093096063e-06,13.244183540344238
1038,1,-5.657390147462138e-07,-9.6046142578125
1038,2,33.0,15.588794708251953
1038,3,52.0,0.19804543256759644
1038,4,43.0,-0.1711377203464508
1038,5,-1.2700263596343575e-07,-0.3952862024307251
1038,6,-2.3322301956341107e-07,-0.06081318482756615
1038,7,5.311019179998766e-08,0.18284708261489868
1039,0,1.408574661354578e-07,-0.05264172703027725
1039,1,-8.890184233223408e-08,-0.10166701674461365
1039,2,3.3020685918927484e-07,3.113569736480713
1039,3,-1.7330086166111869e-06,8.134833335876465
1039,4,-2.294129444635473e-06,-9.289910316467285
1039,5,28.000001907348633,42.52948760986328
1039,6,22.0,21.72658348083496
1039,7,5.311019179998766e-08,-0.10401815921068192
1040,0,1.408574661354578e-07,-0.06214890629053116
1040,1,-8.890184233223408e-08,-0.1745186746120453
1040,2,-1.4663031322470488e-07,0.11012586951255798
1040,3,-3.024971704235213e-07,0.061018165200948715
1040,4,-3.8678075497955433e-07,0.37583979964256287
1040,5,-1.0806769523696858e-06,6.003208160400391
1040,6,-7.100601919773908e-07,-1.7264540195465088
1040,7,43.0,17.144437789916992
1041,0,49.0,46.282386779785156
1041,1,-8.890184233223408e-08,21.19151496887207
1041,2,-1.4663031322470488e-07,-0.05980649217963219
1041,3,-3.024971704235213e-07,-0.043644730001688004
1041,4,-3.8678075497955433e-07,0.04269084334373474
1041,5,-1.2700263596343575e-07,0.010388247668743134
1041,6,-2.3322301956341107e-07,-0.07703470438718796
1041,7,-2.3310756205319194e-06,1.5393476486206055
1042,0,1.0945317399091437e-06,3.701428174972534
1042,1,12.000000953674316,22.57329750061035
1042,2,24.000001907348633,10.257521629333496
1042,3,-3.024971704235213e-07,0.32840317487716675
1042,4,-3.8678075497955433e-07,0.09365424513816833
1042,5,-1.2700263596343575e-07,0.05204760283231735
1042,6,-2.3322301956341107e-07,-0.13448786735534668
1042,7,5.311019179998766e-08,0.13059622049331665
1043,0,1.408574661354578e-07,0.06516756862401962
1043,1,-5.657390147462138e-07,-1.1623517274856567
1043,2,3.3020685918927484e-07,2.38987398147583
1043,3,40.000003814697266,40.30684280395508
1043,4,55.999996185302734,5.493337631225586
1043,5,52.0,0.09661757200956345
1043,6,-2.3322301956341107e-07,0.13842034339904785
1043,7,5.311019179998766e-08,-0.23067563772201538
1044,0,1.408574661354578e-07,-0.14234338700771332
1044,1,-8.890184233223408e-08,-0.004883378278464079
1044,2,-1.4663031322470488e-07,0.16444382071495056
1044,3,6.511771175610193e-07,1.9496055841445923
1044,4,1.997404979192652e-06,8.1466703414917
1044,5,-1.0806769523696858e-06,-2.948347330093384
1044,6,19.0,35.199432373046875
1044,7,50.000003814697266,7.925047397613525
1045,0,64.0,23.598703384399414
1045,1,21.0,0.3113979399204254
1045,2,34.0,-0.05764785036444664
1045,3,-3.024971704235213e-07,-0.04776698723435402
1045,4,-3.8678075497955433e-07,0.0282193124294281
1045,5,-1.2700263596343575e-07,0.18958555161952972
1045,6,-7.100601919773908e-07,2.0099194049835205
1045,7,-2.3310756205319194e-06,6.39198637008667
1046,0,-1.7664912093096063e-06,13.856552124023438
1046,1,-8.890184233223408e-08,-8.603485107421875
1046,2,3.3020685918927484e-07,8.61473560333252
1046,3,45.000003814697266,4.360907077789307
1046,4,37.0,0.0013171143364161253
1046,5,-1.2700263596343575e-07,-0.0623399093747139
1046,6,-2.3322301956341107e-07,-0.024144882336258888
1046,7,5.311019179998766e-08,0.24154239892959595
1047,0,1.408574661354578e-07,0.19988073408603668
1047,1,-8.890184233223408e-08,0.11596956849098206
1047,2,-1.4663031322470488e-07,0.17169222235679626
1047,3,-1.7330086166111869e-06,-6.788447856903076
1047,4,-3.8678075497955433e-07,-0.9180830717086792
1047,5,31.999998092651367,0.5743573904037476
1047,6,41.999996185302734,8.237013816833496
1047,7,5.311019179998766e-08,-0.053618378937244415
1048,0,1.408574661354578e-07,-0.27620014548301697
1048,1,-8.890184233223408e-08,-0.15795573592185974
1048,2,-1.4663031322470488e-07,-0.02704492025077343
1048,3,-3.024971704235213e-07,-0.01502115000039339
1048,4,-3.8678075497955433e-07,0.5343681573867798
1048,5,8.266716804428142e-07,-2.5014584064483643
1048,6,-7.100601919773908e-07,5.65592622756958
1048,7,50.999996185302734,37.54342269897461
1049,0,40.0,54.48118591308594
1049,1,27.0,6.971928596496582
1049,2,41.0,0.09295019507408142
1049,3,-3.024971704235213e-07,-0.040997330099344254
1049,4,-3.8678075497955433e-07,-0.07449904084205627
1049,5,-1.2700263596343575e-07,0.013687483966350555
1049,6,-2.3322301956341107e-07,0.04611707106232643
1049,7,-2.3310756205319194e-06,0.2653709053993225
1050,0,-1.7664912093096063e-06,1.0897575616836548
1050,1,-8.890184233223408e-08,0.8135027289390564
1050,2,3.3020685918927484e-07,1.2706378698349
1050,3,33.0,47.89931869506836
1050,4,43.0,31.318063735961914
1050,5,-1.2700263596343575e-07,0.006618849467486143
1050,6,-2.3322301956341107e-07,-0.1575305461883545
1050,7,5.311019179998766e-08,0.12426429241895676
1051,0,1.408574661354578e-07,0.21400465071201324
1051,1,-8.890184233223408e-08,0.05621328949928284
1051,2,-1.4663031322470488e-07,0.2652166783809662
1051,3,6.511771175610193e-07,1.548638939857483
1051,4,-2.294129444635473e-06,-3.144547462463379
1051,5,26.999998092651367,39.813194274902344
1051,6,22.0,18.50139808654785
1051,7,5.311019179998766e-08,-0.16322416067123413
1052,0,1.408574661354578e-07,-0.1690138429403305
1052,1,-8.890184233223408e-08,-0.1521187722682953
1052,2,-1.4663031322470488e-07,0.005377622786909342
1052,3,-3.024971704235213e-07,0.04451340064406395
1052,4,-3.8678075497955433e-07,0.6633325815200806
1052,5,8.266716804428142e-07,3.4434621334075928
1052,6,-7.100601919773908e-07,-1.466491460800171
1052,7,63.0,26.25617218017578
1053,0,49.0,59.425506591796875
1053,1,32.000003814697266,10.08622932434082
1053,2,34.0,0.1838277280330658
1053,3,-3.024971704235213e-07,-0.02900487557053566
1053,4,-3.8678075497955433e-07,-0.09825363755226135
1053,5,-1.2700263596343575e-07,0.02375303953886032
1053,6,-2.3322301956341107e-07,-0.062348123639822006
1053,7,-2.3310756205319194e-06,-0.8769931197166443
1054,0,1.0945317399091437e-06,-0.10181698948144913
1054,1,-2.473087533871876e-06,2.364133596420288
1054,2,3.3020685918927484e-07,0.7291978597640991
1054,3,41.0,40.598899841308594
1054,4,58.0,26.583776473999023
1054,5,-1.2700263596343575e-07,0.07524954527616501
1054,6,-2.3322301956341107e-07,-0.14825797080993652
1054,7,5.311019179998766e-08,0.30529457330703735
1055,0,1.408574661354578e-07,0.11474146693944931
1055,1,-8.890184233223408e-08,0.06389513611793518
1055,2,-1.4663031322470488e-07,0.2278049886226654
1055,3,2.5585256935301004e-06,2.9337828159332275
1055,4,1.997404979192652e-06,1.1892653703689575
1055,5,45.0,40.120994567871094
1055,6,38.0,18.206924438476562
1055,7,5.311019179998766e-08,-0.031819768249988556
1056,0,1.408574661354578e-07,-0.23170457780361176
1056,1,-8.890184233223408e-08,-0.09977969527244568
1056,2,-1.4663031322470488e-07,-0.023055223748087883
1056,3,-3.024971704235213e-07,-0.0002277538151247427
1056,4,-3.8678075497955433e-07,0.2502809464931488
1056,5,-1.0806769523696858e-06,5.819270610809326
1056,6,-7.100601919773908e-07,0.5286943912506104
1056,7,40.999996185302734,26.43646812438965
1057,0,56.0,48.52671813964844
1057,1,34.0,4.777043342590332
1057,2,-1.4663031322470488e-07,0.12236866354942322
1057,3,-3.024971704235213e-07,0.00041645317105576396
1057,4,-3.8678075497955433e-07,-0.1364063322544098
1057,5,-1.2700263596343575e-07,-0.17126239836215973
1057,6,-2.3322301956341107e-07,-0.07056783884763718
1057,7,2.4372959614993306e-06,1.0732474327087402
1058,0,-1.7664912093096063e-06,3.3976705074310303
1058,1,-8.890184233223408e-08,0.6261224150657654
1058,2,35.0,32.91621017456055
1058,3,35.0,8.29562759399414
1058,4,63.000003814697266,-0.005509286653250456
1058,5,-1.2700263596343575e-07,-0.2025991827249527
1058,6,-2.3322301956341107e-07,-0.13793158531188965
1058,7,5.311019179998766e-08,-0.018329089507460594
1059,0,1.408574661354578e-07,0.22104467451572418
1059,1,-8.890184233223408e-08,0.09484902024269104
1059,2,3.3020685918927484e-07,5.315907955169678
1059,3,6.511771175610193e-07,-8.676669120788574
1059,4,-2.294129444635473e-06,2.1347098350524902
1059,5,39.0,45.79340362548828
1059,6,-2.3322301956341107e-07,14.792841911315918
1059,7,5.311019179998766e-08,-0.1473793387413025
1060,0,1.408574661354578e-07,-0.19948087632656097
1060,1,-8.890184233223408e-08,-0.10969647765159607
1060,2,-1.4663031322470488e-07,0.07629331946372986
1060,3,-3.024971704235213e-07,0.16403263807296753
1060,4,-3.8678075497955433e-07,0.1743222177028656
1060,5,-1.0806769523696858e-06,2.635652780532837
1060,6,41.999996185302734,36.82732391357422
1060,7,36.0,7.544504165649414
1061,0,45.0,48.77509307861328
1061,1,36.0,2.156714677810669
1061,2,35.0,-0.13150325417518616
1061,3,-3.024971704235213e-07,-0.21506673097610474
1061,4,-3.8678075497955433e-07,0.2657662332057953
1061,5,-1.2700263596343575e-07,0.45837581157684326
1061,6,-7.100601919773908e-07,0.345963716506958
1061,7,5.311019179998766e-08,2.001404285430908
1062,0,-1.7664912093096063e-06,-2.9292562007904053
1062,1,-8.890184233223408e-08,7.183443546295166
1062,2,3.3020685918927484e-07,-6.089379787445068
1062,3,59.0,43.832279205322266
1062,4,33.0,17.794286727905273
1062,5,-1.2700263596343575e-07,-0.07743752747774124
1062,6,-2.3322301956341107e-07,0.0728766992688179
1062,7,5.311019179998766e-08,-0.09919590502977371
1063,0,1.408574661354578e-07,0.11413683742284775
1063,1,-8.890184233223408e-08,0.07113829255104065
1063,2,-1.4663031322470488e-07,0.2694619596004486
1063,3,-1.7330086166111869e-06,5.47481632232666
1063,4,-3.8678075497955433e-07,19.027254104614258
1063,5,51.0,9.925024032592773
1063,6,20.0,10.96099853515625
1063,7,5.311019179998766e-08,-0.21886152029037476
1064,0,1.408574661354578e-07,-0.19877134263515472
1064,1,-8.890184233223408e-08,-0.09819182753562927
1064,2,-1.4663031322470488e-07,-0.032297756522893906
1064,3,-3.024971704235213e-07,0.030044253915548325
1064,4,-3.8678075497955433e-07,0.26487550139427185
1064,5,3.210857585145277e-06,9.816591262817383
1064,6,-2.3322301956341107e-07,-11.003418922424316
1064,7,40.999996185302734,32.28761291503906
1065,0,52.0,48.82391357421875
1065,1,15.0,3.9498419761657715
1065,2,29.000001907348633,0.070394366979599
1065,3,-3.024971704235213e-07,-0.23920661211013794
1065,4,-3.8678075497955433e-07,-0.08488789200782776
1065,5,-1.2700263596343575e-07,0.04752861708402634
1065,6,-2.3322301956341107e-07,0.01834130845963955
1065,7,2.4372959614993306e-06,1.3114595413208008
1066,0,-1.7664912093096063e-06,11.485265731811523
1066,1,-8.890184233223408e-08,-6.977095127105713
1066,2,-1.1003046438418096e-06,1.0262025594711304
1066,3,43.000003814697266,39.51335906982422
1066,4,79.0,23.400068283081055
1066,5,-1.2700263596343575e-07,-0.05352366715669632
1066,6,-2.3322301956341107e-07,-0.15647339820861816
1066,7,5.311019179998766e-08,-0.004794067703187466
1067,0,1.408574661354578e-07,0.15792955458164215
1067,1,-8.890184233223408e-08,0.03321877121925354
1067,2,-1.4663031322470488e-07,0.18363699316978455
1067,3,-1.7330086166111869e-06,1.3945571184158325
1067,4,1.997404979192652e-06,2.9079699516296387
1067,5,37.000003814697266,53.342323303222656
1067,6,36.0,15.550193786621094
1067,7,5.311019179998766e-08,-0.18059390783309937
1068,0,1.408574661354578e-07,-0.14771829545497894
1068,1,-8.890184233223408e-08,-0.17728623747825623
1068,2,-1.4663031322470488e-07,-0.04852738603949547
1068,3,-3.024971704235213e-07,0.0002071216731565073
1068,4,-3.8678075497955433e-07,0.4799834191799164
1068,5,-1.0806769523696858e-06,1.768696665763855
1068,6,-7.100601919773908e-07,2.5986251831054688
1068,7,43.0,39.312644958496094
1069,0,54.999996185302734,50.8485107421875
1069,1,20.0,10.57403564453125
1069,2,29.000001907348633,0.06310352683067322
1069,3,-3.024971704235213e-07,-0.010174577124416828
1069,4,-3.8678075497955433e-07,-0.09149733185768127
1069,5,-1.2700263596343575e-07,-0.10938704758882523
1069,6,-2.3322301956341107e-07,-0.024418586865067482
1069,7,-2.3310756205319194e-06,1.0587687492370605
1070,0,3.955554802814731e-06,12.570476531982422
1070,1,-8.890184233223408e-08,-4.844537258148193
1070,2,-1.1003046438418096e-06,-0.032221462577581406
1070,3,41.0,44.350425720214844
1070,4,56.999996185302734,16.321550369262695
1070,5,-1.2700263596343575e-07,-0.24612773954868317
1070,6,-2.3322301956341107e-07,-0.13936924934387207
1070,7,5.311019179998766e-08,0.08605580776929855
1071,0,1.408574661354578e-07,0.25688377022743225
1071,1,-8.890184233223408e-08,0.07568970322608948
1071,2,-1.4663031322470488e-07,0.14996609091758728
1071,3,2.5585256935301004e-06,2.711071252822876
1071,4,-2.294129444635473e-06,-0.8368510007858276
1071,5,72.99999237060547,44.762569427490234
1071,6,34.0,17.29473876953125
1071,7,5.311019179998766e-08,-0.1399044394493103
1072,0,1.408574661354578e-07,-0.2088535875082016
1072,1,-8.890184233223408e-08,-0.16897591948509216
1072,2,-1.4663031322470488e-07,-0.01264586765319109
1072,3,-3.024971704235213e-07,0.06146400794386864
1072,4,-3.8678075497955433e-07,0.675176739692688
1072,5,3.210857585145277e-06,5.451874256134033
1072,6,-7.100601919773908e-07,-11.013884544372559
1072,7,47.0,44.867427825927734
1073,0,53.999996185302734,53.477630615234375
1073,1,22.0,7.350728988647461
1073,2,37.0,0.0828603208065033
1073,3,-3.024971704235213e-07,0.07290857285261154
1073,4,-3.8678075497955433e-07,-0.10926762223243713
1073,5,-1.2700263596343575e-07,-0.07350457459688187
1073,6,-2.3322301956341107e-07,-0.06725000590085983
1073,7,2.4372959614993306e-06,0.666044294834137
1074,0,3.955554802814731e-06,9.754158020019531
1074,1,-8.890184233223408e-08,-4.477230548858643
1074,2,-2.5308161184511846e-06,1.4757155179977417
1074,3,33.0,45.54850387573242
1074,4,70.00000762939453,21.470834732055664
1074,5,-1.2700263596343575e-07,-0.21504415571689606
1074,6,-2.3322301956341107e-07,-0.1290433406829834
1074,7,5.311019179998766e-08,0.15425831079483032
1075,0,1.408574661354578e-07,0.25195708870887756
1075,1,-8.890184233223408e-08,0.07390919327735901
1075,2,-1.4663031322470488e-07,0.2151068150997162
1075,3,6.511771175610193e-07,3.5248754024505615
1075,4,-2.294129444635473e-06,4.0303120613098145
1075,5,45.0,48.178306579589844
1075,6,-2.3322301956341107e-07,15.186837196350098
1075,7,5.311019179998766e-08,-0.09083981066942215
1076,0,1.408574661354578e-07,-0.22692666947841644
1076,1,-8.890184233223408e-08,-0.15878543257713318
1076,2,-1.4663031322470488e-07,-0.027509836480021477
1076,3,-3.024971704235213e-07,0.08339422196149826
1076,4,-3.8678075497955433e-07,0.14491090178489685
1076,5,-1.0806769523696858e-06,2.2969472408294678
1076,6,32.0,41.4128303527832
1076,7,56.0,4.880126476287842
1077,0,43.0,57.439876556396484
1077,1,42.0,8.874667167663574
1077,2,34.0,0.1669500768184662
1077,3,-3.024971704235213e-07,0.08004110306501389
1077,4,-3.8678075497955433e-07,-0.09872713685035706
1077,5,-1.2700263596343575e-07,0.4496225118637085
1077,6,-7.100601919773908e-07,2.253622055053711
1077,7,-2.3310756205319194e-06,2.0625271797180176
1078,0,1.0945317399091437e-06,-7.917925834655762
1078,1,-8.890184233223408e-08,10.898224830627441
1078,2,3.3020685918927484e-07,-1.44475519657135
1078,3,61.999996185302734,47.918643951416016
1078,4,39.0,26.092878341674805
1078,5,-1.2700263596343575e-07,-0.18852247297763824
1078,6,-2.3322301956341107e-07,0.10857797414064407
1078,7,5.311019179998766e-08,0.17632442712783813
1079,0,1.408574661354578e-07,-0.140678271651268
1079,1,-8.890184233223408e-08,-0.10714015364646912
1079,2,-1.4663031322470488e-07,0.3033789098262787
1079,3,2.5585256935301004e-06,5.615304470062256
1079,4,-2.294129444635473e-06,9.273207664489746
1079,5,50.0,4.82114315032959
1079,6,30.999998092651367,7.866203308105469
1079,7,5.311019179998766e-08,0.03886609524488449
1080,0,1.408574661354578e-07,-0.21218381822109222
1080,1,-8.890184233223408e-08,-0.09829577803611755
1080,2,-1.4663031322470488e-07,-0.03194108232855797
1080,3,-3.024971704235213e-07,0.011380369774997234
1080,4,-3.8678075497955433e-07,0.4107304513454437
1080,5,-1.0806769523696858e-06,2.63830828666687
1080,6,7.204512826319842e-07,-8.787154197692871
1080,7,57.999996185302734,25.59187126159668
1081,0,67.99999237060547,56.124061584472656
1081,1,38.0,6.779989719390869
1081,2,40.0,0.06588634848594666
1081,3,-3.024971704235213e-07,-0.21860343217849731
1081,4,-3.8678075497955433e-07,-0.04476490616798401
1081,5,-1.2700263596343575e-07,-0.056544430553913116
1081,6,-2.3322301956341107e-07,0.01636243425309658
1081,7,-2.3310756205319194e-06,-0.5433902144432068
1082,0,3.955554802814731e-06,2.7770836353302
1082,1,-8.890184233223408e-08,2.706713914871216
1082,2,3.3020685918927484e-07,-1.431684136390686
1082,3,44.0,51.829349517822266
1082,4,43.0,32.341033935546875
1082,5,-1.2700263596343575e-07,-0.11178506165742874
1082,6,-2.3322301956341107e-07,-0.15047287940979004
1082,7,5.311019179998766e-08,0.3391624093055725
1083,0,1.408574661354578e-07,-0.1457604020833969
1083,1,-8.890184233223408e-08,-0.06699332594871521
1083,2,-1.4663031322470488e-07,0.34697088599205017
1083,3,6.511771175610193e-07,4.585073947906494
1083,4,-2.294129444635473e-06,-5.830049514770508
1083,5,37.000003814697266,40.685367584228516
1083,6,34.0,20.862749099731445
1083,7,5.311019179998766e-08,0.024744564667344093
1084,0,1.408574661354578e-07,-0.18857179582118988
1084,1,-8.890184233223408e-08,-0.07605180144309998
1084,2,-1.4663031322470488e-07,-0.009433415718376637
1084,3,-3.024971704235213e-07,0.013075525872409344
1084,4,-3.8678075497955433e-07,0.403935045003891
1084,5,-1.0806769523696858e-06,2.3018605709075928
1084,6,-7.100601919773908e-07,1.5092341899871826
1084,7,47.0,28.99571418762207
1085,0,71.0,46.286136627197266
1085,1,40.0,3.3439135551452637
1085,2,37.0,0.1212066113948822
1085,3,-3.024971704235213e-07,-0.09432394057512283
1085,4,-3.8678075497955433e-07,-0.025846868753433228
1085,5,-1.2700263596343575e-07,0.01771198958158493
1085,6,-2.3322301956341107e-07,-0.023306602612137794
1085,7,2.4372959614993306e-06,-0.48149293661117554
1086,0,-1.7664912093096063e-06,2.750351667404175
1086,1,-8.890184233223408e-08,3.609252691268921
1086,2,-2.5308161184511846e-06,-1.8835779428482056
1086,3,45.000003814697266,48.03361511230469
1086,4,63.999996185302734,31.8120174407959
1086,5,-1.2700263596343575e-07,0.013875357806682587
1086,6,-2.3322301956341107e-07,-0.08911918848752975
1086,7,5.311019179998766e-08,0.17003923654556274
1087,0,1.408574661354578e-07,-0.05763421207666397
1087,1,-8.890184233223408e-08,-0.058131784200668335
1087,2,-1.4663031322470488e-07,0.31866058707237244
1087,3,-1.7330086166111869e-06,3.781188726425171
1087,4,1.997404979192652e-06,-1.381280779838562
1087,5,42.0,47.65706253051758
1087,6,39.0,16.540897369384766
1087,7,5.311019179998766e-08,0.014110141433775425
1088,0,1.408574661354578e-07,-0.23257242143154144
1088,1,-8.890184233223408e-08,-0.09048327803611755
1088,2,-1.4663031322470488e-07,-0.033422138541936874
1088,3,-3.024971704235213e-07,0.011076624505221844
1088,4,-3.8678075497955433e-07,0.2776356637477875
1088,5,8.266716804428142e-07,4.619955062866211
1088,6,-7.100601919773908e-07,1.919917106628418
1088,7,67.0,37.70111846923828
1089,0,64.0,55.46022415161133
1089,1,41.0,6.8818135261535645
1089,2,32.0,0.10737833380699158
1089,3,-3.024971704235213e-07,-0.139604389667511
1089,4,-3.8678075497955433e-07,-0.13891258835792542
1089,5,-1.2700263596343575e-07,-0.15117515623569489
1089,6,-2.3322301956341107e-07,-0.08982633799314499
1089,7,2.4372959614993306e-06,-0.7588605284690857
1090,0,-1.7664912093096063e-06,-0.8937891721725464
1090,1,-8.890184233223408e-08,5.252045154571533
1090,2,3.3020685918927484e-07,-2.7665765285491943
1090,3,54.0,47.60694122314453
1090,4,62.0,25.77387809753418
1090,5,-1.2700263596343575e-07,-0.22096361219882965
1090,6,-2.3322301956341107e-07,-0.17920804023742676
1090,7,5.311019179998766e-08,0.45698410272598267
1091,0,1.408574661354578e-07,-0.16895662248134613
1091,1,-8.890184233223408e-08,-0.07320460677146912
1091,2,-1.4663031322470488e-07,0.2511962354183197
1091,3,-1.7330086166111869e-06,4.95602560043335
1091,4,1.997404979192652e-06,-3.5433273315429688
1091,5,42.0,48.60391616821289
1091,6,48.999996185302734,17.214113235473633
1091,7,5.311019179998766e-08,0.03449635952711105
1092,0,1.408574661354578e-07,-0.18374620378017426
1092,1,-8.890184233223408e-08,-0.08519992232322693
1092,2,-1.4663031322470488e-07,-0.045724060386419296
1092,3,-3.024971704235213e-07,-0.012215916998684406
1092,4,-3.8678075497955433e-07,0.3692532479763031
1092,5,8.266716804428142e-07,1.8016575574874878
1092,6,2.6277998586010654e-06,6.140618324279785
1092,7,57.000003814697266,32.43360137939453
1093,0,73.0,51.590301513671875
1093,1,31.0,5.476189613342285
1093,2,34.0,0.06656679511070251
1093,3,-3.024971704235213e-07,-0.17468291521072388
1093,4,-3.8678075497955433e-07,-0.131068617105484
1093,5,-1.2700263596343575e-07,-0.08349097520112991
1093,6,-2.3322301956341107e-07,-0.04123949632048607
1093,7,-2.3310756205319194e-06,-0.7808884978294373
1094,0,-1.7664912093096063e-06,8.645277976989746
1094,1,-8.890184233223408e-08,-3.1293487548828125
1094,2,3.3020685918927484e-07,-1.1474753618240356
1094,3,54.999996185302734,47.5382080078125
1094,4,81.00000762939453,29.67435646057129
1094,5,-1.2700263596343575e-07,-0.2162848860025406
1094,6,-2.3322301956341107e-07,-0.09486507624387741
1094,7,5.311019179998766e-08,0.2926059365272522
1095,0,1.408574661354578e-07,-0.22888265550136566
1095,1,-8.890184233223408e-08,-0.1251564919948578
1095,2,-1.4663031322470488e-07,0.2549665868282318
1095,3,2.5585256935301004e-06,1.3793784379959106
1095,4,-2.294129444635473e-06,-2.537670135498047
1095,5,55.0,59.50691223144531
1095,6,42.999996185302734,15.757160186767578
1095,7,5.311019179998766e-08,0.07350831478834152
1096,0,1.408574661354578e-07,-0.22844110429286957
1096,1,-8.890184233223408e-08,-0.07252225279808044
1096,2,-1.4663031322470488e-07,-0.038865234702825546
1096,3,-3.024971704235213e-07,0.08793514221906662
1096,4,-3.8678075497955433e-07,0.6726728677749634
1096,5,3.210857585145277e-06,0.2188166230916977
1096,6,2.6277998586010654e-06,0.9410436153411865
1096,7,64.00000762939453,39.750701904296875
1097,0,49.0,57.22658157348633
1097,1,17.0,7.21367073059082
1097,2,36.0,0.06576475501060486
1097,3,-3.024971704235213e-07,-0.12793713808059692
1097,4,-3.8678075497955433e-07,-0.0639447271823883
1097,5,-1.2700263596343575e-07,-0.06410039216279984
1097,6,-2.3322301956341107e-07,-0.021073097363114357
1097,7,-2.3310756205319194e-06,-0.40250295400619507
1098,0,1.0945317399091437e-06,11.519033432006836
1098,1,-8.890184233223408e-08,-6.022800922393799
1098,2,3.3020685918927484e-07,1.9386793375015259
1098,3,47.999996185302734,48.67373275756836
1098,4,67.0,27.157930374145508
1098,5,-1.2700263596343575e-07,-0.348580002784729
1098,6,-2.3322301956341107e-07,-0.13529372215270996
1098,7,5.311019179998766e-08,0.309448778629303
1099,0,1.408574661354578e-07,0.13719667494297028
1099,1,-8.890184233223408e-08,0.04897013306617737
1099,2,-1.4663031322470488e-07,0.2071598470211029
1099,3,2.5585256935301004e-06,4.0118207931518555
1099,4,1.997404979192652e-06,-0.7492989301681519
1099,5,42.0,49.56782531738281
1099,6,45.0,15.577217102050781
1099,7,5.311019179998766e-08,-0.06132931262254715
1100,0,1.408574661354578e-07,-0.13865171372890472
1100,1,-8.890184233223408e-08,-0.1986132562160492
1100,2,-1.4663031322470488e-07,-0.0671016275882721
1100,3,-3.024971704235213e-07,0.010342772118747234
1100,4,-3.8678075497955433e-07,0.37149152159690857
1100,5,8.266716804428142e-07,2.285468339920044
1100,6,-7.100601919773908e-07,4.78685188293457
1100,7,47.0,30.32671546936035
1101,0,77.0,52.62947463989258
1101,1,24.999998092651367,10.861023902893066
1101,2,32.0,0.05956539884209633
1101,3,-3.024971704235213e-07,-0.16600924730300903
1101,4,-3.8678075497955433e-07,-0.11664047837257385
1101,5,-1.2700263596343575e-07,-0.10842288285493851
1101,6,-2.3322301956341107e-07,-0.10456251353025436
1101,7,2.4372959614993306e-06,0.4194203019142151
1102,0,3.955554802814731e-06,13.599410057067871
1102,1,1.3416096180662862e-06,-7.5945143699646
1102,2,3.3020685918927484e-07,-0.2775479853153229
1102,3,47.999996185302734,45.96736526489258
1102,4,87.0,26.57829475402832
1102,5,-1.2700263596343575e-07,-0.2694436311721802
1102,6,-2.3322301956341107e-07,-0.09961342066526413
1102,7,5.311019179998766e-08,0.1916828751564026
1103,0,1.408574661354578e-07,-0.13485990464687347
1103,1,-8.890184233223408e-08,0.001253992784768343
1103,2,-1.4663031322470488e-07,0.20258459448814392
1103,3,2.5585256935301004e-06,1.3812018632888794
1103,4,1.997404979192652e-06,-0.42516031861305237
1103,5,61.0,60.411720275878906
1103,6,57.0,15.39130687713623
1103,7,5.311019179998766e-08,0.040444426238536835
1104,0,1.408574661354578e-07,-0.2552812993526459
1104,1,-8.890184233223408e-08,-0.07132872939109802
1104,2,-1.4663031322470488e-07,-0.04966893419623375
1104,3,-3.024971704235213e-07,0.1268293261528015
1104,4,-3.8678075497955433e-07,0.5893360376358032
1104,5,-1.0806769523696858e-06,-2.871161699295044
1104,6,-7.100601919773908e-07,6.574052333831787
1104,7,61.0,46.9130859375
1105,0,57.0,58.89551544189453
1105,1,23.0,6.233721733093262
1105,2,32.0,0.059718940407037735
1105,3,-3.024971704235213e-07,-0.06954652816057205
1105,4,-3.8678075497955433e-07,-0.07054272294044495
1105,5,-1.2700263596343575e-07,0.02512442320585251
1105,6,-2.3322301956341107e-07,-0.0332949124276638
1105,7,2.4372959614993306e-06,-0.39926522970199585
1106,0,-1.7664912093096063e-06,9.98556137084961
1106,1,-8.890184233223408e-08,-3.7267661094665527
1106,2,3.3020685918927484e-07,0.4560149610042572
1106,3,49.0,48.57855987548828
1106,4,51.0,36.73324966430664
1106,5,-1.2700263596343575e-07,-0.21238292753696442
1106,6,-2.3322301956341107e-07,-0.24650216102600098
1106,7,5.311019179998766e-08,0.2961960434913635
1107,0,1.408574661354578e-07,0.1940232664346695
1107,1,-8.890184233223408e-08,0.06821909546852112
1107,2,-1.4663031322470488e-07,0.16380247473716736
1107,3,-1.7330086166111869e-06,5.862452507019043
1107,4,1.997404979192652e-06,-3.793445587158203
1107,5,49.0,39.15068054199219
1107,6,36.999996185302734,16.719043731689453
1107,7,5.311019179998766e-08,-0.014287418685853481
1108,0,1.408574661354578e-07,-0.23125921189785004
1108,1,-8.890184233223408e-08,-0.15370425581932068
1108,2,-1.4663031322470488e-07,-0.03837886080145836
1108,3,-3.024971704235213e-07,-0.008705918677151203
1108,4,-3.8678075497955433e-07,0.3910094201564789
1108,5,-1.0806769523696858e-06,7.323017597198486
1108,6,2.6277998586010654e-06,-0.80838942527771
1108,7,63.0,28.85093879699707
1109,0,51.0,60.95561218261719
1109,1,41.0,10.044572830200195
1109,2,28.000001907348633,0.05168089643120766
1109,3,-3.024971704235213e-07,-0.10416776686906815
1109,4,-3.8678075497955433e-07,-0.10655966401100159
1109,5,-1.2700263596343575e-07,-0.16894496977329254
1109,6,-2.3322301956341107e-07,-0.08148311823606491
1109,7,-2.3310756205319194e-06,-0.45317357778549194
1110,0,-1.7664912093096063e-06,-5.734077453613281
1110,1,-8.890184233223408e-08,8.112290382385254
1110,2,3.3020685918927484e-07,-2.799091100692749
1110,3,54.0,43.415245056152344
1110,4,44.0,18.27180290222168
1110,5,-1.2700263596343575e-07,-0.20493091642856598
1110,6,-2.3322301956341107e-07,-0.18172955513000488
1110,7,5.311019179998766e-08,0.3463340401649475
1111,0,1.408574661354578e-07,-0.2320612519979477
1111,1,-8.890184233223408e-08,-0.12201651930809021
1111,2,-1.4663031322470488e-07,0.23089489340782166
1111,3,-1.7330086166111869e-06,6.721822261810303
1111,4,-3.8678075497955433e-07,-6.733453750610352
1111,5,64.0,40.932830810546875
1111,6,30.999998092651367,18.407529830932617
1111,7,5.311019179998766e-08,-0.06869644671678543
1112,0,1.408574661354578e-07,-0.22018323838710785
1112,1,-8.890184233223408e-08,-0.07614573836326599
1112,2,-1.4663031322470488e-07,-0.02851882390677929
1112,3,-3.024971704235213e-07,0.019888099282979965
1112,4,-3.8678075497955433e-07,0.678207516670227
1112,5,3.210857585145277e-06,9.689669609069824
1112,6,7.204512826319842e-07,-8.993402481079102
1112,7,40.999996185302734,26.709659576416016
1113,0,54.999996185302734,47.6227912902832
1113,1,36.0,2.581224203109741
1113,2,39.0,0.026001783087849617
1113,3,-3.024971704235213e-07,-0.11379224807024002
1113,4,-3.8678075497955433e-07,-0.1352480947971344
1113,5,-1.2700263596343575e-07,-0.15701498091220856
1113,6,-2.3322301956341107e-07,-0.12942910194396973
1113,7,2.4372959614993306e-06,0.8619800209999084
1114,0,3.955554802814731e-06,-0.7173584699630737
1114,1,-8.890184233223408e-08,4.65463399887085
1114,2,3.3020685918927484e-07,-0.5255290269851685
1114,3,44.0,49.29789352416992
1114,4,47.0,23.59564208984375
1114,5,-1.2700263596343575e-07,-0.23477424681186676
1114,6,-2.3322301956341107e-07,-0.10514902323484421
1114,7,5.311019179998766e-08,-0.02626890502870083
1115,0,1.408574661354578e-07,-0.08276257663965225
1115,1,-8.890184233223408e-08,-0.0860200822353363
1115,2,-1.4663031322470488e-07,0.3197191655635834
1115,3,6.511771175610193e-07,5.233956336975098
1115,4,1.997404979192652e-06,-4.85212516784668
1115,5,36.0,41.75246047973633
1115,6,26.0,16.75038719177246
1115,7,5.311019179998766e-08,-0.1536678671836853
1116,0,1.408574661354578e-07,-0.218009814620018
1116,1,-8.890184233223408e-08,-0.07580766081809998
1116,2,-1.4663031322470488e-07,-0.015469697304069996
1116,3,-3.024971704235213e-07,0.006362135522067547
1116,4,-3.8678075497955433e-07,0.6330567598342896
1116,5,8.266716804428142e-07,5.751223564147949
1116,6,-7.100601919773908e-07,-1.0475594997406006
1116,7,49.0,34.047019958496094
1117,0,60.999996185302734,49.53944396972656
1117,1,64.00000762939453,5.44636869430542
1117,2,-1.4663031322470488e-07,0.13481268286705017
1117,3,-3.024971704235213e-07,-0.10115844756364822
1117,4,-3.8678075497955433e-07,0.03031119704246521
1117,5,-1.2700263596343575e-07,0.0007938068592920899
1117,6,-2.3322301956341107e-07,-0.07428955286741257
1117,7,-2.3310756205319194e-06,0.13907486200332642
1118,0,3.955554802814731e-06,-14.29398250579834
1118,1,-5.334110483090626e-06,10.67971420288086
1118,2,49.999996185302734,38.75215530395508
1118,3,57.0,11.920268058776855
1118,4,47.0,0.03807172179222107
1118,5,-1.2700263596343575e-07,0.0809401199221611
1118,6,-2.3322301956341107e-07,-0.1556413173675537
1118,7,5.311019179998766e-08,0.13941150903701782
1119,0,1.408574661354578e-07,0.05791773647069931
1119,1,-8.890184233223408e-08,0.02345600724220276
1119,2,3.1912297799863154e-06,4.689744472503662
1119,3,-1.7330086166111869e-06,-0.7016242146492004
1119,4,1.997404979192652e-06,-5.327919006347656
1119,5,57.0,41.578208923339844
1119,6,-2.3322301956341107e-07,21.171772003173828
1119,7,5.311019179998766e-08,-0.019854014739394188
1120,0,1.408574661354578e-07,-0.21163450181484222
1120,1,-8.890184233223408e-08,0.09102478623390198
1120,2,-1.4663031322470488e-07,0.0011752569116652012
1120,3,-3.024971704235213e-07,-0.14531975984573364
1120,4,-3.8678075497955433e-07,0.20596370100975037
1120,5,-1.0806769523696858e-06,1.4347671270370483
1120,6,30.999998092651367,38.6961669921875
1120,7,49.0,6.9027509689331055
1121,0,60.999996185302734,51.59125900268555
1121,1,39.0,4.003545761108398
1121,2,31.0,-0.10957542061805725
1121,3,-3.024971704235213e-07,-0.13928967714309692
1121,4,-3.8678075497955433e-07,0.029345601797103882
1121,5,-1.2700263596343575e-07,0.007795683573931456
1121,6,7.204512826319842e-07,0.9404399394989014
1121,7,-2.3310756205319194e-06,1.6670002937316895
1122,0,3.955554802814731e-06,-1.1416186094284058
1122,1,-8.890184233223408e-08,3.459968090057373
1122,2,3.3020685918927484e-07,-14.791207313537598
1122,3,52.999996185302734,34.55805206298828
1122,4,59.000003814697266,9.18569564819336
1122,5,-1.2700263596343575e-07,-0.02439940720796585
1122,6,-2.3322301956341107e-07,0.04260087385773659
1122,7,5.311019179998766e-08,0.20784765481948853
1123,0,1.408574661354578e-07,-0.23385988175868988
1123,1,-8.890184233223408e-08,-0.11477193236351013
1123,2,-1.4663031322470488e-07,0.23166689276695251
1123,3,2.5585256935301004e-06,6.374633312225342
1123,4,-2.294129444635473e-06,12.768621444702148
1123,5,51.0,3.503007411956787
1123,6,39.0,8.189184188842773
1123,7,5.311019179998766e-08,-0.08914322406053543
1124,0,1.408574661354578e-07,-0.22230707108974457
1124,1,-8.890184233223408e-08,-0.07761344313621521
1124,2,-1.4663031322470488e-07,-0.043982651084661484
1124,3,-3.024971704235213e-07,-0.00214320863597095
1124,4,-3.8678075497955433e-07,0.3292728364467621
1124,5,3.210857585145277e-06,-1.8535786867141724
1124,6,-7.100601919773908e-07,-6.442300796508789
1124,7,63.0,41.32999801635742
1125,0,63.0,55.55561065673828
1125,1,24.0,7.499852180480957
1125,2,33.0,0.05200133100152016
1125,3,-3.024971704235213e-07,-0.15266019105911255
1125,4,-3.8678075497955433e-07,-0.13690796494483948
1125,5,-1.2700263596343575e-07,-0.1309291273355484
1125,6,-2.3322301956341107e-07,-0.09560226649045944
1125,7,-2.3310756205319194e-06,-0.7871169447898865
1126,0,-1.7664912093096063e-06,10.604182243347168
1126,1,-1.0425761729493388e-06,-4.541562557220459
1126,2,3.3020685918927484e-07,0.22838625311851501
1126,3,70.0,45.50938415527344
1126,4,56.999996185302734,24.71281623840332
1126,5,-1.2700263596343575e-07,-0.25795280933380127
1126,6,-2.3322301956341107e-07,-0.1573197841644287
1126,7,5.311019179998766e-08,0.3804669976234436
1127,0,1.408574661354578e-07,0.09248461574316025
1127,1,-8.890184233223408e-08,0.09382286667823792
1127,2,-1.4663031322470488e-07,0.3799327313899994
1127,3,-1.7330086166111869e-06,2.6370785236358643
1127,4,-2.294129444635473e-06,-8.187628746032715
1127,5,40.0,48.75463104248047
1127,6,46.0,16.078516006469727
1127,7,5.311019179998766e-08,0.005191379226744175
1128,0,1.408574661354578e-07,-0.26646217703819275
1128,1,-8.890184233223408e-08,-0.12347468733787537
1128,2,-1.4663031322470488e-07,-0.04008689150214195
1128,3,-3.024971704235213e-07,-0.04921466484665871
1128,4,-3.8678075497955433e-07,0.4433337152004242
1128,5,-1.0806769523696858e-06,4.247684955596924
1128,6,-7.100601919773908e-07,5.8764519691467285
1128,7,33.0,32.41463851928711
1129,0,67.99999237060547,47.1068000793457
1129,1,26.0,1.9400666952133179
1129,2,37.0,0.012282225303351879
1129,3,-3.024971704235213e-07,-0.1526830792427063
1129,4,-3.8678075497955433e-07,-0.09786739945411682
1129,5,-1.2700263596343575e-07,-0.12927068769931793
1129,6,-2.3322301956341107e-07,-0.12702393531799316
1129,7,5.311019179998766e-08,0.9839311242103577
1130,0,3.955554802814731e-06,9.096942901611328
1130,1,-8.890184233223408e-08,-4.915439128875732
1130,2,-2.5308161184511846e-06,0.2630999982357025
1130,3,59.999996185302734,47.494571685791016
1130,4,70.00000762939453,33.68376159667969
1130,5,-1.2700263596343575e-07,-0.2266794592142105
1130,6,-2.3322301956341107e-07,-0.06902097910642624
1130,7,5.311019179998766e-08,-0.008923000656068325
1131,0,1.408574661354578e-07,0.08336653560400009
1131,1,-8.890184233223408e-08,0.10838738083839417
1131,2,-1.4663031322470488e-07,0.2980445325374603
1131,3,2.5585256935301004e-06,1.3061829805374146
1131,4,-2.294129444635473e-06,-5.148810386657715
1131,5,29.0,55.06438064575195
1131,6,36.999996185302734,14.426918029785156
1131,7,5.311019179998766e-08,-0.18213170766830444
1132,0,1.408574661354578e-07,-0.2659195363521576
1132,1,-8.890184233223408e-08,-0.06866797804832458
1132,2,-1.4663031322470488e-07,-0.02711358480155468
1132,3,-3.024971704235213e-07,-0.04079658165574074
1132,4,-3.8678075497955433e-07,0.3689752519130707
1132,5,8.266716804428142e-07,0.7464855909347534
1132,6,2.6277998586010654e-06,5.258795738220215
1132,7,47.999996185302734,38.42157745361328
1133,0,47.999996185302734,51.321990966796875
1133,1,27.0,4.477108478546143
1133,2,-1.4663031322470488e-07,0.08625730872154236
1133,3,-3.024971704235213e-07,-0.2285497784614563
1133,4,-3.8678075497955433e-07,-0.11327734589576721
1133,5,-1.2700263596343575e-07,-0.03954184800386429
1133,6,-2.3322301956341107e-07,-0.018594497814774513
1133,7,2.4372959614993306e-06,-0.023942893370985985
1134,0,1.0945317399091437e-06,2.8193929195404053
1134,1,-8.890184233223408e-08,-0.25521525740623474
1134,2,47.0,32.42729949951172
1134,3,27.0,4.181028842926025
1134,4,-3.8678075497955433e-07,0.18043860793113708
1134,5,-1.2700263596343575e-07,-0.1457768827676773
1134,6,-2.3322301956341107e-07,-0.165022611618042
1134,7,5.311019179998766e-08,0.13484007120132446
1135,0,1.408574661354578e-07,0.32736125588417053
1135,1,-8.890184233223408e-08,0.08237114548683167
1135,2,3.3020685918927484e-07,8.428306579589844
1135,3,6.511771175610193e-07,-14.611687660217285
1135,4,44.999996185302734,41.79201126098633
1135,5,67.0,11.650270462036133
1135,6,30.999998092651367,0.008915668353438377
1135,7,5.311019179998766e-08,-0.13184350728988647
1136,0,1.408574661354578e-07,-0.1840122789144516
1136,1,-8.890184233223408e-08,-0.06103953719139099
1136,2,-1.4663031322470488e-07,-0.04207482561469078
1136,3,-3.024971704235213e-07,-0.021106544882059097
1136,4,1.997404979192652e-06,1.4787455797195435
1136,5,-1.0806769523696858e-06,20.10771942138672
1136,6,7.204512826319842e-07,-3.789196252822876
1136,7,56.0,43.174644470214844
1137,0,49.0,55.16230392456055
1137,1,31.0,16.865304946899414
1137,2,49.0,-0.14365020394325256
1137,3,-3.024971704235213e-07,-0.16726142168045044
1137,4,-3.8678075497955433e-07,-0.014193921349942684
1137,5,-1.2700263596343575e-07,-0.13568748533725739
1137,6,-2.3322301956341107e-07,-0.0784747526049614
1137,7,-2.3310756205319194e-06,-0.4448336958885193
1138,0,1.0945317399091437e-06,0.7254868745803833
1138,1,-8.890184233223408e-08,1.1188808679580688
1138,2,3.3020685918927484e-07,0.3483971059322357
1138,3,58.0,30.329923629760742
1138,4,40.0,7.8234710693359375
1138,5,-1.2700263596343575e-07,-0.18974317610263824
1138,6,-2.3322301956341107e-07,0.06427837163209915
1138,7,5.311019179998766e-08,0.19481760263442993
1139,0,1.408574661354578e-07,0.11162390559911728
1139,1,-8.890184233223408e-08,0.01326409075409174
1139,2,-1.4663031322470488e-07,0.5779680013656616
1139,3,2.5585256935301004e-06,1.9146987199783325
1139,4,-3.8678075497955433e-07,-8.29354190826416
1139,5,50.0,35.295467376708984
1139,6,35.0,16.6256046295166
1139,7,5.311019179998766e-08,-0.09815401583909988
1140,0,1.408574661354578e-07,-0.23849092423915863
1140,1,-8.890184233223408e-08,-0.09353694319725037
1140,2,-1.4663031322470488e-07,0.008993479423224926
1140,3,-3.024971704235213e-07,0.032777007669210434
1140,4,-3.8678075497955433e-07,0.5730849504470825
1140,5,-1.0806769523696858e-06,7.53266716003418
1140,6,-7.100601919773908e-07,-1.8972399234771729
1140,7,72.0,31.50857925415039
1141,0,80.0,64.0964126586914
1141,1,36.0,10.926275253295898
1141,2,40.0,0.13557228446006775
1141,3,-3.024971704235213e-07,-0.375538170337677
1141,4,-3.8678075497955433e-07,-0.05331650376319885
1141,5,-1.2700263596343575e-07,-0.10360682755708694
1141,6,-2.3322301956341107e-07,-0.027606243267655373
1141,7,2.4372959614993306e-06,-1.1843061447143555
1142,0,-1.7664912093096063e-06,8.685481071472168
1142,1,-8.890184233223408e-08,-1.4423004388809204
1142,2,3.3020685918927484e-07,-1.2926088571548462
1142,3,44.0,51.276206970214844
1142,4,76.0,33.14789962768555
1142,5,-1.2700263596343575e-07,-0.15103258192539215
1142,6,-2.3322301956341107e-07,-0.17483019828796387
1142,7,5.311019179998766e-08,0.4848385453224182
1143,0,1.408574661354578e-07,-0.05636487156152725
1143,1,-8.890184233223408e-08,-0.06029519438743591
1143,2,-1.4663031322470488e-07,0.3704904019832611
1143,3,6.511771175610193e-07,2.9537951946258545
1143,4,1.997404979192652e-06,0.17536363005638123
1143,5,55.0,54.23024368286133
1143,6,61.999996185302734,16.33140754699707
1143,7,5.311019179998766e-08,0.12890106439590454
1144,0,1.408574661354578e-07,-0.15194593369960785
1144,1,-8.890184233223408e-08,-0.09331521391868591
1144,2,-1.4663031322470488e-07,-0.032235290855169296
1144,3,-3.024971704235213e-07,0.08776872605085373
1144,4,-3.8678075497955433e-07,0.7193399667739868
1144,5,3.210857585145277e-06,-2.425344705581665
1144,6,2.6277998586010654e-06,10.474464416503906
1144,7,59.0,45.088932037353516
1145,0,53.0,51.692726135253906
1145,1,44.0,5.475793361663818
1145,2,24.000001907348633,0.10005125403404236
1145,3,-3.024971704235213e-07,-0.16647273302078247
1145,4,-3.8678075497955433e-07,-0.07885780930519104
1145,5,-1.2700263596343575e-07,0.04796206206083298
1145,6,-2.3322301956341107e-07,-0.0375363789498806
1145,7,2.4372959614993306e-06,-0.6913232207298279
1146,0,-1.7664912093096063e-06,-7.031813621520996
1146,1,-8.890184233223408e-08,9.833873748779297
1146,2,3.3020685918927484e-07,-4.3521246910095215
1146,3,38.000003814697266,46.64485549926758
1146,4,59.000003814697266,26.1510009765625
1146,5,-1.2700263596343575e-07,-0.1716071516275406
1146,6,-2.3322301956341107e-07,-0.2853243350982666
1146,7,5.311019179998766e-08,0.22926431894302368
1147,0,1.408574661354578e-07,-0.20828424394130707
1147,1,-8.890184233223408e-08,-0.09671315550804138
1147,2,-1.4663031322470488e-07,0.19497045874595642
1147,3,-1.7330086166111869e-06,6.49880838394165
1147,4,-2.294129444635473e-06,0.9623390436172485
1147,5,59.0,40.275230407714844
1147,6,50.0,16.860506057739258
1147,7,5.311019179998766e-08,-0.040381379425525665
1148,0,1.408574661354578e-07,-0.19596563279628754
1148,1,-8.890184233223408e-08,-0.08267173171043396
1148,2,-1.4663031322470488e-07,0.0001338446163572371
1148,3,-3.024971704235213e-07,0.0806991383433342
1148,4,-3.8678075497955433e-07,0.6284648180007935
1148,5,-1.0806769523696858e-06,0.9469937086105347
1148,6,-7.100601919773908e-07,2.4882545471191406
1148,7,62.000003814697266,42.128475189208984
1149,0,88.0,56.64525604248047
1149,1,-8.890184233223408e-08,6.911340236663818
1149,2,-1.4663031322470488e-07,0.10166200995445251
1149,3,-3.024971704235213e-07,0.10086839646100998
1149,4,-3.8678075497955433e-07,-0.1350959837436676
1149,5,-1.2700263596343575e-07,-0.024224407970905304
1149,6,-2.3322301956341107e-07,-0.05216335877776146
1149,7,-2.3310756205319194e-06,-0.7644204497337341
1150,0,-1.7664912093096063e-06,-0.7355774641036987
1150,1,40.0,31.89045524597168
1150,2,40.0,4.23598051071167
1150,3,-3.024971704235213e-07,-0.12071306258440018
1150,4,-3.8678075497955433e-07,-0.1050194799900055
1150,5,-1.2700263596343575e-07,-0.16203607618808746
1150,6,-2.3322301956341107e-07,-0.11531614512205124
1150,7,5.311019179998766e-08,0.41850191354751587
1151,0,1.408574661354578e-07,0.51410973072052
1151,1,-8.890184233223408e-08,-0.854837954044342
1151,2,3.3020685918927484e-07,-1.2179042100906372
1151,3,51.0,51.971641540527344
1151,4,49.999996185302734,9.058415412902832
1151,5,42.0,0.1669701188802719
1151,6,-2.3322301956341107e-07,-0.09270691126585007
1151,7,5.311019179998766e-08,0.02253156341612339
1152,0,1.408574661354578e-07,0.3236333429813385
1152,1,-8.890184233223408e-08,0.031213194131851196
1152,2,-1.4663031322470488e-07,0.3731144368648529
1152,3,2.5585256935301004e-06,5.538416862487793
1152,4,-2.294129444635473e-06,4.784794330596924
1152,5,8.266716804428142e-07,-1.2875195741653442
1152,6,44.0,22.082067489624023
1152,7,56.0,2.4138951301574707
1153,0,61.999996185302734,46.03343200683594
1153,1,-8.890184233223408e-08,0.5221313834190369
1153,2,-1.4663031322470488e-07,-0.01805892400443554
1153,3,-3.024971704235213e-07,-0.16964560747146606
1153,4,-3.8678075497955433e-07,0.23375853896141052
1153,5,-1.2700263596343575e-07,0.5336073637008667
1153,6,-7.100601919773908e-07,0.9112222194671631
1153,7,-2.3310756205319194e-06,9.499499320983887
1154,0,3.955554802814731e-06,4.170505523681641
1154,1,43.0,21.54877281188965
1154,2,40.0,26.803115844726562
1154,3,-3.024971704235213e-07,-0.46411067247390747
1154,4,-3.8678075497955433e-07,-0.17565718293190002
1154,5,-1.2700263596343575e-07,-0.03435433655977249
1154,6,-2.3322301956341107e-07,-0.004807705525308847
1154,7,5.311019179998766e-08,0.34627825021743774
1155,0,1.408574661354578e-07,0.15162862837314606
1155,1,-8.890184233223408e-08,-0.20311936736106873
1155,2,3.3020685918927484e-07,-2.73516583442688
1155,3,54.0,52.217708587646484
1155,4,46.0,14.051502227783203
1155,5,-1.2700263596343575e-07,-0.014088280498981476
1155,6,-2.3322301956341107e-07,-0.02923988737165928
1155,7,5.311019179998766e-08,0.07679133862257004
1156,0,1.408574661354578e-07,0.3033076822757721
1156,1,-8.890184233223408e-08,0.05800667405128479
1156,2,-1.4663031322470488e-07,0.3910540044307709
1156,3,-1.7330086166111869e-06,2.1847383975982666
1156,4,-3.8678075497955433e-07,-0.9375637769699097
1156,5,52.0,41.19166564941406
1156,6,58.0,15.473807334899902
1156,7,59.999996185302734,0.052826933562755585
1157,0,53.999996185302734,38.837955474853516
1157,1,-8.890184233223408e-08,2.1332321166992188
1157,2,-1.4663031322470488e-07,-0.0066286600194871426
1157,3,-3.024971704235213e-07,0.01677912101149559
1157,4,-3.8678075497955433e-07,0.7017370462417603
1157,5,-1.0806769523696858e-06,0.16701970994472504
1157,6,-7.100601919773908e-07,9.956711769104004
1157,7,2.4372959614993306e-06,12.687996864318848
1158,0,3.955554802814731e-06,3.3628618717193604
1158,1,24.0,20.379308700561523
1158,2,30.000001907348633,23.758567810058594
1158,3,-3.024971704235213e-07,-0.2914298176765442
1158,4,-3.8678075497955433e-07,-0.14926233887672424
1158,5,-1.2700263596343575e-07,-0.028319962322711945
1158,6,-2.3322301956341107e-07,-0.05690598115324974
1158,7,5.311019179998766e-08,0.3159380555152893
1159,0,1.408574661354578e-07,0.028172634541988373
1159,1,-1.0425761729493388e-06,0.39844217896461487
1159,2,-2.5308161184511846e-06,-0.36558881402015686
1159,3,44.0,41.962562561035156
1159,4,67.0,23.031394958496094
1159,5,-1.2700263596343575e-07,-0.1459137350320816
1159,6,-2.3322301956341107e-07,-0.16198468208312988
1159,7,5.311019179998766e-08,0.08253293484449387
1160,0,1.408574661354578e-07,0.008154056034982204
1160,1,-8.890184233223408e-08,0.00647202180698514
1160,2,-1.4663031322470488e-07,0.14092573523521423
1160,3,6.511771175610193e-07,4.07107400894165
1160,4,1.997404979192652e-06,0.21386584639549255
1160,5,24.0,45.23717498779297
1160,6,39.0,16.52208137512207
1160,7,5.311019179998766e-08,-0.045762963593006134
1161,0,1.408574661354578e-07,0.09363856166601181
1161,1,-8.890184233223408e-08,0.04450979828834534
1161,2,-1.4663031322470488e-07,-0.05406537279486656
1161,3,-3.024971704235213e-07,-0.07457143813371658
1161,4,-3.8678075497955433e-07,0.2459450662136078
1161,5,-1.2700263596343575e-07,-3.3960163593292236
1161,6,-7.100601919773908e-07,7.764195442199707
1161,7,47.0,46.1044807434082
1162,0,46.999996185302734,52.663883209228516
1162,1,-8.890184233223408e-08,7.708868026733398
1162,2,-1.4663031322470488e-07,0.04245266690850258
1162,3,-3.024971704235213e-07,-0.08047658950090408
1162,4,-3.8678075497955433e-07,-0.18621483445167542
1162,5,-1.2700263596343575e-07,0.015724055469036102
1162,6,-2.3322301956341107e-07,-0.029484504833817482
1162,7,2.4372959614993306e-06,0.14047151803970337
1163,0,1.0945317399091437e-06,1.031345009803772
1163,1,20.0,23.051471710205078
1163,2,-1.4663031322470488e-07,4.0807085037231445
1163,3,-3.024971704235213e-07,-0.059111420065164566
1163,4,-3.8678075497955433e-07,0.18509730696678162
1163,5,-1.2700263596343575e-07,-0.13221468031406403
1163,6,-2.3322301956341107e-07,-0.14880156517028809
1163,7,5.311019179998766e-08,0.16740328073501587
1164,0,1.408574661354578e-07,0.0880671963095665
1164,1,-8.890184233223408e-08,0.5617460608482361
1164,2,20.0,29.2526798248291
1164,3,51.0,7.0907111167907715
1164,4,-3.8678075497955433e-07,-0.33575621247291565
1164,5,-1.2700263596343575e-07,-0.06722176820039749
1164,6,-2.3322301956341107e-07,0.09897161275148392
1164,7,5.311019179998766e-08,-0.2312268614768982
1165,0,1.408574661354578e-07,-0.29417023062705994
1165,1,-8.890184233223408e-08,0.03527823090553284
1165,2,3.3020685918927484e-07,-3.9570977687835693
1165,3,2.5585256935301004e-06,5.808938026428223
1165,4,63.000003814697266,48.051753997802734
1165,5,58.0,6.477727890014648
1165,6,62.999996185302734,-0.16515183448791504
1165,7,5.311019179998766e-08,0.40744549036026
1166,0,1.408574661354578e-07,-0.3023432195186615
1166,1,-8.890184233223408e-08,0.05718079209327698
1166,2,-1.4663031322470488e-07,0.11948475241661072
1166,3,-3.024971704235213e-07,0.06125229224562645
1166,4,-2.294129444635473e-06,7.292966365814209
1166,5,-1.0806769523696858e-06,-1.3283988237380981
1166,6,2.6277998586010654e-06,20.358440399169922
1166,7,67.0,53.29080581665039
1167,0,51.0,52.7762336730957
1167,1,-8.890184233223408e-08,13.429794311523438
1167,2,-1.4663031322470488e-07,-0.10336366295814514
1167,3,-3.024971704235213e-07,-0.10237342864274979
1167,4,-3.8678075497955433e-07,-0.09505358338356018
1167,5,-1.2700263596343575e-07,-0.07069409638643265
1167,6,-2.3322301956341107e-07,-0.13655734062194824
1167,7,2.4372959614993306e-06,-1.342585563659668
1168,0,-1.7664912093096063e-06,1.9076200723648071
1168,1,28.999998092651367,28.007240295410156
1168,2,31.0,8.248305320739746
1168,3,-3.024971704235213e-07,0.1757170557975769
1168,4,-3.8678075497955433e-07,-0.22926798462867737
1168,5,-1.2700263596343575e-07,-0.4768940210342407
1168,6,-2.3322301956341107e-07,-0.096542589366436
1168,7,5.311019179998766e-08,0.19777923822402954
1169,0,1.408574661354578e-07,0.1419745832681656
1169,1,-8.890184233223408e-08,-0.14164122939109802
1169,2,3.3020685918927484e-07,1.3735085725784302
1169,3,49.0,45.63215255737305
1169,4,41.0,17.939590454101562
1169,5,-1.2700263596343575e-07,1.4949878454208374
1169,6,-2.3322301956341107e-07,0.41735291481018066
1169,7,5.311019179998766e-08,-0.04370350390672684
1170,0,1.408574661354578e-07,0.08024992793798447
1170,1,-8.890184233223408e-08,0.02436581254005432
1170,2,-1.4663031322470488e-07,0.1371963918209076
1170,3,-1.7330086166111869e-06,2.7843925952911377
1170,4,-2.294129444635473e-06,-2.8340330123901367
1170,5,56.000003814697266,40.92715072631836
1170,6,52.999996185302734,6.00946569442749
1170,7,5.311019179998766e-08,-0.2835473418235779
1171,0,1.408574661354578e-07,-0.11231694370508194
1171,1,-8.890184233223408e-08,-0.05134686827659607
1171,2,-1.4663031322470488e-07,-0.06173386797308922
1171,3,-3.024971704235213e-07,0.0262867771089077
1171,4,-3.8678075497955433e-07,0.825262188911438
1171,5,-1.0806769523696858e-06,1.1898258924484253
1171,6,-7.100601919773908e-07,3.9168407917022705
1171,7,54.0,53.650245666503906
1172,0,46.999996185302734,57.57722854614258
1172,1,-8.890184233223408e-08,8.557140350341797
1172,2,-1.4663031322470488e-07,0.02785620279610157
1172,3,-3.024971704235213e-07,-0.06032783165574074
1172,4,-3.8678075497955433e-07,-0.14677467942237854
1172,5,-1.2700263596343575e-07,-0.03976310044527054
1172,6,-2.3322301956341107e-07,-0.05080198869109154
1172,7,2.4372959614993306e-06,-0.08948225528001785
1173,0,1.0945317399091437e-06,1.1071563959121704
1173,1,38.0,24.091182708740234
1173,2,42.0,4.121201038360596
1173,3,-3.024971704235213e-07,-0.017439667135477066
1173,4,-3.8678075497955433e-07,-0.092492014169693
1173,5,-1.2700263596343575e-07,-0.1528250128030777
1173,6,-2.3322301956341107e-07,-0.1090538427233696
1173,7,5.311019179998766e-08,0.19060713052749634
1174,0,1.408574661354578e-07,0.7079259157180786
1174,1,-8.890184233223408e-08,-0.736666738986969
1174,2,3.3020685918927484e-07,-0.7249361276626587
1174,3,40.000003814697266,53.02614974975586
1174,4,39.0,9.063898086547852
1174,5,-1.2700263596343575e-07,0.16796766221523285
1174,6,-2.3322301956341107e-07,-0.081711046397686
1174,7,5.311019179998766e-08,-0.1411709189414978
1175,0,1.408574661354578e-07,0.03873839229345322
1175,1,-8.890184233223408e-08,0.04234781861305237
1175,2,-1.4663031322470488e-07,0.30447515845298767
1175,3,6.511771175610193e-07,0.9139696955680847
1175,4,-2.294129444635473e-06,-2.163437843322754
1175,5,30.999998092651367,39.24812698364258
1175,6,34.0,6.1015424728393555
1175,7,54.999996185302734,0.05645184963941574
1176,0,59.0,28.68819808959961
1176,1,-8.890184233223408e-08,2.990025043487549
1176,2,-1.4663031322470488e-07,-0.035338547080755234
1176,3,-3.024971704235213e-07,0.0052658868953585625
1176,4,-3.8678075497955433e-07,1.0096665620803833
1176,5,-1.0806769523696858e-06,1.5437692403793335
1176,6,-7.100601919773908e-07,3.143794536590576
1176,7,2.4372959614993306e-06,11.035454750061035
1177,0,-1.7664912093096063e-06,4.554073333740234
1177,1,24.999998092651367,21.11487579345703
1177,2,21.000001907348633,24.524089813232422
1177,3,52.0,-0.066670723259449
1177,4,-3.8678075497955433e-07,-0.018784433603286743
1177,5,-1.2700263596343575e-07,0.07525812834501266
1177,6,-2.3322301956341107e-07,-0.034695859998464584
1177,7,5.311019179998766e-08,0.3424587845802307
1178,0,1.408574661354578e-07,-0.023157931864261627
1178,1,1.3416096180662862e-06,0.09074297547340393
1178,2,3.3020685918927484e-07,-2.668518304824829
1178,3,-1.7330086166111869e-06,6.320619106292725
1178,4,62.0,9.937355995178223
1178,5,46.999996185302734,4.726213455200195
1178,6,-2.3322301956341107e-07,-0.12574553489685059
1178,7,5.311019179998766e-08,-0.00035042219678871334
1179,0,1.408574661354578e-07,0.04195704311132431
1179,1,-8.890184233223408e-08,-0.02741965651512146
1179,2,-1.4663031322470488e-07,0.11158356070518494
1179,3,-3.024971704235213e-07,0.1585509181022644
1179,4,1.997404979192652e-06,13.146159172058105
1179,5,3.210857585145277e-06,-19.309507369995117
1179,6,54.999996185302734,30.06772232055664
1179,7,5.311019179998766e-08,2.1054296493530273
1180,0,1.408574661354578e-07,-0.012167789973318577
1180,1,-8.890184233223408e-08,-0.03499230742454529
1180,2,-1.4663031322470488e-07,-0.17554393410682678
1180,3,-3.024971704235213e-07,-0.0925481989979744
1180,4,-3.8678075497955433e-07,0.2926498353481293
1180,5,-1.2700263596343575e-07,0.6203850507736206
1180,6,2.6277998586010654e-06,3.0382606983184814
1180,7,61.0,53.70325469970703
1181,0,49.0,58.324256896972656
1181,1,-8.890184233223408e-08,6.478559494018555
1181,2,-1.4663031322470488e-07,0.02233538217842579
1181,3,-3.024971704235213e-07,0.159282386302948
1181,4,-3.8678075497955433e-07,-0.20464792847633362
1181,5,-1.2700263596343575e-07,-0.022935517132282257
1181,6,-2.3322301956341107e-07,0.06962228566408157
1181,7,2.4372959614993306e-06,-0.5226201415061951
1182,0,1.0945317399091437e-06,1.5164939165115356
1182,1,46.0,27.709598541259766
1182,2,41.0,4.403509140014648
1182,3,-3.024971704235213e-07,-0.4856742024421692
1182,4,-3.8678075497955433e-07,-0.28300514817237854
1182,5,-1.2700263596343575e-07,-0.04627574235200882
1182,6,-2.3322301956341107e-07,-0.13461804389953613
1182,7,5.311019179998766e-08,0.19931751489639282
1183,0,1.408574661354578e-07,0.3897229731082916
1183,1,-8.890184233223408e-08,-1.0751596689224243
1183,2,3.3020685918927484e-07,-2.179443120956421
1183,3,54.0,56.00370407104492
1183,4,43.0,4.5819597244262695
1183,5,42.0,-0.014958031475543976
1183,6,-2.3322301956341107e-07,0.2639749050140381
1183,7,5.311019179998766e-08,0.09250693768262863
1184,0,1.408574661354578e-07,0.1399909406900406
1184,1,-8.890184233223408e-08,0.035128504037857056
1184,2,-1.4663031322470488e-07,0.42890867590904236
1184,3,-1.7330086166111869e-06,5.8844709396362305
1184,4,-2.294129444635473e-06,0.25899848341941833
1184,5,8.266716804428142e-07,0.6801499128341675
1184,6,36.0,24.258562088012695
1184,7,52.0,2.290099620819092
1185,0,52.0,31.670928955078125
1185,1,-8.890184233223408e-08,1.7221752405166626
1185,2,-1.4663031322470488e-07,-0.003234533127397299
1185,3,-3.024971704235213e-07,-0.175037682056427
1185,4,-3.8678075497955433e-07,0.14129123091697693
1185,5,-1.2700263596343575e-07,0.33454596996307373
1185,6,-7.100601919773908e-07,0.04841828718781471
1185,7,-2.3310756205319194e-06,8.634957313537598
1186,0,-1.7664912093096063e-06,4.6096882820129395
1186,1,44.0,17.437654495239258
1186,2,34.0,23.214441299438477
1186,3,-3.024971704235213e-07,-0.4861014485359192
1186,4,-3.8678075497955433e-07,-0.13928595185279846
1186,5,-1.2700263596343575e-07,-0.014090187847614288
1186,6,-2.3322301956341107e-07,-0.019342178478837013
1186,7,5.311019179998766e-08,0.2861858010292053
1187,0,1.408574661354578e-07,0.3148013651371002
1187,1,-8.890184233223408e-08,0.5662183165550232
1187,2,3.3020685918927484e-07,-3.4592807292938232
1187,3,27.0,47.97575378417969
1187,4,44.0,14.098678588867188
1187,5,-1.2700263596343575e-07,0.14337478578090668
1187,6,-2.3322301956341107e-07,-0.007080788258463144
1187,7,5.311019179998766e-08,0.09184127300977707
1188,0,1.408574661354578e-07,0.13125719130039215
1188,1,-8.890184233223408e-08,0.0018858020193874836
1188,2,-1.4663031322470488e-07,0.04393276944756508
1188,3,6.511771175610193e-07,3.6285343170166016
1188,4,-3.8678075497955433e-07,3.4155325889587402
1188,5,48.0,33.25364303588867
1188,6,39.0,14.230545997619629
1188,7,57.999996185302734,0.11610179394483566
1189,0,65.0,33.88454055786133
1189,1,-8.890184233223408e-08,3.259012222290039
1189,2,-1.4663031322470488e-07,-0.038680221885442734
1189,3,-3.024971704235213e-07,0.15473908185958862
1189,4,-3.8678075497955433e-07,0.5286432504653931
1189,5,-1.0806769523696858e-06,3.5659902095794678
1189,6,-7.100601919773908e-07,0.3362729549407959
1189,7,-2.3310756205319194e-06,12.634532928466797
1190,0,-1.7664912093096063e-06,3.7668888568878174
1190,1,27.0,23.400028228759766
1190,2,31.0,17.368600845336914
1190,3,-3.024971704235213e-07,-0.012081448920071125
1190,4,-3.8678075497955433e-07,-0.11643591523170471
1190,5,-1.2700263596343575e-07,-0.1964951902627945
1190,6,-2.3322301956341107e-07,-0.02942299284040928
1190,7,5.311019179998766e-08,0.3756728768348694
1191,0,1.408574661354578e-07,-0.09840474277734756
1191,1,-8.890184233223408e-08,-0.5798106789588928
1191,2,3.3020685918927484e-07,1.499341368675232
1191,3,61.0,36.10630416870117
1191,4,48.999996185302734,31.317447662353516
1191,5,-1.2700263596343575e-07,-0.16747011244297028
1191,6,-2.3322301956341107e-07,-0.11754726618528366
1191,7,5.311019179998766e-08,0.02151351608335972
1192,0,1.408574661354578e-07,0.1504155546426773
1192,1,-8.890184233223408e-08,0.06062689423561096
1192,2,-1.4663031322470488e-07,0.21384558081626892
1192,3,-1.7330086166111869e-06,5.943613529205322
1192,4,1.997404979192652e-06,-6.189186096191406
1192,5,43.0,42.8685417175293
1192,6,42.999996185302734,13.250157356262207
1192,7,63.0,0.06896214932203293
1193,0,41.000003814697266,26.954044342041016
1193,1,-8.890184233223408e-08,0.3946918547153473
1193,2,-1.4663031322470488e-07,-0.05283370241522789
1193,3,-3.024971704235213e-07,-0.04051763191819191
1193,4,-3.8678075497955433e-07,0.3604622781276703
1193,5,-1.0806769523696858e-06,6.1265034675598145
1193,6,2.6277998586010654e-06,3.6235201358795166
1193,7,-2.3310756205319194e-06,13.880769729614258
1194,0,-1.7664912093096063e-06,3.9036624431610107
1194,1,18.0,17.142650604248047
1194,2,26.0,10.463781356811523
1194,3,-3.024971704235213e-07,-0.1741369366645813
1194,4,-3.8678075497955433e-07,-0.08070364594459534
1194,5,-1.2700263596343575e-07,-0.16172756254673004
1194,6,-2.3322301956341107e-07,-0.10457109659910202
1194,7,5.311019179998766e-08,0.22024446725845337
1195,0,1.408574661354578e-07,0.20755209028720856
1195,1,-8.890184233223408e-08,2.518320083618164
1195,2,3.3020685918927484e-07,-0.5133839845657349
1195,3,52.0,42.657501220703125
1195,4,81.00000762939453,19.164907455444336
1195,5,-1.2700263596343575e-07,-0.19087614119052887
1195,6,-2.3322301956341107e-07,-0.1081693097949028
1195,7,5.311019179998766e-08,0.12415605038404465
1196,0,1.408574661354578e-07,-0.19796548783779144
1196,1,-8.890184233223408e-08,0.07712593674659729
1196,2,-1.4663031322470488e-07,0.2700560986995697
1196,3,-1.7330086166111869e-06,2.13904070854187
1196,4,-2.294129444635473e-06,-1.6022204160690308
1196,5,33.0,58.3729248046875
1196,6,54.999996185302734,14.806325912475586
1196,7,34.0,-0.18827193975448608
1197,0,76.0,17.572006225585938
1197,1,-8.890184233223408e-08,0.026642709970474243
1197,2,-1.4663031322470488e-07,-0.10054364800453186
1197,3,-3.024971704235213e-07,-0.007474725134670734
1197,4,-3.8678075497955433e-07,0.6960045099258423
1197,5,-1.0806769523696858e-06,-4.116860389709473
1197,6,2.6277998586010654e-06,11.328269004821777
1197,7,5.311019179998766e-08,4.984476566314697
1198,0,3.955554802814731e-06,1.9154444932937622
1198,1,24.999998092651367,20.76270294189453
1198,2,49.0,19.060117721557617
1198,3,-3.024971704235213e-07,-0.056570831686258316
1198,4,-3.8678075497955433e-07,-0.06658831238746643
1198,5,-1.2700263596343575e-07,0.006144873332232237
1198,6,-2.3322301956341107e-07,-0.1320936679840088
1198,7,5.311019179998766e-08,0.15908390283584595
1199,0,1.408574661354578e-07,0.08511080592870712
1199,1,1.3416096180662862e-06,-1.9953371286392212
1199,2,3.3020685918927484e-07,0.5460418462753296
1199,3,39.0,58.03719711303711
1199,4,42.0,26.05714225769043
1199,5,-1.2700263596343575e-07,-0.34093916416168213
1199,6,-2.3322301956341107e-07,-0.1386106014251709
1199,7,5.311019179998766e-08,-0.24896901845932007
1200,0,1.408574661354578e-07,0.08964743465185165
1200,1,-8.890184233223408e-08,-0.041113466024398804
1200,2,-1.4663031322470488e-07,0.3876112401485443
1200,3,6.511771175610193e-07,-0.08356029540300369
1200,4,-3.8678075497955433e-07,-6.485054969787598
1200,5,37.000003814697266,38.528072357177734
1200,6,34.0,13.594635963439941
1200,7,5.311019179998766e-08,0.14332443475723267
1201,0,1.408574661354578e-07,-0.11519704014062881
1201,1,-8.890184233223408e-08,-0.07041224837303162
1201,2,-1.4663031322470488e-07,-0.04443373903632164
1201,3,-3.024971704235213e-07,0.05206650123000145
1201,4,-3.8678075497955433e-07,0.3338046967983246
1201,5,-1.0806769523696858e-06,1.7712262868881226
1201,6,-7.100601919773908e-07,1.5190718173980713
1201,7,45.999996185302734,47.99988555908203
1202,0,50.0,53.97000503540039
1202,1,-8.890184233223408e-08,9.164291381835938
1202,2,-1.4663031322470488e-07,0.142843097448349
1202,3,-3.024971704235213e-07,-0.18121129274368286
1202,4,-3.8678075497955433e-07,-0.03919687867164612
1202,5,-1.2700263596343575e-07,0.023074500262737274
1202,6,-2.3322301956341107e-07,-0.022629493847489357
1202,7,2.4372959614993306e-06,0.06711345165967941
1203,0,1.0945317399091437e-06,1.01038658618927
1203,1,30.0,24.05226707458496
1203,2,42.0,3.869032144546509
1203,3,-3.024971704235213e-07,-0.05178767815232277
1203,4,-3.8678075497955433e-07,0.007981867529451847
1203,5,-1.2700263596343575e-07,0.023193709552288055
1203,6,-2.3322301956341107e-07,-0.0924823209643364
1203,7,5.311019179998766e-08,0.17877823114395142
1204,0,1.408574661354578e-07,0.44683948159217834
1204,1,-8.890184233223408e-08,-1.989824891090393
1204,2,3.3020685918927484e-07,0.5145324468612671
1204,3,40.000003814697266,52.33626174926758
1204,4,52.000003814697266,7.184548377990723
1204,5,-1.2700263596343575e-07,-0.22683347761631012
1204,6,-2.3322301956341107e-07,-0.06593584269285202
1204,7,5.311019179998766e-08,-0.21184104681015015
1205,0,1.408574661354578e-07,-0.008305408991873264
1205,1,-8.890184233223408e-08,0.025974184274673462
1205,2,-1.4663031322470488e-07,0.2784202992916107
1205,3,6.511771175610193e-07,0.6945130228996277
1205,4,-2.294129444635473e-06,1.6352378129959106
1205,5,58.0,43.389732360839844
1205,6,41.0,5.504138469696045
1205,7,49.0,0.3543091416358948
1206,0,43.0,24.113534927368164
1206,1,-8.890184233223408e-08,1.0865503549575806
1206,2,-1.4663031322470488e-07,-0.054090168327093124
1206,3,-3.024971704235213e-07,0.05682581290602684
1206,4,-3.8678075497955433e-07,0.5502520799636841
1206,5,-1.0806769523696858e-06,5.496028423309326
1206,6,-7.100601919773908e-07,-2.004573106765747
1206,7,-2.3310756205319194e-06,6.599575519561768
1207,0,1.0945317399091437e-06,3.634831666946411
1207,1,40.0,18.490272521972656
1207,2,37.0,19.693363189697266
1207,3,-3.024971704235213e-07,-0.03741389885544777
1207,4,-3.8678075497955433e-07,-0.1612190306186676
1207,5,-1.2700263596343575e-07,-0.11381400376558304
1207,6,-2.3322301956341107e-07,-0.1961982250213623
1207,7,5.311019179998766e-08,0.21946531534194946
1208,0,1.408574661354578e-07,0.6740485429763794
1208,1,-8.890184233223408e-08,-0.7859788537025452
1208,2,-2.5308161184511846e-06,-2.0384976863861084
1208,3,45.000003814697266,48.187374114990234
1208,4,28.0,26.068866729736328
1208,5,-1.2700263596343575e-07,-0.22413934767246246
1208,6,-2.3322301956341107e-07,-0.10861944407224655
1208,7,5.311019179998766e-08,0.07006507366895676
1209,0,1.408574661354578e-07,-0.04484257847070694
1209,1,-8.890184233223408e-08,0.03250971436500549
1209,2,-1.4663031322470488e-07,0.2547362744808197
1209,3,-1.7330086166111869e-06,6.702136516571045
1209,4,-3.8678075497955433e-07,-6.456521034240723
1209,5,43.0,33.531253814697266
1209,6,46.999996185302734,12.482284545898438
1209,7,56.0,0.32789045572280884
1210,0,54.999996185302734,27.945215225219727
1210,1,-8.890184233223408e-08,3.0299224853515625
1210,2,-1.4663031322470488e-07,-0.048343803733587265
1210,3,-3.024971704235213e-07,0.031142886728048325
1210,4,-3.8678075497955433e-07,0.5830446481704712
1210,5,-1.0806769523696858e-06,-0.5882188081741333
1210,6,-7.100601919773908e-07,7.850121974945068
1210,7,-2.3310756205319194e-06,11.347079277038574
1211,0,3.955554802814731e-06,4.0709381103515625
1211,1,33.0,19.954326629638672
1211,2,13.0,23.995895385742188
1211,3,-3.024971704235213e-07,-0.08048517256975174
1211,4,-3.8678075497955433e-07,-0.1383766233921051
1211,5,-1.2700263596343575e-07,-0.13331712782382965
1211,6,-2.3322301956341107e-07,-0.1392514705657959
1211,7,5.311019179998766e-08,0.3280182480812073
1212,0,1.408574661354578e-07,0.24902071058750153
1212,1,-8.890184233223408e-08,2.1588025093078613
1212,2,3.3020685918927484e-07,-3.219130277633667
1212,3,43.000003814697266,33.47650909423828
1212,4,34.0,2.824833393096924
1212,5,33.0,-0.10506690293550491
1212,6,-2.3322301956341107e-07,-0.05483030900359154
1212,7,5.311019179998766e-08,0.10341506451368332
1213,0,1.408574661354578e-07,0.15716661512851715
1213,1,-8.890184233223408e-08,0.05294123291969299
1213,2,-1.4663031322470488e-07,0.22761330008506775
1213,3,-1.7330086166111869e-06,2.092050313949585
1213,4,-3.8678075497955433e-07,2.7467098236083984
1213,5,-1.0806769523696858e-06,-10.201510429382324
1213,6,60.999996185302734,29.041908264160156
1213,7,5.311019179998766e-08,1.0969853401184082
1214,0,1.408574661354578e-07,-0.23800550401210785
1214,1,-8.890184233223408e-08,-0.04065808653831482
1214,2,-1.4663031322470488e-07,-0.029587892815470695
1214,3,-3.024971704235213e-07,0.07116954773664474
1214,4,-3.8678075497955433e-07,0.11652955412864685
1214,5,-1.2700263596343575e-07,0.9528082609176636
1214,6,2.6277998586010654e-06,3.615570545196533
1214,7,71.0,52.351985931396484
1215,0,60.0,64.73714447021484
1215,1,-8.890184233223408e-08,9.260028839111328
1215,2,-1.4663031322470488e-07,-0.07712569832801819
1215,3,-3.024971704235213e-07,-0.09398824721574783
1215,4,-3.8678075497955433e-07,-0.2930110991001129
1215,5,-1.2700263596343575e-07,-0.05879557877779007
1215,6,-2.3322301956341107e-07,0.05792689695954323
1215,7,-2.3310756205319194e-06,0.669443666934967
1216,0,-1.7664912093096063e-06,1.2127047777175903
1216,1,39.0,30.013164520263672
1216,2,33.0,4.020408630371094
1216,3,-3.024971704235213e-07,-0.11830694228410721
1216,4,-3.8678075497955433e-07,0.1818600594997406
1216,5,-1.2700263596343575e-07,0.011423937976360321
1216,6,-2.3322301956341107e-07,-0.21853852272033691
1216,7,5.311019179998766e-08,0.21466928720474243
1217,0,1.408574661354578e-07,0.22769750654697418
1217,1,-8.890184233223408e-08,0.639373242855072
1217,2,3.3020685918927484e-07,-1.275844693183899
1217,3,47.999996185302734,50.09464645385742
1217,4,49.999996185302734,5.551219940185547
1217,5,-1.2700263596343575e-07,-0.10530532151460648
1217,6,-2.3322301956341107e-07,0.17882132530212402
1217,7,5.311019179998766e-08,0.0698733851313591
1218,0,1.408574661354578e-07,0.3302585184574127
1218,1,-8.890184233223408e-08,0.055354028940200806
1218,2,-1.4663031322470488e-07,0.22629770636558533
1218,3,2.5585256935301004e-06,3.4908463954925537
1218,4,-2.294129444635473e-06,-0.30757036805152893
1218,5,68.0,43.394283294677734
1218,6,25.0,5.540552139282227
1218,7,5.311019179998766e-08,-0.38539308309555054
1219,0,1.408574661354578e-07,-0.3416002690792084
1219,1,-8.890184233223408e-08,-0.13246068358421326
1219,2,-1.4663031322470488e-07,-0.06313768029212952
1219,3,-3.024971704235213e-07,0.045146163552999496
1219,4,-3.8678075497955433e-07,0.5739299058914185
1219,5,-1.0806769523696858e-06,10.779180526733398
1219,6,-7.100601919773908e-07,-13.433794975280762
1219,7,44.0,45.1544189453125
1220,0,40.0,55.42327880859375
1220,1,-8.890184233223408e-08,8.268719673156738
1220,2,-1.4663031322470488e-07,0.05637392774224281
1220,3,-3.024971704235213e-07,-0.09825737029314041
1220,4,-3.8678075497955433e-07,-0.12699690461158752
1220,5,-1.2700263596343575e-07,-0.12622560560703278
1220,6,-2.3322301956341107e-07,-0.07625984400510788
1220,7,-2.3310756205319194e-06,1.0992178916931152
1221,0,-1.7664912093096063e-06,1.5336300134658813
1221,1,41.0,19.488693237304688
1221,2,28.000001907348633,4.101163864135742
1221,3,-3.024971704235213e-07,-0.0690358355641365
1221,4,-3.8678075497955433e-07,-0.2714337408542633
1221,5,-1.2700263596343575e-07,-0.28093111515045166
1221,6,-2.3322301956341107e-07,-0.19352412223815918
1221,7,5.311019179998766e-08,0.11854510754346848
1222,0,1.408574661354578e-07,0.6747809648513794
1222,1,-8.890184233223408e-08,-0.4472213685512543
1222,2,3.3020685918927484e-07,-1.0610829591751099
1222,3,49.0,46.87400436401367
1222,4,48.000003814697266,8.091793060302734
1222,5,-1.2700263596343575e-07,-0.4261704683303833
1222,6,-2.3322301956341107e-07,-0.2920506000518799
1222,7,5.311019179998766e-08,-0.11162085086107254
1223,0,1.408574661354578e-07,-0.10589966922998428
1223,1,-8.890184233223408e-08,0.027655035257339478
1223,2,-1.4663031322470488e-07,0.16716322302818298
1223,3,-1.7330086166111869e-06,3.3713767528533936
1223,4,-2.294129444635473e-06,-1.0570505857467651
1223,5,37.999996185302734,43.03561019897461
1223,6,23.999998092651367,5.4738945960998535
1223,7,62.000003814697266,0.34721142053604126
1224,0,57.0,27.63042449951172
1224,1,-8.890184233223408e-08,4.019172191619873
1224,2,-1.4663031322470488e-07,-0.039830829948186874
1224,3,-3.024971704235213e-07,-0.04055148735642433
1224,4,-3.8678075497955433e-07,0.2553878724575043
1224,5,3.210857585145277e-06,6.843575954437256
1224,6,7.204512826319842e-07,-3.2813427448272705
1224,7,-2.3310756205319194e-06,14.965214729309082
1225,0,-1.7664912093096063e-06,4.034736156463623
1225,1,14.0,19.71269416809082
1225,2,28.000001907348633,20.6143856048584
1225,3,-3.024971704235213e-07,-0.06843406707048416
1225,4,-3.8678075497955433e-07,0.01780948042869568
1225,5,-1.2700263596343575e-07,0.004676691722124815
1225,6,-2.3322301956341107e-07,-0.08749841898679733
1225,7,5.311019179998766e-08,0.3225732445716858
1226,0,1.408574661354578e-07,0.03806700557470322
1226,1,-5.657390147462138e-07,0.6873733401298523
1226,2,3.3020685918927484e-07,0.5937832593917847
1226,3,30.0,38.74605941772461
1226,4,37.0,30.49691390991211
1226,5,-1.2700263596343575e-07,0.04547678679227829
1226,6,-2.3322301956341107e-07,-0.16876482963562012
1226,7,5.311019179998766e-08,-0.001026100479066372
1227,0,1.408574661354578e-07,-0.021106578409671783
1227,1,-8.890184233223408e-08,-0.025088399648666382
1227,2,-1.4663031322470488e-07,0.06928715109825134
1227,3,6.511771175610193e-07,5.6800103187561035
1227,4,-3.8678075497955433e-07,-3.0901479721069336
1227,5,46.999996185302734,36.963645935058594
1227,6,36.0,18.731664657592773
1227,7,50.999996185302734,-0.1615709662437439
1228,0,83.0,21.507190704345703
1228,1,-8.890184233223408e-08,0.4354681074619293
1228,2,-1.4663031322470488e-07,-0.014282849617302418
1228,3,-3.024971704235213e-07,0.029125388711690903
1228,4,-3.8678075497955433e-07,0.4993172585964203
1228,5,3.210857585145277e-06,3.361191987991333
1228,6,-7.100601919773908e-07,-0.48092007637023926
1228,7,-2.3310756205319194e-06,6.019439220428467
1229,0,3.955554802814731e-06,0.0026322819758206606
1229,1,21.0,28.076993942260742
1229,2,31.0,17.434446334838867
1229,3,-3.024971704235213e-07,0.16187161207199097
1229,4,-3.8678075497955433e-07,-0.10006991028785706
1229,5,-1.2700263596343575e-07,-0.1296774297952652
1229,6,-2.3322301956341107e-07,0.0031383088789880276
1229,7,5.311019179998766e-08,0.36661726236343384
1230,0,1.408574661354578e-07,-0.1991165727376938
1230,1,-8.890184233223408e-08,0.8216554522514343
1230,2,3.3020685918927484e-07,2.7745163440704346
1230,3,49.0,35.05183029174805
1230,4,48.999996185302734,28.442623138427734
1230,5,-1.2700263596343575e-07,-0.1097804382443428
1230,6,-2.3322301956341107e-07,-0.13801121711730957
1230,7,5.311019179998766e-08,0.002811484970152378
1231,0,1.408574661354578e-07,0.08349337428808212
1231,1,-8.890184233223408e-08,0.07633629441261292
1231,2,-1.4663031322470488e-07,0.13842949271202087
1231,3,-1.7330086166111869e-06,4.936168670654297
1231,4,1.997404979192652e-06,-3.65140438079834
1231,5,20.999998092651367,41.351829528808594
1231,6,22.0,13.173007011413574
1231,7,54.0,0.2077832818031311
1232,0,57.0,24.992313385009766
1232,1,-8.890184233223408e-08,-0.2392016351222992
1232,2,-1.4663031322470488e-07,-0.046238090842962265
1232,3,-3.024971704235213e-07,-0.08167869597673416
1232,4,-3.8678075497955433e-07,0.139347642660141
1232,5,8.266716804428142e-07,3.245241403579712
1232,6,-7.100601919773908e-07,0.8199408054351807
1232,7,2.4372959614993306e-06,6.794442653656006
1233,0,-1.7664912093096063e-06,5.375251293182373
1233,1,16.0,17.23965072631836
1233,2,18.0,20.90876579284668
1233,3,-3.024971704235213e-07,-0.15422183275222778
1233,4,-3.8678075497955433e-07,-0.20136728882789612
1233,5,-1.2700263596343575e-07,0.09051548689603806
1233,6,-2.3322301956341107e-07,-0.07067083567380905
1233,7,5.311019179998766e-08,0.30976301431655884
1234,0,1.408574661354578e-07,0.08071532100439072
1234,1,-5.657390147462138e-07,1.7366188764572144
1234,2,-1.1003046438418096e-06,-0.06606879830360413
1234,3,49.0,37.751304626464844
1234,4,63.000003814697266,5.771993637084961
1234,5,-1.2700263596343575e-07,0.12476145476102829
1234,6,-2.3322301956341107e-07,-0.07493805140256882
1234,7,5.311019179998766e-08,-0.10174889117479324
1235,0,1.408574661354578e-07,-0.04593072086572647
1235,1,-8.890184233223408e-08,0.07958117127418518
1235,2,-1.4663031322470488e-07,0.2493208348751068
1235,3,-1.7330086166111869e-06,-0.6959059834480286
1235,4,-2.294129444635473e-06,0.34658727049827576
1235,5,59.999996185302734,42.01264572143555
1235,6,21.0,10.310904502868652
1235,7,5.311019179998766e-08,0.020639950409531593
1236,0,1.408574661354578e-07,0.0027495839167386293
1236,1,-8.890184233223408e-08,0.12617531418800354
1236,2,-1.4663031322470488e-07,-0.09111467003822327
1236,3,-3.024971704235213e-07,0.06582038849592209
1236,4,-3.8678075497955433e-07,0.42774590849876404
1236,5,3.210857585145277e-06,6.329161167144775
1236,6,7.204512826319842e-07,-13.457427024841309
1236,7,45.0,37.22077560424805
1237,0,57.0,45.87862777709961
1237,1,-8.890184233223408e-08,4.81753396987915
1237,2,-1.4663031322470488e-07,-0.09477248787879944
1237,3,-3.024971704235213e-07,-0.04908973351120949
1237,4,-3.8678075497955433e-07,-0.12393942475318909
1237,5,-1.2700263596343575e-07,-0.08296645432710648
1237,6,-2.3322301956341107e-07,-0.03450941666960716
1237,7,5.311019179998766e-08,-0.21737951040267944
1238,0,-1.7664912093096063e-06,0.027272365987300873
1238,1,31.0,25.975780487060547
1238,2,24.000001907348633,4.200740337371826
1238,3,-3.024971704235213e-07,0.013673956505954266
1238,4,-3.8678075497955433e-07,-0.03211727738380432
1238,5,-1.2700263596343575e-07,-0.26194489002227783
1238,6,-2.3322301956341107e-07,-0.15757155418395996
1238,7,5.311019179998766e-08,0.21760612726211548
1239,0,1.408574661354578e-07,0.28584399819374084
1239,1,-8.890184233223408e-08,0.06347361207008362
1239,2,3.3020685918927484e-07,-0.9215604066848755
1239,3,30.999998092651367,42.76018524169922
1239,4,44.999996185302734,7.213187217712402
1239,5,-1.2700263596343575e-07,-0.19235719740390778
1239,6,-2.3322301956341107e-07,-0.0072267004288733006
1239,7,5.311019179998766e-08,-0.19240134954452515
1240,0,1.408574661354578e-07,0.08399500697851181
1240,1,-8.890184233223408e-08,0.03681221604347229
1240,2,-1.4663031322470488e-07,0.14915785193443298
1240,3,6.511771175610193e-07,4.346548557281494
1240,4,1.997404979192652e-06,1.994176983833313
1240,5,33.0,40.42583084106445
1240,6,30.999998092651367,5.525358200073242
1240,7,5.311019179998766e-08,0.2338152527809143
1241,0,1.408574661354578e-07,-0.14059816300868988
1241,1,-8.890184233223408e-08,-0.07865390181541443
1241,2,-1.4663031322470488e-07,-0.021450189873576164
1241,3,-3.024971704235213e-07,0.007762606255710125
1241,4,-3.8678075497955433e-07,0.20814570784568787
1241,5,-1.0806769523696858e-06,1.3250864744186401
1241,6,7.204512826319842e-07,1.7771100997924805
1241,7,56.0,41.09724426269531
1242,0,81.0,58.52696228027344
1242,1,-8.890184233223408e-08,8.447735786437988
1242,2,-1.4663031322470488e-07,0.0555170513689518
1242,3,-3.024971704235213e-07,0.1601206660270691
1242,4,-3.8678075497955433e-07,-0.02247658371925354
1242,5,-1.2700263596343575e-07,0.055330149829387665
1242,6,-2.3322301956341107e-07,-0.04792141541838646
1242,7,-2.3310756205319194e-06,-0.06773752719163895
1243,0,-1.7664912093096063e-06,-1.1079405546188354
1243,1,30.0,30.482078552246094
1243,2,40.0,3.837970018386841
1243,3,-3.024971704235213e-07,0.01993435248732567
1243,4,-3.8678075497955433e-07,0.007048696745187044
1243,5,-1.2700263596343575e-07,0.09188162535429001
1243,6,-2.3322301956341107e-07,-0.11645769327878952
1243,7,5.311019179998766e-08,0.35479027032852173
1244,0,1.408574661354578e-07,0.051657818257808685
1244,1,-8.890184233223408e-08,-0.6983032822608948
1244,2,3.3020685918927484e-07,0.5837815999984741
1244,3,65.0,51.24347686767578
1244,4,52.999996185302734,6.720277309417725
1244,5,-1.2700263596343575e-07,-0.18828023970127106
1244,6,-2.3322301956341107e-07,0.015684371814131737
1244,7,5.311019179998766e-08,0.021821076050400734
1245,0,1.408574661354578e-07,0.22091306746006012
1245,1,-8.890184233223408e-08,0.0035742823965847492
1245,2,-1.4663031322470488e-07,0.3724397122859955
1245,3,2.5585256935301004e-06,2.200430154800415
1245,4,1.997404979192652e-06,-3.785440444946289
1245,5,46.0,45.77063751220703
1245,6,33.0,5.5188703536987305
1245,7,5.311019179998766e-08,0.10934358090162277
1246,0,1.408574661354578e-07,-0.23717771470546722
1246,1,-8.890184233223408e-08,-0.13972768187522888
1246,2,-1.4663031322470488e-07,-0.008080628700554371
1246,3,-3.024971704235213e-07,-0.03610736504197121
1246,4,-3.8678075497955433e-07,0.3078633248806
1246,5,3.210857585145277e-06,7.43632698059082
1246,6,-7.100601919773908e-07,-1.9271090030670166
1246,7,61.0,50.946197509765625
1247,0,67.99999237060547,60.6231689453125
1247,1,-8.890184233223408e-08,8.419388771057129
1247,2,-1.4663031322470488e-07,0.1102660596370697
1247,3,-3.024971704235213e-07,-0.23912984132766724
1247,4,-3.8678075497955433e-07,-0.07648077607154846
1247,5,-1.2700263596343575e-07,-0.0929042175412178
1247,6,-2.3322301956341107e-07,0.007436519023030996
1247,7,2.4372959614993306e-06,-0.8419236540794373
1248,0,3.955554802814731e-06,0.4506808817386627
1248,1,28.999998092651367,30.243389129638672
1248,2,22.000001907348633,5.074319362640381
1248,3,-3.024971704235213e-07,-0.420093834400177
1248,4,-3.8678075497955433e-07,0.020545095205307007
1248,5,-1.2700263596343575e-07,-0.16039718687534332
1248,6,-2.3322301956341107e-07,-0.17585539817810059
1248,7,5.311019179998766e-08,0.31206899881362915
1249,0,1.408574661354578e-07,-0.12516961991786957
1249,1,-8.890184233223408e-08,0.1998828947544098
1249,2,-1.1003046438418096e-06,-0.7815934419631958
1249,3,61.999996185302734,40.19173049926758
1249,4,55.999996185302734,6.9153923988342285
1249,5,-1.2700263596343575e-07,-0.21138586103916168
1249,6,-2.3322301956341107e-07,-0.06786894053220749
1249,7,5.311019179998766e-08,-0.07084841281175613
1250,0,1.408574661354578e-07,0.2017604261636734
1250,1,-8.890184233223408e-08,0.08247175812721252
1250,2,-1.4663031322470488e-07,0.35329899191856384
1250,3,2.5585256935301004e-06,2.365926504135132
1250,4,1.997404979192652e-06,-2.973848342895508
1250,5,30.0,46.114471435546875
1250,6,27.999998092651367,5.633469104766846
1250,7,54.999996185302734,0.024345451965928078
1251,0,46.0,29.993881225585938
1251,1,-8.890184233223408e-08,0.08964338898658752
1251,2,-1.4663031322470488e-07,-0.10989156365394592
1251,3,-3.024971704235213e-07,-0.08062774688005447
1251,4,-3.8678075497955433e-07,0.24942931532859802
1251,5,8.266716804428142e-07,4.451602935791016
1251,6,-7.100601919773908e-07,1.6720209121704102
1251,7,2.4372959614993306e-06,10.625696182250977
1252,0,-1.7664912093096063e-06,3.792046308517456
1252,1,14.0,17.072845458984375
1252,2,27.0,12.103693008422852
1252,3,-3.024971704235213e-07,-0.06991798430681229
1252,4,-3.8678075497955433e-07,-0.038959890604019165
1252,5,-1.2700263596343575e-07,0.05441223829984665
1252,6,-2.3322301956341107e-07,-0.09713958948850632
1252,7,5.311019179998766e-08,0.2630987763404846
1253,0,1.408574661354578e-07,0.2786475718021393
1253,1,-5.657390147462138e-07,0.9677595496177673
1253,2,3.3020685918927484e-07,0.45584043860435486
1253,3,34.0,41.735870361328125
1253,4,25.000001907348633,19.99807357788086
1253,5,49.0,0.046066634356975555
1253,6,-2.3322301956341107e-07,-0.1821753978729248
1253,7,5.311019179998766e-08,-0.03683275729417801
1254,0,1.408574661354578e-07,-0.1696861833333969
1254,1,-8.890184233223408e-08,0.03700295090675354
1254,2,-1.4663031322470488e-07,0.046709392219781876
1254,3,6.511771175610193e-07,8.408614158630371
1254,4,-1.3404550145423855e-06,-7.043213844299316
1254,5,-1.0806769523696858e-06,2.422750234603882
1254,6,17.0,23.86955451965332
1254,7,47.999996185302734,2.767385482788086
1255,0,54.999996185302734,18.989660263061523
1255,1,-8.890184233223408e-08,0.7770370841026306
1255,2,-1.4663031322470488e-07,-0.00977721530944109
1255,3,-3.024971704235213e-07,-0.029810253530740738
1255,4,-3.8678075497955433e-07,0.014791102148592472
1255,5,-1.2700263596343575e-07,-0.12011922150850296
1255,6,-2.3322301956341107e-07,-0.012485260143876076
1255,7,2.4372959614993306e-06,6.592848300933838
1256,0,3.955554802814731e-06,2.817392110824585
1256,1,14.0,18.35553741455078
1256,2,29.000001907348633,16.990198135375977
1256,3,-3.024971704235213e-07,0.013145620934665203
1256,4,-3.8678075497955433e-07,-0.35139837861061096
1256,5,-1.2700263596343575e-07,-0.18702425062656403
1256,6,-2.3322301956341107e-07,-0.08268379420042038
1256,7,5.311019179998766e-08,0.26018863916397095
1257,0,1.408574661354578e-07,0.13249219954013824
1257,1,-5.657390147462138e-07,0.06246224045753479
1257,2,-1.1003046438418096e-06,2.9386112689971924
1257,3,49.0,39.26809310913086
1257,4,47.0,15.270553588867188
1257,5,-1.2700263596343575e-07,0.3533385992050171
1257,6,-2.3322301956341107e-07,-0.06731914728879929
1257,7,5.311019179998766e-08,-0.17044204473495483
1258,0,1.408574661354578e-07,-0.10143647342920303
1258,1,-8.890184233223408e-08,0.02197304368019104
1258,2,-1.4663031322470488e-07,0.19409260153770447
1258,3,-1.7330086166111869e-06,0.9845516085624695
1258,4,1.997404979192652e-06,-3.092095375061035
1258,5,51.0,36.034156799316406
1258,6,35.0,5.5075364112854
1258,7,62.000003814697266,0.21525579690933228
1259,0,50.0,23.188772201538086
1259,1,-8.890184233223408e-08,0.6915180087089539
1259,2,-1.4663031322470488e-07,-0.05672183260321617
1259,3,-3.024971704235213e-07,-0.012267892248928547
1259,4,-3.8678075497955433e-07,0.4911132752895355
1259,5,3.210857585145277e-06,7.429060935974121
1259,6,-7.100601919773908e-07,-2.701024293899536
1259,7,-2.3310756205319194e-06,10.843430519104004
1260,0,1.0945317399091437e-06,4.223893642425537
1260,1,21.0,18.910486221313477
1260,2,25.0,19.062374114990234
1260,3,-3.024971704235213e-07,-0.05087834969162941
1260,4,-3.8678075497955433e-07,-0.1016630232334137
1260,5,-1.2700263596343575e-07,-0.19375957548618317
1260,6,-2.3322301956341107e-07,-0.0124890748411417
1260,7,5.311019179998766e-08,0.26719194650650024
1261,0,1.408574661354578e-07,0.07354559749364853
1261,1,-8.890184233223408e-08,1.5079518556594849
1261,2,3.3020685918927484e-07,-1.4438639879226685
1261,3,54.0,39.447654724121094
1261,4,43.0,13.765412330627441
1261,5,-1.2700263596343575e-07,-0.21756519377231598
1261,6,-2.3322301956341107e-07,-0.12516236305236816
1261,7,5.311019179998766e-08,0.07077126950025558
1262,0,1.408574661354578e-07,-0.10342297703027725
1262,1,-8.890184233223408e-08,0.03899708390235901
1262,2,-1.4663031322470488e-07,0.2535270154476166
1262,3,-1.7330086166111869e-06,5.0939202308654785
1262,4,-2.294129444635473e-06,-7.0597686767578125
1262,5,49.0,40.3935661315918
1262,6,20.0,13.212397575378418
1262,7,64.00000762939453,-0.2165479063987732
1263,0,42.0,20.734033584594727
1263,1,-8.890184233223408e-08,2.2530429363250732
1263,2,-1.4663031322470488e-07,-0.09090819954872131
1263,3,-3.024971704235213e-07,-0.01616031304001808
1263,4,-3.8678075497955433e-07,0.3734513223171234
1263,5,-1.0806769523696858e-06,7.905109882354736
1263,6,-2.3322301956341107e-07,-9.543964385986328
1263,7,-2.3310756205319194e-06,14.7052583694458
1264,0,1.0945317399091437e-06,4.741734504699707
1264,1,35.0,15.232951164245605
1264,2,22.000001907348633,15.748590469360352
1264,3,-3.024971704235213e-07,-0.06948215514421463
1264,4,-3.8678075497955433e-07,-0.06244364380836487
1264,5,-1.2700263596343575e-07,-0.014822132885456085
1264,6,-2.3322301956341107e-07,-0.025747055187821388
1264,7,5.311019179998766e-08,0.2177320122718811
1265,0,1.408574661354578e-07,0.6406604051589966
1265,1,-8.890184233223408e-08,-0.04937991499900818
1265,2,-1.1003046438418096e-06,-3.4658706188201904
1265,3,61.999996185302734,40.63455581665039
1265,4,52.000003814697266,11.362504005432129
1265,5,-1.2700263596343575e-07,-0.08729422837495804
1265,6,-2.3322301956341107e-07,-0.15766215324401855
1265,7,5.311019179998766e-08,0.20697885751724243
1266,0,1.408574661354578e-07,0.003316066460683942
1266,1,-8.890184233223408e-08,0.04890194535255432
1266,2,-1.4663031322470488e-07,0.3313086926937103
1266,3,2.5585256935301004e-06,4.798751354217529
1266,4,-2.294129444635473e-06,-4.421468734741211
1266,5,26.0,45.46027374267578
1266,6,19.0,16.148818969726562
1266,7,65.0,-0.23278754949569702
1267,0,52.0,22.19962501525879
1267,1,-8.890184233223408e-08,3.569288492202759
1267,2,-1.4663031322470488e-07,-0.10485568642616272
1267,3,-3.024971704235213e-07,-0.088399238884449
1267,4,-3.8678075497955433e-07,0.2000933587551117
1267,5,-1.0806769523696858e-06,6.714436054229736
1267,6,-7.100601919773908e-07,-2.807654619216919
1267,7,-2.3310756205319194e-06,16.392276763916016
1268,0,-1.7664912093096063e-06,4.555298328399658
1268,1,27.0,18.322378158569336
1268,2,24.000001907348633,12.277732849121094
1268,3,-3.024971704235213e-07,-0.0899851992726326
1268,4,-3.8678075497955433e-07,-0.15392914414405823
1268,5,-1.2700263596343575e-07,0.03947102278470993
1268,6,-2.3322301956341107e-07,-0.08623956888914108
1268,7,5.311019179998766e-08,0.27646785974502563
1269,0,1.408574661354578e-07,0.062308453023433685
1269,1,-8.890184233223408e-08,0.45881882309913635
1269,2,3.3020685918927484e-07,-2.62182879447937
1269,3,49.0,42.77106475830078
1269,4,31.0,12.261346817016602
1269,5,-1.2700263596343575e-07,-0.0674053505063057
1269,6,-2.3322301956341107e-07,-0.09578584879636765
1269,7,5.311019179998766e-08,0.13205105066299438
1270,0,1.408574661354578e-07,0.04351057857275009
1270,1,-8.890184233223408e-08,0.023935705423355103
1270,2,-1.4663031322470488e-07,0.1870168149471283
1270,3,-1.7330086166111869e-06,6.002616882324219
1270,4,-3.8678075497955433e-07,-7.590619087219238
1270,5,48.0,31.5620174407959
1270,6,38.0,16.200029373168945
1270,7,39.0,-0.2080969214439392
1271,0,57.0,19.878158569335938
1271,1,-8.890184233223408e-08,0.11001911759376526
1271,2,-1.4663031322470488e-07,-0.08260884881019592
1271,3,-3.024971704235213e-07,-0.005815331824123859
1271,4,-3.8678075497955433e-07,0.6015092134475708
1271,5,-1.0806769523696858e-06,3.2252390384674072
1271,6,-7.100601919773908e-07,0.8592488765716553
1271,7,5.311019179998766e-08,7.623329162597656
1272,0,-1.7664912093096063e-06,5.035415172576904
1272,1,37.0,16.607276916503906
1272,2,-1.4663031322470488e-07,17.345264434814453
1272,3,-3.024971704235213e-07,0.002041991101577878
1272,4,-3.8678075497955433e-07,-0.11583366990089417
1272,5,-1.2700263596343575e-07,-0.13755621016025543
1272,6,-2.3322301956341107e-07,0.027132755145430565
1272,7,5.311019179998766e-08,0.0348692461848259
1273,0,1.408574661354578e-07,-0.02209649235010147
1273,1,-8.890184233223408e-08,2.00342059135437
1273,2,41.0,33.636817932128906
1273,3,-3.024971704235213e-07,11.675358772277832
1273,4,-3.8678075497955433e-07,-0.08051005005836487
1273,5,-1.2700263596343575e-07,-0.12791170179843903
1273,6,-2.3322301956341107e-07,-0.11038850992918015
1273,7,5.311019179998766e-08,-0.06115717440843582
1274,0,1.408574661354578e-07,-0.02403245121240616
1274,1,-8.890184233223408e-08,0.1619962751865387
1274,2,3.3020685918927484e-07,0.35613808035850525
1274,3,54.999996185302734,52.05158233642578
1274,4,69.0,7.626219749450684
1274,5,-1.2700263596343575e-07,0.13395629823207855
1274,6,-2.3322301956341107e-07,0.09654165059328079
1274,7,5.311019179998766e-08,0.20700222253799438
1275,0,1.408574661354578e-07,-0.07633385807275772
1275,1,-8.890184233223408e-08,0.020661741495132446
1275,2,-1.4663031322470488e-07,0.22364601492881775
1275,3,2.5585256935301004e-06,2.245447874069214
1275,4,1.997404979192652e-06,-0.2438763678073883
1275,5,37.000003814697266,49.937591552734375
1275,6,25.0,6.406418800354004
1275,7,23.0,-0.34744542837142944
1276,0,60.999996185302734,39.72431945800781
1276,1,-8.890184233223408e-08,0.6395182013511658
1276,2,-1.4663031322470488e-07,0.01927599497139454
1276,3,-3.024971704235213e-07,0.06312959641218185
1276,4,-3.8678075497955433e-07,0.355717271566391
1276,5,-1.0806769523696858e-06,4.541610240936279
1276,6,-7.100601919773908e-07,-1.4120771884918213
1276,7,5.311019179998766e-08,1.726151466369629
1277,0,3.955554802814731e-06,6.771097660064697
1277,1,49.000003814697266,14.13231372833252
1277,2,33.0,23.441516876220703
1277,3,-3.024971704235213e-07,-0.2616298794746399
1277,4,-3.8678075497955433e-07,-0.08934059739112854
1277,5,-1.2700263596343575e-07,-0.043597348034381866
1277,6,-2.3322301956341107e-07,-0.10802768915891647
1277,7,5.311019179998766e-08,0.25434166193008423
1278,0,1.408574661354578e-07,-1.2814043760299683
1278,1,-2.473087533871876e-06,0.9606067538261414
1278,2,3.3020685918927484e-07,-4.912275791168213
1278,3,37.0,50.43696975708008
1278,4,59.999996185302734,27.20667266845703
1278,5,-1.2700263596343575e-07,-0.06955207139253616
1278,6,-2.3322301956341107e-07,-0.16647696495056152
1278,7,5.311019179998766e-08,-0.14596933126449585
1279,0,1.408574661354578e-07,0.183052197098732
1279,1,-8.890184233223408e-08,0.02260914444923401
1279,2,-1.4663031322470488e-07,0.23172077536582947
1279,3,6.511771175610193e-07,3.6543684005737305
1279,4,1.997404979192652e-06,1.8975721597671509
1279,5,59.999996185302734,43.979042053222656
1279,6,58.0,15.259013175964355
1279,7,49.0,-0.14403671026229858
1280,0,49.0,37.068939208984375
1280,1,-8.890184233223408e-08,0.13212862610816956
1280,2,-1.4663031322470488e-07,-0.04868188127875328
1280,3,-3.024971704235213e-07,0.06195705756545067
1280,4,-3.8678075497955433e-07,0.7261883020401001
1280,5,3.210857585145277e-06,-1.4505892992019653
1280,6,-7.100601919773908e-07,7.5668511390686035
1280,7,-2.3310756205319194e-06,5.860701084136963
1281,0,1.0945317399091437e-06,4.490810394287109
1281,1,18.0,14.834875106811523
1281,2,22.000001907348633,20.534423828125
1281,3,-3.024971704235213e-07,0.05585974082350731
1281,4,-3.8678075497955433e-07,-0.11668863892555237
1281,5,-1.2700263596343575e-07,0.016542308032512665
1281,6,-2.3322301956341107e-07,-0.029042953625321388
1281,7,5.311019179998766e-08,0.2664485573768616
1282,0,1.408574661354578e-07,0.10165037959814072
1282,1,-8.890184233223408e-08,1.6280015707015991
1282,2,-1.1003046438418096e-06,-1.4468728303909302
1282,3,56.0,36.38505554199219
1282,4,26.000001907348633,12.489184379577637
1282,5,-1.2700263596343575e-07,-0.17018570005893707
1282,6,-2.3322301956341107e-07,-0.21565556526184082
1282,7,5.311019179998766e-08,-0.10466713458299637
1283,0,1.408574661354578e-07,-0.17202459275722504
1283,1,-8.890184233223408e-08,0.07511511445045471
1283,2,-1.4663031322470488e-07,0.2395218312740326
1283,3,-1.7330086166111869e-06,7.347087860107422
1283,4,-1.3404550145423855e-06,14.969799995422363
1283,5,37.000003814697266,30.581937789916992
1283,6,41.999996185302734,13.512724876403809
1283,7,61.0,0.21855789422988892
1284,0,58.0,19.53883171081543
1284,1,-8.890184233223408e-08,1.839223027229309
1284,2,-1.4663031322470488e-07,-0.11452355980873108
1284,3,-3.024971704235213e-07,-0.0071051763370633125
1284,4,-3.8678075497955433e-07,0.477909654378891
1284,5,-1.0806769523696858e-06,-1.415237545967102
1284,6,-7.100601919773908e-07,6.386648654937744
1284,7,2.4372959614993306e-06,11.974270820617676
1285,0,-1.7664912093096063e-06,3.707099199295044
1285,1,18.0,17.917030334472656
1285,2,18.0,12.730981826782227
1285,3,-3.024971704235213e-07,-0.09275657683610916
1285,4,-3.8678075497955433e-07,-0.09701433777809143
1285,5,-1.2700263596343575e-07,-0.013802655041217804
1285,6,-2.3322301956341107e-07,0.0429532565176487
1285,7,5.311019179998766e-08,0.31073957681655884
1286,0,1.408574661354578e-07,-0.06444726139307022
1286,1,-8.890184233223408e-08,1.754571557044983
1286,2,-1.1003046438418096e-06,-0.2999550402164459
1286,3,52.0,37.06880569458008
1286,4,42.0,9.968976974487305
1286,5,55.0,-0.02852214127779007
1286,6,-2.3322301956341107e-07,-0.061511751264333725
1286,7,5.311019179998766e-08,0.01713472045958042
1287,0,1.408574661354578e-07,-0.005743839778006077
1287,1,-8.890184233223408e-08,0.11106625199317932
1287,2,-1.4663031322470488e-07,0.23270449042320251
1287,3,-1.7330086166111869e-06,2.974108934402466
1287,4,-3.8678075497955433e-07,-0.9932945966720581
1287,5,3.210857585145277e-06,-8.088665008544922
1287,6,26.0,32.19192886352539
1287,7,61.0,2.017882823944092
1288,0,85.0,20.044992446899414
1288,1,-8.890184233223408e-08,1.1408270597457886
1288,2,-1.4663031322470488e-07,-0.09149613976478577
1288,3,-3.024971704235213e-07,-0.051562611013650894
1288,4,-3.8678075497955433e-07,0.17907866835594177
1288,5,-1.2700263596343575e-07,0.03233610838651657
1288,6,-7.100601919773908e-07,1.5162875652313232
1288,7,2.4372959614993306e-06,10.89774227142334
1289,0,-1.7664912093096063e-06,-0.3400743901729584
1289,1,26.0,26.30768585205078
1289,2,34.0,12.36262321472168
1289,3,-3.024971704235213e-07,-0.12216264754533768
1289,4,-3.8678075497955433e-07,-0.07046547532081604
1289,5,-1.2700263596343575e-07,-0.053492672741413116
1289,6,-2.3322301956341107e-07,0.032720331102609634
1289,7,5.311019179998766e-08,0.36813265085220337
1290,0,1.408574661354578e-07,-0.16872964799404144
1290,1,-8.890184233223408e-08,-0.1048632562160492
1290,2,3.3020685918927484e-07,-0.25880637764930725
1290,3,34.0,45.176090240478516
1290,4,36.0,14.51838207244873
1290,5,-1.2700263596343575e-07,0.38066136837005615
1290,6,-2.3322301956341107e-07,-0.14986395835876465
1290,7,5.311019179998766e-08,-0.03238338977098465
1291,0,1.408574661354578e-07,0.19727052748203278
1291,1,-8.890184233223408e-08,-0.015526860021054745
1291,2,-1.4663031322470488e-07,0.12151321768760681
1291,3,6.511771175610193e-07,4.485175132751465
1291,4,-3.8678075497955433e-07,-1.8710860013961792
1291,5,56.000003814697266,27.971683502197266
1291,6,41.999996185302734,10.416231155395508
1291,7,5.311019179998766e-08,0.10071855038404465
1292,0,1.408574661354578e-07,-0.07418522983789444
1292,1,-8.890184233223408e-08,-0.13922414183616638
1292,2,-1.4663031322470488e-07,-0.016085771843791008
1292,3,-3.024971704235213e-07,0.03299349173903465
1292,4,-3.8678075497955433e-07,0.6900135278701782
1292,5,-1.0806769523696858e-06,4.116683006286621
1292,6,-7.100601919773908e-07,-0.9855616092681885
1292,7,40.0,55.44065475463867
1293,0,53.0,51.341346740722656
1293,1,-8.890184233223408e-08,9.36683464050293
1293,2,-1.4663031322470488e-07,0.12713560461997986
1293,3,-3.024971704235213e-07,0.10007064789533615
1293,4,-3.8678075497955433e-07,-0.13840427994728088
1293,5,-1.2700263596343575e-07,-0.12466443330049515
1293,6,-2.3322301956341107e-07,-0.08367609232664108
1293,7,5.311019179998766e-08,1.0381669998168945
1294,0,-1.7664912093096063e-06,1.0434938669204712
1294,1,27.0,24.489303588867188
1294,2,40.0,3.671239137649536
1294,3,-3.024971704235213e-07,0.022864993661642075
1294,4,-3.8678075497955433e-07,-0.11858740448951721
1294,5,-1.2700263596343575e-07,-0.15271534025669098
1294,6,-2.3322301956341107e-07,-0.0459129773080349
1294,7,5.311019179998766e-08,0.05895143002271652
1295,0,1.408574661354578e-07,0.27832236886024475
1295,1,-8.890184233223408e-08,-1.5718661546707153
1295,2,3.3020685918927484e-07,1.1083208322525024
1295,3,47.999996185302734,50.67024612426758
1295,4,56.999996185302734,8.393110275268555
1295,5,-1.2700263596343575e-07,-0.011747010052204132
1295,6,-2.3322301956341107e-07,-0.17709755897521973
1295,7,5.311019179998766e-08,-0.26234620809555054
1296,0,1.408574661354578e-07,-0.027550555765628815
1296,1,-8.890184233223408e-08,0.018319517374038696
1296,2,-1.4663031322470488e-07,0.28205808997154236
1296,3,2.5585256935301004e-06,2.4787099361419678
1296,4,-2.294129444635473e-06,0.4407282769680023
1296,5,64.0,45.4798583984375
1296,6,38.0,5.618052005767822
1296,7,44.0,0.1767140030860901
1297,0,52.0,22.60219383239746
1297,1,-8.890184233223408e-08,0.13418474793434143
1297,2,-1.4663031322470488e-07,-0.03361573442816734
1297,3,-3.024971704235213e-07,0.04110735282301903
1297,4,-3.8678075497955433e-07,0.577151894569397
1297,5,3.210857585145277e-06,4.6943840980529785
1297,6,-7.100601919773908e-07,-5.412541389465332
1297,7,-2.3310756205319194e-06,6.920796871185303
1298,0,-1.7664912093096063e-06,3.7348830699920654
1298,1,32.000003814697266,18.439708709716797
1298,2,28.000001907348633,24.877960205078125
1298,3,-3.024971704235213e-07,-0.21004372835159302
1298,4,-3.8678075497955433e-07,-0.1258038580417633
1298,5,-1.2700263596343575e-07,-0.10185731202363968
1298,6,-2.3322301956341107e-07,-0.1954643726348877
1298,7,5.311019179998766e-08,0.20889192819595337
1299,0,1.408574661354578e-07,0.4441634714603424
1299,1,-2.473087533871876e-06,-0.16083583235740662
1299,2,3.3020685918927484e-07,-2.401820421218872
1299,3,45.000003814697266,42.50564956665039
1299,4,55.0,11.67994499206543
1299,5,-1.2700263596343575e-07,-0.24546779692173004
1299,6,-2.3322301956341107e-07,-0.11759685724973679
1299,7,5.311019179998766e-08,-0.03303331881761551
1300,0,1.408574661354578e-07,0.04149927943944931
1300,1,-8.890184233223408e-08,0.029855161905288696
1300,2,-1.4663031322470488e-07,0.15092119574546814
1300,3,-1.7330086166111869e-06,5.427465915679932
1300,4,-2.294129444635473e-06,-1.7355717420578003
1300,5,61.0,42.383140563964844
1300,6,35.0,14.651871681213379
1300,7,45.0,0.32590824365615845
1301,0,71.0,23.792522430419922
1301,1,-8.890184233223408e-08,0.5954641699790955
1301,2,-1.4663031322470488e-07,-0.04360690340399742
1301,3,-3.024971704235213e-07,-0.000769917678553611
1301,4,-3.8678075497955433e-07,0.52875816822052
1301,5,-1.0806769523696858e-06,6.208191871643066
1301,6,-7.100601919773908e-07,-5.69248104095459
1301,7,5.311019179998766e-08,7.129286766052246
1302,0,-1.7664912093096063e-06,3.161813497543335
1302,1,22.0,20.963592529296875
1302,2,-1.4663031322470488e-07,19.719079971313477
1302,3,-3.024971704235213e-07,0.01194589864462614
1302,4,-3.8678075497955433e-07,-0.14879313111305237
1302,5,-1.2700263596343575e-07,-0.14085735380649567
1302,6,-2.3322301956341107e-07,-0.16143441200256348
1302,7,5.311019179998766e-08,0.31757932901382446
1303,0,1.408574661354578e-07,-0.2866714894771576
1303,1,-8.890184233223408e-08,1.0664464235305786
1303,2,35.0,35.789920806884766
1303,3,-3.024971704235213e-07,3.2359793186187744
1303,4,-3.8678075497955433e-07,-0.17201510071754456
1303,5,-1.2700263596343575e-07,-0.26703083515167236
1303,6,-2.3322301956341107e-07,-0.12129949778318405
1303,7,5.311019179998766e-08,-0.12118334323167801
1304,0,1.408574661354578e-07,-0.1378229707479477
1304,1,-8.890184233223408e-08,0.02470293641090393
1304,2,3.3020685918927484e-07,0.698287844657898
1304,3,38.000003814697266,47.48305130004883
1304,4,54.0,8.290133476257324
1304,5,43.0,-0.02215636521577835
1304,6,-2.3322301956341107e-07,-0.017349952831864357
1304,7,5.311019179998766e-08,0.26992231607437134
1305,0,1.408574661354578e-07,-0.09307465702295303
1305,1,-8.890184233223408e-08,-0.025456517934799194
1305,2,-1.4663031322470488e-07,0.10955032706260681
1305,3,-1.7330086166111869e-06,3.3470327854156494
1305,4,1.997404979192652e-06,9.513290405273438
1305,5,-1.0806769523696858e-06,-1.3836537599563599
1305,6,47.999996185302734,28.658283233642578
1305,7,57.000003814697266,3.245332717895508
1306,0,61.999996185302734,48.243221282958984
1306,1,28.999998092651367,14.252585411071777
1306,2,-1.4663031322470488e-07,-0.060877468436956406
1306,3,-3.024971704235213e-07,-0.07944757491350174
1306,4,-3.8678075497955433e-07,0.24814996123313904
1306,5,-1.2700263596343575e-07,0.616388201713562
1306,6,2.6277998586010654e-06,0.9561560153961182
1306,7,-2.3310756205319194e-06,0.6563978791236877
1307,0,3.955554802814731e-06,8.737531661987305
1307,1,-8.890184233223408e-08,-1.7823926210403442
1307,2,43.0,22.15374183654785
1307,3,58.0,-0.12919694185256958
1307,4,-3.8678075497955433e-07,-0.08129110932350159
1307,5,-1.2700263596343575e-07,-0.056312210857868195
1307,6,-2.3322301956341107e-07,-0.007236237172037363
1307,7,5.311019179998766e-08,0.2574177384376526
1308,0,1.408574661354578e-07,0.29919353127479553
1308,1,-8.890184233223408e-08,0.07678738236427307
1308,2,3.3020685918927484e-07,2.0923666954040527
1308,3,2.5585256935301004e-06,-13.921856880187988
1308,4,54.0,54.85398483276367
1308,5,63.0,37.16778564453125
1308,6,34.0,-0.05299639329314232
1308,7,5.311019179998766e-08,-0.06658787280321121
1309,0,1.408574661354578e-07,-0.21234308183193207
1309,1,-8.890184233223408e-08,-0.13217458128929138
1309,2,-1.4663031322470488e-07,0.014872404746711254
1309,3,-3.024971704235213e-07,0.44090527296066284
1309,4,1.997404979192652e-06,3.419341564178467
1309,5,-1.0806769523696858e-06,11.104009628295898
1309,6,-7.100601919773908e-07,-0.4034731388092041
1309,7,54.999996185302734,31.266613006591797
1310,0,68.99999237060547,54.54395294189453
1310,1,24.0,11.404891967773438
1310,2,-1.4663031322470488e-07,-0.11358895897865295
1310,3,-3.024971704235213e-07,-0.004273240454494953
1310,4,-3.8678075497955433e-07,-0.17845383286476135
1310,5,-1.2700263596343575e-07,-0.25619709491729736
1310,6,-2.3322301956341107e-07,-0.09630655497312546
1310,7,2.4372959614993306e-06,-0.1264600157737732
1311,0,3.955554802814731e-06,13.995370864868164
1311,1,-1.0425761729493388e-06,-7.621041774749756
1311,2,43.0,30.118459701538086
1311,3,52.999996185302734,0.3922211527824402
1311,4,-3.8678075497955433e-07,-0.2273339331150055
1311,5,-1.2700263596343575e-07,-0.17695631086826324
1311,6,-2.3322301956341107e-07,0.08581043034791946
1311,7,5.311019179998766e-08,0.2579541802406311
1312,0,1.408574661354578e-07,0.3205777704715729
1312,1,-8.890184233223408e-08,0.0790504515171051
1312,2,3.3020685918927484e-07,5.019224643707275
1312,3,2.5585256935301004e-06,-7.772050380706787
1312,4,43.0,50.47353744506836
1312,5,51.0,18.26129150390625
1312,6,-2.3322301956341107e-07,0.07441592961549759
1312,7,5.311019179998766e-08,0.0412326380610466
1313,0,1.408574661354578e-07,-0.22926507890224457
1313,1,-8.890184233223408e-08,-0.11923274397850037
1313,2,-1.4663031322470488e-07,-0.019428877159953117
1313,3,-3.024971704235213e-07,0.2705933451652527
1313,4,-2.294129444635473e-06,3.0583605766296387
1313,5,3.210857585145277e-06,-0.7030497789382935
1313,6,35.0,31.521615982055664
1313,7,57.000003814697266,2.086778163909912
1314,0,52.0,56.499664306640625
1314,1,21.0,11.0598783493042
1314,2,-1.4663031322470488e-07,-0.12301841378211975
1314,3,-3.024971704235213e-07,0.037331756204366684
1314,4,-3.8678075497955433e-07,0.25425586104393005
1314,5,-1.2700263596343575e-07,-0.044697411358356476
1314,6,-7.100601919773908e-07,-0.48189520835876465
1314,7,-2.3310756205319194e-06,1.7576613426208496
1315,0,-1.7664912093096063e-06,10.409261703491211
1315,1,-8.890184233223408e-08,-4.442864894866943
1315,2,34.0,27.98822593688965
1315,3,-3.024971704235213e-07,0.40010327100753784
1315,4,-3.8678075497955433e-07,-0.02775898575782776
1315,5,-1.2700263596343575e-07,-0.11862338334321976
1315,6,-2.3322301956341107e-07,-0.01807665266096592
1315,7,5.311019179998766e-08,0.22322231531143188
1316,0,1.408574661354578e-07,0.2200251966714859
1316,1,-8.890184233223408e-08,0.08766546845436096
1316,2,3.3020685918927484e-07,0.4153631627559662
1316,3,38.000003814697266,45.95003128051758
1316,4,39.0,12.067461967468262
1316,5,50.0,0.22712694108486176
1316,6,-2.3322301956341107e-07,-0.11352276057004929
1316,7,5.311019179998766e-08,0.0035567814484238625
1317,0,1.408574661354578e-07,-0.09287533909082413
1317,1,-8.890184233223408e-08,-0.09283265471458435
1317,2,-1.4663031322470488e-07,0.07963451743125916
1317,3,-1.7330086166111869e-06,4.263584136962891
1317,4,-2.294129444635473e-06,-0.23780718445777893
1317,5,-1.0806769523696858e-06,2.1045982837677
1317,6,41.999996185302734,25.121992111206055
1317,7,47.0,1.5300908088684082
1318,0,75.0,51.757816314697266
1318,1,36.0,12.010268211364746
1318,2,-1.4663031322470488e-07,-0.044350769370794296
1318,3,-3.024971704235213e-07,-0.01932794228196144
1318,4,-3.8678075497955433e-07,0.19652995467185974
1318,5,-1.2700263596343575e-07,0.3084224462509155
1318,6,-7.100601919773908e-07,0.9326255321502686
1318,7,2.4372959614993306e-06,1.8571648597717285
1319,0,3.955554802814731e-06,7.008022308349609
1319,1,-8.890184233223408e-08,-1.3968144655227661
1319,2,23.0,26.950754165649414
1319,3,68.99999237060547,-0.05503636971116066
1319,4,-3.8678075497955433e-07,-0.13710060715675354
1319,5,-1.2700263596343575e-07,-0.09420884400606155
1319,6,-2.3322301956341107e-07,-0.014594310894608498
1319,7,5.311019179998766e-08,0.22383075952529907
1320,0,1.408574661354578e-07,-0.016202785074710846
1320,1,-8.890184233223408e-08,0.028636842966079712
1320,2,3.3020685918927484e-07,-0.2843848764896393
1320,3,2.5585256935301004e-06,-0.42239028215408325
1320,4,55.999996185302734,52.85123825073242
1320,5,26.999998092651367,28.56049346923828
1320,6,-2.3322301956341107e-07,0.05338359251618385
1320,7,5.311019179998766e-08,-0.005595630966126919
